Hora_Recebimento,Tempo_ms,Pacote_ID,Quat_W,Quat_X,Quat_Y,Quat_Z
10:33:07.932,100,5,1.0,0.0,0.0,0.0
10:33:08.163,200,10,1.0,0.0,0.0,0.0
10:33:08.371,300,15,1.0,0.0,0.0,0.0
10:33:08.580,400,20,1.0,0.0,0.0,0.0
10:33:08.788,500,25,1.0,0.0,0.0,0.0
10:33:09.003,600,30,1.0,0.0,0.0,0.0
10:33:09.217,700,35,1.0,0.0,0.0,0.0
10:33:09.426,800,40,1.0,0.0,0.0,0.0
10:33:09.634,900,45,1.0,0.0,0.0,0.0
10:33:09.842,1000,50,1.0,0.0,0.0,0.0
10:33:10.052,1100,55,1.0,0.0,0.0,0.0
10:33:10.264,1200,60,1.0,0.0,0.0,0.0
10:33:10.472,1300,65,1.0,0.0,0.0,0.0
10:33:10.683,1400,70,1.0,0.0,0.0,0.0
10:33:10.900,1500,75,1.0,0.0,0.0,0.0
10:33:11.110,1600,80,1.0,0.0,0.0,0.0
10:33:11.318,1700,85,1.0,0.0,0.0,0.0
10:33:11.539,1800,90,1.0,0.0,0.0,0.0
10:33:11.751,1900,95,1.0,0.0,0.0,0.0
10:33:11.964,2000,100,1.0,0.0,0.0,0.0
10:33:12.175,2100,105,1.0,0.0,0.0,0.0
10:33:12.387,2200,110,1.0,0.0,0.0,0.0
10:33:12.598,2300,115,1.0,0.0,0.0,0.0
10:33:12.810,2400,120,1.0,0.0,0.0,0.0
10:33:13.019,2500,125,1.0,0.0,0.0,0.0
10:33:13.229,2600,130,1.0,0.0,0.0,0.0
10:33:13.438,2700,135,1.0,0.0,0.0,0.0
10:33:13.663,2800,140,1.0,0.0,0.0,0.0
10:33:13.871,2900,145,1.0,0.0,0.0,0.0
10:33:14.081,3000,150,1.0,0.0,0.0,0.0
10:33:14.289,3100,155,1.0,0.0,0.0,0.0
10:33:14.496,3200,160,1.0,0.0,0.0,0.0
10:33:14.707,3300,165,1.0,0.0,0.0,0.0
10:33:14.921,3400,170,1.0,0.0,0.0,0.0
10:33:15.140,3500,175,1.0,0.0,0.0,0.0
10:33:15.355,3600,180,1.0,0.0,0.0,0.0
10:33:15.565,3700,185,1.0,0.0,0.0,0.0
10:33:15.780,3800,190,1.0,0.0,0.0,0.0
10:33:15.989,3900,195,1.0,0.0,0.0,0.0
10:33:16.214,4000,200,1.0,0.0,0.0,0.0
10:33:16.426,4100,205,1.0,0.0,0.0,0.0
10:33:16.636,4200,210,1.0,0.0,0.0,0.0
10:33:16.849,4300,215,1.0,0.0,0.0,0.0
10:33:17.059,4400,220,1.0,0.0,0.0,0.0
10:33:17.269,4500,225,1.0,0.0,0.0,0.0
10:33:17.484,4600,230,1.0,0.0,0.0,0.0
10:33:17.710,4700,235,1.0,0.0,0.0,0.0
10:33:17.920,4800,240,1.0,0.0,0.0,0.0
10:33:18.133,4900,245,1.0,0.0,0.0,0.0
10:33:18.340,5000,250,1.0,0.0,0.0,0.0
10:33:18.549,5100,255,1.0,0.0,0.0,0.0
10:33:18.756,5200,260,1.0,0.0,0.0,0.0
10:33:18.969,5300,265,1.0,0.0,0.0,0.0
10:33:19.178,5400,270,1.0,0.0,0.0,0.0
10:33:19.395,5500,275,1.0,0.0,0.0,0.0
10:33:19.608,5600,280,1.0,0.0,0.0,0.0
10:33:19.824,5700,285,1.0,0.0,0.0,0.0
10:33:20.034,5800,290,1.0,0.0,0.0,0.0
10:33:20.250,5900,295,1.0,0.0,0.0,0.0
10:33:20.461,6000,300,1.0,0.0,0.0,0.0
10:33:20.676,6100,305,1.0,0.0,0.0,0.0
10:33:20.887,6200,310,1.0,0.0,0.0,0.0
10:33:21.096,6300,315,1.0,0.0,0.0,0.0
10:33:21.318,6400,320,1.0,0.0,0.0,0.0
10:33:21.545,6500,325,1.0,0.0,0.0,0.0
10:33:21.765,6600,330,1.0,0.0,0.0,0.0
10:33:21.973,6700,335,1.0,0.0,0.0,0.0
10:33:22.194,6800,340,1.0,0.0,0.0,0.0
10:33:22.419,6900,345,1.0,0.0,0.0,0.0
10:33:22.639,7000,350,1.0,0.0,0.0,0.0
10:33:22.848,7100,355,1.0,0.0,0.0,0.0
10:33:23.066,7200,360,1.0,0.0,0.0,0.0
10:33:23.292,7300,365,1.0,0.0,0.0,0.0
10:33:23.507,7400,370,1.0,0.0,0.0,0.0
10:33:23.725,7500,375,1.0,0.0,0.0,0.0
10:33:23.953,7600,380,1.0,0.0,0.0,0.0
10:33:24.177,7700,385,1.0,0.0,0.0,0.0
10:33:24.388,7800,390,1.0,0.0,0.0,0.0
10:33:24.611,7900,395,1.0,0.0,0.0,0.0
10:33:24.827,8000,400,1.0,0.0,0.0,0.0
10:33:25.044,8100,405,1.0,0.0,0.0,0.0
10:33:25.252,8200,410,1.0,0.0,0.0,0.0
10:33:25.467,8300,415,1.0,0.0,0.0,0.0
10:33:25.679,8400,420,1.0,0.0,0.0,0.0
10:33:25.888,8500,425,1.0,0.0,0.0,0.0
10:33:26.098,8600,430,1.0,0.0,0.0,0.0
10:33:26.318,8700,435,1.0,0.0,0.0,0.0
10:33:26.530,8800,440,1.0,0.0,0.0,0.0
10:33:26.738,8900,445,1.0,0.0,0.0,0.0
10:33:26.954,9000,450,1.0,0.0,0.0,0.0
10:33:27.170,9100,455,1.0,0.0,0.0,0.0
10:33:27.383,9200,460,1.0,0.0,0.0,0.0
10:33:27.591,9300,465,1.0,0.0,0.0,0.0
10:33:27.807,9400,470,1.0,0.0,0.0,0.0
10:33:28.020,9500,475,1.0,0.0,0.0,0.0
10:33:28.236,9600,480,1.0,0.0,0.0,0.0
10:33:28.446,9700,485,1.0,0.0,0.0,0.0
10:33:28.660,9800,490,1.0,0.0,0.0,0.0
10:33:28.878,9900,495,1.0,0.0,0.0,0.0
10:33:29.095,10000,500,1.0,0.0,0.0,0.0
10:33:29.302,10100,505,1.0,0.0,0.0,0.0
10:33:29.515,10200,510,1.0,0.0,0.0,0.0
10:33:29.726,10300,515,1.0,0.0,0.0,0.0
10:33:29.944,10400,520,1.0,0.0,0.0,0.0
10:33:30.165,10500,525,1.0,0.0,0.0,0.0
10:33:30.375,10600,530,1.0,0.0,0.0,0.0
10:33:30.585,10700,535,1.0,0.0,0.0,0.0
10:33:30.802,10800,540,1.0,0.0,0.0,0.0
10:33:31.019,10900,545,1.0,0.0,0.0,0.0
10:33:31.235,11000,550,1.0,0.0,0.0,0.0
10:33:31.455,11100,555,1.0,0.0,0.0,0.0
10:33:31.663,11200,560,1.0,0.0,0.0,0.0
10:33:31.873,11300,565,1.0,0.0,0.0,0.0
10:33:32.091,11400,570,1.0,0.0,0.0,0.0
10:33:32.309,11500,575,1.0,0.0,0.0,0.0
10:33:32.519,11600,580,1.0,0.0,0.0,0.0
10:33:32.733,11700,585,1.0,0.0,0.0,0.0
10:33:32.947,11800,590,1.0,0.0,0.0,0.0
10:33:33.158,11900,595,1.0,0.0,0.0,0.0
10:33:33.367,12000,600,1.0,0.0,0.0,0.0
10:33:33.578,12100,605,1.0,0.0,0.0,0.0
10:33:33.789,12200,610,1.0,0.0,0.0,0.0
10:33:34.002,12300,615,1.0,0.0,0.0,0.0
10:33:34.210,12400,620,1.0,0.0,0.0,0.0
10:33:34.428,12500,625,1.0,0.0,0.0,0.0
10:33:34.646,12600,630,1.0,0.0,0.0,0.0
10:33:34.856,12700,635,1.0,0.0,0.0,0.0
10:33:35.072,12800,640,1.0,0.0,0.0,0.0
10:33:35.283,12900,645,1.0,0.0,0.0,0.0
10:33:35.497,13000,650,1.0,0.0,0.0,0.0
10:33:35.710,13100,655,1.0,0.0,0.0,0.0
10:33:35.921,13200,660,1.0,0.0,0.0,0.0
10:33:36.133,13300,665,1.0,0.0,0.0,0.0
10:33:36.346,13400,670,1.0,0.0,0.0,0.0
10:33:36.562,13500,675,1.0,0.0,0.0,0.0
10:33:36.779,13600,680,1.0,0.0,0.0,0.0
10:33:36.990,13700,685,1.0,0.0,0.0,0.0
10:33:37.206,13800,690,1.0,0.0,0.0,0.0
10:33:37.420,13900,695,1.0,0.0,0.0,0.0
10:33:37.630,14000,700,1.0,0.0,0.0,0.0
10:33:37.838,14100,705,1.0,0.0,0.0,0.0
10:33:38.053,14200,710,1.0,0.0,0.0,0.0
10:33:38.266,14300,715,1.0,0.0,0.0,0.0
10:33:38.477,14400,720,1.0,0.0,0.0,0.0
10:33:38.696,14500,725,1.0,0.0,0.0,0.0
10:33:38.914,14600,730,1.0,0.0,0.0,0.0
10:33:39.129,14700,735,1.0,0.0,0.0,0.0
10:33:39.341,14800,740,1.0,0.0,0.0,0.0
10:33:39.555,14900,745,1.0,0.0,0.0,0.0
10:33:39.769,15000,750,1.0,0.0,0.0,0.0
10:33:39.980,15100,755,1.0,0.0,0.0,0.0
10:33:40.194,15200,760,1.0,0.0,0.0,0.0
10:33:40.404,15300,765,1.0,0.0,0.0,0.0
10:33:40.620,15400,770,1.0,0.0,0.0,0.0
10:33:40.833,15500,775,1.0,0.0,0.0,0.0
10:33:41.049,15600,780,1.0,0.0,0.0,0.0
10:33:41.259,15700,785,1.0,0.0,0.0,0.0
10:33:41.467,15800,790,1.0,0.0,0.0,0.0
10:33:41.681,15900,795,1.0,0.0,0.0,0.0
10:33:41.898,16000,800,1.0,0.0,0.0,0.0
10:33:42.111,16100,805,1.0,0.0,0.0,0.0
10:33:42.321,16200,810,1.0,0.0,0.0,0.0
10:33:42.532,16300,815,1.0,0.0,0.0,0.0
10:33:42.750,16400,820,1.0,0.0,0.0,0.0
10:33:42.968,16500,825,1.0,0.0,0.0,0.0
10:33:43.175,16600,830,1.0,0.0,0.0,0.0
10:33:43.388,16700,835,1.0,0.0,0.0,0.0
10:33:43.599,16800,840,1.0,0.0,0.0,0.0
10:33:43.812,16900,845,1.0,0.0,0.0,0.0
10:33:44.022,17000,850,1.0,0.0,0.0,0.0
10:33:44.235,17100,855,1.0,0.0,0.0,0.0
10:33:44.451,17200,860,1.0,0.0,0.0,0.0
10:33:44.663,17300,865,1.0,0.0,0.0,0.0
10:33:44.878,17400,870,1.0,0.0,0.0,0.0
10:33:45.093,17500,875,1.0,0.0,0.0,0.0
10:33:45.300,17600,880,1.0,0.0,0.0,0.0
10:33:45.512,17700,885,1.0,0.0,0.0,0.0
10:33:45.720,17800,890,1.0,0.0,0.0,0.0
10:33:45.935,17900,895,1.0,0.0,0.0,0.0
10:33:46.150,18000,900,1.0,0.0,0.0,0.0
10:33:46.358,18100,905,1.0,0.0,0.0,0.0
10:33:46.570,18200,910,1.0,0.0,0.0,0.0
10:33:46.786,18300,915,1.0,0.0,0.0,0.0
10:33:46.999,18400,920,1.0,0.0,0.0,0.0
10:33:47.209,18500,925,1.0,0.0,0.0,0.0
10:33:47.421,18600,930,1.0,0.0,0.0,0.0
10:33:47.635,18700,935,1.0,0.0,0.0,0.0
10:33:47.846,18800,940,1.0,0.0,0.0,0.0
10:33:48.062,18900,945,1.0,0.0,0.0,0.0
10:33:48.280,19000,950,1.0,0.0,0.0,0.0
10:33:48.488,19100,955,1.0,0.0,0.0,0.0
10:33:48.700,19200,960,1.0,0.0,0.0,0.0
10:33:48.911,19300,965,1.0,0.0,0.0,0.0
10:33:49.119,19400,970,1.0,0.0,0.0,0.0
10:33:49.332,19500,975,1.0,0.0,0.0,0.0
10:33:49.548,19600,980,1.0,0.0,0.0,0.0
10:33:49.761,19700,985,1.0,0.0,0.0,0.0
10:33:49.968,19800,990,1.0,0.0,0.0,0.0
10:33:50.189,19900,995,1.0,0.0,0.0,0.0
10:33:50.397,20000,1000,1.0,0.0,0.0,0.0
10:33:50.607,20100,1005,1.0,0.0,0.0,0.0
10:33:50.820,20200,1010,1.0,0.0,0.0,0.0
10:33:51.032,20300,1015,1.0,0.0,0.0,0.0
10:33:51.239,20400,1020,1.0,0.0,0.0,0.0
10:33:51.451,20500,1025,1.0,0.0,0.0,0.0
10:33:51.660,20600,1030,1.0,0.0,0.0,0.0
10:33:51.871,20700,1035,1.0,0.0,0.0,0.0
10:33:52.085,20800,1040,1.0,0.0,0.0,0.0
10:33:52.306,20900,1045,1.0,0.0,0.0,0.0
10:33:52.519,21000,1050,1.0,0.0,0.0,0.0
10:33:52.726,21100,1055,1.0,0.0,0.0,0.0
10:33:52.935,21200,1060,1.0,0.0,0.0,0.0
10:33:53.148,21300,1065,1.0,0.0,0.0,0.0
10:33:53.361,21400,1070,1.0,0.0,0.0,0.0
10:33:53.579,21500,1075,1.0,0.0,0.0,0.0
10:33:53.786,21600,1080,1.0,0.0,0.0,0.0
10:33:54.000,21700,1085,1.0,0.0,0.0,0.0
10:33:54.212,21800,1090,1.0,0.0,0.0,0.0
10:33:54.428,21900,1095,1.0,0.0,0.0,0.0
10:33:54.636,22000,1100,1.0,0.0,0.0,0.0
10:33:54.847,22100,1105,1.0,0.0,0.0,0.0
10:33:55.063,22200,1110,1.0,0.0,0.0,0.0
10:33:55.274,22300,1115,1.0,0.0,0.0,0.0
10:33:55.481,22400,1120,1.0,0.0,0.0,0.0
10:33:55.694,22500,1125,1.0,0.0,0.0,0.0
10:33:55.908,22600,1130,1.0,0.0,0.0,0.0
10:33:56.119,22700,1135,1.0,0.0,0.0,0.0
10:33:56.327,22800,1140,1.0,0.0,0.0,0.0
10:33:56.541,22900,1145,1.0,0.0,0.0,0.0
10:33:56.758,23000,1150,1.0,0.0,0.0,0.0
10:33:56.975,23100,1155,1.0,0.0,0.0,0.0
10:33:57.191,23200,1160,1.0,0.0,0.0,0.0
10:33:57.402,23300,1165,1.0,0.0,0.0,0.0
10:33:57.613,23400,1170,1.0,0.0,0.0,0.0
10:33:57.825,23500,1175,1.0,0.0,0.0,0.0
10:33:58.044,23600,1180,1.0,0.0,0.0,0.0
10:33:58.255,23700,1185,1.0,0.0,0.0,0.0
10:33:58.463,23800,1190,1.0,0.0,0.0,0.0
10:33:58.679,23900,1195,1.0,0.0,0.0,0.0
10:33:58.897,24000,1200,1.0,0.0,0.0,0.0
10:33:59.113,24100,1205,1.0,0.0,0.0,0.0
10:33:59.334,24200,1210,1.0,0.0,0.0,0.0
10:33:59.542,24300,1215,1.0,0.0,0.0,0.0
10:33:59.766,24400,1220,1.0,0.0,0.0,0.0
10:33:59.985,24500,1225,1.0,0.0,0.0,0.0
10:34:00.205,24600,1230,1.0,0.0,0.0,0.0
10:34:00.414,24700,1235,1.0,0.0,0.0,0.0
10:34:00.628,24800,1240,1.0,0.0,0.0,0.0
10:34:00.844,24900,1245,1.0,0.0,0.0,0.0
10:34:01.058,25000,1250,1.0,0.0,0.0,0.0
10:34:01.269,25100,1255,1.0,0.0,0.0,0.0
10:34:01.484,25200,1260,1.0,0.0,0.0,0.0
10:34:01.699,25300,1265,1.0,0.0,0.0,0.0
10:34:01.914,25400,1270,1.0,0.0,0.0,0.0
10:34:02.128,25500,1275,1.0,0.0,0.0,0.0
10:34:02.342,25600,1280,1.0,0.0,0.0,0.0
10:34:02.561,25700,1285,1.0,0.0,0.0,0.0
10:34:02.776,25800,1290,1.0,0.0,0.0,0.0
10:34:02.991,25900,1295,1.0,0.0,0.0,0.0
10:34:03.206,26000,1300,1.0,0.0,0.0,0.0
10:34:03.424,26100,1305,1.0,0.0,0.0,0.0
10:34:03.637,26200,1310,1.0,0.0,0.0,0.0
10:34:03.851,26300,1315,1.0,0.0,0.0,0.0
10:34:04.069,26400,1320,1.0,0.0,0.0,0.0
10:34:04.279,26500,1325,1.0,0.0,0.0,0.0
10:34:04.494,26600,1330,1.0,0.0,0.0,0.0
10:34:04.708,26700,1335,1.0,0.0,0.0,0.0
10:34:04.924,26800,1340,1.0,0.0,0.0,0.0
10:34:05.142,26900,1345,1.0,0.0,0.0,0.0
10:34:05.361,27000,1350,1.0,0.0,0.0,0.0
10:34:05.575,27100,1355,1.0,0.0,0.0,0.0
10:34:05.785,27200,1360,1.0,0.0,0.0,0.0
10:34:06.001,27300,1365,1.0,0.0,0.0,0.0
10:34:06.208,27400,1370,1.0,0.0,0.0,0.0
10:34:06.418,27500,1375,1.0,0.0,0.0,0.0
10:34:06.636,27600,1380,1.0,0.0,0.0,0.0
10:34:06.851,27700,1385,1.0,0.0,0.0,0.0
10:34:07.059,27800,1390,1.0,0.0,0.0,0.0
10:34:07.272,27900,1395,1.0,0.0,0.0,0.0
10:34:07.484,28000,1400,1.0,0.0,0.0,0.0
10:34:07.700,28100,1405,1.0,0.0,0.0,0.0
10:34:07.908,28200,1410,1.0,0.0,0.0,0.0
10:34:08.122,28300,1415,1.0,0.0,0.0,0.0
10:34:08.341,28400,1420,1.0,0.0,0.0,0.0
10:34:08.552,28500,1425,1.0,0.0,0.0,0.0
10:34:08.760,28600,1430,1.0,0.0,0.0,0.0
10:34:08.977,28700,1435,1.0,0.0,0.0,0.0
10:34:09.188,28800,1440,1.0,0.0,0.0,0.0
10:34:09.397,28900,1445,1.0,0.0,0.0,0.0
10:34:09.604,29000,1450,1.0,0.0,0.0,0.0
10:34:09.820,29100,1455,1.0,0.0,0.0,0.0
10:34:10.033,29200,1460,1.0,0.0,0.0,0.0
10:34:10.243,29300,1465,1.0,0.0,0.0,0.0
10:34:10.450,29400,1470,1.0,0.0,0.0,0.0
10:34:10.662,29500,1475,1.0,0.0,0.0,0.0
10:34:10.875,29600,1480,1.0,0.0,0.0,0.0
10:34:11.085,29700,1485,1.0,0.0,0.0,0.0
10:34:11.300,29800,1490,1.0,0.0,0.0,0.0
10:34:11.512,29900,1495,1.0,0.0,0.0,0.0
10:34:11.725,30000,1500,1.0,0.0,0.0,0.0
10:34:11.943,30100,1505,1.0,0.0,0.0,0.0
10:34:12.158,30200,1510,1.0,0.0,0.0,0.0
10:34:12.370,30300,1515,1.0,0.0,0.0,0.0
10:34:12.586,30400,1520,1.0,0.0,0.0,0.0
10:34:12.801,30500,1525,1.0,0.0,0.0,0.0
10:34:13.016,30600,1530,1.0,0.0,0.0,0.0
10:34:13.227,30700,1535,1.0,0.0,0.0,0.0
10:34:13.440,30800,1540,1.0,0.0,0.0,0.0
10:34:13.654,30900,1545,1.0,0.0,0.0,0.0
10:34:13.869,31000,1550,1.0,0.0,0.0,0.0
10:34:14.083,31100,1555,1.0,0.0,0.0,0.0
10:34:14.296,31200,1560,1.0,0.0,0.0,0.0
10:34:14.505,31300,1565,1.0,0.0,0.0,0.0
10:34:14.717,31400,1570,1.0,0.0,0.0,0.0
10:34:14.935,31500,1575,1.0,0.0,0.0,0.0
10:34:15.151,31600,1580,1.0,0.0,0.0,0.0
10:34:15.359,31700,1585,1.0,0.0,0.0,0.0
10:34:15.570,31800,1590,1.0,0.0,0.0,0.0
10:34:15.787,31900,1595,1.0,0.0,0.0,0.0
10:34:15.995,32000,1600,1.0,0.0,0.0,0.0
10:34:16.202,32100,1605,1.0,0.0,0.0,0.0
10:34:16.412,32200,1610,1.0,0.0,0.0,0.0
10:34:16.628,32300,1615,1.0,0.0,0.0,0.0
10:34:16.842,32400,1620,1.0,0.0,0.0,0.0
10:34:17.049,32500,1625,1.0,0.0,0.0,0.0
10:34:17.259,32600,1630,1.0,0.0,0.0,0.0
10:34:17.473,32700,1635,1.0,0.0,0.0,0.0
10:34:17.690,32800,1640,1.0,0.0,0.0,0.0
10:34:17.905,32900,1645,1.0,0.0,0.0,0.0
10:34:18.120,33000,1650,1.0,0.0,0.0,0.0
10:34:18.333,33100,1655,1.0,0.0,0.0,0.0
10:34:18.543,33200,1660,1.0,0.0,0.0,0.0
10:34:18.760,33300,1665,1.0,0.0,0.0,0.0
10:34:18.975,33400,1670,1.0,0.0,0.0,0.0
10:34:19.195,33500,1675,1.0,0.0,0.0,0.0
10:34:19.413,33600,1680,1.0,0.0,0.0,0.0
10:34:19.626,33700,1685,1.0,0.0,0.0,0.0
10:34:19.842,33800,1690,1.0,0.0,0.0,0.0
10:34:20.053,33900,1695,1.0,0.0,0.0,0.0
10:34:20.268,34000,1700,1.0,0.0,0.0,0.0
10:34:20.483,34100,1705,1.0,0.0,0.0,0.0
10:34:20.701,34200,1710,1.0,0.0,0.0,0.0
10:34:20.911,34300,1715,1.0,0.0,0.0,0.0
10:34:21.119,34400,1720,1.0,0.0,0.0,0.0
10:34:21.334,34500,1725,1.0,0.0,0.0,0.0
10:34:21.544,34600,1730,1.0,0.0,0.0,0.0
10:34:21.765,34700,1735,1.0,0.0,0.0,0.0
10:34:21.980,34800,1740,1.0,0.0,0.0,0.0
10:34:22.195,34900,1745,1.0,0.0,0.0,0.0
10:34:22.407,35000,1750,1.0,0.0,0.0,0.0
10:34:22.623,35100,1755,1.0,0.0,0.0,0.0
10:34:22.837,35200,1760,1.0,0.0,0.0,0.0
10:34:23.054,35300,1765,1.0,0.0,0.0,0.0
10:34:23.267,35400,1770,1.0,0.0,0.0,0.0
10:34:23.480,35500,1775,1.0,0.0,0.0,0.0
10:34:23.693,35600,1780,1.0,0.0,0.0,0.0
10:34:23.908,35700,1785,1.0,0.0,0.0,0.0
10:34:24.124,35800,1790,1.0,0.0,0.0,0.0
10:34:24.339,35900,1795,1.0,0.0,0.0,0.0
10:34:24.550,36000,1800,1.0,0.0,0.0,0.0
10:34:24.766,36100,1805,1.0,0.0,0.0,0.0
10:34:24.979,36200,1810,1.0,0.0,0.0,0.0
10:34:25.197,36300,1815,1.0,0.0,0.0,0.0
10:34:25.405,36400,1820,1.0,0.0,0.0,0.0
10:34:25.618,36500,1825,1.0,0.0,0.0,0.0
10:34:25.833,36600,1830,1.0,0.0,0.0,0.0
10:34:26.048,36700,1835,1.0,0.0,0.0,0.0
10:34:26.259,36800,1840,1.0,0.0,0.0,0.0
10:34:26.471,36900,1845,1.0,0.0,0.0,0.0
10:34:26.688,37000,1850,1.0,0.0,0.0,0.0
10:34:26.897,37100,1855,1.0,0.0,0.0,0.0
10:34:27.107,37200,1860,1.0,0.0,0.0,0.0
10:34:27.316,37300,1865,1.0,0.0,0.0,0.0
10:34:27.523,37400,1870,1.0,0.0,0.0,0.0
10:34:27.741,37500,1875,1.0,0.0,0.0,0.0
10:34:27.959,37600,1880,1.0,0.0,0.0,0.0
10:34:28.180,37700,1885,1.0,0.0,0.0,0.0
10:34:28.388,37800,1890,1.0,0.0,0.0,0.0
10:34:28.603,37900,1895,1.0,0.0,0.0,0.0
10:34:28.817,38000,1900,1.0,0.0,0.0,0.0
10:34:29.033,38100,1905,1.0,0.0,0.0,0.0
10:34:29.244,38200,1910,1.0,0.0,0.0,0.0
10:34:29.452,38300,1915,1.0,0.0,0.0,0.0
10:34:29.669,38400,1920,1.0,0.0,0.0,0.0
10:34:29.888,38500,1925,1.0,0.0,0.0,0.0
10:34:30.102,38600,1930,1.0,0.0,0.0,0.0
10:34:30.310,38700,1935,1.0,0.0,0.0,0.0
10:34:30.528,38800,1940,1.0,0.0,0.0,0.0
10:34:30.744,38900,1945,1.0,0.0,0.0,0.0
10:34:30.961,39000,1950,1.0,0.0,0.0,0.0
10:34:31.169,39100,1955,1.0,0.0,0.0,0.0
10:34:31.384,39200,1960,1.0,0.0,0.0,0.0
10:34:31.595,39300,1965,1.0,0.0,0.0,0.0
10:34:31.810,39400,1970,1.0,0.0,0.0,0.0
10:34:32.019,39500,1975,1.0,0.0,0.0,0.0
10:34:32.229,39600,1980,1.0,0.0,0.0,0.0
10:34:32.447,39700,1985,1.0,0.0,0.0,0.0
10:34:32.665,39800,1990,1.0,0.0,0.0,0.0
10:34:32.875,39900,1995,1.0,0.0,0.0,0.0
10:34:33.089,40000,2000,1.0,0.0,0.0,0.0
10:34:33.300,40100,2005,1.0,0.0,0.0,0.0
10:34:33.512,40200,2010,1.0,0.0,0.0,0.0
10:34:33.727,40300,2015,1.0,0.0,0.0,0.0
10:34:33.943,40400,2020,1.0,0.0,0.0,0.0
10:34:34.153,40500,2025,1.0,0.0,0.0,0.0
10:34:34.372,40600,2030,1.0,0.0,0.0,0.0
10:34:34.586,40700,2035,1.0,0.0,0.0,0.0
10:34:34.802,40800,2040,1.0,0.0,0.0,0.0
10:34:35.016,40900,2045,1.0,0.0,0.0,0.0
10:34:35.226,41000,2050,1.0,0.0,0.0,0.0
10:34:35.439,41100,2055,1.0,0.0,0.0,0.0
10:34:35.651,41200,2060,1.0,0.0,0.0,0.0
10:34:35.862,41300,2065,1.0,0.0,0.0,0.0
10:34:36.081,41400,2070,1.0,0.0,0.0,0.0
10:34:36.292,41500,2075,1.0,0.0,0.0,0.0
10:34:36.504,41600,2080,1.0,0.0,0.0,0.0
10:34:36.721,41700,2085,1.0,0.0,0.0,0.0
10:34:36.931,41800,2090,1.0,0.0,0.0,0.0
10:34:37.145,41900,2095,1.0,0.0,0.0,0.0
10:34:37.361,42000,2100,1.0,0.0,0.0,0.0
10:34:37.578,42100,2105,1.0,0.0,0.0,0.0
10:34:37.785,42200,2110,1.0,0.0,0.0,0.0
10:34:38.002,42300,2115,1.0,0.0,0.0,0.0
10:34:38.212,42400,2120,1.0,0.0,0.0,0.0
10:34:38.423,42500,2125,1.0,0.0,0.0,0.0
10:34:38.631,42600,2130,1.0,0.0,0.0,0.0
10:34:38.849,42700,2135,1.0,0.0,0.0,0.0
10:34:39.066,42800,2140,1.0,0.0,0.0,0.0
10:34:39.277,42900,2145,1.0,0.0,0.0,0.0
10:34:39.484,43000,2150,1.0,0.0,0.0,0.0
10:34:39.697,43100,2155,1.0,0.0,0.0,0.0
10:34:39.909,43200,2160,1.0,0.0,0.0,0.0
10:34:40.120,43300,2165,1.0,0.0,0.0,0.0
10:34:40.328,43400,2170,1.0,0.0,0.0,0.0
10:34:40.538,43500,2175,1.0,0.0,0.0,0.0
10:34:40.755,43600,2180,1.0,0.0,0.0,0.0
10:34:40.968,43700,2185,1.0,0.0,0.0,0.0
10:34:41.179,43800,2190,1.0,0.0,0.0,0.0
10:34:41.394,43900,2195,1.0,0.0,0.0,0.0
10:34:41.601,44000,2200,1.0,0.0,0.0,0.0
10:34:41.812,44100,2205,1.0,0.0,0.0,0.0
10:34:42.029,44200,2210,1.0,0.0,0.0,0.0
10:34:42.239,44300,2215,1.0,0.0,0.0,0.0
10:34:42.455,44400,2220,1.0,0.0,0.0,0.0
10:34:42.665,44500,2225,1.0,0.0,0.0,0.0
10:34:42.878,44600,2230,1.0,0.0,0.0,0.0
10:34:43.094,44700,2235,1.0,0.0,0.0,0.0
10:34:43.308,44800,2240,1.0,0.0,0.0,0.0
10:34:43.516,44900,2245,1.0,0.0,0.0,0.0
10:34:43.734,45000,2250,1.0,0.0,0.0,0.0
10:34:43.951,45100,2255,1.0,0.0,0.0,0.0
10:34:44.169,45200,2260,1.0,0.0,0.0,0.0
10:34:44.382,45300,2265,1.0,0.0,0.0,0.0
10:34:44.600,45400,2270,1.0,0.0,0.0,0.0
10:34:44.818,45500,2275,1.0,0.0,0.0,0.0
10:34:45.034,45600,2280,1.0,0.0,0.0,0.0
10:34:45.242,45700,2285,1.0,0.0,0.0,0.0
10:34:45.460,45800,2290,1.0,0.0,0.0,0.0
10:34:45.679,45900,2295,1.0,0.0,0.0,0.0
10:34:45.887,46000,2300,1.0,0.0,0.0,0.0
10:34:46.097,46100,2305,1.0,0.0,0.0,0.0
10:34:46.316,46200,2310,1.0,0.0,0.0,0.0
10:34:46.536,46300,2315,1.0,0.0,0.0,0.0
10:34:46.744,46400,2320,1.0,0.0,0.0,0.0
10:34:46.964,46500,2325,1.0,0.0,0.0,0.0
10:34:47.182,46600,2330,1.0,0.0,0.0,0.0
10:34:47.392,46700,2335,1.0,0.0,0.0,0.0
10:34:47.604,46800,2340,1.0,0.0,0.0,0.0
10:34:47.821,46900,2345,1.0,0.0,0.0,0.0
10:34:48.034,47000,2350,1.0,0.0,0.0,0.0
10:34:48.248,47100,2355,1.0,0.0,0.0,0.0
10:34:48.457,47200,2360,1.0,0.0,0.0,0.0
10:34:48.668,47300,2365,1.0,0.0,0.0,0.0
10:34:48.883,47400,2370,1.0,0.0,0.0,0.0
10:34:49.097,47500,2375,1.0,0.0,0.0,0.0
10:34:49.304,47600,2380,1.0,0.0,0.0,0.0
10:34:49.518,47700,2385,1.0,0.0,0.0,0.0
10:34:49.732,47800,2390,1.0,0.0,0.0,0.0
10:34:49.947,47900,2395,1.0,0.0,0.0,0.0
10:34:50.155,48000,2400,1.0,0.0,0.0,0.0
10:34:50.371,48100,2405,1.0,0.0,0.0,0.0
10:34:50.582,48200,2410,1.0,0.0,0.0,0.0
10:34:50.792,48300,2415,1.0,0.0,0.0,0.0
10:34:51.000,48400,2420,1.0,0.0,0.0,0.0
10:34:51.213,48500,2425,1.0,0.0,0.0,0.0
10:34:51.426,48600,2430,1.0,0.0,0.0,0.0
10:34:51.638,48700,2435,1.0,0.0,0.0,0.0
10:34:51.845,48800,2440,1.0,0.0,0.0,0.0
10:34:52.057,48900,2445,1.0,0.0,0.0,0.0
10:34:52.273,49000,2450,1.0,0.0,0.0,0.0
10:34:52.487,49100,2455,1.0,0.0,0.0,0.0
10:34:52.695,49200,2460,1.0,0.0,0.0,0.0
10:34:52.914,49300,2465,1.0,0.0,0.0,0.0
10:34:53.128,49400,2470,1.0,0.0,0.0,0.0
10:34:53.344,49500,2475,1.0,0.0,0.0,0.0
10:34:53.555,49600,2480,1.0,0.0,0.0,0.0
10:34:53.768,49700,2485,1.0,0.0,0.0,0.0
10:34:53.978,49800,2490,1.0,0.0,0.0,0.0
10:34:54.194,49900,2495,1.0,0.0,0.0,0.0
10:34:54.409,50000,2500,1.0,0.0,0.0,0.0
10:34:54.617,50100,2505,1.0,0.0,0.0,0.0
10:34:54.833,50200,2510,1.0,0.0,0.0,0.0
10:34:55.043,50300,2515,1.0,0.0,0.0,0.0
10:34:55.255,50400,2520,1.0,0.0,0.0,0.0
10:34:55.469,50500,2525,1.0,0.0,0.0,0.0
10:34:55.682,50600,2530,1.0,0.0,0.0,0.0
10:34:55.894,50700,2535,1.0,0.0,0.0,0.0
10:34:56.107,50800,2540,1.0,0.0,0.0,0.0
10:34:56.322,50900,2545,1.0,0.0,0.0,0.0
10:34:56.537,51000,2550,1.0,0.0,0.0,0.0
10:34:56.752,51100,2555,1.0,0.0,0.0,0.0
10:34:56.962,51200,2560,1.0,0.0,0.0,0.0
10:34:57.180,51300,2565,1.0,0.0,0.0,0.0
10:34:57.397,51400,2570,1.0,0.0,0.0,0.0
10:34:57.606,51500,2575,1.0,0.0,0.0,0.0
10:34:57.824,51600,2580,1.0,0.0,0.0,0.0
10:34:58.039,51700,2585,1.0,0.0,0.0,0.0
10:34:58.249,51800,2590,1.0,0.0,0.0,0.0
10:34:58.457,51900,2595,1.0,0.0,0.0,0.0
10:34:58.674,52000,2600,1.0,0.0,0.0,0.0
10:34:58.886,52100,2605,1.0,0.0,0.0,0.0
10:34:59.106,52200,2610,1.0,0.0,0.0,0.0
10:34:59.316,52300,2615,1.0,0.0,0.0,0.0
10:34:59.529,52400,2620,1.0,0.0,0.0,0.0
10:34:59.746,52500,2625,1.0,0.0,0.0,0.0
10:34:59.963,52600,2630,1.0,0.0,0.0,0.0
10:35:00.174,52700,2635,1.0,0.0,0.0,0.0
10:35:00.386,52800,2640,1.0,0.0,0.0,0.0
10:35:00.597,52900,2645,1.0,0.0,0.0,0.0
10:35:00.811,53000,2650,1.0,0.0,0.0,0.0
10:35:01.024,53100,2655,1.0,0.0,0.0,0.0
10:35:01.240,53200,2660,1.0,0.0,0.0,0.0
10:35:01.454,53300,2665,1.0,0.0,0.0,0.0
10:35:01.664,53400,2670,1.0,0.0,0.0,0.0
10:35:01.880,53500,2675,1.0,0.0,0.0,0.0
10:35:02.095,53600,2680,1.0,0.0,0.0,0.0
10:35:02.315,53700,2685,1.0,0.0,0.0,0.0
10:35:02.528,53800,2690,1.0,0.0,0.0,0.0
10:35:02.741,53900,2695,1.0,0.0,0.0,0.0
10:35:02.955,54000,2700,1.0,0.0,0.0,0.0
10:35:03.172,54100,2705,1.0,0.0,0.0,0.0
10:35:03.380,54200,2710,1.0,0.0,0.0,0.0
10:35:03.593,54300,2715,1.0,0.0,0.0,0.0
10:35:03.807,54400,2720,1.0,0.0,0.0,0.0
10:35:04.023,54500,2725,1.0,0.0,0.0,0.0
10:35:04.232,54600,2730,1.0,0.0,0.0,0.0
10:35:04.446,54700,2735,1.0,0.0,0.0,0.0
10:35:04.658,54800,2740,1.0,0.0,0.0,0.0
10:35:04.873,54900,2745,1.0,0.0,0.0,0.0
10:35:05.081,55000,2750,1.0,0.0,0.0,0.0
10:35:05.294,55100,2755,1.0,0.0,0.0,0.0
10:35:05.511,55200,2760,1.0,0.0,0.0,0.0
10:35:05.718,55300,2765,1.0,0.0,0.0,0.0
10:35:05.925,55400,2770,1.0,0.0,0.0,0.0
10:35:06.139,55500,2775,1.0,0.0,0.0,0.0
10:35:06.354,55600,2780,1.0,0.0,0.0,0.0
10:35:06.564,55700,2785,1.0,0.0,0.0,0.0
10:35:06.772,55800,2790,1.0,0.0,0.0,0.0
10:35:06.985,55900,2795,1.0,0.0,0.0,0.0
10:35:07.200,56000,2800,1.0,0.0,0.0,0.0
10:35:07.406,56100,2805,1.0,0.0,0.0,0.0
10:35:07.621,56200,2810,1.0,0.0,0.0,0.0
10:35:07.839,56300,2815,1.0,0.0,0.0,0.0
10:35:08.056,56400,2820,1.0,0.0,0.0,0.0
10:35:08.267,56500,2825,1.0,0.0,0.0,0.0
10:35:08.476,56600,2830,1.0,0.0,0.0,0.0
10:35:08.689,56700,2835,1.0,0.0,0.0,0.0
10:35:08.907,56800,2840,1.0,0.0,0.0,0.0
10:35:09.126,56900,2845,1.0,0.0,0.0,0.0
10:35:09.339,57000,2850,1.0,0.0,0.0,0.0
10:35:09.556,57100,2855,1.0,0.0,0.0,0.0
10:35:09.771,57200,2860,1.0,0.0,0.0,0.0
10:35:09.982,57300,2865,1.0,0.0,0.0,0.0
10:35:10.198,57400,2870,1.0,0.0,0.0,0.0
10:35:10.410,57500,2875,1.0,0.0,0.0,0.0
10:35:10.630,57600,2880,1.0,0.0,0.0,0.0
10:35:10.838,57700,2885,1.0,0.0,0.0,0.0
10:35:11.056,57800,2890,1.0,0.0,0.0,0.0
10:35:11.268,57900,2895,1.0,0.0,0.0,0.0
10:35:11.484,58000,2900,1.0,0.0,0.0,0.0
10:35:11.692,58100,2905,1.0,0.0,0.0,0.0
10:35:11.901,58200,2910,1.0,0.0,0.0,0.0
10:35:12.114,58300,2915,1.0,0.0,0.0,0.0
10:35:12.329,58400,2920,1.0,0.0,0.0,0.0
10:35:12.537,58500,2925,1.0,0.0,0.0,0.0
10:35:12.752,58600,2930,1.0,0.0,0.0,0.0
10:35:12.968,58700,2935,1.0,0.0,0.0,0.0
10:35:13.188,58800,2940,1.0,0.0,0.0,0.0
10:35:13.396,58900,2945,1.0,0.0,0.0,0.0
10:35:13.609,59000,2950,1.0,0.0,0.0,0.0
10:35:13.825,59100,2955,1.0,0.0,0.0,0.0
10:35:14.039,59200,2960,1.0,0.0,0.0,0.0
10:35:14.246,59300,2965,1.0,0.0,0.0,0.0
10:35:14.463,59400,2970,1.0,0.0,0.0,0.0
10:35:14.675,59500,2975,1.0,0.0,0.0,0.0
10:35:14.889,59600,2980,1.0,0.0,0.0,0.0
10:35:15.097,59700,2985,1.0,0.0,0.0,0.0
10:35:15.309,59800,2990,1.0,0.0,0.0,0.0
10:35:15.522,59900,2995,1.0,0.0,0.0,0.0
10:35:15.732,60000,3000,1.0,0.0,0.0,0.0
10:35:15.939,60100,3005,1.0,0.0,0.0,0.0
10:35:16.145,60200,3010,1.0,0.0,0.0,0.0
10:35:16.353,60300,3015,1.0,0.0,0.0,0.0
10:35:16.566,60400,3020,1.0,0.0,0.0,0.0
10:35:16.775,60500,3025,1.0,0.0,0.0,0.0
10:35:16.988,60600,3030,1.0,0.0,0.0,0.0
10:35:17.198,60700,3035,1.0,0.0,0.0,0.0
10:35:17.406,60800,3040,1.0,0.0,0.0,0.0
10:35:17.614,60900,3045,1.0,0.0,0.0,0.0
10:35:17.829,61000,3050,1.0,0.0,0.0,0.0
10:35:18.038,61100,3055,1.0,0.0,0.0,0.0
10:35:18.248,61200,3060,1.0,0.0,0.0,0.0
10:35:18.455,61300,3065,1.0,0.0,0.0,0.0
10:35:18.668,61400,3070,1.0,0.0,0.0,0.0
10:35:18.879,61500,3075,1.0,0.0,0.0,0.0
10:35:19.088,61600,3080,1.0,0.0,0.0,0.0
10:35:19.295,61700,3085,1.0,0.0,0.0,0.0
10:35:19.509,61800,3090,1.0,0.0,0.0,0.0
10:35:19.722,61900,3095,1.0,0.0,0.0,0.0
10:35:19.936,62000,3100,1.0,0.0,0.0,0.0
10:35:20.148,62100,3105,1.0,0.0,0.0,0.0
10:35:20.362,62200,3110,1.0,0.0,0.0,0.0
10:35:20.573,62300,3115,1.0,0.0,0.0,0.0
10:35:20.783,62400,3120,1.0,0.0,0.0,0.0
10:35:20.994,62500,3125,1.0,0.0,0.0,0.0
10:35:21.204,62600,3130,1.0,0.0,0.0,0.0
10:35:21.419,62700,3135,1.0,0.0,0.0,0.0
10:35:21.627,62800,3140,1.0,0.0,0.0,0.0
10:35:21.841,62900,3145,1.0,0.0,0.0,0.0
10:35:22.053,63000,3150,1.0,0.0,0.0,0.0
10:35:22.263,63100,3155,1.0,0.0,0.0,0.0
10:35:22.472,63200,3160,1.0,0.0,0.0,0.0
10:35:22.686,63300,3165,1.0,0.0,0.0,0.0
10:35:22.896,63400,3170,1.0,0.0,0.0,0.0
10:35:23.112,63500,3175,1.0,0.0,0.0,0.0
10:35:23.321,63600,3180,1.0,0.0,0.0,0.0
10:35:23.536,63700,3185,1.0,0.0,0.0,0.0
10:35:23.746,63800,3190,1.0,0.0,0.0,0.0
10:35:23.965,63900,3195,1.0,0.0,0.0,0.0
10:35:24.172,64000,3200,1.0,0.0,0.0,0.0
10:35:24.391,64100,3205,1.0,0.0,0.0,0.0
10:35:24.604,64200,3210,1.0,0.0,0.0,0.0
10:35:24.816,64300,3215,1.0,0.0,0.0,0.0
10:35:25.023,64400,3220,1.0,0.0,0.0,0.0
10:35:25.232,64500,3225,1.0,0.0,0.0,0.0
10:35:25.447,64600,3230,1.0,0.0,0.0,0.0
10:35:25.660,64700,3235,1.0,0.0,0.0,0.0
10:35:25.867,64800,3240,1.0,0.0,0.0,0.0
10:35:26.080,64900,3245,1.0,0.0,0.0,0.0
10:35:26.290,65000,3250,1.0,0.0,0.0,0.0
10:35:26.500,65100,3255,1.0,0.0,0.0,0.0
10:35:26.708,65200,3260,1.0,0.0,0.0,0.0
10:35:26.922,65300,3265,1.0,0.0,0.0,0.0
10:35:27.138,65400,3270,1.0,0.0,0.0,0.0
10:35:27.352,65500,3275,1.0,0.0,0.0,0.0
10:35:27.559,65600,3280,1.0,0.0,0.0,0.0
10:35:27.769,65700,3285,1.0,0.0,0.0,0.0
10:35:27.981,65800,3290,1.0,0.0,0.0,0.0
10:35:28.190,65900,3295,1.0,0.0,0.0,0.0
10:35:28.403,66000,3300,1.0,0.0,0.0,0.0
10:35:28.612,66100,3305,1.0,0.0,0.0,0.0
10:35:28.828,66200,3310,1.0,0.0,0.0,0.0
10:35:29.036,66300,3315,1.0,0.0,0.0,0.0
10:35:29.249,66400,3320,1.0,0.0,0.0,0.0
10:35:29.461,66500,3325,1.0,0.0,0.0,0.0
10:35:29.675,66600,3330,1.0,0.0,0.0,0.0
10:35:29.886,66700,3335,1.0,0.0,0.0,0.0
10:35:30.101,66800,3340,1.0,0.0,0.0,0.0
10:35:30.315,66900,3345,1.0,0.0,0.0,0.0
10:35:30.528,67000,3350,1.0,0.0,0.0,0.0
10:35:30.735,67100,3355,1.0,0.0,0.0,0.0
10:35:30.950,67200,3360,1.0,0.0,0.0,0.0
10:35:31.165,67300,3365,1.0,0.0,0.0,0.0
10:35:31.378,67400,3370,1.0,0.0,0.0,0.0
10:35:31.587,67500,3375,1.0,0.0,0.0,0.0
10:35:31.802,67600,3380,1.0,0.0,0.0,0.0
10:35:32.012,67700,3385,1.0,0.0,0.0,0.0
10:35:32.225,67800,3390,1.0,0.0,0.0,0.0
10:35:32.432,67900,3395,1.0,0.0,0.0,0.0
10:35:32.640,68000,3400,1.0,0.0,0.0,0.0
10:35:32.850,68100,3405,1.0,0.0,0.0,0.0
10:35:33.060,68200,3410,1.0,0.0,0.0,0.0
10:35:33.267,68300,3415,1.0,0.0,0.0,0.0
10:35:33.482,68400,3420,1.0,0.0,0.0,0.0
10:35:33.696,68500,3425,1.0,0.0,0.0,0.0
10:35:33.911,68600,3430,1.0,0.0,0.0,0.0
10:35:34.120,68700,3435,1.0,0.0,0.0,0.0
10:35:34.337,68800,3440,1.0,0.0,0.0,0.0
10:35:34.553,68900,3445,1.0,0.0,0.0,0.0
10:35:34.769,69000,3450,1.0,0.0,0.0,0.0
10:35:34.976,69100,3455,1.0,0.0,0.0,0.0
10:35:35.194,69200,3460,1.0,0.0,0.0,0.0
10:35:35.410,69300,3465,1.0,0.0,0.0,0.0
10:35:35.625,69400,3470,1.0,0.0,0.0,0.0
10:35:35.832,69500,3475,1.0,0.0,0.0,0.0
10:35:36.044,69600,3480,1.0,0.0,0.0,0.0
10:35:36.254,69700,3485,1.0,0.0,0.0,0.0
10:35:36.466,69800,3490,1.0,0.0,0.0,0.0
10:35:36.686,69900,3495,1.0,0.0,0.0,0.0
10:35:36.896,70000,3500,1.0,0.0,0.0,0.0
10:35:37.108,70100,3505,1.0,0.0,0.0,0.0
10:35:37.318,70200,3510,1.0,0.0,0.0,0.0
10:35:37.527,70300,3515,1.0,0.0,0.0,0.0
10:35:37.740,70400,3520,1.0,0.0,0.0,0.0
10:35:37.960,70500,3525,1.0,0.0,0.0,0.0
10:35:38.167,70600,3530,1.0,0.0,0.0,0.0
10:35:38.377,70700,3535,1.0,0.0,0.0,0.0
10:35:38.590,70800,3540,1.0,0.0,0.0,0.0
10:35:38.798,70900,3545,1.0,0.0,0.0,0.0
10:35:39.006,71000,3550,1.0,0.0,0.0,0.0
10:35:39.214,71100,3555,1.0,0.0,0.0,0.0
10:35:39.428,71200,3560,1.0,0.0,0.0,0.0
10:35:39.646,71300,3565,1.0,0.0,0.0,0.0
10:35:39.855,71400,3570,1.0,0.0,0.0,0.0
10:35:40.062,71500,3575,1.0,0.0,0.0,0.0
10:35:40.272,71600,3580,1.0,0.0,0.0,0.0
10:35:40.486,71700,3585,1.0,0.0,0.0,0.0
10:35:40.694,71800,3590,1.0,0.0,0.0,0.0
10:35:40.904,71900,3595,1.0,0.0,0.0,0.0
10:35:41.128,72000,3600,1.0,0.0,0.0,0.0
10:35:41.344,72100,3605,1.0,0.0,0.0,0.0
10:35:41.551,72200,3610,1.0,0.0,0.0,0.0
10:35:41.767,72300,3615,1.0,0.0,0.0,0.0
10:35:41.983,72400,3620,1.0,0.0,0.0,0.0
10:35:42.196,72500,3625,1.0,0.0,0.0,0.0
10:35:42.404,72600,3630,1.0,0.0,0.0,0.0
10:35:42.620,72700,3635,1.0,0.0,0.0,0.0
10:35:42.838,72800,3640,1.0,0.0,0.0,0.0
10:35:43.048,72900,3645,1.0,0.0,0.0,0.0
10:35:43.256,73000,3650,1.0,0.0,0.0,0.0
10:35:43.471,73100,3655,1.0,0.0,0.0,0.0
10:35:43.684,73200,3660,1.0,0.0,0.0,0.0
10:35:43.898,73300,3665,1.0,0.0,0.0,0.0
10:35:44.106,73400,3670,1.0,0.0,0.0,0.0
10:35:44.323,73500,3675,1.0,0.0,0.0,0.0
10:35:44.540,73600,3680,1.0,0.0,0.0,0.0
10:35:44.746,73700,3685,1.0,0.0,0.0,0.0
10:35:44.964,73800,3690,1.0,0.0,0.0,0.0
10:35:45.172,73900,3695,1.0,0.0,0.0,0.0
10:35:45.380,74000,3700,1.0,0.0,0.0,0.0
10:35:45.588,74100,3705,1.0,0.0,0.0,0.0
10:35:45.797,74200,3710,1.0,0.0,0.0,0.0
10:35:46.015,74300,3715,1.0,0.0,0.0,0.0
10:35:46.225,74400,3720,1.0,0.0,0.0,0.0
10:35:46.433,74500,3725,1.0,0.0,0.0,0.0
10:35:46.641,74600,3730,1.0,0.0,0.0,0.0
10:35:46.855,74700,3735,1.0,0.0,0.0,0.0
10:35:47.072,74800,3740,1.0,0.0,0.0,0.0
10:35:47.282,74900,3745,1.0,0.0,0.0,0.0
10:35:47.492,75000,3750,1.0,0.0,0.0,0.0
10:35:47.707,75100,3755,1.0,0.0,0.0,0.0
10:35:47.924,75200,3760,1.0,0.0,0.0,0.0
10:35:48.131,75300,3765,1.0,0.0,0.0,0.0
10:35:48.341,75400,3770,1.0,0.0,0.0,0.0
10:35:48.557,75500,3775,1.0,0.0,0.0,0.0
10:35:48.766,75600,3780,1.0,0.0,0.0,0.0
10:35:48.973,75700,3785,1.0,0.0,0.0,0.0
10:35:49.188,75800,3790,1.0,0.0,0.0,0.0
10:35:49.404,75900,3795,1.0,0.0,0.0,0.0
10:35:49.620,76000,3800,1.0,0.0,0.0,0.0
10:35:49.830,76100,3805,1.0,0.0,0.0,0.0
10:35:50.044,76200,3810,1.0,0.0,0.0,0.0
10:35:50.261,76300,3815,1.0,0.0,0.0,0.0
10:35:50.477,76400,3820,1.0,0.0,0.0,0.0
10:35:50.684,76500,3825,1.0,0.0,0.0,0.0
10:35:50.894,76600,3830,1.0,0.0,0.0,0.0
10:35:51.109,76700,3835,1.0,0.0,0.0,0.0
10:35:51.322,76800,3840,1.0,0.0,0.0,0.0
10:35:51.536,76900,3845,1.0,0.0,0.0,0.0
10:35:51.751,77000,3850,1.0,0.0,0.0,0.0
10:35:51.959,77100,3855,1.0,0.0,0.0,0.0
10:35:52.175,77200,3860,1.0,0.0,0.0,0.0
10:35:52.383,77300,3865,1.0,0.0,0.0,0.0
10:35:52.598,77400,3870,1.0,0.0,0.0,0.0
10:35:52.813,77500,3875,1.0,0.0,0.0,0.0
10:35:53.027,77600,3880,1.0,0.0,0.0,0.0
10:35:53.234,77700,3885,1.0,0.0,0.0,0.0
10:35:53.447,77800,3890,1.0,0.0,0.0,0.0
10:35:53.654,77900,3895,1.0,0.0,0.0,0.0
10:35:53.862,78000,3900,1.0,0.0,0.0,0.0
10:35:54.070,78100,3905,1.0,0.0,0.0,0.0
10:35:54.285,78200,3910,1.0,0.0,0.0,0.0
10:35:54.498,78300,3915,1.0,0.0,0.0,0.0
10:35:54.710,78400,3920,1.0,0.0,0.0,0.0
10:35:54.918,78500,3925,1.0,0.0,0.0,0.0
10:35:55.134,78600,3930,1.0,0.0,0.0,0.0
10:35:55.344,78700,3935,1.0,0.0,0.0,0.0
10:35:55.552,78800,3940,1.0,0.0,0.0,0.0
10:35:55.772,78900,3945,1.0,0.0,0.0,0.0
10:35:55.986,79000,3950,1.0,0.0,0.0,0.0
10:35:56.197,79100,3955,1.0,0.0,0.0,0.0
10:35:56.404,79200,3960,1.0,0.0,0.0,0.0
10:35:56.612,79300,3965,1.0,0.0,0.0,0.0
10:35:56.827,79400,3970,1.0,0.0,0.0,0.0
10:35:57.037,79500,3975,1.0,0.0,0.0,0.0
10:35:57.245,79600,3980,1.0,0.0,0.0,0.0
10:35:57.458,79700,3985,1.0,0.0,0.0,0.0
10:35:57.673,79800,3990,1.0,0.0,0.0,0.0
10:35:57.880,79900,3995,1.0,0.0,0.0,0.0
10:35:58.087,80000,4000,1.0,0.0,0.0,0.0
10:35:58.299,80100,4005,1.0,0.0,0.0,0.0
10:35:58.506,80200,4010,1.0,0.0,0.0,0.0
10:35:58.717,80300,4015,1.0,0.0,0.0,0.0
10:35:58.925,80400,4020,1.0,0.0,0.0,0.0
10:35:59.142,80500,4025,1.0,0.0,0.0,0.0
10:35:59.349,80600,4030,1.0,0.0,0.0,0.0
10:35:59.564,80700,4035,1.0,0.0,0.0,0.0
10:35:59.772,80800,4040,1.0,0.0,0.0,0.0
10:35:59.983,80900,4045,1.0,0.0,0.0,0.0
10:36:00.194,81000,4050,1.0,0.0,0.0,0.0
10:36:00.409,81100,4055,1.0,0.0,0.0,0.0
10:36:00.619,81200,4060,1.0,0.0,0.0,0.0
10:36:00.829,81300,4065,1.0,0.0,0.0,0.0
10:36:01.039,81400,4070,1.0,0.0,0.0,0.0
10:36:01.257,81500,4075,1.0,0.0,0.0,0.0
10:36:01.475,81600,4080,1.0,0.0,0.0,0.0
10:36:01.688,81700,4085,1.0,0.0,0.0,0.0
10:36:01.902,81800,4090,1.0,0.0,0.0,0.0
10:36:02.118,81900,4095,1.0,0.0,0.0,0.0
10:36:02.333,82000,4100,1.0,0.0,0.0,0.0
10:36:02.548,82100,4105,1.0,0.0,0.0,0.0
10:36:02.760,82200,4110,1.0,0.0,0.0,0.0
10:36:02.977,82300,4115,1.0,0.0,0.0,0.0
10:36:03.185,82400,4120,1.0,0.0,0.0,0.0
10:36:03.401,82500,4125,1.0,0.0,0.0,0.0
10:36:03.621,82600,4130,1.0,0.0,0.0,0.0
10:36:03.829,82700,4135,1.0,0.0,0.0,0.0
10:36:04.037,82800,4140,1.0,0.0,0.0,0.0
10:36:04.252,82900,4145,1.0,0.0,0.0,0.0
10:36:04.468,83000,4150,1.0,0.0,0.0,0.0
10:36:04.676,83100,4155,1.0,0.0,0.0,0.0
10:36:04.886,83200,4160,1.0,0.0,0.0,0.0
10:36:05.096,83300,4165,1.0,0.0,0.0,0.0
10:36:05.302,83400,4170,1.0,0.0,0.0,0.0
10:36:05.511,83500,4175,1.0,0.0,0.0,0.0
10:36:05.721,83600,4180,1.0,0.0,0.0,0.0
10:36:05.928,83700,4185,1.0,0.0,0.0,0.0
10:36:06.135,83800,4190,1.0,0.0,0.0,0.0
10:36:06.345,83900,4195,1.0,0.0,0.0,0.0
10:36:06.561,84000,4200,1.0,0.0,0.0,0.0
10:36:06.776,84100,4205,1.0,0.0,0.0,0.0
10:36:06.984,84200,4210,1.0,0.0,0.0,0.0
10:36:07.192,84300,4215,1.0,0.0,0.0,0.0
10:36:07.405,84400,4220,1.0,0.0,0.0,0.0
10:36:07.619,84500,4225,1.0,0.0,0.0,0.0
10:36:07.835,84600,4230,1.0,0.0,0.0,0.0
10:36:08.043,84700,4235,1.0,0.0,0.0,0.0
10:36:08.258,84800,4240,1.0,0.0,0.0,0.0
10:36:08.469,84900,4245,1.0,0.0,0.0,0.0
10:36:08.679,85000,4250,1.0,0.0,0.0,0.0
10:36:08.887,85100,4255,1.0,0.0,0.0,0.0
10:36:09.095,85200,4260,1.0,0.0,0.0,0.0
10:36:09.310,85300,4265,1.0,0.0,0.0,0.0
10:36:09.524,85400,4270,1.0,0.0,0.0,0.0
10:36:09.733,85500,4275,1.0,0.0,0.0,0.0
10:36:09.941,85600,4280,1.0,0.0,0.0,0.0
10:36:10.153,85700,4285,1.0,0.0,0.0,0.0
10:36:10.367,85800,4290,1.0,0.0,0.0,0.0
10:36:10.577,85900,4295,1.0,0.0,0.0,0.0
10:36:10.793,86000,4300,1.0,0.0,0.0,0.0
10:36:11.009,86100,4305,1.0,0.0,0.0,0.0
10:36:11.219,86200,4310,1.0,0.0,0.0,0.0
10:36:11.428,86300,4315,1.0,0.0,0.0,0.0
10:36:11.642,86400,4320,1.0,0.0,0.0,0.0
10:36:11.857,86500,4325,1.0,0.0,0.0,0.0
10:36:12.075,86600,4330,1.0,0.0,0.0,0.0
10:36:12.283,86700,4335,1.0,0.0,0.0,0.0
10:36:12.496,86800,4340,1.0,0.0,0.0,0.0
10:36:12.706,86900,4345,1.0,0.0,0.0,0.0
10:36:12.916,87000,4350,1.0,0.0,0.0,0.0
10:36:13.123,87100,4355,1.0,0.0,0.0,0.0
10:36:13.335,87200,4360,1.0,0.0,0.0,0.0
10:36:13.552,87300,4365,1.0,0.0,0.0,0.0
10:36:13.764,87400,4370,1.0,0.0,0.0,0.0
10:36:13.971,87500,4375,1.0,0.0,0.0,0.0
10:36:14.188,87600,4380,1.0,0.0,0.0,0.0
10:36:14.407,87700,4385,1.0,0.0,0.0,0.0
10:36:14.619,87800,4390,1.0,0.0,0.0,0.0
10:36:14.826,87900,4395,1.0,0.0,0.0,0.0
10:36:15.040,88000,4400,1.0,0.0,0.0,0.0
10:36:15.251,88100,4405,1.0,0.0,0.0,0.0
10:36:15.468,88200,4410,1.0,0.0,0.0,0.0
10:36:15.675,88300,4415,1.0,0.0,0.0,0.0
10:36:15.890,88400,4420,1.0,0.0,0.0,0.0
10:36:16.102,88500,4425,1.0,0.0,0.0,0.0
10:36:16.309,88600,4430,1.0,0.0,0.0,0.0
10:36:16.518,88700,4435,1.0,0.0,0.0,0.0
10:36:16.725,88800,4440,1.0,0.0,0.0,0.0
10:36:16.935,88900,4445,1.0,0.0,0.0,0.0
10:36:17.144,89000,4450,1.0,0.0,0.0,0.0
10:36:17.352,89100,4455,1.0,0.0,0.0,0.0
10:36:17.566,89200,4460,1.0,0.0,0.0,0.0
10:36:17.782,89300,4465,1.0,0.0,0.0,0.0
10:36:17.991,89400,4470,1.0,0.0,0.0,0.0
10:36:18.205,89500,4475,1.0,0.0,0.0,0.0
10:36:18.418,89600,4480,1.0,0.0,0.0,0.0
10:36:18.625,89700,4485,1.0,0.0,0.0,0.0
10:36:18.832,89800,4490,1.0,0.0,0.0,0.0
10:36:19.039,89900,4495,1.0,0.0,0.0,0.0
10:36:19.249,90000,4500,1.0,0.0,0.0,0.0
10:36:19.460,90100,4505,1.0,0.0,0.0,0.0
10:36:19.668,90200,4510,1.0,0.0,0.0,0.0
10:36:19.875,90300,4515,1.0,0.0,0.0,0.0
10:36:20.082,90400,4520,1.0,0.0,0.0,0.0
10:36:20.297,90500,4525,1.0,0.0,0.0,0.0
10:36:20.506,90600,4530,1.0,0.0,0.0,0.0
10:36:20.723,90700,4535,1.0,0.0,0.0,0.0
10:36:20.934,90800,4540,1.0,0.0,0.0,0.0
10:36:21.148,90900,4545,1.0,0.0,0.0,0.0
10:36:21.357,91000,4550,1.0,0.0,0.0,0.0
10:36:21.569,91100,4555,1.0,0.0,0.0,0.0
10:36:21.787,91200,4560,1.0,0.0,0.0,0.0
10:36:22.000,91300,4565,1.0,0.0,0.0,0.0
10:36:22.208,91400,4570,1.0,0.0,0.0,0.0
10:36:22.424,91500,4575,1.0,0.0,0.0,0.0
10:36:22.638,91600,4580,1.0,0.0,0.0,0.0
10:36:22.850,91700,4585,1.0,0.0,0.0,0.0
10:36:23.057,91800,4590,1.0,0.0,0.0,0.0
10:36:23.270,91900,4595,1.0,0.0,0.0,0.0
10:36:23.485,92000,4600,1.0,0.0,0.0,0.0
10:36:23.693,92100,4605,1.0,0.0,0.0,0.0
10:36:23.902,92200,4610,1.0,0.0,0.0,0.0
10:36:24.113,92300,4615,1.0,0.0,0.0,0.0
10:36:24.328,92400,4620,1.0,0.0,0.0,0.0
10:36:24.537,92500,4625,1.0,0.0,0.0,0.0
10:36:24.746,92600,4630,1.0,0.0,0.0,0.0
10:36:24.952,92700,4635,1.0,0.0,0.0,0.0
10:36:25.160,92800,4640,1.0,0.0,0.0,0.0
10:36:25.371,92900,4645,1.0,0.0,0.0,0.0
10:36:25.579,93000,4650,1.0,0.0,0.0,0.0
10:36:25.792,93100,4655,1.0,0.0,0.0,0.0
10:36:26.009,93200,4660,1.0,0.0,0.0,0.0
10:36:26.218,93300,4665,1.0,0.0,0.0,0.0
10:36:26.427,93400,4670,1.0,0.0,0.0,0.0
10:36:26.644,93500,4675,1.0,0.0,0.0,0.0
10:36:26.857,93600,4680,1.0,0.0,0.0,0.0
10:36:27.071,93700,4685,1.0,0.0,0.0,0.0
10:36:27.280,93800,4690,1.0,0.0,0.0,0.0
10:36:27.496,93900,4695,1.0,0.0,0.0,0.0
10:36:27.709,94000,4700,1.0,0.0,0.0,0.0
10:36:27.918,94100,4705,1.0,0.0,0.0,0.0
10:36:28.125,94200,4710,1.0,0.0,0.0,0.0
10:36:28.343,94300,4715,1.0,0.0,0.0,0.0
10:36:28.558,94400,4720,1.0,0.0,0.0,0.0
10:36:28.770,94500,4725,1.0,0.0,0.0,0.0
10:36:28.977,94600,4730,1.0,0.0,0.0,0.0
10:36:29.190,94700,4735,1.0,0.0,0.0,0.0
10:36:29.401,94800,4740,1.0,0.0,0.0,0.0
10:36:29.608,94900,4745,1.0,0.0,0.0,0.0
10:36:29.814,95000,4750,1.0,0.0,0.0,0.0
10:36:30.022,95100,4755,1.0,0.0,0.0,0.0
10:36:30.232,95200,4760,1.0,0.0,0.0,0.0
10:36:30.440,95300,4765,1.0,0.0,0.0,0.0
10:36:30.652,95400,4770,1.0,0.0,0.0,0.0
10:36:30.869,95500,4775,1.0,0.0,0.0,0.0
10:36:31.083,95600,4780,1.0,0.0,0.0,0.0
10:36:31.292,95700,4785,1.0,0.0,0.0,0.0
10:36:31.503,95800,4790,1.0,0.0,0.0,0.0
10:36:31.714,95900,4795,1.0,0.0,0.0,0.0
10:36:31.927,96000,4800,1.0,0.0,0.0,0.0
10:36:32.135,96100,4805,1.0,0.0,0.0,0.0
10:36:32.355,96200,4810,1.0,0.0,0.0,0.0
10:36:32.566,96300,4815,1.0,0.0,0.0,0.0
10:36:32.787,96400,4820,1.0,0.0,0.0,0.0
10:36:32.995,96500,4825,1.0,0.0,0.0,0.0
10:36:33.209,96600,4830,1.0,0.0,0.0,0.0
10:36:33.421,96700,4835,1.0,0.0,0.0,0.0
10:36:33.632,96800,4840,1.0,0.0,0.0,0.0
10:36:33.840,96900,4845,1.0,0.0,0.0,0.0
10:36:34.060,97000,4850,1.0,0.0,0.0,0.0
10:36:34.271,97100,4855,1.0,0.0,0.0,0.0
10:36:34.481,97200,4860,1.0,0.0,0.0,0.0
10:36:34.688,97300,4865,1.0,0.0,0.0,0.0
10:36:34.900,97400,4870,1.0,0.0,0.0,0.0
10:36:35.108,97500,4875,1.0,0.0,0.0,0.0
10:36:35.325,97600,4880,1.0,0.0,0.0,0.0
10:36:35.540,97700,4885,1.0,0.0,0.0,0.0
10:36:35.756,97800,4890,1.0,0.0,0.0,0.0
10:36:35.964,97900,4895,1.0,0.0,0.0,0.0
10:36:36.183,98000,4900,1.0,0.0,0.0,0.0
10:36:36.391,98100,4905,1.0,0.0,0.0,0.0
10:36:36.604,98200,4910,1.0,0.0,0.0,0.0
10:36:36.819,98300,4915,1.0,0.0,0.0,0.0
10:36:37.029,98400,4920,1.0,0.0,0.0,0.0
10:36:37.238,98500,4925,1.0,0.0,0.0,0.0
10:36:37.446,98600,4930,1.0,0.0,0.0,0.0
10:36:37.664,98700,4935,1.0,0.0,0.0,0.0
10:36:37.873,98800,4940,1.0,0.0,0.0,0.0
10:36:38.080,98900,4945,1.0,0.0,0.0,0.0
10:36:38.288,99000,4950,1.0,0.0,0.0,0.0
10:36:38.502,99100,4955,1.0,0.0,0.0,0.0
10:36:38.713,99200,4960,1.0,0.0,0.0,0.0
10:36:38.922,99300,4965,1.0,0.0,0.0,0.0
10:36:39.132,99400,4970,1.0,0.0,0.0,0.0
10:36:39.344,99500,4975,1.0,0.0,0.0,0.0
10:36:39.554,99600,4980,1.0,0.0,0.0,0.0
10:36:39.762,99700,4985,1.0,0.0,0.0,0.0
10:36:39.977,99800,4990,1.0,0.0,0.0,0.0
10:36:40.193,99900,4995,1.0,0.0,0.0,0.0
10:36:40.400,100000,5000,1.0,0.0,0.0,0.0
10:36:40.608,100100,5005,1.0,0.0,0.0,0.0
10:36:40.820,100200,5010,1.0,0.0,0.0,0.0
10:36:41.037,100300,5015,1.0,0.0,0.0,0.0
10:36:41.244,100400,5020,1.0,0.0,0.0,0.0
10:36:41.458,100500,5025,1.0,0.0,0.0,0.0
10:36:41.674,100600,5030,1.0,0.0,0.0,0.0
10:36:41.892,100700,5035,1.0,0.0,0.0,0.0
10:36:42.100,100800,5040,1.0,0.0,0.0,0.0
10:36:42.309,100900,5045,1.0,0.0,0.0,0.0
10:36:42.518,101000,5050,1.0,0.0,0.0,0.0
10:36:42.738,101100,5055,1.0,0.0,0.0,0.0
10:36:42.946,101200,5060,1.0,0.0,0.0,0.0
10:36:43.154,101300,5065,1.0,0.0,0.0,0.0
10:36:43.364,101400,5070,1.0,0.0,0.0,0.0
10:36:43.578,101500,5075,1.0,0.0,0.0,0.0
10:36:43.788,101600,5080,1.0,0.0,0.0,0.0
10:36:43.999,101700,5085,1.0,0.0,0.0,0.0
10:36:44.211,101800,5090,1.0,0.0,0.0,0.0
10:36:44.425,101900,5095,1.0,0.0,0.0,0.0
10:36:44.633,102000,5100,1.0,0.0,0.0,0.0
10:36:44.851,102100,5105,1.0,0.0,0.0,0.0
10:36:45.067,102200,5110,1.0,0.0,0.0,0.0
10:36:45.275,102300,5115,1.0,0.0,0.0,0.0
10:36:45.485,102400,5120,1.0,0.0,0.0,0.0
10:36:45.701,102500,5125,1.0,0.0,0.0,0.0
10:36:45.915,102600,5130,1.0,0.0,0.0,0.0
10:36:46.125,102700,5135,1.0,0.0,0.0,0.0
10:36:46.336,102800,5140,1.0,0.0,0.0,0.0
10:36:46.550,102900,5145,1.0,0.0,0.0,0.0
10:36:46.758,103000,5150,1.0,0.0,0.0,0.0
10:36:46.973,103100,5155,1.0,0.0,0.0,0.0
10:36:47.181,103200,5160,1.0,0.0,0.0,0.0
10:36:47.392,103300,5165,1.0,0.0,0.0,0.0
10:36:47.600,103400,5170,1.0,0.0,0.0,0.0
10:36:47.809,103500,5175,1.0,0.0,0.0,0.0
10:36:48.017,103600,5180,1.0,0.0,0.0,0.0
10:36:48.230,103700,5185,1.0,0.0,0.0,0.0
10:36:48.447,103800,5190,1.0,0.0,0.0,0.0
10:36:48.654,103900,5195,1.0,0.0,0.0,0.0
10:36:48.862,104000,5200,1.0,0.0,0.0,0.0
10:36:49.077,104100,5205,1.0,0.0,0.0,0.0
10:36:49.289,104200,5210,1.0,0.0,0.0,0.0
10:36:49.497,104300,5215,1.0,0.0,0.0,0.0
10:36:49.704,104400,5220,1.0,0.0,0.0,0.0
10:36:49.912,104500,5225,1.0,0.0,0.0,0.0
10:36:50.125,104600,5230,1.0,0.0,0.0,0.0
10:36:50.335,104700,5235,1.0,0.0,0.0,0.0
10:36:50.543,104800,5240,1.0,0.0,0.0,0.0
10:36:50.755,104900,5245,1.0,0.0,0.0,0.0
10:36:50.972,105000,5250,1.0,0.0,0.0,0.0
10:36:51.180,105100,5255,1.0,0.0,0.0,0.0
10:36:51.396,105200,5260,1.0,0.0,0.0,0.0
10:36:51.610,105300,5265,1.0,0.0,0.0,0.0
10:36:51.817,105400,5270,1.0,0.0,0.0,0.0
10:36:52.026,105500,5275,1.0,0.0,0.0,0.0
10:36:52.233,105600,5280,1.0,0.0,0.0,0.0
10:36:52.446,105700,5285,1.0,0.0,0.0,0.0
10:36:52.663,105800,5290,1.0,0.0,0.0,0.0
10:36:52.871,105900,5295,1.0,0.0,0.0,0.0
10:36:53.081,106000,5300,1.0,0.0,0.0,0.0
10:36:53.294,106100,5305,1.0,0.0,0.0,0.0
10:36:53.510,106200,5310,1.0,0.0,0.0,0.0
10:36:53.718,106300,5315,1.0,0.0,0.0,0.0
10:36:53.934,106400,5320,1.0,0.0,0.0,0.0
10:36:54.152,106500,5325,1.0,0.0,0.0,0.0
10:36:54.368,106600,5330,1.0,0.0,0.0,0.0
10:36:54.575,106700,5335,1.0,0.0,0.0,0.0
10:36:54.790,106800,5340,1.0,0.0,0.0,0.0
10:36:55.006,106900,5345,1.0,0.0,0.0,0.0
10:36:55.216,107000,5350,1.0,0.0,0.0,0.0
10:36:55.424,107100,5355,1.0,0.0,0.0,0.0
10:36:55.641,107200,5360,1.0,0.0,0.0,0.0
10:36:55.857,107300,5365,1.0,0.0,0.0,0.0
10:36:56.064,107400,5370,1.0,0.0,0.0,0.0
10:36:56.272,107500,5375,1.0,0.0,0.0,0.0
10:36:56.491,107600,5380,1.0,0.0,0.0,0.0
10:36:56.705,107700,5385,1.0,0.0,0.0,0.0
10:36:56.918,107800,5390,1.0,0.0,0.0,0.0
10:36:57.129,107900,5395,1.0,0.0,0.0,0.0
10:36:57.343,108000,5400,1.0,0.0,0.0,0.0
10:36:57.550,108100,5405,1.0,0.0,0.0,0.0
10:36:57.758,108200,5410,1.0,0.0,0.0,0.0
10:36:57.966,108300,5415,1.0,0.0,0.0,0.0
10:36:58.174,108400,5420,1.0,0.0,0.0,0.0
10:36:58.390,108500,5425,1.0,0.0,0.0,0.0
10:36:58.600,108600,5430,1.0,0.0,0.0,0.0
10:36:58.807,108700,5435,1.0,0.0,0.0,0.0
10:36:59.020,108800,5440,1.0,0.0,0.0,0.0
10:36:59.231,108900,5445,1.0,0.0,0.0,0.0
10:36:59.437,109000,5450,1.0,0.0,0.0,0.0
10:36:59.644,109100,5455,1.0,0.0,0.0,0.0
10:36:59.853,109200,5460,1.0,0.0,0.0,0.0
10:37:00.063,109300,5465,1.0,0.0,0.0,0.0
10:37:00.277,109400,5470,1.0,0.0,0.0,0.0
10:37:00.486,109500,5475,1.0,0.0,0.0,0.0
10:37:00.698,109600,5480,1.0,0.0,0.0,0.0
10:37:00.908,109700,5485,1.0,0.0,0.0,0.0
10:37:01.116,109800,5490,1.0,0.0,0.0,0.0
10:37:01.331,109900,5495,1.0,0.0,0.0,0.0
10:37:01.546,110000,5500,1.0,0.0,0.0,0.0
10:37:01.756,110100,5505,1.0,0.0,0.0,0.0
10:37:01.965,110200,5510,1.0,0.0,0.0,0.0
10:37:02.179,110300,5515,1.0,0.0,0.0,0.0
10:37:02.388,110400,5520,1.0,0.0,0.0,0.0
10:37:02.610,110500,5525,1.0,0.0,0.0,0.0
10:37:02.818,110600,5530,1.0,0.0,0.0,0.0
10:37:03.030,110700,5535,1.0,0.0,0.0,0.0
10:37:03.242,110800,5540,1.0,0.0,0.0,0.0
10:37:03.454,110900,5545,1.0,0.0,0.0,0.0
10:37:03.662,111000,5550,1.0,0.0,0.0,0.0
10:37:03.879,111100,5555,1.0,0.0,0.0,0.0
10:37:04.095,111200,5560,1.0,0.0,0.0,0.0
10:37:04.304,111300,5565,1.0,0.0,0.0,0.0
10:37:04.510,111400,5570,1.0,0.0,0.0,0.0
10:37:04.719,111500,5575,1.0,0.0,0.0,0.0
10:37:04.933,111600,5580,1.0,0.0,0.0,0.0
10:37:05.145,111700,5585,1.0,0.0,0.0,0.0
10:37:05.353,111800,5590,1.0,0.0,0.0,0.0
10:37:05.567,111900,5595,1.0,0.0,0.0,0.0
10:37:05.790,112000,5600,1.0,0.0,0.0,0.0
10:37:06.002,112100,5605,1.0,0.0,0.0,0.0
10:37:06.216,112200,5610,1.0,0.0,0.0,0.0
10:37:06.431,112300,5615,1.0,0.0,0.0,0.0
10:37:06.645,112400,5620,1.0,0.0,0.0,0.0
10:37:06.853,112500,5625,1.0,0.0,0.0,0.0
10:37:07.061,112600,5630,1.0,0.0,0.0,0.0
10:37:07.275,112700,5635,1.0,0.0,0.0,0.0
10:37:07.486,112800,5640,1.0,0.0,0.0,0.0
10:37:07.693,112900,5645,1.0,0.0,0.0,0.0
10:37:07.901,113000,5650,1.0,0.0,0.0,0.0
10:37:08.109,113100,5655,1.0,0.0,0.0,0.0
10:37:08.322,113200,5660,1.0,0.0,0.0,0.0
10:37:08.530,113300,5665,1.0,0.0,0.0,0.0
10:37:08.738,113400,5670,1.0,0.0,0.0,0.0
10:37:08.946,113500,5675,1.0,0.0,0.0,0.0
10:37:09.157,113600,5680,1.0,0.0,0.0,0.0
10:37:09.364,113700,5685,1.0,0.0,0.0,0.0
10:37:09.572,113800,5690,1.0,0.0,0.0,0.0
10:37:09.786,113900,5695,1.0,0.0,0.0,0.0
10:37:10.003,114000,5700,1.0,0.0,0.0,0.0
10:37:10.212,114100,5705,1.0,0.0,0.0,0.0
10:37:10.419,114200,5710,1.0,0.0,0.0,0.0
10:37:10.633,114300,5715,1.0,0.0,0.0,0.0
10:37:10.849,114400,5720,1.0,0.0,0.0,0.0
10:37:11.055,114500,5725,1.0,0.0,0.0,0.0
10:37:11.266,114600,5730,1.0,0.0,0.0,0.0
10:37:11.482,114700,5735,1.0,0.0,0.0,0.0
10:37:11.696,114800,5740,1.0,0.0,0.0,0.0
10:37:11.903,114900,5745,1.0,0.0,0.0,0.0
10:37:12.117,115000,5750,1.0,0.0,0.0,0.0
10:37:12.324,115100,5755,1.0,0.0,0.0,0.0
10:37:12.532,115200,5760,1.0,0.0,0.0,0.0
10:37:12.739,115300,5765,1.0,0.0,0.0,0.0
10:37:12.953,115400,5770,1.0,0.0,0.0,0.0
10:37:13.168,115500,5775,1.0,0.0,0.0,0.0
10:37:13.383,115600,5780,1.0,0.0,0.0,0.0
10:37:13.591,115700,5785,1.0,0.0,0.0,0.0
10:37:13.800,115800,5790,1.0,0.0,0.0,0.0
10:37:14.016,115900,5795,1.0,0.0,0.0,0.0
10:37:14.227,116000,5800,1.0,0.0,0.0,0.0
10:37:14.435,116100,5805,1.0,0.0,0.0,0.0
10:37:14.648,116200,5810,1.0,0.0,0.0,0.0
10:37:14.859,116300,5815,1.0,0.0,0.0,0.0
10:37:15.073,116400,5820,1.0,0.0,0.0,0.0
10:37:15.281,116500,5825,1.0,0.0,0.0,0.0
10:37:15.489,116600,5830,1.0,0.0,0.0,0.0
10:37:15.704,116700,5835,1.0,0.0,0.0,0.0
10:37:15.912,116800,5840,1.0,0.0,0.0,0.0
10:37:16.120,116900,5845,1.0,0.0,0.0,0.0
10:37:16.336,117000,5850,1.0,0.0,0.0,0.0
10:37:16.548,117100,5855,1.0,0.0,0.0,0.0
10:37:16.756,117200,5860,1.0,0.0,0.0,0.0
10:37:16.964,117300,5865,1.0,0.0,0.0,0.0
10:37:17.181,117400,5870,1.0,0.0,0.0,0.0
10:37:17.401,117500,5875,1.0,0.0,0.0,0.0
10:37:17.611,117600,5880,1.0,0.0,0.0,0.0
10:37:17.818,117700,5885,1.0,0.0,0.0,0.0
10:37:18.026,117800,5890,1.0,0.0,0.0,0.0
10:37:18.234,117900,5895,1.0,0.0,0.0,0.0
10:37:18.442,118000,5900,1.0,0.0,0.0,0.0
10:37:18.653,118100,5905,1.0,0.0,0.0,0.0
10:37:18.863,118200,5910,1.0,0.0,0.0,0.0
10:37:19.084,118300,5915,1.0,0.0,0.0,0.0
10:37:19.297,118400,5920,1.0,0.0,0.0,0.0
10:37:19.505,118500,5925,1.0,0.0,0.0,0.0
10:37:19.718,118600,5930,1.0,0.0,0.0,0.0
10:37:19.933,118700,5935,1.0,0.0,0.0,0.0
10:37:20.140,118800,5940,1.0,0.0,0.0,0.0
10:37:20.347,118900,5945,1.0,0.0,0.0,0.0
10:37:20.562,119000,5950,1.0,0.0,0.0,0.0
10:37:20.770,119100,5955,1.0,0.0,0.0,0.0
10:37:20.979,119200,5960,1.0,0.0,0.0,0.0
10:37:21.185,119300,5965,1.0,0.0,0.0,0.0
10:37:21.401,119400,5970,1.0,0.0,0.0,0.0
10:37:21.612,119500,5975,1.0,0.0,0.0,0.0
10:37:21.820,119600,5980,1.0,0.0,0.0,0.0
10:37:22.035,119700,5985,1.0,0.0,0.0,0.0
10:37:22.250,119800,5990,1.0,0.0,0.0,0.0
10:37:22.462,119900,5995,1.0,0.0,0.0,0.0
10:37:22.669,120000,6000,1.0,0.0,0.0,0.0
10:37:22.878,120100,6005,1.0,0.0,0.0,0.0
10:37:23.089,120200,6010,1.0,0.0,0.0,0.0
10:37:23.308,120300,6015,1.0,0.0,0.0,0.0
10:37:23.515,120400,6020,1.0,0.0,0.0,0.0
10:37:23.723,120500,6025,1.0,0.0,0.0,0.0
10:37:23.939,120600,6030,1.0,0.0,0.0,0.0
10:37:24.148,120700,6035,1.0,0.0,0.0,0.0
10:37:24.355,120800,6040,1.0,0.0,0.0,0.0
10:37:24.573,120900,6045,1.0,0.0,0.0,0.0
10:37:24.788,121000,6050,1.0,0.0,0.0,0.0
10:37:25.001,121100,6055,1.0,0.0,0.0,0.0
10:37:25.208,121200,6060,1.0,0.0,0.0,0.0
10:37:25.424,121300,6065,1.0,0.0,0.0,0.0
10:37:25.631,121400,6070,1.0,0.0,0.0,0.0
10:37:25.840,121500,6075,1.0,0.0,0.0,0.0
10:37:26.049,121600,6080,1.0,0.0,0.0,0.0
10:37:26.259,121700,6085,1.0,0.0,0.0,0.0
10:37:26.473,121800,6090,1.0,0.0,0.0,0.0
10:37:26.680,121900,6095,1.0,0.0,0.0,0.0
10:37:26.893,122000,6100,1.0,0.0,0.0,0.0
10:37:27.106,122100,6105,1.0,0.0,0.0,0.0
10:37:27.314,122200,6110,1.0,0.0,0.0,0.0
10:37:27.522,122300,6115,1.0,0.0,0.0,0.0
10:37:27.730,122400,6120,1.0,0.0,0.0,0.0
10:37:27.938,122500,6125,1.0,0.0,0.0,0.0
10:37:28.157,122600,6130,1.0,0.0,0.0,0.0
10:37:28.364,122700,6135,1.0,0.0,0.0,0.0
10:37:28.572,122800,6140,1.0,0.0,0.0,0.0
10:37:28.781,122900,6145,1.0,0.0,0.0,0.0
10:37:28.990,123000,6150,1.0,0.0,0.0,0.0
10:37:29.199,123100,6155,1.0,0.0,0.0,0.0
10:37:29.406,123200,6160,1.0,0.0,0.0,0.0
10:37:29.617,123300,6165,1.0,0.0,0.0,0.0
10:37:29.827,123400,6170,1.0,0.0,0.0,0.0
10:37:30.038,123500,6175,1.0,0.0,0.0,0.0
10:37:30.248,123600,6180,1.0,0.0,0.0,0.0
10:37:30.462,123700,6185,1.0,0.0,0.0,0.0
10:37:30.675,123800,6190,1.0,0.0,0.0,0.0
10:37:30.882,123900,6195,1.0,0.0,0.0,0.0
10:37:31.091,124000,6200,1.0,0.0,0.0,0.0
10:37:31.306,124100,6205,1.0,0.0,0.0,0.0
10:37:31.517,124200,6210,1.0,0.0,0.0,0.0
10:37:31.725,124300,6215,1.0,0.0,0.0,0.0
10:37:31.938,124400,6220,1.0,0.0,0.0,0.0
10:37:32.153,124500,6225,1.0,0.0,0.0,0.0
10:37:32.366,124600,6230,1.0,0.0,0.0,0.0
10:37:32.574,124700,6235,1.0,0.0,0.0,0.0
10:37:32.794,124800,6240,1.0,0.0,0.0,0.0
10:37:33.003,124900,6245,1.0,0.0,0.0,0.0
10:37:33.217,125000,6250,1.0,0.0,0.0,0.0
10:37:33.425,125100,6255,1.0,0.0,0.0,0.0
10:37:33.633,125200,6260,1.0,0.0,0.0,0.0
10:37:33.845,125300,6265,1.0,0.0,0.0,0.0
10:37:34.057,125400,6270,1.0,0.0,0.0,0.0
10:37:34.264,125500,6275,1.0,0.0,0.0,0.0
10:37:34.479,125600,6280,1.0,0.0,0.0,0.0
10:37:34.693,125700,6285,1.0,0.0,0.0,0.0
10:37:34.907,125800,6290,1.0,0.0,0.0,0.0
10:37:35.116,125900,6295,1.0,0.0,0.0,0.0
10:37:35.330,126000,6300,1.0,0.0,0.0,0.0
10:37:35.538,126100,6305,1.0,0.0,0.0,0.0
10:37:35.751,126200,6310,1.0,0.0,0.0,0.0
10:37:35.959,126300,6315,1.0,0.0,0.0,0.0
10:37:36.181,126400,6320,1.0,0.0,0.0,0.0
10:37:36.392,126500,6325,1.0,0.0,0.0,0.0
10:37:36.601,126600,6330,1.0,0.0,0.0,0.0
10:37:36.808,126700,6335,1.0,0.0,0.0,0.0
10:37:37.016,126800,6340,1.0,0.0,0.0,0.0
10:37:37.227,126900,6345,1.0,0.0,0.0,0.0
10:37:37.438,127000,6350,1.0,0.0,0.0,0.0
10:37:37.645,127100,6355,1.0,0.0,0.0,0.0
10:37:37.864,127200,6360,1.0,0.0,0.0,0.0
10:37:38.072,127300,6365,1.0,0.0,0.0,0.0
10:37:38.281,127400,6370,1.0,0.0,0.0,0.0
10:37:38.488,127500,6375,1.0,0.0,0.0,0.0
10:37:38.699,127600,6380,1.0,0.0,0.0,0.0
10:37:38.914,127700,6385,1.0,0.0,0.0,0.0
10:37:39.124,127800,6390,1.0,0.0,0.0,0.0
10:37:39.331,127900,6395,1.0,0.0,0.0,0.0
10:37:39.546,128000,6400,1.0,0.0,0.0,0.0
10:37:39.756,128100,6405,1.0,0.0,0.0,0.0
10:37:39.965,128200,6410,1.0,0.0,0.0,0.0
10:37:40.179,128300,6415,1.0,0.0,0.0,0.0
10:37:40.400,128400,6420,1.0,0.0,0.0,0.0
10:37:40.612,128500,6425,1.0,0.0,0.0,0.0
10:37:40.819,128600,6430,1.0,0.0,0.0,0.0
10:37:41.026,128700,6435,1.0,0.0,0.0,0.0
10:37:41.237,128800,6440,1.0,0.0,0.0,0.0
10:37:41.455,128900,6445,1.0,0.0,0.0,0.0
10:37:41.663,129000,6450,1.0,0.0,0.0,0.0
10:37:41.872,129100,6455,1.0,0.0,0.0,0.0
10:37:42.087,129200,6460,1.0,0.0,0.0,0.0
10:37:42.298,129300,6465,1.0,0.0,0.0,0.0
10:37:42.505,129400,6470,1.0,0.0,0.0,0.0
10:37:42.715,129500,6475,1.0,0.0,0.0,0.0
10:37:42.932,129600,6480,1.0,0.0,0.0,0.0
10:37:43.147,129700,6485,1.0,0.0,0.0,0.0
10:37:43.359,129800,6490,1.0,0.0,0.0,0.0
10:37:43.573,129900,6495,1.0,0.0,0.0,0.0
10:37:43.788,130000,6500,1.0,0.0,0.0,0.0
10:37:44.002,130100,6505,1.0,0.0,0.0,0.0
10:37:44.209,130200,6510,1.0,0.0,0.0,0.0
10:37:44.417,130300,6515,1.0,0.0,0.0,0.0
10:37:44.636,130400,6520,1.0,0.0,0.0,0.0
10:37:44.848,130500,6525,1.0,0.0,0.0,0.0
10:37:45.060,130600,6530,1.0,0.0,0.0,0.0
10:37:45.275,130700,6535,1.0,0.0,0.0,0.0
10:37:45.483,130800,6540,1.0,0.0,0.0,0.0
10:37:45.691,130900,6545,1.0,0.0,0.0,0.0
10:37:45.899,131000,6550,1.0,0.0,0.0,0.0
10:37:46.115,131100,6555,1.0,0.0,0.0,0.0
10:37:46.323,131200,6560,1.0,0.0,0.0,0.0
10:37:46.530,131300,6565,1.0,0.0,0.0,0.0
10:37:46.738,131400,6570,1.0,0.0,0.0,0.0
10:37:46.953,131500,6575,1.0,0.0,0.0,0.0
10:37:47.171,131600,6580,1.0,0.0,0.0,0.0
10:37:47.382,131700,6585,1.0,0.0,0.0,0.0
10:37:47.590,131800,6590,1.0,0.0,0.0,0.0
10:37:47.806,131900,6595,1.0,0.0,0.0,0.0
10:37:48.016,132000,6600,1.0,0.0,0.0,0.0
10:37:48.224,132100,6605,1.0,0.0,0.0,0.0
10:37:48.432,132200,6610,1.0,0.0,0.0,0.0
10:37:48.648,132300,6615,1.0,0.0,0.0,0.0
10:37:48.865,132400,6620,1.0,0.0,0.0,0.0
10:37:49.072,132500,6625,1.0,0.0,0.0,0.0
10:37:49.287,132600,6630,1.0,0.0,0.0,0.0
10:37:49.497,132700,6635,1.0,0.0,0.0,0.0
10:37:49.704,132800,6640,1.0,0.0,0.0,0.0
10:37:49.912,132900,6645,1.0,0.0,0.0,0.0
10:37:50.121,133000,6650,1.0,0.0,0.0,0.0
10:37:50.339,133100,6655,1.0,0.0,0.0,0.0
10:37:50.553,133200,6660,1.0,0.0,0.0,0.0
10:37:50.761,133300,6665,1.0,0.0,0.0,0.0
10:37:50.969,133400,6670,1.0,0.0,0.0,0.0
10:37:51.186,133500,6675,1.0,0.0,0.0,0.0
10:37:51.409,133600,6680,1.0,0.0,0.0,0.0
10:37:51.616,133700,6685,1.0,0.0,0.0,0.0
10:37:51.824,133800,6690,1.0,0.0,0.0,0.0
10:37:52.035,133900,6695,1.0,0.0,0.0,0.0
10:37:52.246,134000,6700,1.0,0.0,0.0,0.0
10:37:52.453,134100,6705,1.0,0.0,0.0,0.0
10:37:52.663,134200,6710,1.0,0.0,0.0,0.0
10:37:52.876,134300,6715,1.0,0.0,0.0,0.0
10:37:53.088,134400,6720,1.0,0.0,0.0,0.0
10:37:53.303,134500,6725,1.0,0.0,0.0,0.0
10:37:53.513,134600,6730,1.0,0.0,0.0,0.0
10:37:53.721,134700,6735,1.0,0.0,0.0,0.0
10:37:53.928,134800,6740,1.0,0.0,0.0,0.0
10:37:54.136,134900,6745,1.0,0.0,0.0,0.0
10:37:54.351,135000,6750,1.0,0.0,0.0,0.0
10:37:54.566,135100,6755,1.0,0.0,0.0,0.0
10:37:54.774,135200,6760,1.0,0.0,0.0,0.0
10:37:54.982,135300,6765,1.0,0.0,0.0,0.0
10:37:55.196,135400,6770,1.0,0.0,0.0,0.0
10:37:55.407,135500,6775,1.0,0.0,0.0,0.0
10:37:55.615,135600,6780,1.0,0.0,0.0,0.0
10:37:55.823,135700,6785,1.0,0.0,0.0,0.0
10:37:56.036,135800,6790,1.0,0.0,0.0,0.0
10:37:56.252,135900,6795,1.0,0.0,0.0,0.0
10:37:56.459,136000,6800,1.0,0.0,0.0,0.0
10:37:56.672,136100,6805,1.0,0.0,0.0,0.0
10:37:56.889,136200,6810,1.0,0.0,0.0,0.0
10:37:57.104,136300,6815,1.0,0.0,0.0,0.0
10:37:57.312,136400,6820,1.0,0.0,0.0,0.0
10:37:57.521,136500,6825,1.0,0.0,0.0,0.0
10:37:57.730,136600,6830,1.0,0.0,0.0,0.0
10:37:57.944,136700,6835,1.0,0.0,0.0,0.0
10:37:58.152,136800,6840,1.0,0.0,0.0,0.0
10:37:58.369,136900,6845,1.0,0.0,0.0,0.0
10:37:58.585,137000,6850,1.0,0.0,0.0,0.0
10:37:58.792,137100,6855,1.0,0.0,0.0,0.0
10:37:58.999,137200,6860,1.0,0.0,0.0,0.0
10:37:59.210,137300,6865,1.0,0.0,0.0,0.0
10:37:59.420,137400,6870,1.0,0.0,0.0,0.0
10:37:59.627,137500,6875,1.0,0.0,0.0,0.0
10:37:59.835,137600,6880,1.0,0.0,0.0,0.0
10:38:00.042,137700,6885,1.0,0.0,0.0,0.0
10:38:00.252,137800,6890,1.0,0.0,0.0,0.0
10:38:00.462,137900,6895,1.0,0.0,0.0,0.0
10:38:00.672,138000,6900,1.0,0.0,0.0,0.0
10:38:00.889,138100,6905,1.0,0.0,0.0,0.0
10:38:01.102,138200,6910,1.0,0.0,0.0,0.0
10:38:01.311,138300,6915,1.0,0.0,0.0,0.0
10:38:01.518,138400,6920,1.0,0.0,0.0,0.0
10:38:01.732,138500,6925,1.0,0.0,0.0,0.0
10:38:01.948,138600,6930,1.0,0.0,0.0,0.0
10:38:02.155,138700,6935,1.0,0.0,0.0,0.0
10:38:02.362,138800,6940,1.0,0.0,0.0,0.0
10:38:02.571,138900,6945,1.0,0.0,0.0,0.0
10:38:02.786,139000,6950,1.0,0.0,0.0,0.0
10:38:02.994,139100,6955,1.0,0.0,0.0,0.0
10:38:03.202,139200,6960,1.0,0.0,0.0,0.0
10:38:03.410,139300,6965,1.0,0.0,0.0,0.0
10:38:03.627,139400,6970,1.0,0.0,0.0,0.0
10:38:03.834,139500,6975,1.0,0.0,0.0,0.0
10:38:04.042,139600,6980,1.0,0.0,0.0,0.0
10:38:04.256,139700,6985,1.0,0.0,0.0,0.0
10:38:04.469,139800,6990,1.0,0.0,0.0,0.0
10:38:04.677,139900,6995,1.0,0.0,0.0,0.0
10:38:04.885,140000,7000,1.0,0.0,0.0,0.0
10:38:05.092,140100,7005,1.0,0.0,0.0,0.0
10:38:05.307,140200,7010,1.0,0.0,0.0,0.0
10:38:05.514,140300,7015,1.0,0.0,0.0,0.0
10:38:05.725,140400,7020,1.0,0.0,0.0,0.0
10:38:05.944,140500,7025,1.0,0.0,0.0,0.0
10:38:06.151,140600,7030,1.0,0.0,0.0,0.0
10:38:06.360,140700,7035,1.0,0.0,0.0,0.0
10:38:06.567,140800,7040,1.0,0.0,0.0,0.0
10:38:06.775,140900,7045,1.0,0.0,0.0,0.0
10:38:06.983,141000,7050,1.0,0.0,0.0,0.0
10:38:07.191,141100,7055,1.0,0.0,0.0,0.0
10:38:07.399,141200,7060,1.0,0.0,0.0,0.0
10:38:07.615,141300,7065,1.0,0.0,0.0,0.0
10:38:07.832,141400,7070,1.0,0.0,0.0,0.0
10:38:08.040,141500,7075,1.0,0.0,0.0,0.0
10:38:08.248,141600,7080,1.0,0.0,0.0,0.0
10:38:08.459,141700,7085,1.0,0.0,0.0,0.0
10:38:08.675,141800,7090,1.0,0.0,0.0,0.0
10:38:08.883,141900,7095,1.0,0.0,0.0,0.0
10:38:09.091,142000,7100,1.0,0.0,0.0,0.0
10:38:09.308,142100,7105,1.0,0.0,0.0,0.0
10:38:09.524,142200,7110,1.0,0.0,0.0,0.0
10:38:09.736,142300,7115,1.0,0.0,0.0,0.0
10:38:09.944,142400,7120,1.0,0.0,0.0,0.0
10:38:10.152,142500,7125,1.0,0.0,0.0,0.0
10:38:10.362,142600,7130,1.0,0.0,0.0,0.0
10:38:10.570,142700,7135,1.0,0.0,0.0,0.0
10:38:10.778,142800,7140,1.0,0.0,0.0,0.0
10:38:10.989,142900,7145,1.0,0.0,0.0,0.0
10:38:11.201,143000,7150,1.0,0.0,0.0,0.0
10:38:11.411,143100,7155,1.0,0.0,0.0,0.0
10:38:11.621,143200,7160,1.0,0.0,0.0,0.0
10:38:11.828,143300,7165,1.0,0.0,0.0,0.0
10:38:12.041,143400,7170,1.0,0.0,0.0,0.0
10:38:12.257,143500,7175,1.0,0.0,0.0,0.0
10:38:12.468,143600,7180,1.0,0.0,0.0,0.0
10:38:12.675,143700,7185,1.0,0.0,0.0,0.0
10:38:12.883,143800,7190,1.0,0.0,0.0,0.0
10:38:13.095,143900,7195,1.0,0.0,0.0,0.0
10:38:13.309,144000,7200,1.0,0.0,0.0,0.0
10:38:13.516,144100,7205,1.0,0.0,0.0,0.0
10:38:13.725,144200,7210,1.0,0.0,0.0,0.0
10:38:13.934,144300,7215,1.0,0.0,0.0,0.0
10:38:14.149,144400,7220,1.0,0.0,0.0,0.0
10:38:14.357,144500,7225,1.0,0.0,0.0,0.0
10:38:14.565,144600,7230,1.0,0.0,0.0,0.0
10:38:14.779,144700,7235,1.0,0.0,0.0,0.0
10:38:14.997,144800,7240,1.0,0.0,0.0,0.0
10:38:15.205,144900,7245,1.0,0.0,0.0,0.0
10:38:15.412,145000,7250,1.0,0.0,0.0,0.0
10:38:15.628,145100,7255,1.0,0.0,0.0,0.0
10:38:15.839,145200,7260,1.0,0.0,0.0,0.0
10:38:16.047,145300,7265,1.0,0.0,0.0,0.0
10:38:16.255,145400,7270,1.0,0.0,0.0,0.0
10:38:16.471,145500,7275,1.0,0.0,0.0,0.0
10:38:16.678,145600,7280,1.0,0.0,0.0,0.0
10:38:16.885,145700,7285,1.0,0.0,0.0,0.0
10:38:17.094,145800,7290,1.0,0.0,0.0,0.0
10:38:17.311,145900,7295,1.0,0.0,0.0,0.0
10:38:17.523,146000,7300,1.0,0.0,0.0,0.0
10:38:17.730,146100,7305,1.0,0.0,0.0,0.0
10:38:17.937,146200,7310,1.0,0.0,0.0,0.0
10:38:18.144,146300,7315,1.0,0.0,0.0,0.0
10:38:18.358,146400,7320,1.0,0.0,0.0,0.0
10:38:18.566,146500,7325,1.0,0.0,0.0,0.0
10:38:18.774,146600,7330,1.0,0.0,0.0,0.0
10:38:18.993,146700,7335,1.0,0.0,0.0,0.0
10:38:19.206,146800,7340,1.0,0.0,0.0,0.0
10:38:19.414,146900,7345,1.0,0.0,0.0,0.0
10:38:19.629,147000,7350,1.0,0.0,0.0,0.0
10:38:19.845,147100,7355,1.0,0.0,0.0,0.0
10:38:20.053,147200,7360,1.0,0.0,0.0,0.0
10:38:20.263,147300,7365,1.0,0.0,0.0,0.0
10:38:20.472,147400,7370,1.0,0.0,0.0,0.0
10:38:20.686,147500,7375,1.0,0.0,0.0,0.0
10:38:20.894,147600,7380,1.0,0.0,0.0,0.0
10:38:21.101,147700,7385,1.0,0.0,0.0,0.0
10:38:21.315,147800,7390,1.0,0.0,0.0,0.0
10:38:21.524,147900,7395,1.0,0.0,0.0,0.0
10:38:21.731,148000,7400,1.0,0.0,0.0,0.0
10:38:21.939,148100,7405,1.0,0.0,0.0,0.0
10:38:22.149,148200,7410,1.0,0.0,0.0,0.0
10:38:22.357,148300,7415,1.0,0.0,0.0,0.0
10:38:22.566,148400,7420,1.0,0.0,0.0,0.0
10:38:22.773,148500,7425,1.0,0.0,0.0,0.0
10:38:22.990,148600,7430,1.0,0.0,0.0,0.0
10:38:23.204,148700,7435,1.0,0.0,0.0,0.0
10:38:23.412,148800,7440,1.0,0.0,0.0,0.0
10:38:23.622,148900,7445,1.0,0.0,0.0,0.0
10:38:23.835,149000,7450,1.0,0.0,0.0,0.0
10:38:24.043,149100,7455,1.0,0.0,0.0,0.0
10:38:24.252,149200,7460,1.0,0.0,0.0,0.0
10:38:24.462,149300,7465,1.0,0.0,0.0,0.0
10:38:24.672,149400,7470,1.0,0.0,0.0,0.0
10:38:24.880,149500,7475,1.0,0.0,0.0,0.0
10:38:25.087,149600,7480,1.0,0.0,0.0,0.0
10:38:25.301,149700,7485,1.0,0.0,0.0,0.0
10:38:25.508,149800,7490,1.0,0.0,0.0,0.0
10:38:25.716,149900,7495,1.0,0.0,0.0,0.0
10:38:25.925,150000,7500,1.0,0.0,0.0,0.0
10:38:26.142,150100,7505,1.0,0.0,0.0,0.0
10:38:26.361,150200,7510,1.0,0.0,0.0,0.0
10:38:26.569,150300,7515,1.0,0.0,0.0,0.0
10:38:26.776,150400,7520,1.0,0.0,0.0,0.0
10:38:26.988,150500,7525,1.0,0.0,0.0,0.0
10:38:27.201,150600,7530,1.0,0.0,0.0,0.0
10:38:27.408,150700,7535,1.0,0.0,0.0,0.0
10:38:27.616,150800,7540,1.0,0.0,0.0,0.0
10:38:27.830,150900,7545,1.0,0.0,0.0,0.0
10:38:28.042,151000,7550,1.0,0.0,0.0,0.0
10:38:28.249,151100,7555,1.0,0.0,0.0,0.0
10:38:28.458,151200,7560,1.0,0.0,0.0,0.0
10:38:28.668,151300,7565,1.0,0.0,0.0,0.0
10:38:28.881,151400,7570,1.0,0.0,0.0,0.0
10:38:29.088,151500,7575,1.0,0.0,0.0,0.0
10:38:29.297,151600,7580,1.0,0.0,0.0,0.0
10:38:29.511,151700,7585,1.0,0.0,0.0,0.0
10:38:29.726,151800,7590,1.0,0.0,0.0,0.0
10:38:29.936,151900,7595,1.0,0.0,0.0,0.0
10:38:30.145,152000,7600,1.0,0.0,0.0,0.0
10:38:30.359,152100,7605,1.0,0.0,0.0,0.0
10:38:30.573,152200,7610,1.0,0.0,0.0,0.0
10:38:30.780,152300,7615,1.0,0.0,0.0,0.0
10:38:30.997,152400,7620,1.0,0.0,0.0,0.0
10:38:31.206,152500,7625,1.0,0.0,0.0,0.0
10:38:31.418,152600,7630,1.0,0.0,0.0,0.0
10:38:31.625,152700,7635,1.0,0.0,0.0,0.0
10:38:31.833,152800,7640,1.0,0.0,0.0,0.0
10:38:32.047,152900,7645,1.0,0.0,0.0,0.0
10:38:32.261,153000,7650,1.0,0.0,0.0,0.0
10:38:32.468,153100,7655,1.0,0.0,0.0,0.0
10:38:32.676,153200,7660,1.0,0.0,0.0,0.0
10:38:32.895,153300,7665,1.0,0.0,0.0,0.0
10:38:33.108,153400,7670,1.0,0.0,0.0,0.0
10:38:33.316,153500,7675,1.0,0.0,0.0,0.0
10:38:33.530,153600,7680,1.0,0.0,0.0,0.0
10:38:33.744,153700,7685,1.0,0.0,0.0,0.0
10:38:33.955,153800,7690,1.0,0.0,0.0,0.0
10:38:34.163,153900,7695,1.0,0.0,0.0,0.0
10:38:34.370,154000,7700,1.0,0.0,0.0,0.0
10:38:34.581,154100,7705,1.0,0.0,0.0,0.0
10:38:34.792,154200,7710,1.0,0.0,0.0,0.0
10:38:35.000,154300,7715,1.0,0.0,0.0,0.0
10:38:35.211,154400,7720,1.0,0.0,0.0,0.0
10:38:35.421,154500,7725,1.0,0.0,0.0,0.0
10:38:35.629,154600,7730,1.0,0.0,0.0,0.0
10:38:35.836,154700,7735,1.0,0.0,0.0,0.0
10:38:36.044,154800,7740,1.0,0.0,0.0,0.0
10:38:36.264,154900,7745,1.0,0.0,0.0,0.0
10:38:36.474,155000,7750,1.0,0.0,0.0,0.0
10:38:36.685,155100,7755,1.0,0.0,0.0,0.0
10:38:36.900,155200,7760,1.0,0.0,0.0,0.0
10:38:37.112,155300,7765,1.0,0.0,0.0,0.0
10:38:37.323,155400,7770,1.0,0.0,0.0,0.0
10:38:37.532,155500,7775,1.0,0.0,0.0,0.0
10:38:37.745,155600,7780,1.0,0.0,0.0,0.0
10:38:37.958,155700,7785,1.0,0.0,0.0,0.0
10:38:38.166,155800,7790,1.0,0.0,0.0,0.0
10:38:38.373,155900,7795,1.0,0.0,0.0,0.0
10:38:38.582,156000,7800,1.0,0.0,0.0,0.0
10:38:38.803,156100,7805,1.0,0.0,0.0,0.0
10:38:39.012,156200,7810,1.0,0.0,0.0,0.0
10:38:39.225,156300,7815,1.0,0.0,0.0,0.0
10:38:39.433,156400,7820,1.0,0.0,0.0,0.0
10:38:39.641,156500,7825,1.0,0.0,0.0,0.0
10:38:39.848,156600,7830,1.0,0.0,0.0,0.0
10:38:40.057,156700,7835,1.0,0.0,0.0,0.0
10:38:40.268,156800,7840,1.0,0.0,0.0,0.0
10:38:40.483,156900,7845,1.0,0.0,0.0,0.0
10:38:40.691,157000,7850,1.0,0.0,0.0,0.0
10:38:40.901,157100,7855,1.0,0.0,0.0,0.0
10:38:41.115,157200,7860,1.0,0.0,0.0,0.0
10:38:41.333,157300,7865,1.0,0.0,0.0,0.0
10:38:41.542,157400,7870,1.0,0.0,0.0,0.0
10:38:41.752,157500,7875,1.0,0.0,0.0,0.0
10:38:41.966,157600,7880,1.0,0.0,0.0,0.0
10:38:42.173,157700,7885,1.0,0.0,0.0,0.0
10:38:42.381,157800,7890,1.0,0.0,0.0,0.0
10:38:42.590,157900,7895,1.0,0.0,0.0,0.0
10:38:42.809,158000,7900,1.0,0.0,0.0,0.0
10:38:43.025,158100,7905,1.0,0.0,0.0,0.0
10:38:43.236,158200,7910,1.0,0.0,0.0,0.0
10:38:43.448,158300,7915,1.0,0.0,0.0,0.0
10:38:43.657,158400,7920,1.0,0.0,0.0,0.0
10:38:43.866,158500,7925,1.0,0.0,0.0,0.0
10:38:44.073,158600,7930,1.0,0.0,0.0,0.0
10:38:44.282,158700,7935,1.0,0.0,0.0,0.0
10:38:44.491,158800,7940,1.0,0.0,0.0,0.0
10:38:44.700,158900,7945,1.0,0.0,0.0,0.0
10:38:44.911,159000,7950,1.0,0.0,0.0,0.0
10:38:45.124,159100,7955,1.0,0.0,0.0,0.0
10:38:45.332,159200,7960,1.0,0.0,0.0,0.0
10:38:45.542,159300,7965,1.0,0.0,0.0,0.0
10:38:45.757,159400,7970,1.0,0.0,0.0,0.0
10:38:45.970,159500,7975,1.0,0.0,0.0,0.0
10:38:46.177,159600,7980,1.0,0.0,0.0,0.0
10:38:46.385,159700,7985,1.0,0.0,0.0,0.0
10:38:46.596,159800,7990,1.0,0.0,0.0,0.0
10:38:46.803,159900,7995,1.0,0.0,0.0,0.0
10:38:47.011,160000,8000,1.0,0.0,0.0,0.0
10:38:47.220,160100,8005,1.0,0.0,0.0,0.0
10:38:47.432,160200,8010,1.0,0.0,0.0,0.0
10:38:47.648,160300,8015,1.0,0.0,0.0,0.0
10:38:47.856,160400,8020,1.0,0.0,0.0,0.0
10:38:48.062,160500,8025,1.0,0.0,0.0,0.0
10:38:48.269,160600,8030,1.0,0.0,0.0,0.0
10:38:48.475,160700,8035,1.0,0.0,0.0,0.0
10:38:48.684,160800,8040,1.0,0.0,0.0,0.0
10:38:48.893,160900,8045,1.0,0.0,0.0,0.0
10:38:49.100,161000,8050,1.0,0.0,0.0,0.0
10:38:49.308,161100,8055,1.0,0.0,0.0,0.0
10:38:49.516,161200,8060,1.0,0.0,0.0,0.0
10:38:49.724,161300,8065,1.0,0.0,0.0,0.0
10:38:49.933,161400,8070,1.0,0.0,0.0,0.0
10:38:50.140,161500,8075,1.0,0.0,0.0,0.0
10:38:50.348,161600,8080,1.0,0.0,0.0,0.0
10:38:50.556,161700,8085,1.0,0.0,0.0,0.0
10:38:50.768,161800,8090,1.0,0.0,0.0,0.0
10:38:50.977,161900,8095,1.0,0.0,0.0,0.0
10:38:51.184,162000,8100,1.0,0.0,0.0,0.0
10:38:51.392,162100,8105,1.0,0.0,0.0,0.0
10:38:51.600,162200,8110,1.0,0.0,0.0,0.0
10:38:51.809,162300,8115,1.0,0.0,0.0,0.0
10:38:52.019,162400,8120,1.0,0.0,0.0,0.0
10:38:52.230,162500,8125,1.0,0.0,0.0,0.0
10:38:52.441,162600,8130,1.0,0.0,0.0,0.0
10:38:52.650,162700,8135,1.0,0.0,0.0,0.0
10:38:52.857,162800,8140,1.0,0.0,0.0,0.0
10:38:53.066,162900,8145,1.0,0.0,0.0,0.0
10:38:53.274,163000,8150,1.0,0.0,0.0,0.0
10:38:53.483,163100,8155,1.0,0.0,0.0,0.0
10:38:53.701,163200,8160,1.0,0.0,0.0,0.0
10:38:53.908,163300,8165,1.0,0.0,0.0,0.0
10:38:54.115,163400,8170,1.0,0.0,0.0,0.0
10:38:54.331,163500,8175,1.0,0.0,0.0,0.0
10:38:54.545,163600,8180,1.0,0.0,0.0,0.0
10:38:54.756,163700,8185,1.0,0.0,0.0,0.0
10:38:54.964,163800,8190,1.0,0.0,0.0,0.0
10:38:55.170,163900,8195,1.0,0.0,0.0,0.0
10:38:55.388,164000,8200,1.0,0.0,0.0,0.0
10:38:55.598,164100,8205,1.0,0.0,0.0,0.0
10:38:55.806,164200,8210,1.0,0.0,0.0,0.0
10:38:56.023,164300,8215,1.0,0.0,0.0,0.0
10:38:56.245,164400,8220,1.0,0.0,0.0,0.0
10:38:56.454,164500,8225,1.0,0.0,0.0,0.0
10:38:56.662,164600,8230,1.0,0.0,0.0,0.0
10:38:56.872,164700,8235,1.0,0.0,0.0,0.0
10:38:57.091,164800,8240,1.0,0.0,0.0,0.0
10:38:57.298,164900,8245,1.0,0.0,0.0,0.0
10:38:57.506,165000,8250,1.0,0.0,0.0,0.0
10:38:57.715,165100,8255,1.0,0.0,0.0,0.0
10:38:57.930,165200,8260,1.0,0.0,0.0,0.0
10:38:58.143,165300,8265,1.0,0.0,0.0,0.0
10:38:58.350,165400,8270,1.0,0.0,0.0,0.0
10:38:58.558,165500,8275,1.0,0.0,0.0,0.0
10:38:58.768,165600,8280,1.0,0.0,0.0,0.0
10:38:58.978,165700,8285,1.0,0.0,0.0,0.0
10:38:59.188,165800,8290,1.0,0.0,0.0,0.0
10:38:59.396,165900,8295,1.0,0.0,0.0,0.0
10:38:59.611,166000,8300,1.0,0.0,0.0,0.0
10:38:59.826,166100,8305,1.0,0.0,0.0,0.0
10:39:00.039,166200,8310,1.0,0.0,0.0,0.0
10:39:00.248,166300,8315,1.0,0.0,0.0,0.0
10:39:00.455,166400,8320,1.0,0.0,0.0,0.0
10:39:00.662,166500,8325,1.0,0.0,0.0,0.0
10:39:00.871,166600,8330,1.0,0.0,0.0,0.0
10:39:01.085,166700,8335,1.0,0.0,0.0,0.0
10:39:01.297,166800,8340,1.0,0.0,0.0,0.0
10:39:01.504,166900,8345,1.0,0.0,0.0,0.0
10:39:01.725,167000,8350,1.0,0.0,0.0,0.0
10:39:01.943,167100,8355,1.0,0.0,0.0,0.0
10:39:02.150,167200,8360,1.0,0.0,0.0,0.0
10:39:02.364,167300,8365,1.0,0.0,0.0,0.0
10:39:02.584,167400,8370,1.0,0.0,0.0,0.0
10:39:02.792,167500,8375,1.0,0.0,0.0,0.0
10:39:02.999,167600,8380,1.0,0.0,0.0,0.0
10:39:03.210,167700,8385,1.0,0.0,0.0,0.0
10:39:03.425,167800,8390,1.0,0.0,0.0,0.0
10:39:03.635,167900,8395,1.0,0.0,0.0,0.0
10:39:03.842,168000,8400,1.0,0.0,0.0,0.0
10:39:04.052,168100,8405,1.0,0.0,0.0,0.0
10:39:04.262,168200,8410,1.0,0.0,0.0,0.0
10:39:04.471,168300,8415,1.0,0.0,0.0,0.0
10:39:04.681,168400,8420,1.0,0.0,0.0,0.0
10:39:04.888,168500,8425,1.0,0.0,0.0,0.0
10:39:05.098,168600,8430,1.0,0.0,0.0,0.0
10:39:05.315,168700,8435,1.0,0.0,0.0,0.0
10:39:05.524,168800,8440,1.0,0.0,0.0,0.0
10:39:05.732,168900,8445,1.0,0.0,0.0,0.0
10:39:05.940,169000,8450,1.0,0.0,0.0,0.0
10:39:06.148,169100,8455,1.0,0.0,0.0,0.0
10:39:06.360,169200,8460,1.0,0.0,0.0,0.0
10:39:06.576,169300,8465,1.0,0.0,0.0,0.0
10:39:06.783,169400,8470,1.0,0.0,0.0,0.0
10:39:06.991,169500,8475,1.0,0.0,0.0,0.0
10:39:07.200,169600,8480,1.0,0.0,0.0,0.0
10:39:07.408,169700,8485,1.0,0.0,0.0,0.0
10:39:07.620,169800,8490,1.0,0.0,0.0,0.0
10:39:07.827,169900,8495,1.0,0.0,0.0,0.0
10:39:08.035,170000,8500,1.0,0.0,0.0,0.0
10:39:08.245,170100,8505,1.0,0.0,0.0,0.0
10:39:08.452,170200,8510,1.0,0.0,0.0,0.0
10:39:08.660,170300,8515,1.0,0.0,0.0,0.0
10:39:08.870,170400,8520,1.0,0.0,0.0,0.0
10:39:09.078,170500,8525,1.0,0.0,0.0,0.0
10:39:09.288,170600,8530,1.0,0.0,0.0,0.0
10:39:09.497,170700,8535,1.0,0.0,0.0,0.0
10:39:09.715,170800,8540,1.0,0.0,0.0,0.0
10:39:09.930,170900,8545,1.0,0.0,0.0,0.0
10:39:10.138,171000,8550,1.0,0.0,0.0,0.0
10:39:10.345,171100,8555,1.0,0.0,0.0,0.0
10:39:10.553,171200,8560,1.0,0.0,0.0,0.0
10:39:10.761,171300,8565,1.0,0.0,0.0,0.0
10:39:10.975,171400,8570,1.0,0.0,0.0,0.0
10:39:11.184,171500,8575,1.0,0.0,0.0,0.0
10:39:11.392,171600,8580,1.0,0.0,0.0,0.0
10:39:11.607,171700,8585,1.0,0.0,0.0,0.0
10:39:11.818,171800,8590,1.0,0.0,0.0,0.0
10:39:12.025,171900,8595,1.0,0.0,0.0,0.0
10:39:12.233,172000,8600,1.0,0.0,0.0,0.0
10:39:12.449,172100,8605,1.0,0.0,0.0,0.0
10:39:12.656,172200,8610,1.0,0.0,0.0,0.0
10:39:12.864,172300,8615,1.0,0.0,0.0,0.0
10:39:13.073,172400,8620,1.0,0.0,0.0,0.0
10:39:13.283,172500,8625,1.0,0.0,0.0,0.0
10:39:13.491,172600,8630,1.0,0.0,0.0,0.0
10:39:13.699,172700,8635,1.0,0.0,0.0,0.0
10:39:13.909,172800,8640,1.0,0.0,0.0,0.0
10:39:14.121,172900,8645,1.0,0.0,0.0,0.0
10:39:14.331,173000,8650,1.0,0.0,0.0,0.0
10:39:14.539,173100,8655,1.0,0.0,0.0,0.0
10:39:14.747,173200,8660,1.0,0.0,0.0,0.0
10:39:14.960,173300,8665,1.0,0.0,0.0,0.0
10:39:15.167,173400,8670,1.0,0.0,0.0,0.0
10:39:15.375,173500,8675,1.0,0.0,0.0,0.0
10:39:15.582,173600,8680,1.0,0.0,0.0,0.0
10:39:15.791,173700,8685,1.0,0.0,0.0,0.0
10:39:15.999,173800,8690,1.0,0.0,0.0,0.0
10:39:16.207,173900,8695,1.0,0.0,0.0,0.0
10:39:16.415,174000,8700,1.0,0.0,0.0,0.0
10:39:16.623,174100,8705,1.0,0.0,0.0,0.0
10:39:16.833,174200,8710,1.0,0.0,0.0,0.0
10:39:17.040,174300,8715,1.0,0.0,0.0,0.0
10:39:17.247,174400,8720,1.0,0.0,0.0,0.0
10:39:17.456,174500,8725,1.0,0.0,0.0,0.0
10:39:17.663,174600,8730,1.0,0.0,0.0,0.0
10:39:17.875,174700,8735,1.0,0.0,0.0,0.0
10:39:18.085,174800,8740,1.0,0.0,0.0,0.0
10:39:18.296,174900,8745,1.0,0.0,0.0,0.0
10:39:18.504,175000,8750,1.0,0.0,0.0,0.0
10:39:18.711,175100,8755,1.0,0.0,0.0,0.0
10:39:18.919,175200,8760,1.0,0.0,0.0,0.0
10:39:19.128,175300,8765,1.0,0.0,0.0,0.0
10:39:19.340,175400,8770,1.0,0.0,0.0,0.0
10:39:19.554,175500,8775,1.0,0.0,0.0,0.0
10:39:19.762,175600,8780,1.0,0.0,0.0,0.0
10:39:19.970,175700,8785,1.0,0.0,0.0,0.0
10:39:20.184,175800,8790,1.0,0.0,0.0,0.0
10:39:20.391,175900,8795,1.0,0.0,0.0,0.0
10:39:20.598,176000,8800,1.0,0.0,0.0,0.0
10:39:20.816,176100,8805,1.0,0.0,0.0,0.0
10:39:21.023,176200,8810,1.0,0.0,0.0,0.0
10:39:21.232,176300,8815,1.0,0.0,0.0,0.0
10:39:21.440,176400,8820,1.0,0.0,0.0,0.0
10:39:21.652,176500,8825,1.0,0.0,0.0,0.0
10:39:21.860,176600,8830,1.0,0.0,0.0,0.0
10:39:22.067,176700,8835,1.0,0.0,0.0,0.0
10:39:22.276,176800,8840,1.0,0.0,0.0,0.0
10:39:22.484,176900,8845,1.0,0.0,0.0,0.0
10:39:22.696,177000,8850,1.0,0.0,0.0,0.0
10:39:22.905,177100,8855,1.0,0.0,0.0,0.0
10:39:23.112,177200,8860,1.0,0.0,0.0,0.0
10:39:23.320,177300,8865,1.0,0.0,0.0,0.0
10:39:23.527,177400,8870,1.0,0.0,0.0,0.0
10:39:23.735,177500,8875,1.0,0.0,0.0,0.0
10:39:23.944,177600,8880,1.0,0.0,0.0,0.0
10:39:24.151,177700,8885,1.0,0.0,0.0,0.0
10:39:24.358,177800,8890,1.0,0.0,0.0,0.0
10:39:24.567,177900,8895,1.0,0.0,0.0,0.0
10:39:24.783,178000,8900,1.0,0.0,0.0,0.0
10:39:24.990,178100,8905,1.0,0.0,0.0,0.0
10:39:25.198,178200,8910,1.0,0.0,0.0,0.0
10:39:25.407,178300,8915,1.0,0.0,0.0,0.0
10:39:25.621,178400,8920,1.0,0.0,0.0,0.0
10:39:25.828,178500,8925,1.0,0.0,0.0,0.0
10:39:26.044,178600,8930,1.0,0.0,0.0,0.0
10:39:26.252,178700,8935,1.0,0.0,0.0,0.0
10:39:26.459,178800,8940,1.0,0.0,0.0,0.0
10:39:26.669,178900,8945,1.0,0.0,0.0,0.0
10:39:26.876,179000,8950,1.0,0.0,0.0,0.0
10:39:27.084,179100,8955,1.0,0.0,0.0,0.0
10:39:27.297,179200,8960,1.0,0.0,0.0,0.0
10:39:27.506,179300,8965,1.0,0.0,0.0,0.0
10:39:27.713,179400,8970,1.0,0.0,0.0,0.0
10:39:27.926,179500,8975,1.0,0.0,0.0,0.0
10:39:28.134,179600,8980,1.0,0.0,0.0,0.0
10:39:28.342,179700,8985,1.0,0.0,0.0,0.0
10:39:28.549,179800,8990,1.0,0.0,0.0,0.0
10:39:28.760,179900,8995,1.0,0.0,0.0,0.0
10:39:28.967,180000,9000,1.0,0.0,0.0,0.0
10:39:29.174,180100,9005,1.0,0.0,0.0,0.0
10:39:29.382,180200,9010,1.0,0.0,0.0,0.0
10:39:29.596,180300,9015,1.0,0.0,0.0,0.0
10:39:29.809,180400,9020,1.0,0.0,0.0,0.0
10:39:30.017,180500,9025,1.0,0.0,0.0,0.0
10:39:30.232,180600,9030,1.0,0.0,0.0,0.0
10:39:30.443,180700,9035,1.0,0.0,0.0,0.0
10:39:30.649,180800,9040,1.0,0.0,0.0,0.0
10:39:30.857,180900,9045,1.0,0.0,0.0,0.0
10:39:31.065,181000,9050,1.0,0.0,0.0,0.0
10:39:31.280,181100,9055,1.0,0.0,0.0,0.0
10:39:31.493,181200,9060,1.0,0.0,0.0,0.0
10:39:31.701,181300,9065,1.0,0.0,0.0,0.0
10:39:31.907,181400,9070,1.0,0.0,0.0,0.0
10:39:32.123,181500,9075,1.0,0.0,0.0,0.0
10:39:32.330,181600,9080,1.0,0.0,0.0,0.0
10:39:32.544,181700,9085,1.0,0.0,0.0,0.0
10:39:32.760,181800,9090,1.0,0.0,0.0,0.0
10:39:32.967,181900,9095,1.0,0.0,0.0,0.0
10:39:33.175,182000,9100,1.0,0.0,0.0,0.0
10:39:33.383,182100,9105,1.0,0.0,0.0,0.0
10:39:33.599,182200,9110,1.0,0.0,0.0,0.0
10:39:33.816,182300,9115,1.0,0.0,0.0,0.0
10:39:34.024,182400,9120,1.0,0.0,0.0,0.0
10:39:34.233,182500,9125,1.0,0.0,0.0,0.0
10:39:34.451,182600,9130,1.0,0.0,0.0,0.0
10:39:34.667,182700,9135,1.0,0.0,0.0,0.0
10:39:34.875,182800,9140,1.0,0.0,0.0,0.0
10:39:35.082,182900,9145,1.0,0.0,0.0,0.0
10:39:35.295,183000,9150,1.0,0.0,0.0,0.0
10:39:35.505,183100,9155,1.0,0.0,0.0,0.0
10:39:35.712,183200,9160,1.0,0.0,0.0,0.0
10:39:35.920,183300,9165,1.0,0.0,0.0,0.0
10:39:36.136,183400,9170,1.0,0.0,0.0,0.0
10:39:36.352,183500,9175,1.0,0.0,0.0,0.0
10:39:36.559,183600,9180,1.0,0.0,0.0,0.0
10:39:36.773,183700,9185,1.0,0.0,0.0,0.0
10:39:36.985,183800,9190,1.0,0.0,0.0,0.0
10:39:37.193,183900,9195,1.0,0.0,0.0,0.0
10:39:37.402,184000,9200,1.0,0.0,0.0,0.0
10:39:37.622,184100,9205,1.0,0.0,0.0,0.0
10:39:37.833,184200,9210,1.0,0.0,0.0,0.0
10:39:38.048,184300,9215,1.0,0.0,0.0,0.0
10:39:38.255,184400,9220,1.0,0.0,0.0,0.0
10:39:38.462,184500,9225,1.0,0.0,0.0,0.0
10:39:38.679,184600,9230,1.0,0.0,0.0,0.0
10:39:38.889,184700,9235,1.0,0.0,0.0,0.0
10:39:39.097,184800,9240,1.0,0.0,0.0,0.0
10:39:39.305,184900,9245,1.0,0.0,0.0,0.0
10:39:39.518,185000,9250,1.0,0.0,0.0,0.0
10:39:39.736,185100,9255,1.0,0.0,0.0,0.0
10:39:39.945,185200,9260,1.0,0.0,0.0,0.0
10:39:40.154,185300,9265,1.0,0.0,0.0,0.0
10:39:40.371,185400,9270,1.0,0.0,0.0,0.0
10:39:40.578,185500,9275,1.0,0.0,0.0,0.0
10:39:40.785,185600,9280,1.0,0.0,0.0,0.0
10:39:40.994,185700,9285,1.0,0.0,0.0,0.0
10:39:41.205,185800,9290,1.0,0.0,0.0,0.0
10:39:41.412,185900,9295,1.0,0.0,0.0,0.0
10:39:41.620,186000,9300,1.0,0.0,0.0,0.0
10:39:41.833,186100,9305,1.0,0.0,0.0,0.0
10:39:42.041,186200,9310,1.0,0.0,0.0,0.0
10:39:42.249,186300,9315,1.0,0.0,0.0,0.0
10:39:42.459,186400,9320,1.0,0.0,0.0,0.0
10:39:42.675,186500,9325,1.0,0.0,0.0,0.0
10:39:42.890,186600,9330,1.0,0.0,0.0,0.0
10:39:43.098,186700,9335,1.0,0.0,0.0,0.0
10:39:43.304,186800,9340,1.0,0.0,0.0,0.0
10:39:43.520,186900,9345,1.0,0.0,0.0,0.0
10:39:43.734,187000,9350,1.0,0.0,0.0,0.0
10:39:43.943,187100,9355,1.0,0.0,0.0,0.0
10:39:44.151,187200,9360,1.0,0.0,0.0,0.0
10:39:44.370,187300,9365,1.0,0.0,0.0,0.0
10:39:44.577,187400,9370,1.0,0.0,0.0,0.0
10:39:44.785,187500,9375,1.0,0.0,0.0,0.0
10:39:44.993,187600,9380,1.0,0.0,0.0,0.0
10:39:45.211,187700,9385,1.0,0.0,0.0,0.0
10:39:45.417,187800,9390,1.0,0.0,0.0,0.0
10:39:45.625,187900,9395,1.0,0.0,0.0,0.0
10:39:45.831,188000,9400,1.0,0.0,0.0,0.0
10:39:46.040,188100,9405,1.0,0.0,0.0,0.0
10:39:46.251,188200,9410,1.0,0.0,0.0,0.0
10:39:46.459,188300,9415,1.0,0.0,0.0,0.0
10:39:46.670,188400,9420,1.0,0.0,0.0,0.0
10:39:46.890,188500,9425,1.0,0.0,0.0,0.0
10:39:47.107,188600,9430,1.0,0.0,0.0,0.0
10:39:47.315,188700,9435,1.0,0.0,0.0,0.0
10:39:47.523,188800,9440,1.0,0.0,0.0,0.0
10:39:47.730,188900,9445,1.0,0.0,0.0,0.0
10:39:47.937,189000,9450,1.0,0.0,0.0,0.0
10:39:48.146,189100,9455,1.0,0.0,0.0,0.0
10:39:48.353,189200,9460,1.0,0.0,0.0,0.0
10:39:48.568,189300,9465,1.0,0.0,0.0,0.0
10:39:48.777,189400,9470,1.0,0.0,0.0,0.0
10:39:48.991,189500,9475,1.0,0.0,0.0,0.0
10:39:49.200,189600,9480,1.0,0.0,0.0,0.0
10:39:49.408,189700,9485,1.0,0.0,0.0,0.0
10:39:49.617,189800,9490,1.0,0.0,0.0,0.0
10:39:49.824,189900,9495,1.0,0.0,0.0,0.0
10:39:50.031,190000,9500,1.0,0.0,0.0,0.0
10:39:50.241,190100,9505,1.0,0.0,0.0,0.0
10:39:50.449,190200,9510,1.0,0.0,0.0,0.0
10:39:50.656,190300,9515,1.0,0.0,0.0,0.0
10:39:50.876,190400,9520,1.0,0.0,0.0,0.0
10:39:51.092,190500,9525,1.0,0.0,0.0,0.0
10:39:51.299,190600,9530,1.0,0.0,0.0,0.0
10:39:51.506,190700,9535,1.0,0.0,0.0,0.0
10:39:51.714,190800,9540,1.0,0.0,0.0,0.0
10:39:51.929,190900,9545,1.0,0.0,0.0,0.0
10:39:52.142,191000,9550,1.0,0.0,0.0,0.0
10:39:52.349,191100,9555,1.0,0.0,0.0,0.0
10:39:52.562,191200,9560,1.0,0.0,0.0,0.0
10:39:52.771,191300,9565,1.0,0.0,0.0,0.0
10:39:52.979,191400,9570,1.0,0.0,0.0,0.0
10:39:53.189,191500,9575,1.0,0.0,0.0,0.0
10:39:53.407,191600,9580,1.0,0.0,0.0,0.0
10:39:53.620,191700,9585,1.0,0.0,0.0,0.0
10:39:53.827,191800,9590,1.0,0.0,0.0,0.0
10:39:54.035,191900,9595,1.0,0.0,0.0,0.0
10:39:54.245,192000,9600,1.0,0.0,0.0,0.0
10:39:54.454,192100,9605,1.0,0.0,0.0,0.0
10:39:54.664,192200,9610,1.0,0.0,0.0,0.0
10:39:54.872,192300,9615,1.0,0.0,0.0,0.0
10:39:55.084,192400,9620,1.0,0.0,0.0,0.0
10:39:55.292,192500,9625,1.0,0.0,0.0,0.0
10:39:55.501,192600,9630,1.0,0.0,0.0,0.0
10:39:55.710,192700,9635,1.0,0.0,0.0,0.0
10:39:55.927,192800,9640,1.0,0.0,0.0,0.0
10:39:56.143,192900,9645,1.0,0.0,0.0,0.0
10:39:56.352,193000,9650,1.0,0.0,0.0,0.0
10:39:56.560,193100,9655,1.0,0.0,0.0,0.0
10:39:56.771,193200,9660,1.0,0.0,0.0,0.0
10:39:56.985,193300,9665,1.0,0.0,0.0,0.0
10:39:57.196,193400,9670,1.0,0.0,0.0,0.0
10:39:57.405,193500,9675,1.0,0.0,0.0,0.0
10:39:57.613,193600,9680,1.0,0.0,0.0,0.0
10:39:57.820,193700,9685,1.0,0.0,0.0,0.0
10:39:58.028,193800,9690,1.0,0.0,0.0,0.0
10:39:58.237,193900,9695,1.0,0.0,0.0,0.0
10:39:58.452,194000,9700,1.0,0.0,0.0,0.0
10:39:58.661,194100,9705,1.0,0.0,0.0,0.0
10:39:58.869,194200,9710,1.0,0.0,0.0,0.0
10:39:59.075,194300,9715,1.0,0.0,0.0,0.0
10:39:59.286,194400,9720,1.0,0.0,0.0,0.0
10:39:59.497,194500,9725,1.0,0.0,0.0,0.0
10:39:59.707,194600,9730,1.0,0.0,0.0,0.0
10:39:59.916,194700,9735,1.0,0.0,0.0,0.0
10:40:00.128,194800,9740,1.0,0.0,0.0,0.0
10:40:00.339,194900,9745,1.0,0.0,0.0,0.0
10:40:00.548,195000,9750,1.0,0.0,0.0,0.0
10:40:00.757,195100,9755,1.0,0.0,0.0,0.0
10:40:00.975,195200,9760,1.0,0.0,0.0,0.0
10:40:01.182,195300,9765,1.0,0.0,0.0,0.0
10:40:01.389,195400,9770,1.0,0.0,0.0,0.0
10:40:01.597,195500,9775,1.0,0.0,0.0,0.0
10:40:01.811,195600,9780,1.0,0.0,0.0,0.0
10:40:02.019,195700,9785,1.0,0.0,0.0,0.0
10:40:02.226,195800,9790,1.0,0.0,0.0,0.0
10:40:02.435,195900,9795,1.0,0.0,0.0,0.0
10:40:02.646,196000,9800,1.0,0.0,0.0,0.0
10:40:02.857,196100,9805,1.0,0.0,0.0,0.0
10:40:03.065,196200,9810,1.0,0.0,0.0,0.0
10:40:03.281,196300,9815,1.0,0.0,0.0,0.0
10:40:03.500,196400,9820,1.0,0.0,0.0,0.0
10:40:03.707,196500,9825,1.0,0.0,0.0,0.0
10:40:03.916,196600,9830,1.0,0.0,0.0,0.0
10:40:04.122,196700,9835,1.0,0.0,0.0,0.0
10:40:04.334,196800,9840,1.0,0.0,0.0,0.0
10:40:04.543,196900,9845,1.0,0.0,0.0,0.0
10:40:04.751,197000,9850,1.0,0.0,0.0,0.0
10:40:04.960,197100,9855,1.0,0.0,0.0,0.0
10:40:05.168,197200,9860,1.0,0.0,0.0,0.0
10:40:05.377,197300,9865,1.0,0.0,0.0,0.0
10:40:05.585,197400,9870,1.0,0.0,0.0,0.0
10:40:05.800,197500,9875,1.0,0.0,0.0,0.0
10:40:06.011,197600,9880,1.0,0.0,0.0,0.0
10:40:06.219,197700,9885,1.0,0.0,0.0,0.0
10:40:06.427,197800,9890,1.0,0.0,0.0,0.0
10:40:06.642,197900,9895,1.0,0.0,0.0,0.0
10:40:06.850,198000,9900,1.0,0.0,0.0,0.0
10:40:07.057,198100,9905,1.0,0.0,0.0,0.0
10:40:07.265,198200,9910,1.0,0.0,0.0,0.0
10:40:07.477,198300,9915,1.0,0.0,0.0,0.0
10:40:07.693,198400,9920,1.0,0.0,0.0,0.0
10:40:07.900,198500,9925,1.0,0.0,0.0,0.0
10:40:08.107,198600,9930,1.0,0.0,0.0,0.0
10:40:08.323,198700,9935,1.0,0.0,0.0,0.0
10:40:08.530,198800,9940,1.0,0.0,0.0,0.0
10:40:08.738,198900,9945,1.0,0.0,0.0,0.0
10:40:08.945,199000,9950,1.0,0.0,0.0,0.0
10:40:09.163,199100,9955,1.0,0.0,0.0,0.0
10:40:09.375,199200,9960,1.0,0.0,0.0,0.0
10:40:09.583,199300,9965,1.0,0.0,0.0,0.0
10:40:09.791,199400,9970,1.0,0.0,0.0,0.0
10:40:10.001,199500,9975,1.0,0.0,0.0,0.0
10:40:10.208,199600,9980,1.0,0.0,0.0,0.0
10:40:10.416,199700,9985,1.0,0.0,0.0,0.0
10:40:10.627,199800,9990,1.0,0.0,0.0,0.0
10:40:10.836,199900,9995,1.0,0.0,0.0,0.0
10:40:11.045,200000,10000,1.0,0.0,0.0,0.0
10:40:11.252,200100,10005,1.0,0.0,0.0,0.0
10:40:11.460,200200,10010,1.0,0.0,0.0,0.0
10:40:11.674,200300,10015,1.0,0.0,0.0,0.0
10:40:11.885,200400,10020,1.0,0.0,0.0,0.0
10:40:12.093,200500,10025,1.0,0.0,0.0,0.0
10:40:12.300,200600,10030,1.0,0.0,0.0,0.0
10:40:12.509,200700,10035,1.0,0.0,0.0,0.0
10:40:12.719,200800,10040,1.0,0.0,0.0,0.0
10:40:12.925,200900,10045,1.0,0.0,0.0,0.0
10:40:13.134,201000,10050,1.0,0.0,0.0,0.0
10:40:13.341,201100,10055,1.0,0.0,0.0,0.0
10:40:13.549,201200,10060,1.0,0.0,0.0,0.0
10:40:13.758,201300,10065,1.0,0.0,0.0,0.0
10:40:13.967,201400,10070,1.0,0.0,0.0,0.0
10:40:14.175,201500,10075,1.0,0.0,0.0,0.0
10:40:14.384,201600,10080,1.0,0.0,0.0,0.0
10:40:14.592,201700,10085,1.0,0.0,0.0,0.0
10:40:14.800,201800,10090,1.0,0.0,0.0,0.0
10:40:15.008,201900,10095,1.0,0.0,0.0,0.0
10:40:15.216,202000,10100,1.0,0.0,0.0,0.0
10:40:15.423,202100,10105,1.0,0.0,0.0,0.0
10:40:15.632,202200,10110,1.0,0.0,0.0,0.0
10:40:15.840,202300,10115,1.0,0.0,0.0,0.0
10:40:16.049,202400,10120,1.0,0.0,0.0,0.0
10:40:16.257,202500,10125,1.0,0.0,0.0,0.0
10:40:16.464,202600,10130,1.0,0.0,0.0,0.0
10:40:16.672,202700,10135,1.0,0.0,0.0,0.0
10:40:16.881,202800,10140,1.0,0.0,0.0,0.0
10:40:17.089,202900,10145,1.0,0.0,0.0,0.0
10:40:17.296,203000,10150,1.0,0.0,0.0,0.0
10:40:17.504,203100,10155,1.0,0.0,0.0,0.0
10:40:17.712,203200,10160,1.0,0.0,0.0,0.0
10:40:17.921,203300,10165,1.0,0.0,0.0,0.0
10:40:18.129,203400,10170,1.0,0.0,0.0,0.0
10:40:18.337,203500,10175,1.0,0.0,0.0,0.0
10:40:18.547,203600,10180,1.0,0.0,0.0,0.0
10:40:18.759,203700,10185,1.0,0.0,0.0,0.0
10:40:18.968,203800,10190,1.0,0.0,0.0,0.0
10:40:19.175,203900,10195,1.0,0.0,0.0,0.0
10:40:19.384,204000,10200,1.0,0.0,0.0,0.0
10:40:19.593,204100,10205,1.0,0.0,0.0,0.0
10:40:19.801,204200,10210,1.0,0.0,0.0,0.0
10:40:20.011,204300,10215,1.0,0.0,0.0,0.0
10:40:20.219,204400,10220,1.0,0.0,0.0,0.0
10:40:20.427,204500,10225,1.0,0.0,0.0,0.0
10:40:20.639,204600,10230,1.0,0.0,0.0,0.0
10:40:20.847,204700,10235,1.0,0.0,0.0,0.0
10:40:21.054,204800,10240,1.0,0.0,0.0,0.0
10:40:21.261,204900,10245,1.0,0.0,0.0,0.0
10:40:21.468,205000,10250,1.0,0.0,0.0,0.0
10:40:21.675,205100,10255,1.0,0.0,0.0,0.0
10:40:21.884,205200,10260,1.0,0.0,0.0,0.0
10:40:22.094,205300,10265,1.0,0.0,0.0,0.0
10:40:22.303,205400,10270,1.0,0.0,0.0,0.0
10:40:22.510,205500,10275,1.0,0.0,0.0,0.0
10:40:22.720,205600,10280,1.0,0.0,0.0,0.0
10:40:22.928,205700,10285,1.0,0.0,0.0,0.0
10:40:23.135,205800,10290,1.0,0.0,0.0,0.0
10:40:23.344,205900,10295,1.0,0.0,0.0,0.0
10:40:23.552,206000,10300,1.0,0.0,0.0,0.0
10:40:23.760,206100,10305,1.0,0.0,0.0,0.0
10:40:23.979,206200,10310,1.0,0.0,0.0,0.0
10:40:24.188,206300,10315,1.0,0.0,0.0,0.0
10:40:24.396,206400,10320,1.0,0.0,0.0,0.0
10:40:24.605,206500,10325,1.0,0.0,0.0,0.0
10:40:24.825,206600,10330,1.0,0.0,0.0,0.0
10:40:25.036,206700,10335,1.0,0.0,0.0,0.0
10:40:25.247,206800,10340,1.0,0.0,0.0,0.0
10:40:25.454,206900,10345,1.0,0.0,0.0,0.0
10:40:25.665,207000,10350,1.0,0.0,0.0,0.0
10:40:25.872,207100,10355,1.0,0.0,0.0,0.0
10:40:26.080,207200,10360,1.0,0.0,0.0,0.0
10:40:26.289,207300,10365,1.0,0.0,0.0,0.0
10:40:26.500,207400,10370,1.0,0.0,0.0,0.0
10:40:26.707,207500,10375,1.0,0.0,0.0,0.0
10:40:26.913,207600,10380,1.0,0.0,0.0,0.0
10:40:27.121,207700,10385,1.0,0.0,0.0,0.0
10:40:27.328,207800,10390,1.0,0.0,0.0,0.0
10:40:27.546,207900,10395,1.0,0.0,0.0,0.0
10:40:27.753,208000,10400,1.0,0.0,0.0,0.0
10:40:27.971,208100,10405,1.0,0.0,0.0,0.0
10:40:28.180,208200,10410,1.0,0.0,0.0,0.0
10:40:28.388,208300,10415,1.0,0.0,0.0,0.0
10:40:28.596,208400,10420,1.0,0.0,0.0,0.0
10:40:28.811,208500,10425,1.0,0.0,0.0,0.0
10:40:29.018,208600,10430,1.0,0.0,0.0,0.0
10:40:29.230,208700,10435,1.0,0.0,0.0,0.0
10:40:29.438,208800,10440,1.0,0.0,0.0,0.0
10:40:29.654,208900,10445,1.0,0.0,0.0,0.0
10:40:29.863,209000,10450,1.0,0.0,0.0,0.0
10:40:30.070,209100,10455,1.0,0.0,0.0,0.0
10:40:30.277,209200,10460,1.0,0.0,0.0,0.0
10:40:30.487,209300,10465,1.0,0.0,0.0,0.0
10:40:30.694,209400,10470,1.0,0.0,0.0,0.0
10:40:30.902,209500,10475,1.0,0.0,0.0,0.0
10:40:31.114,209600,10480,1.0,0.0,0.0,0.0
10:40:31.321,209700,10485,1.0,0.0,0.0,0.0
10:40:31.539,209800,10490,1.0,0.0,0.0,0.0
10:40:31.746,209900,10495,1.0,0.0,0.0,0.0
10:40:31.956,210000,10500,1.0,0.0,0.0,0.0
10:40:32.166,210100,10505,1.0,0.0,0.0,0.0
10:40:32.375,210200,10510,1.0,0.0,0.0,0.0
10:40:32.583,210300,10515,1.0,0.0,0.0,0.0
10:40:32.796,210400,10520,1.0,0.0,0.0,0.0
10:40:33.010,210500,10525,1.0,0.0,0.0,0.0
10:40:33.218,210600,10530,1.0,0.0,0.0,0.0
10:40:33.425,210700,10535,1.0,0.0,0.0,0.0
10:40:33.639,210800,10540,1.0,0.0,0.0,0.0
10:40:33.850,210900,10545,1.0,0.0,0.0,0.0
10:40:34.058,211000,10550,1.0,0.0,0.0,0.0
10:40:34.265,211100,10555,1.0,0.0,0.0,0.0
10:40:34.472,211200,10560,1.0,0.0,0.0,0.0
10:40:34.682,211300,10565,1.0,0.0,0.0,0.0
10:40:34.889,211400,10570,1.0,0.0,0.0,0.0
10:40:35.097,211500,10575,1.0,0.0,0.0,0.0
10:40:35.306,211600,10580,1.0,0.0,0.0,0.0
10:40:35.515,211700,10585,1.0,0.0,0.0,0.0
10:40:35.731,211800,10590,1.0,0.0,0.0,0.0
10:40:35.940,211900,10595,1.0,0.0,0.0,0.0
10:40:36.148,212000,10600,1.0,0.0,0.0,0.0
10:40:36.355,212100,10605,1.0,0.0,0.0,0.0
10:40:36.564,212200,10610,1.0,0.0,0.0,0.0
10:40:36.773,212300,10615,1.0,0.0,0.0,0.0
10:40:36.984,212400,10620,1.0,0.0,0.0,0.0
10:40:37.193,212500,10625,1.0,0.0,0.0,0.0
10:40:37.409,212600,10630,1.0,0.0,0.0,0.0
10:40:37.616,212700,10635,1.0,0.0,0.0,0.0
10:40:37.825,212800,10640,1.0,0.0,0.0,0.0
10:40:38.032,212900,10645,1.0,0.0,0.0,0.0
10:40:38.240,213000,10650,1.0,0.0,0.0,0.0
10:40:38.448,213100,10655,1.0,0.0,0.0,0.0
10:40:38.655,213200,10660,1.0,0.0,0.0,0.0
10:40:38.865,213300,10665,1.0,0.0,0.0,0.0
10:40:39.073,213400,10670,1.0,0.0,0.0,0.0
10:40:39.282,213500,10675,1.0,0.0,0.0,0.0
10:40:39.490,213600,10680,1.0,0.0,0.0,0.0
10:40:39.699,213700,10685,1.0,0.0,0.0,0.0
10:40:39.907,213800,10690,1.0,0.0,0.0,0.0
10:40:40.114,213900,10695,1.0,0.0,0.0,0.0
10:40:40.322,214000,10700,1.0,0.0,0.0,0.0
10:40:40.531,214100,10705,1.0,0.0,0.0,0.0
10:40:40.738,214200,10710,1.0,0.0,0.0,0.0
10:40:40.945,214300,10715,1.0,0.0,0.0,0.0
10:40:41.153,214400,10720,1.0,0.0,0.0,0.0
10:40:41.360,214500,10725,1.0,0.0,0.0,0.0
10:40:41.568,214600,10730,1.0,0.0,0.0,0.0
10:40:41.774,214700,10735,1.0,0.0,0.0,0.0
10:40:41.981,214800,10740,1.0,0.0,0.0,0.0
10:40:42.189,214900,10745,1.0,0.0,0.0,0.0
10:40:42.396,215000,10750,1.0,0.0,0.0,0.0
10:40:42.608,215100,10755,1.0,0.0,0.0,0.0
10:40:42.816,215200,10760,1.0,0.0,0.0,0.0
10:40:43.027,215300,10765,1.0,0.0,0.0,0.0
10:40:43.235,215400,10770,1.0,0.0,0.0,0.0
10:40:43.442,215500,10775,1.0,0.0,0.0,0.0
10:40:43.653,215600,10780,1.0,0.0,0.0,0.0
10:40:43.861,215700,10785,1.0,0.0,0.0,0.0
10:40:44.070,215800,10790,1.0,0.0,0.0,0.0
10:40:44.277,215900,10795,1.0,0.0,0.0,0.0
10:40:44.486,216000,10800,1.0,0.0,0.0,0.0
10:40:44.694,216100,10805,1.0,0.0,0.0,0.0
10:40:44.904,216200,10810,1.0,0.0,0.0,0.0
10:40:45.112,216300,10815,1.0,0.0,0.0,0.0
10:40:45.319,216400,10820,1.0,0.0,0.0,0.0
10:40:45.527,216500,10825,1.0,0.0,0.0,0.0
10:40:45.735,216600,10830,1.0,0.0,0.0,0.0
10:40:45.945,216700,10835,1.0,0.0,0.0,0.0
10:40:46.152,216800,10840,1.0,0.0,0.0,0.0
10:40:46.360,216900,10845,1.0,0.0,0.0,0.0
10:40:46.569,217000,10850,1.0,0.0,0.0,0.0
10:40:46.778,217100,10855,1.0,0.0,0.0,0.0
10:40:46.986,217200,10860,1.0,0.0,0.0,0.0
10:40:47.196,217300,10865,1.0,0.0,0.0,0.0
10:40:47.405,217400,10870,1.0,0.0,0.0,0.0
10:40:47.613,217500,10875,1.0,0.0,0.0,0.0
10:40:47.821,217600,10880,1.0,0.0,0.0,0.0
10:40:48.029,217700,10885,1.0,0.0,0.0,0.0
10:40:48.236,217800,10890,1.0,0.0,0.0,0.0
10:40:48.446,217900,10895,1.0,0.0,0.0,0.0
10:40:48.653,218000,10900,1.0,0.0,0.0,0.0
10:40:48.864,218100,10905,1.0,0.0,0.0,0.0
10:40:49.081,218200,10910,1.0,0.0,0.0,0.0
10:40:49.289,218300,10915,1.0,0.0,0.0,0.0
10:40:49.499,218400,10920,1.0,0.0,0.0,0.0
10:40:49.710,218500,10925,1.0,0.0,0.0,0.0
10:40:49.918,218600,10930,1.0,0.0,0.0,0.0
10:40:50.126,218700,10935,1.0,0.0,0.0,0.0
10:40:50.336,218800,10940,1.0,0.0,0.0,0.0
10:40:50.545,218900,10945,1.0,0.0,0.0,0.0
10:40:50.756,219000,10950,1.0,0.0,0.0,0.0
10:40:50.963,219100,10955,1.0,0.0,0.0,0.0
10:40:51.172,219200,10960,1.0,0.0,0.0,0.0
10:40:51.381,219300,10965,1.0,0.0,0.0,0.0
10:40:51.589,219400,10970,1.0,0.0,0.0,0.0
10:40:51.796,219500,10975,1.0,0.0,0.0,0.0
10:40:52.007,219600,10980,1.0,0.0,0.0,0.0
10:40:52.221,219700,10985,1.0,0.0,0.0,0.0
10:40:52.428,219800,10990,1.0,0.0,0.0,0.0
10:40:52.635,219900,10995,1.0,0.0,0.0,0.0
10:40:52.843,220000,11000,1.0,0.0,0.0,0.0
10:40:53.054,220100,11005,1.0,0.0,0.0,0.0
10:40:53.262,220200,11010,1.0,0.0,0.0,0.0
10:40:53.471,220300,11015,1.0,0.0,0.0,0.0
10:40:53.680,220400,11020,1.0,0.0,0.0,0.0
10:40:53.889,220500,11025,1.0,0.0,0.0,0.0
10:40:54.097,220600,11030,1.0,0.0,0.0,0.0
10:40:54.303,220700,11035,1.0,0.0,0.0,0.0
10:40:54.511,220800,11040,1.0,0.0,0.0,0.0
10:40:54.724,220900,11045,1.0,0.0,0.0,0.0
10:40:54.930,221000,11050,1.0,0.0,0.0,0.0
10:40:55.138,221100,11055,1.0,0.0,0.0,0.0
10:40:55.347,221200,11060,1.0,0.0,0.0,0.0
10:40:55.556,221300,11065,1.0,0.0,0.0,0.0
10:40:55.767,221400,11070,1.0,0.0,0.0,0.0
10:40:55.985,221500,11075,1.0,0.0,0.0,0.0
10:40:56.194,221600,11080,1.0,0.0,0.0,0.0
10:40:56.404,221700,11085,1.0,0.0,0.0,0.0
10:40:56.663,221800,11090,1.0,0.0,0.0,0.0
10:40:56.871,221900,11095,1.0,0.0,0.0,0.0
10:40:57.079,222000,11100,1.0,0.0,0.0,0.0
10:40:57.295,222100,11105,1.0,0.0,0.0,0.0
10:40:57.504,222200,11110,1.0,0.0,0.0,0.0
10:40:57.711,222300,11115,1.0,0.0,0.0,0.0
10:40:57.919,222400,11120,1.0,0.0,0.0,0.0
10:40:58.198,222500,11125,1.0,0.0,0.0,0.0
10:40:58.408,222600,11130,1.0,0.0,0.0,0.0
10:40:58.618,222700,11135,1.0,0.0,0.0,0.0
10:40:58.826,222800,11140,1.0,0.0,0.0,0.0
10:40:59.034,222900,11145,1.0,0.0,0.0,0.0
10:40:59.242,223000,11150,1.0,0.0,0.0,0.0
10:40:59.451,223100,11155,1.0,0.0,0.0,0.0
10:40:59.658,223200,11160,1.0,0.0,0.0,0.0
10:40:59.866,223300,11165,1.0,0.0,0.0,0.0
10:41:00.074,223400,11170,1.0,0.0,0.0,0.0
10:41:00.282,223500,11175,1.0,0.0,0.0,0.0
10:41:00.491,223600,11180,1.0,0.0,0.0,0.0
10:41:00.700,223700,11185,1.0,0.0,0.0,0.0
10:41:00.908,223800,11190,1.0,0.0,0.0,0.0
10:41:01.116,223900,11195,1.0,0.0,0.0,0.0
10:41:01.326,224000,11200,1.0,0.0,0.0,0.0
10:41:01.536,224100,11205,1.0,0.0,0.0,0.0
10:41:01.747,224200,11210,1.0,0.0,0.0,0.0
10:41:01.955,224300,11215,1.0,0.0,0.0,0.0
10:41:02.163,224400,11220,1.0,0.0,0.0,0.0
10:41:02.373,224500,11225,1.0,0.0,0.0,0.0
10:41:02.591,224600,11230,1.0,0.0,0.0,0.0
10:41:02.799,224700,11235,1.0,0.0,0.0,0.0
10:41:03.007,224800,11240,1.0,0.0,0.0,0.0
10:41:03.216,224900,11245,1.0,0.0,0.0,0.0
10:41:03.433,225000,11250,1.0,0.0,0.0,0.0
10:41:03.643,225100,11255,1.0,0.0,0.0,0.0
10:41:03.851,225200,11260,1.0,0.0,0.0,0.0
10:41:04.062,225300,11265,1.0,0.0,0.0,0.0
10:41:04.272,225400,11270,1.0,0.0,0.0,0.0
10:41:04.479,225500,11275,1.0,0.0,0.0,0.0
10:41:04.688,225600,11280,1.0,0.0,0.0,0.0
10:41:04.913,225700,11285,1.0,0.0,0.0,0.0
10:41:05.119,225800,11290,1.0,0.0,0.0,0.0
10:41:05.332,225900,11295,1.0,0.0,0.0,0.0
10:41:05.539,226000,11300,1.0,0.0,0.0,0.0
10:41:05.749,226100,11305,1.0,0.0,0.0,0.0
10:41:05.957,226200,11310,1.0,0.0,0.0,0.0
10:41:06.165,226300,11315,1.0,0.0,0.0,0.0
10:41:06.372,226400,11320,1.0,0.0,0.0,0.0
10:41:06.588,226500,11325,1.0,0.0,0.0,0.0
10:41:06.796,226600,11330,1.0,0.0,0.0,0.0
10:41:07.004,226700,11335,1.0,0.0,0.0,0.0
10:41:07.212,226800,11340,1.0,0.0,0.0,0.0
10:41:07.424,226900,11345,1.0,0.0,0.0,0.0
10:41:07.631,227000,11350,1.0,0.0,0.0,0.0
10:41:07.839,227100,11355,1.0,0.0,0.0,0.0
10:41:08.050,227200,11360,1.0,0.0,0.0,0.0
10:41:08.259,227300,11365,1.0,0.0,0.0,0.0
10:41:08.466,227400,11370,1.0,0.0,0.0,0.0
10:41:08.674,227500,11375,1.0,0.0,0.0,0.0
10:41:08.881,227600,11380,1.0,0.0,0.0,0.0
10:41:09.088,227700,11385,1.0,0.0,0.0,0.0
10:41:09.304,227800,11390,1.0,0.0,0.0,0.0
10:41:09.513,227900,11395,1.0,0.0,0.0,0.0
10:41:09.721,228000,11400,1.0,0.0,0.0,0.0
10:41:09.931,228100,11405,1.0,0.0,0.0,0.0
10:41:10.142,228200,11410,1.0,0.0,0.0,0.0
10:41:10.351,228300,11415,1.0,0.0,0.0,0.0
10:41:10.559,228400,11420,1.0,0.0,0.0,0.0
10:41:10.771,228500,11425,1.0,0.0,0.0,0.0
10:41:10.978,228600,11430,1.0,0.0,0.0,0.0
10:41:11.186,228700,11435,1.0,0.0,0.0,0.0
10:41:11.394,228800,11440,1.0,0.0,0.0,0.0
10:41:11.612,228900,11445,1.0,0.0,0.0,0.0
10:41:11.820,229000,11450,1.0,0.0,0.0,0.0
10:41:12.029,229100,11455,1.0,0.0,0.0,0.0
10:41:12.238,229200,11460,1.0,0.0,0.0,0.0
10:41:12.445,229300,11465,1.0,0.0,0.0,0.0
10:41:12.653,229400,11470,1.0,0.0,0.0,0.0
10:41:12.862,229500,11475,1.0,0.0,0.0,0.0
10:41:13.071,229600,11480,1.0,0.0,0.0,0.0
10:41:13.284,229700,11485,1.0,0.0,0.0,0.0
10:41:13.602,229800,11490,1.0,0.0,0.0,0.0
10:41:13.810,229900,11495,1.0,0.0,0.0,0.0
10:41:14.031,230000,11500,1.0,0.0,0.0,0.0
10:41:14.247,230100,11505,1.0,0.0,0.0,0.0
10:41:14.457,230200,11510,1.0,0.0,0.0,0.0
10:41:14.936,230300,11515,1.0,0.0,0.0,0.0
10:41:15.143,230400,11520,1.0,0.0,0.0,0.0
10:41:15.351,230500,11525,1.0,0.0,0.0,0.0
10:41:15.558,230600,11530,1.0,0.0,0.0,0.0
10:41:15.773,230700,11535,1.0,0.0,0.0,0.0
10:41:15.983,230800,11540,1.0,0.0,0.0,0.0
10:41:16.195,230900,11545,1.0,0.0,0.0,0.0
10:41:16.403,231000,11550,1.0,0.0,0.0,0.0
10:41:16.618,231100,11555,1.0,0.0,0.0,0.0
10:41:16.828,231200,11560,1.0,0.0,0.0,0.0
10:41:17.036,231300,11565,1.0,0.0,0.0,0.0
10:41:17.245,231400,11570,1.0,0.0,0.0,0.0
10:41:17.453,231500,11575,1.0,0.0,0.0,0.0
10:41:17.661,231600,11580,1.0,0.0,0.0,0.0
10:41:17.869,231700,11585,1.0,0.0,0.0,0.0
10:41:18.080,231800,11590,1.0,0.0,0.0,0.0
10:41:18.290,231900,11595,1.0,0.0,0.0,0.0
10:41:18.497,232000,11600,1.0,0.0,0.0,0.0
10:41:18.711,232100,11605,1.0,0.0,0.0,0.0
10:41:18.920,232200,11610,1.0,0.0,0.0,0.0
10:41:19.132,232300,11615,1.0,0.0,0.0,0.0
10:41:19.340,232400,11620,1.0,0.0,0.0,0.0
10:41:19.551,232500,11625,1.0,0.0,0.0,0.0
10:41:19.767,232600,11630,1.0,0.0,0.0,0.0
10:41:19.983,232700,11635,1.0,0.0,0.0,0.0
10:41:20.193,232800,11640,1.0,0.0,0.0,0.0
10:41:20.401,232900,11645,1.0,0.0,0.0,0.0
10:41:20.608,233000,11650,1.0,0.0,0.0,0.0
10:41:20.823,233100,11655,1.0,0.0,0.0,0.0
10:41:21.031,233200,11660,1.0,0.0,0.0,0.0
10:41:21.239,233300,11665,1.0,0.0,0.0,0.0
10:41:21.448,233400,11670,1.0,0.0,0.0,0.0
10:41:21.657,233500,11675,1.0,0.0,0.0,0.0
10:41:21.865,233600,11680,1.0,0.0,0.0,0.0
10:41:22.072,233700,11685,1.0,0.0,0.0,0.0
10:41:22.282,233800,11690,1.0,0.0,0.0,0.0
10:41:22.490,233900,11695,1.0,0.0,0.0,0.0
10:41:22.706,234000,11700,1.0,0.0,0.0,0.0
10:41:22.914,234100,11705,1.0,0.0,0.0,0.0
10:41:23.122,234200,11710,1.0,0.0,0.0,0.0
10:41:23.332,234300,11715,1.0,0.0,0.0,0.0
10:41:23.539,234400,11720,1.0,0.0,0.0,0.0
10:41:23.747,234500,11725,1.0,0.0,0.0,0.0
10:41:23.955,234600,11730,1.0,0.0,0.0,0.0
10:41:24.162,234700,11735,1.0,0.0,0.0,0.0
10:41:24.373,234800,11740,1.0,0.0,0.0,0.0
10:41:24.581,234900,11745,1.0,0.0,0.0,0.0
10:41:24.790,235000,11750,1.0,0.0,0.0,0.0
10:41:25.000,235100,11755,1.0,0.0,0.0,0.0
10:41:25.210,235200,11760,1.0,0.0,0.0,0.0
10:41:25.418,235300,11765,1.0,0.0,0.0,0.0
10:41:25.626,235400,11770,1.0,0.0,0.0,0.0
10:41:25.833,235500,11775,1.0,0.0,0.0,0.0
10:41:26.043,235600,11780,1.0,0.0,0.0,0.0
10:41:26.249,235700,11785,1.0,0.0,0.0,0.0
10:41:26.467,235800,11790,1.0,0.0,0.0,0.0
10:41:26.675,235900,11795,1.0,0.0,0.0,0.0
10:41:26.882,236000,11800,1.0,0.0,0.0,0.0
10:41:27.091,236100,11805,1.0,0.0,0.0,0.0
10:41:27.306,236200,11810,1.0,0.0,0.0,0.0
10:41:27.514,236300,11815,1.0,0.0,0.0,0.0
10:41:27.721,236400,11820,1.0,0.0,0.0,0.0
10:41:27.932,236500,11825,1.0,0.0,0.0,0.0
10:41:28.139,236600,11830,1.0,0.0,0.0,0.0
10:41:28.348,236700,11835,1.0,0.0,0.0,0.0
10:41:28.556,236800,11840,1.0,0.0,0.0,0.0
10:41:28.767,236900,11845,1.0,0.0,0.0,0.0
10:41:28.975,237000,11850,1.0,0.0,0.0,0.0
10:41:29.187,237100,11855,1.0,0.0,0.0,0.0
10:41:29.395,237200,11860,1.0,0.0,0.0,0.0
10:41:29.606,237300,11865,1.0,0.0,0.0,0.0
10:41:29.823,237400,11870,1.0,0.0,0.0,0.0
10:41:30.031,237500,11875,1.0,0.0,0.0,0.0
10:41:30.238,237600,11880,1.0,0.0,0.0,0.0
10:41:30.451,237700,11885,1.0,0.0,0.0,0.0
10:41:30.666,237800,11890,1.0,0.0,0.0,0.0
10:41:30.874,237900,11895,1.0,0.0,0.0,0.0
10:41:31.081,238000,11900,1.0,0.0,0.0,0.0
10:41:31.288,238100,11905,1.0,0.0,0.0,0.0
10:41:31.496,238200,11910,1.0,0.0,0.0,0.0
10:41:31.704,238300,11915,1.0,0.0,0.0,0.0
10:41:31.912,238400,11920,1.0,0.0,0.0,0.0
10:41:32.120,238500,11925,1.0,0.0,0.0,0.0
10:41:32.328,238600,11930,1.0,0.0,0.0,0.0
10:41:32.539,238700,11935,1.0,0.0,0.0,0.0
10:41:32.746,238800,11940,1.0,0.0,0.0,0.0
10:41:32.958,238900,11945,1.0,0.0,0.0,0.0
10:41:33.167,239000,11950,1.0,0.0,0.0,0.0
10:41:33.377,239100,11955,1.0,0.0,0.0,0.0
10:41:33.585,239200,11960,1.0,0.0,0.0,0.0
10:41:33.792,239300,11965,1.0,0.0,0.0,0.0
10:41:34.000,239400,11970,1.0,0.0,0.0,0.0
10:41:34.208,239500,11975,1.0,0.0,0.0,0.0
10:41:34.415,239600,11980,1.0,0.0,0.0,0.0
10:41:34.633,239700,11985,1.0,0.0,0.0,0.0
10:41:34.842,239800,11990,1.0,0.0,0.0,0.0
10:41:35.049,239900,11995,1.0,0.0,0.0,0.0
10:41:35.256,240000,12000,1.0,0.0,0.0,0.0
10:41:35.469,240100,12005,1.0,0.0,0.0,0.0
10:41:35.677,240200,12010,1.0,0.0,0.0,0.0
10:41:35.885,240300,12015,1.0,0.0,0.0,0.0
10:41:36.093,240400,12020,1.0,0.0,0.0,0.0
10:41:36.300,240500,12025,1.0,0.0,0.0,0.0
10:41:36.509,240600,12030,1.0,0.0,0.0,0.0
10:41:36.717,240700,12035,1.0,0.0,0.0,0.0
10:41:36.926,240800,12040,1.0,0.0,0.0,0.0
10:41:37.138,240900,12045,1.0,0.0,0.0,0.0
10:41:37.353,241000,12050,1.0,0.0,0.0,0.0
10:41:37.561,241100,12055,1.0,0.0,0.0,0.0
10:41:37.769,241200,12060,1.0,0.0,0.0,0.0
10:41:37.981,241300,12065,1.0,0.0,0.0,0.0
10:41:38.189,241400,12070,1.0,0.0,0.0,0.0
10:41:38.397,241500,12075,1.0,0.0,0.0,0.0
10:41:38.607,241600,12080,1.0,0.0,0.0,0.0
10:41:38.824,241700,12085,1.0,0.0,0.0,0.0
10:41:39.032,241800,12090,1.0,0.0,0.0,0.0
10:41:39.239,241900,12095,1.0,0.0,0.0,0.0
10:41:39.447,242000,12100,1.0,0.0,0.0,0.0
10:41:39.657,242100,12105,1.0,0.0,0.0,0.0
10:41:39.865,242200,12110,1.0,0.0,0.0,0.0
10:41:40.076,242300,12115,1.0,0.0,0.0,0.0
10:41:40.283,242400,12120,1.0,0.0,0.0,0.0
10:41:40.491,242500,12125,1.0,0.0,0.0,0.0
10:41:40.699,242600,12130,1.0,0.0,0.0,0.0
10:41:40.907,242700,12135,1.0,0.0,0.0,0.0
10:41:41.116,242800,12140,1.0,0.0,0.0,0.0
10:41:41.324,242900,12145,1.0,0.0,0.0,0.0
10:41:41.535,243000,12150,1.0,0.0,0.0,0.0
10:41:41.744,243100,12155,1.0,0.0,0.0,0.0
10:41:41.955,243200,12160,1.0,0.0,0.0,0.0
10:41:42.164,243300,12165,1.0,0.0,0.0,0.0
10:41:42.372,243400,12170,1.0,0.0,0.0,0.0
10:41:42.582,243500,12175,1.0,0.0,0.0,0.0
10:41:42.799,243600,12180,1.0,0.0,0.0,0.0
10:41:43.010,243700,12185,1.0,0.0,0.0,0.0
10:41:43.217,243800,12190,1.0,0.0,0.0,0.0
10:41:43.424,243900,12195,1.0,0.0,0.0,0.0
10:41:43.633,244000,12200,1.0,0.0,0.0,0.0
10:41:43.842,244100,12205,1.0,0.0,0.0,0.0
10:41:44.051,244200,12210,1.0,0.0,0.0,0.0
10:41:44.260,244300,12215,1.0,0.0,0.0,0.0
10:41:44.469,244400,12220,1.0,0.0,0.0,0.0
10:41:44.683,244500,12225,1.0,0.0,0.0,0.0
10:41:44.892,244600,12230,1.0,0.0,0.0,0.0
10:41:45.099,244700,12235,1.0,0.0,0.0,0.0
10:41:45.307,244800,12240,1.0,0.0,0.0,0.0
10:41:45.516,244900,12245,1.0,0.0,0.0,0.0
10:41:45.724,245000,12250,1.0,0.0,0.0,0.0
10:41:45.932,245100,12255,1.0,0.0,0.0,0.0
10:41:46.144,245200,12260,1.0,0.0,0.0,0.0
10:41:46.353,245300,12265,1.0,0.0,0.0,0.0
10:41:46.561,245400,12270,1.0,0.0,0.0,0.0
10:41:46.769,245500,12275,1.0,0.0,0.0,0.0
10:41:46.975,245600,12280,1.0,0.0,0.0,0.0
10:41:47.184,245700,12285,1.0,0.0,0.0,0.0
10:41:47.391,245800,12290,1.0,0.0,0.0,0.0
10:41:47.598,245900,12295,1.0,0.0,0.0,0.0
10:41:47.817,246000,12300,1.0,0.0,0.0,0.0
10:41:48.027,246100,12305,1.0,0.0,0.0,0.0
10:41:48.235,246200,12310,1.0,0.0,0.0,0.0
10:41:48.446,246300,12315,1.0,0.0,0.0,0.0
10:41:48.658,246400,12320,1.0,0.0,0.0,0.0
10:41:48.865,246500,12325,1.0,0.0,0.0,0.0
10:41:49.072,246600,12330,1.0,0.0,0.0,0.0
10:41:49.280,246700,12335,1.0,0.0,0.0,0.0
10:41:49.496,246800,12340,1.0,0.0,0.0,0.0
10:41:49.704,246900,12345,1.0,0.0,0.0,0.0
10:41:49.912,247000,12350,1.0,0.0,0.0,0.0
10:41:50.123,247100,12355,1.0,0.0,0.0,0.0
10:41:50.336,247200,12360,1.0,0.0,0.0,0.0
10:41:50.543,247300,12365,1.0,0.0,0.0,0.0
10:41:50.751,247400,12370,1.0,0.0,0.0,0.0
10:41:50.960,247500,12375,1.0,0.0,0.0,0.0
10:41:51.171,247600,12380,1.0,0.0,0.0,0.0
10:41:51.381,247700,12385,1.0,0.0,0.0,0.0
10:41:51.592,247800,12390,1.0,0.0,0.0,0.0
10:41:51.801,247900,12395,1.0,0.0,0.0,0.0
10:41:52.009,248000,12400,1.0,0.0,0.0,0.0
10:41:52.216,248100,12405,1.0,0.0,0.0,0.0
10:41:52.425,248200,12410,1.0,0.0,0.0,0.0
10:41:52.634,248300,12415,1.0,0.0,0.0,0.0
10:41:52.842,248400,12420,1.0,0.0,0.0,0.0
10:41:53.049,248500,12425,1.0,0.0,0.0,0.0
10:41:53.259,248600,12430,1.0,0.0,0.0,0.0
10:41:53.472,248700,12435,1.0,0.0,0.0,0.0
10:41:53.681,248800,12440,1.0,0.0,0.0,0.0
10:41:53.893,248900,12445,1.0,0.0,0.0,0.0
10:41:54.102,249000,12450,1.0,0.0,0.0,0.0
10:41:54.316,249100,12455,1.0,0.0,0.0,0.0
10:41:54.525,249200,12460,1.0,0.0,0.0,0.0
10:41:54.732,249300,12465,1.0,0.0,0.0,0.0
10:41:54.941,249400,12470,1.0,0.0,0.0,0.0
10:41:55.148,249500,12475,1.0,0.0,0.0,0.0
10:41:55.356,249600,12480,1.0,0.0,0.0,0.0
10:41:55.564,249700,12485,1.0,0.0,0.0,0.0
10:41:55.772,249800,12490,1.0,0.0,0.0,0.0
10:41:55.983,249900,12495,1.0,0.0,0.0,0.0
10:41:56.191,250000,12500,1.0,0.0,0.0,0.0
10:41:56.400,250100,12505,1.0,0.0,0.0,0.0
10:41:56.607,250200,12510,1.0,0.0,0.0,0.0
10:41:56.815,250300,12515,1.0,0.0,0.0,0.0
10:41:57.023,250400,12520,1.0,0.0,0.0,0.0
10:41:57.232,250500,12525,1.0,0.0,0.0,0.0
10:41:57.450,250600,12530,1.0,0.0,0.0,0.0
10:41:57.659,250700,12535,1.0,0.0,0.0,0.0
10:41:57.865,250800,12540,1.0,0.0,0.0,0.0
10:41:58.073,250900,12545,1.0,0.0,0.0,0.0
10:41:58.280,251000,12550,1.0,0.0,0.0,0.0
10:41:58.487,251100,12555,1.0,0.0,0.0,0.0
10:41:58.695,251200,12560,1.0,0.0,0.0,0.0
10:41:58.903,251300,12565,1.0,0.0,0.0,0.0
10:41:59.110,251400,12570,1.0,0.0,0.0,0.0
10:41:59.317,251500,12575,1.0,0.0,0.0,0.0
10:41:59.526,251600,12580,1.0,0.0,0.0,0.0
10:41:59.735,251700,12585,1.0,0.0,0.0,0.0
10:41:59.944,251800,12590,1.0,0.0,0.0,0.0
10:42:00.152,251900,12595,1.0,0.0,0.0,0.0
10:42:00.362,252000,12600,1.0,0.0,0.0,0.0
10:42:00.575,252100,12605,1.0,0.0,0.0,0.0
10:42:00.782,252200,12610,1.0,0.0,0.0,0.0
10:42:00.993,252300,12615,1.0,0.0,0.0,0.0
10:42:01.201,252400,12620,1.0,0.0,0.0,0.0
10:42:01.417,252500,12625,1.0,0.0,0.0,0.0
10:42:01.627,252600,12630,1.0,0.0,0.0,0.0
10:42:01.835,252700,12635,1.0,0.0,0.0,0.0
10:42:02.042,252800,12640,1.0,0.0,0.0,0.0
10:42:02.251,252900,12645,1.0,0.0,0.0,0.0
10:42:02.468,253000,12650,1.0,0.0,0.0,0.0
10:42:02.686,253100,12655,1.0,0.0,0.0,0.0
10:42:02.895,253200,12660,1.0,0.0,0.0,0.0
10:42:03.103,253300,12665,1.0,0.0,0.0,0.0
10:42:03.313,253400,12670,1.0,0.0,0.0,0.0
10:42:03.524,253500,12675,1.0,0.0,0.0,0.0
10:42:03.733,253600,12680,1.0,0.0,0.0,0.0
10:42:03.941,253700,12685,1.0,0.0,0.0,0.0
10:42:04.149,253800,12690,1.0,0.0,0.0,0.0
10:42:04.357,253900,12695,1.0,0.0,0.0,0.0
10:42:04.570,254000,12700,1.0,0.0,0.0,0.0
10:42:04.778,254100,12705,1.0,0.0,0.0,0.0
10:42:04.986,254200,12710,1.0,0.0,0.0,0.0
10:42:05.200,254300,12715,1.0,0.0,0.0,0.0
10:42:05.408,254400,12720,1.0,0.0,0.0,0.0
10:42:05.617,254500,12725,1.0,0.0,0.0,0.0
10:42:05.826,254600,12730,1.0,0.0,0.0,0.0
10:42:06.035,254700,12735,1.0,0.0,0.0,0.0
10:42:06.243,254800,12740,1.0,0.0,0.0,0.0
10:42:06.453,254900,12745,1.0,0.0,0.0,0.0
10:42:06.660,255000,12750,1.0,0.0,0.0,0.0
10:42:06.867,255100,12755,1.0,0.0,0.0,0.0
10:42:07.074,255200,12760,1.0,0.0,0.0,0.0
10:42:07.282,255300,12765,1.0,0.0,0.0,0.0
10:42:07.491,255400,12770,1.0,0.0,0.0,0.0
10:42:07.699,255500,12775,1.0,0.0,0.0,0.0
10:42:07.907,255600,12780,1.0,0.0,0.0,0.0
10:42:08.117,255700,12785,1.0,0.0,0.0,0.0
10:42:08.326,255800,12790,1.0,0.0,0.0,0.0
10:42:08.536,255900,12795,1.0,0.0,0.0,0.0
10:42:08.746,256000,12800,1.0,0.0,0.0,0.0
10:42:08.953,256100,12805,1.0,0.0,0.0,0.0
10:42:09.161,256200,12810,1.0,0.0,0.0,0.0
10:42:09.370,256300,12815,1.0,0.0,0.0,0.0
10:42:09.580,256400,12820,1.0,0.0,0.0,0.0
10:42:09.788,256500,12825,1.0,0.0,0.0,0.0
10:42:09.994,256600,12830,1.0,0.0,0.0,0.0
10:42:10.203,256700,12835,1.0,0.0,0.0,0.0
10:42:10.410,256800,12840,1.0,0.0,0.0,0.0
10:42:10.621,256900,12845,1.0,0.0,0.0,0.0
10:42:10.831,257000,12850,1.0,0.0,0.0,0.0
10:42:11.039,257100,12855,1.0,0.0,0.0,0.0
10:42:11.246,257200,12860,1.0,0.0,0.0,0.0
10:42:11.454,257300,12865,1.0,0.0,0.0,0.0
10:42:11.663,257400,12870,1.0,0.0,0.0,0.0
10:42:11.870,257500,12875,1.0,0.0,0.0,0.0
10:42:12.082,257600,12880,1.0,0.0,0.0,0.0
10:42:12.290,257700,12885,1.0,0.0,0.0,0.0
10:42:12.498,257800,12890,1.0,0.0,0.0,0.0
10:42:12.705,257900,12895,1.0,0.0,0.0,0.0
10:42:12.913,258000,12900,1.0,0.0,0.0,0.0
10:42:13.123,258100,12905,1.0,0.0,0.0,0.0
10:42:13.329,258200,12910,1.0,0.0,0.0,0.0
10:42:13.537,258300,12915,1.0,0.0,0.0,0.0
10:42:13.744,258400,12920,1.0,0.0,0.0,0.0
10:42:13.952,258500,12925,1.0,0.0,0.0,0.0
10:42:14.159,258600,12930,1.0,0.0,0.0,0.0
10:42:14.368,258700,12935,1.0,0.0,0.0,0.0
10:42:14.575,258800,12940,1.0,0.0,0.0,0.0
10:42:14.783,258900,12945,1.0,0.0,0.0,0.0
10:42:14.990,259000,12950,1.0,0.0,0.0,0.0
10:42:15.197,259100,12955,1.0,0.0,0.0,0.0
10:42:15.407,259200,12960,1.0,0.0,0.0,0.0
10:42:15.616,259300,12965,1.0,0.0,0.0,0.0
10:42:15.824,259400,12970,1.0,0.0,0.0,0.0
10:42:16.032,259500,12975,1.0,0.0,0.0,0.0
10:42:16.239,259600,12980,1.0,0.0,0.0,0.0
10:42:16.447,259700,12985,1.0,0.0,0.0,0.0
10:42:16.658,259800,12990,1.0,0.0,0.0,0.0
10:42:16.866,259900,12995,1.0,0.0,0.0,0.0
10:42:17.074,260000,13000,1.0,0.0,0.0,0.0
10:42:17.283,260100,13005,1.0,0.0,0.0,0.0
10:42:17.492,260200,13010,1.0,0.0,0.0,0.0
10:42:17.708,260300,13015,1.0,0.0,0.0,0.0
10:42:17.916,260400,13020,1.0,0.0,0.0,0.0
10:42:18.127,260500,13025,1.0,0.0,0.0,0.0
10:42:18.339,260600,13030,1.0,0.0,0.0,0.0
10:42:18.547,260700,13035,1.0,0.0,0.0,0.0
10:42:18.754,260800,13040,1.0,0.0,0.0,0.0
10:42:18.962,260900,13045,1.0,0.0,0.0,0.0
10:42:19.170,261000,13050,1.0,0.0,0.0,0.0
10:42:19.378,261100,13055,1.0,0.0,0.0,0.0
10:42:19.587,261200,13060,1.0,0.0,0.0,0.0
10:42:19.801,261300,13065,1.0,0.0,0.0,0.0
10:42:20.010,261400,13070,1.0,0.0,0.0,0.0
10:42:20.218,261500,13075,1.0,0.0,0.0,0.0
10:42:20.426,261600,13080,1.0,0.0,0.0,0.0
10:42:20.637,261700,13085,1.0,0.0,0.0,0.0
10:42:20.845,261800,13090,1.0,0.0,0.0,0.0
10:42:21.052,261900,13095,1.0,0.0,0.0,0.0
10:42:21.260,262000,13100,1.0,0.0,0.0,0.0
10:42:21.472,262100,13105,1.0,0.0,0.0,0.0
10:42:21.681,262200,13110,1.0,0.0,0.0,0.0
10:42:21.895,262300,13115,1.0,0.0,0.0,0.0
10:42:22.103,262400,13120,1.0,0.0,0.0,0.0
10:42:22.311,262500,13125,1.0,0.0,0.0,0.0
10:42:22.520,262600,13130,1.0,0.0,0.0,0.0
10:42:22.729,262700,13135,1.0,0.0,0.0,0.0
10:42:22.937,262800,13140,1.0,0.0,0.0,0.0
10:42:23.145,262900,13145,1.0,0.0,0.0,0.0
10:42:23.352,263000,13150,1.0,0.0,0.0,0.0
10:42:23.561,263100,13155,1.0,0.0,0.0,0.0
10:42:23.770,263200,13160,1.0,0.0,0.0,0.0
10:42:23.978,263300,13165,1.0,0.0,0.0,0.0
10:42:24.185,263400,13170,1.0,0.0,0.0,0.0
10:42:24.392,263500,13175,1.0,0.0,0.0,0.0
10:42:24.599,263600,13180,1.0,0.0,0.0,0.0
10:42:24.812,263700,13185,1.0,0.0,0.0,0.0
10:42:25.020,263800,13190,1.0,0.0,0.0,0.0
10:42:25.229,263900,13195,1.0,0.0,0.0,0.0
10:42:25.440,264000,13200,1.0,0.0,0.0,0.0
10:42:25.648,264100,13205,1.0,0.0,0.0,0.0
10:42:25.859,264200,13210,1.0,0.0,0.0,0.0
10:42:26.067,264300,13215,1.0,0.0,0.0,0.0
10:42:26.276,264400,13220,1.0,0.0,0.0,0.0
10:42:26.484,264500,13225,1.0,0.0,0.0,0.0
10:42:26.692,264600,13230,1.0,0.0,0.0,0.0
10:42:26.900,264700,13235,1.0,0.0,0.0,0.0
10:42:27.108,264800,13240,1.0,0.0,0.0,0.0
10:42:27.317,264900,13245,1.0,0.0,0.0,0.0
10:42:27.524,265000,13250,1.0,0.0,0.0,0.0
10:42:27.732,265100,13255,1.0,0.0,0.0,0.0
10:42:27.940,265200,13260,1.0,0.0,0.0,0.0
10:42:28.148,265300,13265,1.0,0.0,0.0,0.0
10:42:28.356,265400,13270,1.0,0.0,0.0,0.0
10:42:28.565,265500,13275,1.0,0.0,0.0,0.0
10:42:28.776,265600,13280,1.0,0.0,0.0,0.0
10:42:28.984,265700,13285,1.0,0.0,0.0,0.0
10:42:29.192,265800,13290,1.0,0.0,0.0,0.0
10:42:29.400,265900,13295,1.0,0.0,0.0,0.0
10:42:29.613,266000,13300,1.0,0.0,0.0,0.0
10:42:29.820,266100,13305,1.0,0.0,0.0,0.0
10:42:30.029,266200,13310,1.0,0.0,0.0,0.0
10:42:30.237,266300,13315,1.0,0.0,0.0,0.0
10:42:30.444,266400,13320,1.0,0.0,0.0,0.0
10:42:30.652,266500,13325,1.0,0.0,0.0,0.0
10:42:30.860,266600,13330,1.0,0.0,0.0,0.0
10:42:31.069,266700,13335,1.0,0.0,0.0,0.0
10:42:31.278,266800,13340,1.0,0.0,0.0,0.0
10:42:31.491,266900,13345,1.0,0.0,0.0,0.0
10:42:31.699,267000,13350,1.0,0.0,0.0,0.0
10:42:31.906,267100,13355,1.0,0.0,0.0,0.0
10:42:32.113,267200,13360,1.0,0.0,0.0,0.0
10:42:32.321,267300,13365,1.0,0.0,0.0,0.0
10:42:32.529,267400,13370,1.0,0.0,0.0,0.0
10:42:32.741,267500,13375,1.0,0.0,0.0,0.0
10:42:32.949,267600,13380,1.0,0.0,0.0,0.0
10:42:33.156,267700,13385,1.0,0.0,0.0,0.0
10:42:33.365,267800,13390,1.0,0.0,0.0,0.0
10:42:33.572,267900,13395,1.0,0.0,0.0,0.0
10:42:33.780,268000,13400,1.0,0.0,0.0,0.0
10:42:33.987,268100,13405,1.0,0.0,0.0,0.0
10:42:34.197,268200,13410,1.0,0.0,0.0,0.0
10:42:34.405,268300,13415,1.0,0.0,0.0,0.0
10:42:34.620,268400,13420,1.0,0.0,0.0,0.0
10:42:34.828,268500,13425,1.0,0.0,0.0,0.0
10:42:35.036,268600,13430,1.0,0.0,0.0,0.0
10:42:35.244,268700,13435,1.0,0.0,0.0,0.0
10:42:35.452,268800,13440,1.0,0.0,0.0,0.0
10:42:35.661,268900,13445,1.0,0.0,0.0,0.0
10:42:35.871,269000,13450,1.0,0.0,0.0,0.0
10:42:36.080,269100,13455,1.0,0.0,0.0,0.0
10:42:36.290,269200,13460,1.0,0.0,0.0,0.0
10:42:36.498,269300,13465,1.0,0.0,0.0,0.0
10:42:36.708,269400,13470,1.0,0.0,0.0,0.0
10:42:36.916,269500,13475,1.0,0.0,0.0,0.0
10:42:37.124,269600,13480,1.0,0.0,0.0,0.0
10:42:37.332,269700,13485,1.0,0.0,0.0,0.0
10:42:37.541,269800,13490,1.0,0.0,0.0,0.0
10:42:38.041,269900,13495,1.0,0.0,0.0,0.0
10:42:38.931,270000,13500,1.0,0.0,0.0,0.0
10:42:39.139,270100,13505,1.0,0.0,0.0,0.0
10:42:39.348,270200,13510,1.0,0.0,0.0,0.0
10:42:39.555,270300,13515,1.0,0.0,0.0,0.0
10:42:39.762,270400,13520,1.0,0.0,0.0,0.0
10:42:39.973,270500,13525,1.0,0.0,0.0,0.0
10:42:40.181,270600,13530,1.0,0.0,0.0,0.0
10:42:40.389,270700,13535,1.0,0.0,0.0,0.0
10:42:40.601,270800,13540,1.0,0.0,0.0,0.0
10:42:40.808,270900,13545,1.0,0.0,0.0,0.0
10:42:41.016,271000,13550,1.0,0.0,0.0,0.0
10:42:41.224,271100,13555,1.0,0.0,0.0,0.0
10:42:41.432,271200,13560,1.0,0.0,0.0,0.0
10:42:41.642,271300,13565,1.0,0.0,0.0,0.0
10:42:41.850,271400,13570,1.0,0.0,0.0,0.0
10:42:42.058,271500,13575,1.0,0.0,0.0,0.0
10:42:42.265,271600,13580,1.0,0.0,0.0,0.0
10:42:42.473,271700,13585,1.0,0.0,0.0,0.0
10:42:42.682,271800,13590,1.0,0.0,0.0,0.0
10:42:42.891,271900,13595,1.0,0.0,0.0,0.0
10:42:43.099,272000,13600,1.0,0.0,0.0,0.0
10:42:43.306,272100,13605,1.0,0.0,0.0,0.0
10:42:43.514,272200,13610,1.0,0.0,0.0,0.0
10:42:43.725,272300,13615,1.0,0.0,0.0,0.0
10:42:43.932,272400,13620,1.0,0.0,0.0,0.0
10:42:44.139,272500,13625,1.0,0.0,0.0,0.0
10:42:44.347,272600,13630,1.0,0.0,0.0,0.0
10:42:44.554,272700,13635,1.0,0.0,0.0,0.0
10:42:44.762,272800,13640,1.0,0.0,0.0,0.0
10:42:44.969,272900,13645,1.0,0.0,0.0,0.0
10:42:45.182,273000,13650,1.0,0.0,0.0,0.0
10:42:45.394,273100,13655,1.0,0.0,0.0,0.0
10:42:45.602,273200,13660,1.0,0.0,0.0,0.0
10:42:45.818,273300,13665,1.0,0.0,0.0,0.0
10:42:46.026,273400,13670,1.0,0.0,0.0,0.0
10:42:46.235,273500,13675,1.0,0.0,0.0,0.0
10:42:46.442,273600,13680,1.0,0.0,0.0,0.0
10:42:46.651,273700,13685,1.0,0.0,0.0,0.0
10:42:46.861,273800,13690,1.0,0.0,0.0,0.0
10:42:47.068,273900,13695,1.0,0.0,0.0,0.0
10:42:47.277,274000,13700,1.0,0.0,0.0,0.0
10:42:47.485,274100,13705,1.0,0.0,0.0,0.0
10:42:47.693,274200,13710,1.0,0.0,0.0,0.0
10:42:47.900,274300,13715,1.0,0.0,0.0,0.0
10:42:48.108,274400,13720,1.0,0.0,0.0,0.0
10:42:48.315,274500,13725,1.0,0.0,0.0,0.0
10:42:48.522,274600,13730,1.0,0.0,0.0,0.0
10:42:48.732,274700,13735,1.0,0.0,0.0,0.0
10:42:48.943,274800,13740,1.0,0.0,0.0,0.0
10:42:49.151,274900,13745,1.0,0.0,0.0,0.0
10:42:49.359,275000,13750,1.0,0.0,0.0,0.0
10:42:49.567,275100,13755,1.0,0.0,0.0,0.0
10:42:49.775,275200,13760,1.0,0.0,0.0,0.0
10:42:49.982,275300,13765,1.0,0.0,0.0,0.0
10:42:50.190,275400,13770,1.0,0.0,0.0,0.0
10:42:50.402,275500,13775,1.0,0.0,0.0,0.0
10:42:50.610,275600,13780,1.0,0.0,0.0,0.0
10:42:50.817,275700,13785,1.0,0.0,0.0,0.0
10:42:51.025,275800,13790,1.0,0.0,0.0,0.0
10:42:51.233,275900,13795,1.0,0.0,0.0,0.0
10:42:51.441,276000,13800,1.0,0.0,0.0,0.0
10:42:51.650,276100,13805,1.0,0.0,0.0,0.0
10:42:51.860,276200,13810,1.0,0.0,0.0,0.0
10:42:52.068,276300,13815,1.0,0.0,0.0,0.0
10:42:52.278,276400,13820,1.0,0.0,0.0,0.0
10:42:52.493,276500,13825,1.0,0.0,0.0,0.0
10:42:52.700,276600,13830,1.0,0.0,0.0,0.0
10:42:52.909,276700,13835,1.0,0.0,0.0,0.0
10:42:53.115,276800,13840,1.0,0.0,0.0,0.0
10:42:53.326,276900,13845,1.0,0.0,0.0,0.0
10:42:53.540,277000,13850,1.0,0.0,0.0,0.0
10:42:53.748,277100,13855,1.0,0.0,0.0,0.0
10:42:53.955,277200,13860,1.0,0.0,0.0,0.0
10:42:54.163,277300,13865,1.0,0.0,0.0,0.0
10:42:54.371,277400,13870,1.0,0.0,0.0,0.0
10:42:54.578,277500,13875,1.0,0.0,0.0,0.0
10:42:54.787,277600,13880,1.0,0.0,0.0,0.0
10:42:54.998,277700,13885,1.0,0.0,0.0,0.0
10:42:55.206,277800,13890,1.0,0.0,0.0,0.0
10:42:55.413,277900,13895,1.0,0.0,0.0,0.0
10:42:55.621,278000,13900,1.0,0.0,0.0,0.0
10:42:55.829,278100,13905,1.0,0.0,0.0,0.0
10:42:56.041,278200,13910,1.0,0.0,0.0,0.0
10:42:56.250,278300,13915,1.0,0.0,0.0,0.0
10:42:56.457,278400,13920,1.0,0.0,0.0,0.0
10:42:56.665,278500,13925,1.0,0.0,0.0,0.0
10:42:56.878,278600,13930,1.0,0.0,0.0,0.0
10:42:57.085,278700,13935,1.0,0.0,0.0,0.0
10:42:57.292,278800,13940,1.0,0.0,0.0,0.0
10:42:57.501,278900,13945,1.0,0.0,0.0,0.0
10:42:57.715,279000,13950,1.0,0.0,0.0,0.0
10:42:57.924,279100,13955,1.0,0.0,0.0,0.0
10:42:58.132,279200,13960,1.0,0.0,0.0,0.0
10:42:58.339,279300,13965,1.0,0.0,0.0,0.0
10:42:58.548,279400,13970,1.0,0.0,0.0,0.0
10:42:58.755,279500,13975,1.0,0.0,0.0,0.0
10:42:58.964,279600,13980,1.0,0.0,0.0,0.0
10:42:59.172,279700,13985,1.0,0.0,0.0,0.0
10:42:59.381,279800,13990,1.0,0.0,0.0,0.0
10:42:59.590,279900,13995,1.0,0.0,0.0,0.0
10:42:59.799,280000,14000,1.0,0.0,0.0,0.0
10:43:00.012,280100,14005,1.0,0.0,0.0,0.0
10:43:00.222,280200,14010,1.0,0.0,0.0,0.0
10:43:00.431,280300,14015,1.0,0.0,0.0,0.0
10:43:00.639,280400,14020,1.0,0.0,0.0,0.0
10:43:00.848,280500,14025,1.0,0.0,0.0,0.0
10:43:01.056,280600,14030,1.0,0.0,0.0,0.0
10:43:01.267,280700,14035,1.0,0.0,0.0,0.0
10:43:01.474,280800,14040,1.0,0.0,0.0,0.0
10:43:01.683,280900,14045,1.0,0.0,0.0,0.0
10:43:01.893,281000,14050,1.0,0.0,0.0,0.0
10:43:02.106,281100,14055,1.0,0.0,0.0,0.0
10:43:02.314,281200,14060,1.0,0.0,0.0,0.0
10:43:02.522,281300,14065,1.0,0.0,0.0,0.0
10:43:02.730,281400,14070,1.0,0.0,0.0,0.0
10:43:02.940,281500,14075,1.0,0.0,0.0,0.0
10:43:03.148,281600,14080,1.0,0.0,0.0,0.0
10:43:03.359,281700,14085,1.0,0.0,0.0,0.0
10:43:03.568,281800,14090,1.0,0.0,0.0,0.0
10:43:03.776,281900,14095,1.0,0.0,0.0,0.0
10:43:03.986,282000,14100,1.0,0.0,0.0,0.0
10:43:04.193,282100,14105,1.0,0.0,0.0,0.0
10:43:04.402,282200,14110,1.0,0.0,0.0,0.0
10:43:04.610,282300,14115,1.0,0.0,0.0,0.0
10:43:04.818,282400,14120,1.0,0.0,0.0,0.0
10:43:05.029,282500,14125,1.0,0.0,0.0,0.0
10:43:05.238,282600,14130,1.0,0.0,0.0,0.0
10:43:05.448,282700,14135,1.0,0.0,0.0,0.0
10:43:05.658,282800,14140,1.0,0.0,0.0,0.0
10:43:05.865,282900,14145,1.0,0.0,0.0,0.0
10:43:06.076,283000,14150,1.0,0.0,0.0,0.0
10:43:06.284,283100,14155,1.0,0.0,0.0,0.0
10:43:06.492,283200,14160,1.0,0.0,0.0,0.0
