Hora_Recebimento,Tempo_ms,Pacote_ID,Alt_BMP,Alt_GPS,Alt_Max
10:33:07.932,100,5,8.344649771174772e-05,0.006981715012005729,8.344649771174772e-05
10:33:08.163,200,10,15.977901491344765,15.834385180722085,15.977901491344765
10:33:08.371,300,15,30.051926839792525,31.499390460128804,30.051926839792525
10:33:08.580,400,20,43.91483993362477,45.03515345040578,43.91483993362477
10:33:08.788,500,25,57.35752655393223,55.377007759645046,57.35752655393223
10:33:09.003,600,30,70.97387052262924,69.6914810744097,70.97387052262924
10:33:09.217,700,35,84.15860184189658,83.84076740669616,84.15860184189658
10:33:09.426,800,40,96.77288263617173,96.7516943594407,96.77288263617173
10:33:09.634,900,45,109.03407008413524,109.12080371483012,109.03407008413524
10:33:09.842,1000,50,120.96862087036789,121.33878038810826,120.96862087036789
10:33:10.052,1100,55,132.6830734266546,132.76151000234472,132.6830734266546
10:33:10.264,1200,60,144.22090802346546,143.35621472828052,144.22090802346546
10:33:10.472,1300,65,155.24753448507548,154.39269896937301,155.24753448507548
10:33:10.683,1400,70,166.077189855419,165.14463884476913,166.077189855419
10:33:10.900,1500,75,176.92373014557532,176.65837067547827,176.92373014557532
10:33:11.110,1600,80,187.11407631134514,188.4495084812325,187.11407631134514
10:33:11.318,1700,85,196.89406659966343,196.11550110213705,196.89406659966343
10:33:11.539,1800,90,206.9813115017755,208.07705036174048,206.9813115017755
10:33:11.751,1900,95,216.30812412168154,214.96144996473708,216.30812412168154
10:33:11.964,2000,100,225.34994045411452,225.3427906883465,225.34994045411452
10:33:12.175,2100,105,233.99655299246368,235.20953431723842,233.99655299246368
10:33:12.387,2200,110,242.38789890870115,244.00913402753002,242.38789890870115
10:33:12.598,2300,115,250.41522341492418,250.83992221310348,250.41522341492418
10:33:12.810,2400,120,258.182488562288,258.128119267782,258.182488562288
10:33:13.019,2500,125,265.50981318235836,267.1407395853935,265.50981318235836
10:33:13.229,2600,130,272.58098378708337,274.3746777609775,272.58098378708337
10:33:13.438,2700,135,279.3307946945671,280.25564480681203,279.3307946945671
10:33:13.663,2800,140,286.22089046394876,284.46676191007003,286.22089046394876
10:33:13.871,2900,145,292.27797033137153,291.61851499785905,292.27797033137153
10:33:14.081,3000,150,298.0974373773497,298.0845836546059,298.0974373773497
10:33:14.289,3100,155,303.5677620401261,302.83837557989546,303.5677620401261
10:33:14.496,3200,160,308.6955189303397,309.82053984239354,308.6955189303397
10:33:14.707,3300,165,313.6012108045405,311.6702554323333,313.6012108045405
10:33:14.921,3400,170,318.2669299586194,320.0734339677076,318.2669299586194
10:33:15.140,3500,175,322.71957099345593,321.1134141410397,322.71957099345593
10:33:15.355,3600,180,326.7534901093288,326.1951891560178,326.7534901093288
10:33:15.565,3700,185,330.3898678217706,331.13204821543786,330.3898678217706
10:33:15.780,3800,190,333.7988504514143,333.854413835495,333.7988504514143
10:33:15.989,3900,195,336.78940306853343,336.45312574344337,336.78940306853343
10:33:16.214,4000,200,339.66985314845584,337.9713828475303,339.66985314845584
10:33:16.426,4100,205,342.0655276333273,340.81911037054925,342.0655276333273
10:33:16.636,4200,210,344.12303958285713,342.989189864386,344.12303958285713
10:33:16.849,4300,215,345.89443342900313,344.7361041808691,345.89443342900313
10:33:17.059,4400,220,347.3367027478055,345.35895431186174,347.3367027478055
10:33:17.269,4500,225,348.46187202151737,348.15981099380366,348.46187202151737
10:33:17.484,4600,230,349.2986034257342,349.2210294009263,349.2986034257342
10:33:17.710,4700,235,349.82801561524843,349.7219252399155,349.82801561524843
10:33:17.920,4800,240,349.99948177481934,350.84089221218267,349.99948177481934
10:33:18.133,4900,245,346.98188185691833,345.4757937265402,349.99948177481934
10:33:18.340,5000,250,343.879474401474,343.45003120435746,349.99948177481934
10:33:18.549,5100,255,340.74262380599976,340.1255911067027,349.99948177481934
10:33:18.756,5200,260,337.63816356658936,337.46202019346765,349.99948177481934
10:33:18.969,5300,265,334.44636702537537,333.65399208464515,349.99948177481934
10:33:19.178,5400,270,331.3012909889221,332.712033874102,349.99948177481934
10:33:19.395,5500,275,328.0551028251648,329.7774788385051,349.99948177481934
10:33:19.608,5600,280,324.86278772354126,323.0608992840463,349.99948177481934
10:33:19.824,5700,285,321.6195785999298,322.13263254515886,349.99948177481934
10:33:20.034,5800,290,318.4627616405487,317.05702311046025,349.99948177481934
10:33:20.250,5900,295,315.22454142570496,314.64393959024835,349.99948177481934
10:33:20.461,6000,300,312.0619201660156,314.0303319336156,349.99948177481934
10:33:20.676,6100,305,308.8435232639313,308.4702090911231,349.99948177481934
10:33:20.887,6200,310,305.67044496536255,305.3646812725729,349.99948177481934
10:33:21.096,6300,315,302.5407826900482,303.96915912876426,349.99948177481934
10:33:21.318,6400,320,299.2134380340576,297.58746735906146,349.99948177481934
10:33:21.545,6500,325,295.79835295677185,296.94382783436123,349.99948177481934
10:33:21.765,6600,330,292.5017821788788,290.9116915707466,349.99948177481934
10:33:21.973,6700,335,289.3766117095947,288.05813489931023,349.99948177481934
10:33:22.194,6800,340,286.0640227794647,287.2695268347043,349.99948177481934
10:33:22.419,6900,345,282.68895983695984,281.8015189951426,349.99948177481934
10:33:22.639,7000,350,279.3920063972473,278.51913213073385,349.99948177481934
10:33:22.848,7100,355,276.25709772109985,274.7849830902447,349.99948177481934
10:33:23.066,7200,360,272.9829931259155,274.09303199473266,349.99948177481934
10:33:23.292,7300,365,269.5893657207489,270.52052306328113,349.99948177481934
10:33:23.507,7400,370,266.3682007789612,265.29906880437665,349.99948177481934
10:33:23.725,7500,375,263.0957019329071,261.4996545777991,349.99948177481934
10:33:23.953,7600,380,259.68897819519043,261.38022480918283,349.99948177481934
10:33:24.177,7700,385,256.31563901901245,257.0087452282829,349.99948177481934
10:33:24.388,7800,390,253.15085411071777,251.9627761464932,349.99948177481934
10:33:24.611,7900,395,249.80667233467102,249.63665867883677,349.99948177481934
10:33:24.827,8000,400,246.56626343727112,247.2013596579873,349.99948177481934
10:33:25.044,8100,405,243.3212411403656,243.45628405195438,349.99948177481934
10:33:25.252,8200,410,240.1981770992279,238.97098067584764,349.99948177481934
10:33:25.467,8300,415,236.97361826896667,235.07322305034793,349.99948177481934
10:33:25.679,8400,420,233.7996745109558,235.19852344081127,349.99948177481934
10:33:25.888,8500,425,230.66451907157898,229.1517792662378,349.99948177481934
10:33:26.098,8600,430,227.50463008880615,228.83026878501113,349.99948177481934
10:33:26.318,8700,435,224.20065641403198,222.97726127390453,349.99948177481934
10:33:26.530,8800,440,221.0336685180664,220.29424249560617,349.99948177481934
10:33:26.738,8900,445,217.9012167453766,219.1634879923737,349.99948177481934
10:33:26.954,9000,450,214.67331051826477,214.59379507314674,349.99948177481934
10:33:27.170,9100,455,211.42173290252686,210.83261866926594,349.99948177481934
10:33:27.383,9200,460,208.22661757469177,206.77630264639518,349.99948177481934
10:33:27.591,9300,465,205.10988354682922,204.63407833720066,349.99948177481934
10:33:27.807,9400,470,201.8789768218994,203.00478947867933,349.99948177481934
10:33:28.020,9500,475,198.68070721626282,198.92786045929606,349.99948177481934
10:33:28.236,9600,480,195.44285893440247,193.9935299190277,349.99948177481934
10:33:28.446,9700,485,192.28469371795654,192.02214490121125,349.99948177481934
10:33:28.660,9800,490,189.07054543495178,190.92583403778144,349.99948177481934
10:33:28.878,9900,495,185.80947637557983,184.48516056900027,349.99948177481934
10:33:29.095,10000,500,182.55454421043396,183.37111853646147,349.99948177481934
10:33:29.302,10100,505,179.44005608558655,177.80458444184785,349.99948177481934
10:33:29.515,10200,510,176.24707221984863,176.9291453973679,349.99948177481934
10:33:29.726,10300,515,173.08448672294617,173.6993879800717,349.99948177481934
10:33:29.944,10400,520,169.8127818107605,168.68833218702318,349.99948177481934
10:33:30.165,10500,525,166.50503158569336,165.67453219796357,349.99948177481934
10:33:30.375,10600,530,163.35384726524353,162.32194335508837,349.99948177481934
10:33:30.585,10700,535,160.2053737640381,161.6870528153661,349.99948177481934
10:33:30.802,10800,540,156.9449806213379,155.20636484045022,349.99948177481934
10:33:31.019,10900,545,153.6954414844513,153.89610691122073,349.99948177481934
10:33:31.235,11000,550,150.45554399490356,151.57721209145788,349.99948177481934
10:33:31.455,11100,555,147.15712785720825,146.3705833400497,349.99948177481934
10:33:31.663,11200,560,144.0299153327942,144.0544897034753,349.99948177481934
10:33:31.873,11300,565,140.88204264640808,139.47057338315048,349.99948177481934
10:33:32.091,11400,570,137.60778784751892,136.04194036849466,349.99948177481934
10:33:32.309,11500,575,134.34972286224365,132.48135037125968,349.99948177481934
10:33:32.519,11600,580,131.18956923484802,131.25061714016846,349.99948177481934
10:33:32.733,11700,585,127.98919677734375,129.21784787868407,349.99948177481934
10:33:32.947,11800,590,124.7672986984253,123.17457554945753,349.99948177481934
10:33:33.158,11900,595,121.60756349563599,122.38314391349121,349.99948177481934
10:33:33.367,12000,600,118.47117066383362,120.0611910362988,349.99948177481934
10:33:33.578,12100,605,115.31279802322388,113.78650182582251,349.99948177481934
10:33:33.789,12200,610,112.14338183403015,113.65835659979794,349.99948177481934
10:33:34.002,12300,615,108.94192934036255,107.39297725619161,349.99948177481934
10:33:34.210,12400,620,105.82392930984497,104.19509471133902,349.99948177481934
10:33:34.428,12500,625,102.55128026008606,103.1320934579156,349.99948177481934
10:33:34.646,12600,630,99.2933976650238,100.23286742943755,349.99948177481934
10:33:34.856,12700,635,96.13688468933105,97.92898200974824,349.99948177481934
10:33:35.072,12800,640,92.89424777030945,93.32700933403714,349.99948177481934
10:33:35.283,12900,645,89.7347342967987,90.17431734655166,349.99948177481934
10:33:35.497,13000,650,86.5290904045105,88.04922028820188,349.99948177481934
10:33:35.710,13100,655,83.33158254623413,83.06183584498896,349.99948177481934
10:33:35.921,13200,660,80.16764521598816,81.71742391949236,349.99948177481934
10:33:36.133,13300,665,76.97699308395386,78.54469541836542,349.99948177481934
10:33:36.346,13400,670,73.78884077072144,75.66699461430395,349.99948177481934
10:33:36.562,13500,675,70.55091738700867,68.78403614570922,349.99948177481934
10:33:36.779,13600,680,67.29268074035645,68.57064062761113,349.99948177481934
10:33:36.990,13700,685,64.13426876068115,63.62605663384812,349.99948177481934
10:33:37.206,13800,690,60.89390277862549,59.86158558191431,349.99948177481934
10:33:37.420,13900,695,57.67315626144409,59.229681296481104,349.99948177481934
10:33:37.630,14000,700,54.520190954208374,56.11850073320004,349.99948177481934
10:33:37.838,14100,705,51.40401482582092,49.948030046143586,349.99948177481934
10:33:38.053,14200,710,48.188514709472656,47.252471116808216,349.99948177481934
10:33:38.266,14300,715,44.983718395233154,43.56158437724801,349.99948177481934
10:33:38.477,14400,720,41.82796001434326,43.67693116777573,349.99948177481934
10:33:38.696,14500,725,38.541245460510254,37.36519906646594,349.99948177481934
10:33:38.914,14600,730,35.27329206466675,37.12111614773935,349.99948177481934
10:33:39.129,14700,735,32.035919427871704,32.20352308885318,349.99948177481934
10:33:39.341,14800,740,28.868688344955444,30.075281960892692,349.99948177481934
10:33:39.555,14900,745,25.65075993537903,27.154578717168512,349.99948177481934
10:33:39.769,15000,750,22.43847131729126,20.872968796878048,349.99948177481934
10:33:39.980,15100,755,19.275070428848267,19.04617696568734,349.99948177481934
10:33:40.194,15200,760,16.074512004852295,16.573124403363316,349.99948177481934
10:33:40.404,15300,765,12.916926145553589,11.665698113352128,349.99948177481934
10:33:40.620,15400,770,9.684427976608276,8.422935263704318,349.99948177481934
10:33:40.833,15500,775,6.481584310531616,7.593567396027759,349.99948177481934
10:33:41.049,15600,780,3.248295783996582,3.8203654615510274,349.99948177481934
10:33:41.259,15700,785,0.09647846221923828,0.20569263213532007,349.99948177481934
10:33:41.467,15800,790,0.0,1.2582185516584365,349.99948177481934
10:33:41.681,15900,795,0.0,0.9148009375073562,349.99948177481934
10:33:41.898,16000,800,0.0,-1.1510453842632877,349.99948177481934
10:33:42.111,16100,805,0.0,0.8508049528437902,349.99948177481934
10:33:42.321,16200,810,0.0,0.32904073009051515,349.99948177481934
10:33:42.532,16300,815,0.0,1.9322677770215773,349.99948177481934
10:33:42.750,16400,820,0.0,1.662531975927548,349.99948177481934
10:33:42.968,16500,825,0.0,-1.0162644106393803,349.99948177481934
10:33:43.175,16600,830,0.0,-1.472360848923739,349.99948177481934
10:33:43.388,16700,835,0.0,-1.1496188745353688,349.99948177481934
10:33:43.599,16800,840,0.0,0.4552660837407845,349.99948177481934
10:33:43.812,16900,845,0.0,-0.9960964750964614,349.99948177481934
10:33:44.022,17000,850,0.0,0.2894241127992889,349.99948177481934
10:33:44.235,17100,855,0.0,-0.7548371606410482,349.99948177481934
10:33:44.451,17200,860,0.0,-1.6370785954483047,349.99948177481934
10:33:44.663,17300,865,0.0,-1.1230582878506201,349.99948177481934
10:33:44.878,17400,870,0.0,1.0323780207970668,349.99948177481934
10:33:45.093,17500,875,0.0,-0.7759129594657965,349.99948177481934
10:33:45.300,17600,880,0.0,-1.3602466601624172,349.99948177481934
10:33:45.512,17700,885,0.0,1.2791323322062214,349.99948177481934
10:33:45.720,17800,890,0.0,-1.8441499467388955,349.99948177481934
10:33:45.935,17900,895,0.0,-1.2093592254662426,349.99948177481934
10:33:46.150,18000,900,0.0,-0.8239812884022397,349.99948177481934
10:33:46.358,18100,905,0.0,0.30932321065856394,349.99948177481934
10:33:46.570,18200,910,0.0,-1.070182443840435,349.99948177481934
10:33:46.786,18300,915,0.0,-1.3501725625884444,349.99948177481934
10:33:46.999,18400,920,0.0,0.01804520382424446,349.99948177481934
10:33:47.209,18500,925,0.0,1.4961948355238484,349.99948177481934
10:33:47.421,18600,930,0.0,-0.11945721421620181,349.99948177481934
10:33:47.635,18700,935,0.0,1.7514979388919159,349.99948177481934
10:33:47.846,18800,940,0.0,0.40834232584363583,349.99948177481934
10:33:48.062,18900,945,0.0,1.3660697615681463,349.99948177481934
10:33:48.280,19000,950,0.0,-1.1344764618178114,349.99948177481934
10:33:48.488,19100,955,0.0,0.2895340121330805,349.99948177481934
10:33:48.700,19200,960,0.0,0.5767149244345169,349.99948177481934
10:33:48.911,19300,965,0.0,-1.5098839464629847,349.99948177481934
10:33:49.119,19400,970,0.0,0.6546398912908318,349.99948177481934
10:33:49.332,19500,975,0.0,-1.971283546386061,349.99948177481934
10:33:49.548,19600,980,0.0,-0.3943634774715261,349.99948177481934
10:33:49.761,19700,985,0.0,-1.5693321793090904,349.99948177481934
10:33:49.968,19800,990,0.0,-1.9098079568430872,349.99948177481934
10:33:50.189,19900,995,0.0,-1.5768275022629767,349.99948177481934
10:33:50.397,20000,1000,0.0,-1.7456175119480921,349.99948177481934
10:33:50.607,20100,1005,0.0,-0.5481373188444212,349.99948177481934
10:33:50.820,20200,1010,0.0,1.5083407156479147,349.99948177481934
10:33:51.032,20300,1015,0.0,0.709273424297987,349.99948177481934
10:33:51.239,20400,1020,0.0,1.451828977993793,349.99948177481934
10:33:51.451,20500,1025,0.0,-1.1774336970511188,349.99948177481934
10:33:51.660,20600,1030,0.0,-1.6882861179300304,349.99948177481934
10:33:51.871,20700,1035,0.0,1.3252944091275647,349.99948177481934
10:33:52.085,20800,1040,0.0,-0.45253051048283144,349.99948177481934
10:33:52.306,20900,1045,0.0,0.3160667861555253,349.99948177481934
10:33:52.519,21000,1050,0.0,0.9878604074708797,349.99948177481934
10:33:52.726,21100,1055,0.0,-1.7649051740910822,349.99948177481934
10:33:52.935,21200,1060,0.0,0.7793134816038982,349.99948177481934
10:33:53.148,21300,1065,0.0,-0.4958238801681669,349.99948177481934
10:33:53.361,21400,1070,0.0,-1.5013386396807347,349.99948177481934
10:33:53.579,21500,1075,0.0,1.9421757586234172,349.99948177481934
10:33:53.786,21600,1080,0.0,-1.1395339801454774,349.99948177481934
10:33:54.000,21700,1085,0.0,-0.3405591453897663,349.99948177481934
10:33:54.212,21800,1090,0.0,-0.6118726138961681,349.99948177481934
10:33:54.428,21900,1095,0.0,0.504021098126946,349.99948177481934
10:33:54.636,22000,1100,0.0,-1.497828867385432,349.99948177481934
10:33:54.847,22100,1105,0.0,0.8221952441629274,349.99948177481934
10:33:55.063,22200,1110,0.0,1.715905598050373,349.99948177481934
10:33:55.274,22300,1115,0.0,0.47039879897995895,349.99948177481934
10:33:55.481,22400,1120,0.0,-1.9198109569521913,349.99948177481934
10:33:55.694,22500,1125,0.0,-1.3619043618113396,349.99948177481934
10:33:55.908,22600,1130,0.0,0.014730949442984809,349.99948177481934
10:33:56.119,22700,1135,0.0,-0.139940124233632,349.99948177481934
10:33:56.327,22800,1140,0.0,1.685771914684553,349.99948177481934
10:33:56.541,22900,1145,0.0,-0.7461540402955844,349.99948177481934
10:33:56.758,23000,1150,0.0,0.19055921200742043,349.99948177481934
10:33:56.975,23100,1155,0.0,-0.3444486796542634,349.99948177481934
10:33:57.191,23200,1160,0.0,0.18134506435537734,349.99948177481934
10:33:57.402,23300,1165,0.0,0.9054529625677152,349.99948177481934
10:33:57.613,23400,1170,0.0,-1.6749471699501983,349.99948177481934
10:33:57.825,23500,1175,0.0,-1.0679093182796566,349.99948177481934
10:33:58.044,23600,1180,0.0,-1.76271683680896,349.99948177481934
10:33:58.255,23700,1185,0.0,1.514237586018357,349.99948177481934
10:33:58.463,23800,1190,0.0,0.8050889903677949,349.99948177481934
10:33:58.679,23900,1195,0.0,-1.9170333802595887,349.99948177481934
10:33:58.897,24000,1200,0.0,-0.07022749768598135,349.99948177481934
10:33:59.113,24100,1205,0.0,1.3282361919341072,349.99948177481934
10:33:59.334,24200,1210,0.0,-0.9644694113758114,349.99948177481934
10:33:59.542,24300,1215,0.0,1.693530464004081,349.99948177481934
10:33:59.766,24400,1220,0.0,0.58881934815272,349.99948177481934
10:33:59.985,24500,1225,0.0,0.4367630740404276,349.99948177481934
10:34:00.205,24600,1230,0.0,1.4876507034780886,349.99948177481934
10:34:00.414,24700,1235,0.0,-1.8880517791230025,349.99948177481934
10:34:00.628,24800,1240,0.0,1.9842933680974721,349.99948177481934
10:34:00.844,24900,1245,0.0,-1.929027163395301,349.99948177481934
10:34:01.058,25000,1250,0.0,1.9662603234409333,349.99948177481934
10:34:01.269,25100,1255,0.0,1.3307466499906724,349.99948177481934
10:34:01.484,25200,1260,0.0,-1.979639455823679,349.99948177481934
10:34:01.699,25300,1265,0.0,0.8184725651833684,349.99948177481934
10:34:01.914,25400,1270,0.0,-1.8858284094036293,349.99948177481934
10:34:02.128,25500,1275,0.0,0.7650199254928367,349.99948177481934
10:34:02.342,25600,1280,0.0,1.5315756475235878,349.99948177481934
10:34:02.561,25700,1285,0.0,-1.126960709945069,349.99948177481934
10:34:02.776,25800,1290,0.0,-1.0801286237326555,349.99948177481934
10:34:02.991,25900,1295,0.0,1.3532397097907922,349.99948177481934
10:34:03.206,26000,1300,0.0,1.7108251942751522,349.99948177481934
10:34:03.424,26100,1305,0.0,-0.2733117388331059,349.99948177481934
10:34:03.637,26200,1310,0.0,-0.5219026894546359,349.99948177481934
10:34:03.851,26300,1315,0.0,-0.4401713341939857,349.99948177481934
10:34:04.069,26400,1320,0.0,-0.4392609248036461,349.99948177481934
10:34:04.279,26500,1325,0.0,-0.3696265777305343,349.99948177481934
10:34:04.494,26600,1330,0.0,0.8978893325442834,349.99948177481934
10:34:04.708,26700,1335,0.0,-1.0965833704773802,349.99948177481934
10:34:04.924,26800,1340,0.0,1.424494355081129,349.99948177481934
10:34:05.142,26900,1345,0.0,1.3783428009954477,349.99948177481934
10:34:05.361,27000,1350,0.0,-1.3765032477112356,349.99948177481934
10:34:05.575,27100,1355,0.0,-1.5443358794757827,349.99948177481934
10:34:05.785,27200,1360,0.0,1.1020647740936287,349.99948177481934
10:34:06.001,27300,1365,0.0,-1.7225764866897784,349.99948177481934
10:34:06.208,27400,1370,0.0,-0.17172824367520656,349.99948177481934
10:34:06.418,27500,1375,0.0,1.001246507053938,349.99948177481934
10:34:06.636,27600,1380,0.0,-1.6163519931968287,349.99948177481934
10:34:06.851,27700,1385,0.0,-0.9044735672234503,349.99948177481934
10:34:07.059,27800,1390,0.0,-1.14973547807462,349.99948177481934
10:34:07.272,27900,1395,0.0,-1.9528418859986205,349.99948177481934
10:34:07.484,28000,1400,0.0,-0.9090314871669096,349.99948177481934
10:34:07.700,28100,1405,0.0,-0.4591002341195205,349.99948177481934
10:34:07.908,28200,1410,0.0,-1.4331061208231595,349.99948177481934
10:34:08.122,28300,1415,0.0,-1.9514614604590488,349.99948177481934
10:34:08.341,28400,1420,0.0,-1.7565220406841053,349.99948177481934
10:34:08.552,28500,1425,0.0,-1.7225429944850599,349.99948177481934
10:34:08.760,28600,1430,0.0,-1.2164159697884687,349.99948177481934
10:34:08.977,28700,1435,0.0,0.6558636833869076,349.99948177481934
10:34:09.188,28800,1440,0.0,0.19463257771603315,349.99948177481934
10:34:09.397,28900,1445,0.0,1.5142939512090474,349.99948177481934
10:34:09.604,29000,1450,0.0,0.43803003765186066,349.99948177481934
10:34:09.820,29100,1455,0.0,-1.5141549496644386,349.99948177481934
10:34:10.033,29200,1460,0.0,1.6230307783605311,349.99948177481934
10:34:10.243,29300,1465,0.0,-1.5097245844451415,349.99948177481934
10:34:10.450,29400,1470,0.0,-1.1746073593813593,349.99948177481934
10:34:10.662,29500,1475,0.0,0.34228606907064396,349.99948177481934
10:34:10.875,29600,1480,0.0,0.7117984302252256,349.99948177481934
10:34:11.085,29700,1485,0.0,0.3586899596877213,349.99948177481934
10:34:11.300,29800,1490,0.0,-0.4982233380144545,349.99948177481934
10:34:11.512,29900,1495,0.0,-0.7468487163192385,349.99948177481934
10:34:11.725,30000,1500,0.0,-0.8196937928702575,349.99948177481934
10:34:11.943,30100,1505,0.0,1.2275075768013464,349.99948177481934
10:34:12.158,30200,1510,0.0,1.8925976682211325,349.99948177481934
10:34:12.370,30300,1515,0.0,-0.3689188426771097,349.99948177481934
10:34:12.586,30400,1520,0.0,-0.09773207277450391,349.99948177481934
10:34:12.801,30500,1525,0.0,1.0821670822097138,349.99948177481934
10:34:13.016,30600,1530,0.0,0.966805404879794,349.99948177481934
10:34:13.227,30700,1535,0.0,-0.08545931135618323,349.99948177481934
10:34:13.440,30800,1540,0.0,-0.964397353461679,349.99948177481934
10:34:13.654,30900,1545,0.0,0.5402776158694844,349.99948177481934
10:34:13.869,31000,1550,0.0,1.5008096321609954,349.99948177481934
10:34:14.083,31100,1555,0.0,-1.3127642003957294,349.99948177481934
10:34:14.296,31200,1560,0.0,0.14371262628646342,349.99948177481934
10:34:14.505,31300,1565,0.0,0.009160716888900744,349.99948177481934
10:34:14.717,31400,1570,0.0,1.78750300178404,349.99948177481934
10:34:14.935,31500,1575,0.0,-0.7239081942020595,349.99948177481934
10:34:15.151,31600,1580,0.0,1.8334935090855096,349.99948177481934
10:34:15.359,31700,1585,0.0,-1.665188877951627,349.99948177481934
10:34:15.570,31800,1590,0.0,0.1432254717077921,349.99948177481934
10:34:15.787,31900,1595,0.0,-0.7791624729277551,349.99948177481934
10:34:15.995,32000,1600,0.0,1.8452900095662845,349.99948177481934
10:34:16.202,32100,1605,0.0,0.06487959697453327,349.99948177481934
10:34:16.412,32200,1610,0.0,-1.9748044334649442,349.99948177481934
10:34:16.628,32300,1615,0.0,1.7208789550346633,349.99948177481934
10:34:16.842,32400,1620,0.0,1.8862055630830423,349.99948177481934
10:34:17.049,32500,1625,0.0,-0.22497658560352685,349.99948177481934
10:34:17.259,32600,1630,0.0,-1.7675143944038405,349.99948177481934
10:34:17.473,32700,1635,0.0,-0.29863557793963524,349.99948177481934
10:34:17.690,32800,1640,0.0,1.098779070647121,349.99948177481934
10:34:17.905,32900,1645,0.0,0.4013904441613003,349.99948177481934
10:34:18.120,33000,1650,0.0,1.253155379736929,349.99948177481934
10:34:18.333,33100,1655,0.0,-0.2817667621136306,349.99948177481934
10:34:18.543,33200,1660,0.0,-1.469955928928965,349.99948177481934
10:34:18.760,33300,1665,0.0,-0.7097927350165212,349.99948177481934
10:34:18.975,33400,1670,0.0,-0.2078965220505853,349.99948177481934
10:34:19.195,33500,1675,0.0,-1.0782492833433652,349.99948177481934
10:34:19.413,33600,1680,0.0,-0.6816067469058029,349.99948177481934
10:34:19.626,33700,1685,0.0,0.5472212888653449,349.99948177481934
10:34:19.842,33800,1690,0.0,-1.1498571061387381,349.99948177481934
10:34:20.053,33900,1695,0.0,-1.1413458651415036,349.99948177481934
10:34:20.268,34000,1700,0.0,1.380501192436375,349.99948177481934
10:34:20.483,34100,1705,0.0,-1.428342092351631,349.99948177481934
10:34:20.701,34200,1710,0.0,-1.5337496276897489,349.99948177481934
10:34:20.911,34300,1715,0.0,-0.5933560940770226,349.99948177481934
10:34:21.119,34400,1720,0.0,-1.1784447010309607,349.99948177481934
10:34:21.334,34500,1725,0.0,-1.0565879216866292,349.99948177481934
10:34:21.544,34600,1730,0.0,0.6759114842096414,349.99948177481934
10:34:21.765,34700,1735,0.0,0.0550942725648369,349.99948177481934
10:34:21.980,34800,1740,0.0,1.8358505753865306,349.99948177481934
10:34:22.195,34900,1745,0.0,-0.19126507169042029,349.99948177481934
10:34:22.407,35000,1750,0.0,1.2518856813008568,349.99948177481934
10:34:22.623,35100,1755,0.0,-1.5618890112034949,349.99948177481934
10:34:22.837,35200,1760,0.0,1.6885245516461196,349.99948177481934
10:34:23.054,35300,1765,0.0,1.4663657490539195,349.99948177481934
10:34:23.267,35400,1770,0.0,0.8093639909271046,349.99948177481934
10:34:23.480,35500,1775,0.0,-1.0208915576265523,349.99948177481934
10:34:23.693,35600,1780,0.0,1.5807717483378605,349.99948177481934
10:34:23.908,35700,1785,0.0,1.8601036051560738,349.99948177481934
10:34:24.124,35800,1790,0.0,0.989985388330366,349.99948177481934
10:34:24.339,35900,1795,0.0,-0.0680163493073489,349.99948177481934
10:34:24.550,36000,1800,0.0,-1.1241116954834554,349.99948177481934
10:34:24.766,36100,1805,0.0,-0.2823764126131709,349.99948177481934
10:34:24.979,36200,1810,0.0,-0.18411784205353365,349.99948177481934
10:34:25.197,36300,1815,0.0,0.08938744355697281,349.99948177481934
10:34:25.405,36400,1820,0.0,-1.6318987716003832,349.99948177481934
10:34:25.618,36500,1825,0.0,1.760876107924489,349.99948177481934
10:34:25.833,36600,1830,0.0,0.35836971365909287,349.99948177481934
10:34:26.048,36700,1835,0.0,-1.1070677728642448,349.99948177481934
10:34:26.259,36800,1840,0.0,-0.8437088528194487,349.99948177481934
10:34:26.471,36900,1845,0.0,1.9296536328755183,349.99948177481934
10:34:26.688,37000,1850,0.0,-0.4364947780611823,349.99948177481934
10:34:26.897,37100,1855,0.0,0.12428410885032548,349.99948177481934
10:34:27.107,37200,1860,0.0,-1.8599935318270795,349.99948177481934
10:34:27.316,37300,1865,0.0,-0.7420641558241172,349.99948177481934
10:34:27.523,37400,1870,0.0,0.1870797666341164,349.99948177481934
10:34:27.741,37500,1875,0.0,0.9934276191479947,349.99948177481934
10:34:27.959,37600,1880,0.0,1.8259614264454336,349.99948177481934
10:34:28.180,37700,1885,0.0,-1.1207994270039738,349.99948177481934
10:34:28.388,37800,1890,0.0,1.8434736839080492,349.99948177481934
10:34:28.603,37900,1895,0.0,1.3365348291982122,349.99948177481934
10:34:28.817,38000,1900,0.0,1.2802534337612075,349.99948177481934
10:34:29.033,38100,1905,0.0,-0.45096477734896334,349.99948177481934
10:34:29.244,38200,1910,0.0,1.098143545597344,349.99948177481934
10:34:29.452,38300,1915,0.0,-1.2365908306386895,349.99948177481934
10:34:29.669,38400,1920,0.0,-0.9328915086109797,349.99948177481934
10:34:29.888,38500,1925,0.0,-1.028084498949862,349.99948177481934
10:34:30.102,38600,1930,0.0,-0.7629189477186138,349.99948177481934
10:34:30.310,38700,1935,0.0,-1.2203953393463207,349.99948177481934
10:34:30.528,38800,1940,0.0,-1.1742651268194892,349.99948177481934
10:34:30.744,38900,1945,0.0,0.356513577350166,349.99948177481934
10:34:30.961,39000,1950,0.0,-1.4308634912001037,349.99948177481934
10:34:31.169,39100,1955,0.0,-0.27099222768660436,349.99948177481934
10:34:31.384,39200,1960,0.0,0.5920434842396127,349.99948177481934
10:34:31.595,39300,1965,0.0,-1.9177833043280685,349.99948177481934
10:34:31.810,39400,1970,0.0,-1.3342648928761283,349.99948177481934
10:34:32.019,39500,1975,0.0,1.7484090362490003,349.99948177481934
10:34:32.229,39600,1980,0.0,-0.9689777306605967,349.99948177481934
10:34:32.447,39700,1985,0.0,1.8917268916761398,349.99948177481934
10:34:32.665,39800,1990,0.0,0.6194317302684214,349.99948177481934
10:34:32.875,39900,1995,0.0,-0.870760858070025,349.99948177481934
10:34:33.089,40000,2000,0.0,-1.359425432513309,349.99948177481934
10:34:33.300,40100,2005,0.0,0.19964578192294136,349.99948177481934
10:34:33.512,40200,2010,0.0,-0.7472614264673081,349.99948177481934
10:34:33.727,40300,2015,0.0,1.1450950100047312,349.99948177481934
10:34:33.943,40400,2020,0.0,0.9865715323377682,349.99948177481934
10:34:34.153,40500,2025,0.0,-1.2164885490983366,349.99948177481934
10:34:34.372,40600,2030,0.0,1.9121842051671116,349.99948177481934
10:34:34.586,40700,2035,0.0,-1.435039396894588,349.99948177481934
10:34:34.802,40800,2040,0.0,-1.1648838400917936,349.99948177481934
10:34:35.016,40900,2045,0.0,-0.3906806611509337,349.99948177481934
10:34:35.226,41000,2050,0.0,0.2744601252526917,349.99948177481934
10:34:35.439,41100,2055,0.0,0.6735595662550353,349.99948177481934
10:34:35.651,41200,2060,0.0,-0.5901288981876194,349.99948177481934
10:34:35.862,41300,2065,0.0,1.464624116082475,349.99948177481934
10:34:36.081,41400,2070,0.0,0.4490985123570348,349.99948177481934
10:34:36.292,41500,2075,0.0,-0.8778742221955285,349.99948177481934
10:34:36.504,41600,2080,0.0,-1.4648354514570152,349.99948177481934
10:34:36.721,41700,2085,0.0,-0.9545702666376776,349.99948177481934
10:34:36.931,41800,2090,0.0,0.5206777630504464,349.99948177481934
10:34:37.145,41900,2095,0.0,-1.7491279999380014,349.99948177481934
10:34:37.361,42000,2100,0.0,-0.7149543957558344,349.99948177481934
10:34:37.578,42100,2105,0.0,1.0654742141335936,349.99948177481934
10:34:37.785,42200,2110,0.0,1.5709173299894532,349.99948177481934
10:34:38.002,42300,2115,0.0,0.5033143130521287,349.99948177481934
10:34:38.212,42400,2120,0.0,0.9082861809525036,349.99948177481934
10:34:38.423,42500,2125,0.0,1.4162868680114227,349.99948177481934
10:34:38.631,42600,2130,0.0,0.3471426900487349,349.99948177481934
10:34:38.849,42700,2135,0.0,1.3657728291344515,349.99948177481934
10:34:39.066,42800,2140,0.0,0.13327037838437805,349.99948177481934
10:34:39.277,42900,2145,0.0,-0.22582425479137935,349.99948177481934
10:34:39.484,43000,2150,0.0,-1.4934169784062368,349.99948177481934
10:34:39.697,43100,2155,0.0,0.19037365339140822,349.99948177481934
10:34:39.909,43200,2160,0.0,1.163141079402993,349.99948177481934
10:34:40.120,43300,2165,0.0,-1.9787368338615474,349.99948177481934
10:34:40.328,43400,2170,0.0,1.3672979522191886,349.99948177481934
10:34:40.538,43500,2175,0.0,-0.24425902876048555,349.99948177481934
10:34:40.755,43600,2180,0.0,-1.6950176046017216,349.99948177481934
10:34:40.968,43700,2185,0.0,1.108172877131477,349.99948177481934
10:34:41.179,43800,2190,0.0,0.7314706549708352,349.99948177481934
10:34:41.394,43900,2195,0.0,-0.30950519498512774,349.99948177481934
10:34:41.601,44000,2200,0.0,1.6634630735542584,349.99948177481934
10:34:41.812,44100,2205,0.0,1.4837167024523468,349.99948177481934
10:34:42.029,44200,2210,0.0,0.8528329673117852,349.99948177481934
10:34:42.239,44300,2215,0.0,0.9888029400468472,349.99948177481934
10:34:42.455,44400,2220,0.0,-1.4087187357606696,349.99948177481934
10:34:42.665,44500,2225,0.0,0.03473076061957414,349.99948177481934
10:34:42.878,44600,2230,0.0,0.943927535172497,349.99948177481934
10:34:43.094,44700,2235,0.0,-1.0589068985673986,349.99948177481934
10:34:43.308,44800,2240,0.0,-1.071004426838512,349.99948177481934
10:34:43.516,44900,2245,0.0,-1.3104769985286175,349.99948177481934
10:34:43.734,45000,2250,0.0,-1.0704886834722886,349.99948177481934
10:34:43.951,45100,2255,0.0,-0.5691524988109431,349.99948177481934
10:34:44.169,45200,2260,0.0,-0.46223050814934297,349.99948177481934
10:34:44.382,45300,2265,0.0,-1.2945905856477204,349.99948177481934
10:34:44.600,45400,2270,0.0,-1.0321203385157434,349.99948177481934
10:34:44.818,45500,2275,0.0,0.3321575057635968,349.99948177481934
10:34:45.034,45600,2280,0.0,-1.5361260029889854,349.99948177481934
10:34:45.242,45700,2285,0.0,1.0581508776432482,349.99948177481934
10:34:45.460,45800,2290,0.0,1.5577760149015911,349.99948177481934
10:34:45.679,45900,2295,0.0,-1.1106777602371345,349.99948177481934
10:34:45.887,46000,2300,0.0,1.8866507675485038,349.99948177481934
10:34:46.097,46100,2305,0.0,-0.9005410442979871,349.99948177481934
10:34:46.316,46200,2310,0.0,-1.8286922092789553,349.99948177481934
10:34:46.536,46300,2315,0.0,-1.993881989718219,349.99948177481934
10:34:46.744,46400,2320,0.0,1.6301117118134827,349.99948177481934
10:34:46.964,46500,2325,0.0,1.3607869919714402,349.99948177481934
10:34:47.182,46600,2330,0.0,-0.9557679635043761,349.99948177481934
10:34:47.392,46700,2335,0.0,-0.21404415440542213,349.99948177481934
10:34:47.604,46800,2340,0.0,1.974728747416802,349.99948177481934
10:34:47.821,46900,2345,0.0,-1.604006556318898,349.99948177481934
10:34:48.034,47000,2350,0.0,-1.6053430273487024,349.99948177481934
10:34:48.248,47100,2355,0.0,-1.1606826267514925,349.99948177481934
10:34:48.457,47200,2360,0.0,1.6102227324239382,349.99948177481934
10:34:48.668,47300,2365,0.0,1.8587342914240526,349.99948177481934
10:34:48.883,47400,2370,0.0,0.9023737998728008,349.99948177481934
10:34:49.097,47500,2375,0.0,0.686096780619319,349.99948177481934
10:34:49.304,47600,2380,0.0,0.28777985070140444,349.99948177481934
10:34:49.518,47700,2385,0.0,1.5053748318259461,349.99948177481934
10:34:49.732,47800,2390,0.0,0.7553146793730745,349.99948177481934
10:34:49.947,47900,2395,0.0,-0.8963569716211262,349.99948177481934
10:34:50.155,48000,2400,0.0,-0.2584193602621858,349.99948177481934
10:34:50.371,48100,2405,0.0,0.8501206342870917,349.99948177481934
10:34:50.582,48200,2410,0.0,-1.6577837252641805,349.99948177481934
10:34:50.792,48300,2415,0.0,0.06328931859796061,349.99948177481934
10:34:51.000,48400,2420,0.0,1.5490678296523614,349.99948177481934
10:34:51.213,48500,2425,0.0,-0.2434828174369219,349.99948177481934
10:34:51.426,48600,2430,0.0,-0.08695110600661682,349.99948177481934
10:34:51.638,48700,2435,0.0,0.440180825736761,349.99948177481934
10:34:51.845,48800,2440,0.0,0.9294662619331242,349.99948177481934
10:34:52.057,48900,2445,0.0,1.4094355438283888,349.99948177481934
10:34:52.273,49000,2450,0.0,1.0297998003909883,349.99948177481934
10:34:52.487,49100,2455,0.0,-1.847448216963362,349.99948177481934
10:34:52.695,49200,2460,0.0,-1.8099504214698623,349.99948177481934
10:34:52.914,49300,2465,0.0,1.323149784718915,349.99948177481934
10:34:53.128,49400,2470,0.0,-1.169950359694084,349.99948177481934
10:34:53.344,49500,2475,0.0,-1.1852009163370272,349.99948177481934
10:34:53.555,49600,2480,0.0,0.6379109231078295,349.99948177481934
10:34:53.768,49700,2485,0.0,1.2433760442023165,349.99948177481934
10:34:53.978,49800,2490,0.0,-1.2687632106776512,349.99948177481934
10:34:54.194,49900,2495,0.0,0.631787476841768,349.99948177481934
10:34:54.409,50000,2500,0.0,-0.5420365667218632,349.99948177481934
10:34:54.617,50100,2505,0.0,0.38893858514241897,349.99948177481934
10:34:54.833,50200,2510,0.0,0.7821180941995318,349.99948177481934
10:34:55.043,50300,2515,0.0,-0.6319656639648286,349.99948177481934
10:34:55.255,50400,2520,0.0,1.575317860756098,349.99948177481934
10:34:55.469,50500,2525,0.0,-0.9320858960889167,349.99948177481934
10:34:55.682,50600,2530,0.0,0.8968754272716337,349.99948177481934
10:34:55.894,50700,2535,0.0,-1.9791280698588243,349.99948177481934
10:34:56.107,50800,2540,0.0,0.7566676764104177,349.99948177481934
10:34:56.322,50900,2545,0.0,1.940928641444983,349.99948177481934
10:34:56.537,51000,2550,0.0,0.08268312970756675,349.99948177481934
10:34:56.752,51100,2555,0.0,0.06382796578555894,349.99948177481934
10:34:56.962,51200,2560,0.0,-0.7672928048703445,349.99948177481934
10:34:57.180,51300,2565,0.0,-1.467114853697515,349.99948177481934
10:34:57.397,51400,2570,0.0,-1.463091705700014,349.99948177481934
10:34:57.606,51500,2575,0.0,0.2640655505342959,349.99948177481934
10:34:57.824,51600,2580,0.0,-1.236215729726566,349.99948177481934
10:34:58.039,51700,2585,0.0,-0.24675294861445218,349.99948177481934
10:34:58.249,51800,2590,0.0,-0.07577948437293047,349.99948177481934
10:34:58.457,51900,2595,0.0,-1.9131293712366917,349.99948177481934
10:34:58.674,52000,2600,0.0,-1.9436519719490004,349.99948177481934
10:34:58.886,52100,2605,0.0,1.968855753508437,349.99948177481934
10:34:59.106,52200,2610,0.0,1.807270762467759,349.99948177481934
10:34:59.316,52300,2615,0.0,1.2020702549596178,349.99948177481934
10:34:59.529,52400,2620,0.0,-1.0060302602230453,349.99948177481934
10:34:59.746,52500,2625,0.0,-1.9417418583387898,349.99948177481934
10:34:59.963,52600,2630,0.0,-0.8748838216963244,349.99948177481934
10:35:00.174,52700,2635,0.0,-1.9775121628544583,349.99948177481934
10:35:00.386,52800,2640,0.0,-0.9756201565210856,349.99948177481934
10:35:00.597,52900,2645,0.0,0.5927038754485681,349.99948177481934
10:35:00.811,53000,2650,0.0,-1.0465347491447425,349.99948177481934
10:35:01.024,53100,2655,0.0,1.5024472616750013,349.99948177481934
10:35:01.240,53200,2660,0.0,-0.6270793692026868,349.99948177481934
10:35:01.454,53300,2665,0.0,1.603908924783152,349.99948177481934
10:35:01.664,53400,2670,0.0,1.9805178330980895,349.99948177481934
10:35:01.880,53500,2675,0.0,1.6006788634771674,349.99948177481934
10:35:02.095,53600,2680,0.0,1.205183365319502,349.99948177481934
10:35:02.315,53700,2685,0.0,1.6781650141085307,349.99948177481934
10:35:02.528,53800,2690,0.0,-0.11946579652647227,349.99948177481934
10:35:02.741,53900,2695,0.0,1.0134617631748477,349.99948177481934
10:35:02.955,54000,2700,0.0,1.0592123721969906,349.99948177481934
10:35:03.172,54100,2705,0.0,-0.6256054565483562,349.99948177481934
10:35:03.380,54200,2710,0.0,0.9803919072141665,349.99948177481934
10:35:03.593,54300,2715,0.0,1.532956616834256,349.99948177481934
10:35:03.807,54400,2720,0.0,-1.9169043560988088,349.99948177481934
10:35:04.023,54500,2725,0.0,-0.3316406007275323,349.99948177481934
10:35:04.232,54600,2730,0.0,-1.9497612936397526,349.99948177481934
10:35:04.446,54700,2735,0.0,0.6957696087985177,349.99948177481934
10:35:04.658,54800,2740,0.0,1.1492057280992363,349.99948177481934
10:35:04.873,54900,2745,0.0,1.0609710402996329,349.99948177481934
10:35:05.081,55000,2750,0.0,1.849470550243355,349.99948177481934
10:35:05.294,55100,2755,0.0,0.8316317253285925,349.99948177481934
10:35:05.511,55200,2760,0.0,-1.91383508881428,349.99948177481934
10:35:05.718,55300,2765,0.0,1.3395859952873312,349.99948177481934
10:35:05.925,55400,2770,0.0,1.413869778786577,349.99948177481934
10:35:06.139,55500,2775,0.0,0.27208106378227725,349.99948177481934
10:35:06.354,55600,2780,0.0,-0.3781590667405976,349.99948177481934
10:35:06.564,55700,2785,0.0,-1.8365051825090442,349.99948177481934
10:35:06.772,55800,2790,0.0,-1.644643236684363,349.99948177481934
10:35:06.985,55900,2795,0.0,1.80532280153865,349.99948177481934
10:35:07.200,56000,2800,0.0,0.36005317484926325,349.99948177481934
10:35:07.406,56100,2805,0.0,1.2494488074211967,349.99948177481934
10:35:07.621,56200,2810,0.0,-1.5456381792367737,349.99948177481934
10:35:07.839,56300,2815,0.0,1.531187608001193,349.99948177481934
10:35:08.056,56400,2820,0.0,0.6517004327308302,349.99948177481934
10:35:08.267,56500,2825,0.0,-1.5854921296382165,349.99948177481934
10:35:08.476,56600,2830,0.0,1.7936953801048667,349.99948177481934
10:35:08.689,56700,2835,0.0,0.3894461689735431,349.99948177481934
10:35:08.907,56800,2840,0.0,-1.0262222971159072,349.99948177481934
10:35:09.126,56900,2845,0.0,0.6264286506734766,349.99948177481934
10:35:09.339,57000,2850,0.0,-1.0605429370225599,349.99948177481934
10:35:09.556,57100,2855,0.0,0.7505835255336195,349.99948177481934
10:35:09.771,57200,2860,0.0,1.083284255263703,349.99948177481934
10:35:09.982,57300,2865,0.0,0.5216313222683393,349.99948177481934
10:35:10.198,57400,2870,0.0,-0.5573077556396937,349.99948177481934
10:35:10.410,57500,2875,0.0,-1.327749567183138,349.99948177481934
10:35:10.630,57600,2880,0.0,0.8677252804717281,349.99948177481934
10:35:10.838,57700,2885,0.0,-0.5021221222603116,349.99948177481934
10:35:11.056,57800,2890,0.0,1.2173231804308902,349.99948177481934
10:35:11.268,57900,2895,0.0,1.7901031779928611,349.99948177481934
10:35:11.484,58000,2900,0.0,-1.0469663417345925,349.99948177481934
10:35:11.692,58100,2905,0.0,-0.4703521474041614,349.99948177481934
10:35:11.901,58200,2910,0.0,-1.465316352453288,349.99948177481934
10:35:12.114,58300,2915,0.0,0.5063550231383327,349.99948177481934
10:35:12.329,58400,2920,0.0,-1.4904415007897063,349.99948177481934
10:35:12.537,58500,2925,0.0,1.260937566671203,349.99948177481934
10:35:12.752,58600,2930,0.0,-0.7655379683899146,349.99948177481934
10:35:12.968,58700,2935,0.0,0.1538091137547295,349.99948177481934
10:35:13.188,58800,2940,0.0,1.9367819670332653,349.99948177481934
10:35:13.396,58900,2945,0.0,1.5488936556011557,349.99948177481934
10:35:13.609,59000,2950,0.0,1.0104729729669066,349.99948177481934
10:35:13.825,59100,2955,0.0,1.7195634359725842,349.99948177481934
10:35:14.039,59200,2960,0.0,-1.0887114364482362,349.99948177481934
10:35:14.246,59300,2965,0.0,0.3601386628967198,349.99948177481934
10:35:14.463,59400,2970,0.0,-0.8853111624214098,349.99948177481934
10:35:14.675,59500,2975,0.0,-0.07694378918969047,349.99948177481934
10:35:14.889,59600,2980,0.0,-1.7941290451142304,349.99948177481934
10:35:15.097,59700,2985,0.0,1.5080509403984927,349.99948177481934
10:35:15.309,59800,2990,0.0,1.9059046725797266,349.99948177481934
10:35:15.522,59900,2995,0.0,-1.1622304643487258,349.99948177481934
10:35:15.732,60000,3000,0.0,-0.3994721222744513,349.99948177481934
10:35:15.939,60100,3005,0.0,0.46241050005394246,349.99948177481934
10:35:16.145,60200,3010,0.0,1.74745824166121,349.99948177481934
10:35:16.353,60300,3015,0.0,1.142715149005276,349.99948177481934
10:35:16.566,60400,3020,0.0,1.0964616424091798,349.99948177481934
10:35:16.775,60500,3025,0.0,-0.3171366305477221,349.99948177481934
10:35:16.988,60600,3030,0.0,0.570455663112559,349.99948177481934
10:35:17.198,60700,3035,0.0,-0.7076968339893659,349.99948177481934
10:35:17.406,60800,3040,0.0,-0.4139300038112581,349.99948177481934
10:35:17.614,60900,3045,0.0,0.27151123958398404,349.99948177481934
10:35:17.829,61000,3050,0.0,-0.6963554260329112,349.99948177481934
10:35:18.038,61100,3055,0.0,-1.4661756042565561,349.99948177481934
10:35:18.248,61200,3060,0.0,0.5191414898117754,349.99948177481934
10:35:18.455,61300,3065,0.0,-1.782785903987309,349.99948177481934
10:35:18.668,61400,3070,0.0,-0.7207058545424698,349.99948177481934
10:35:18.879,61500,3075,0.0,0.3270145202945347,349.99948177481934
10:35:19.088,61600,3080,0.0,-0.2627501664882934,349.99948177481934
10:35:19.295,61700,3085,0.0,0.9482672606442146,349.99948177481934
10:35:19.509,61800,3090,0.0,0.0211194193410269,349.99948177481934
10:35:19.722,61900,3095,0.0,1.6146517161284906,349.99948177481934
10:35:19.936,62000,3100,0.0,-0.5779173969548372,349.99948177481934
10:35:20.148,62100,3105,0.0,0.9745214340405712,349.99948177481934
10:35:20.362,62200,3110,0.0,1.5333898730155315,349.99948177481934
10:35:20.573,62300,3115,0.0,-1.6722985418641918,349.99948177481934
10:35:20.783,62400,3120,0.0,-1.610278450971912,349.99948177481934
10:35:20.994,62500,3125,0.0,-0.5803022485070692,349.99948177481934
10:35:21.204,62600,3130,0.0,1.793078423509936,349.99948177481934
10:35:21.419,62700,3135,0.0,-1.366465367074872,349.99948177481934
10:35:21.627,62800,3140,0.0,-0.16229248213408765,349.99948177481934
10:35:21.841,62900,3145,0.0,0.28240558530477955,349.99948177481934
10:35:22.053,63000,3150,0.0,-1.845978886288977,349.99948177481934
10:35:22.263,63100,3155,0.0,-1.5872359206055204,349.99948177481934
10:35:22.472,63200,3160,0.0,-0.0048233649723798955,349.99948177481934
10:35:22.686,63300,3165,0.0,1.250406133256245,349.99948177481934
10:35:22.896,63400,3170,0.0,0.9747448112010342,349.99948177481934
10:35:23.112,63500,3175,0.0,-0.46753325082453356,349.99948177481934
10:35:23.321,63600,3180,0.0,-0.49858457149706936,349.99948177481934
10:35:23.536,63700,3185,0.0,-1.615457634421849,349.99948177481934
10:35:23.746,63800,3190,0.0,-1.4815392209279983,349.99948177481934
10:35:23.965,63900,3195,0.0,-1.3420887203114549,349.99948177481934
10:35:24.172,64000,3200,0.0,-1.7085039381988718,349.99948177481934
10:35:24.391,64100,3205,0.0,0.24825407511111353,349.99948177481934
10:35:24.604,64200,3210,0.0,0.9640145439953574,349.99948177481934
10:35:24.816,64300,3215,0.0,-0.6833894762242081,349.99948177481934
10:35:25.023,64400,3220,0.0,-1.6344720299186966,349.99948177481934
10:35:25.232,64500,3225,0.0,-1.4867084713013248,349.99948177481934
10:35:25.447,64600,3230,0.0,1.0949670183521887,349.99948177481934
10:35:25.660,64700,3235,0.0,1.422860240231055,349.99948177481934
10:35:25.867,64800,3240,0.0,1.4792713406973164,349.99948177481934
10:35:26.080,64900,3245,0.0,-0.589143531989178,349.99948177481934
10:35:26.290,65000,3250,0.0,-0.23185713596970947,349.99948177481934
10:35:26.500,65100,3255,0.0,-1.7181289271250026,349.99948177481934
10:35:26.708,65200,3260,0.0,-0.5940389182779287,349.99948177481934
10:35:26.922,65300,3265,0.0,0.9119981282542731,349.99948177481934
10:35:27.138,65400,3270,0.0,0.7993641163278205,349.99948177481934
10:35:27.352,65500,3275,0.0,0.4649055099396233,349.99948177481934
10:35:27.559,65600,3280,0.0,0.28142528945930945,349.99948177481934
10:35:27.769,65700,3285,0.0,-0.551798401838759,349.99948177481934
10:35:27.981,65800,3290,0.0,0.23304358106702905,349.99948177481934
10:35:28.190,65900,3295,0.0,-1.1968033544362653,349.99948177481934
10:35:28.403,66000,3300,0.0,-1.97940403080915,349.99948177481934
10:35:28.612,66100,3305,0.0,0.5228419795249861,349.99948177481934
10:35:28.828,66200,3310,0.0,0.2462204034022082,349.99948177481934
10:35:29.036,66300,3315,0.0,-1.3565319435135903,349.99948177481934
10:35:29.249,66400,3320,0.0,-1.8808250471587469,349.99948177481934
10:35:29.461,66500,3325,0.0,-0.7184639558927413,349.99948177481934
10:35:29.675,66600,3330,0.0,1.1929743536395017,349.99948177481934
10:35:29.886,66700,3335,0.0,-0.5098360296819675,349.99948177481934
10:35:30.101,66800,3340,0.0,-1.5252793881822444,349.99948177481934
10:35:30.315,66900,3345,0.0,0.44359699494547566,349.99948177481934
10:35:30.528,67000,3350,0.0,1.343543188155428,349.99948177481934
10:35:30.735,67100,3355,0.0,-0.8207179001453055,349.99948177481934
10:35:30.950,67200,3360,0.0,1.2034893201668484,349.99948177481934
10:35:31.165,67300,3365,0.0,0.6556223196855933,349.99948177481934
10:35:31.378,67400,3370,0.0,0.505779960952407,349.99948177481934
10:35:31.587,67500,3375,0.0,-1.2197622221986149,349.99948177481934
10:35:31.802,67600,3380,0.0,-0.6818636482761824,349.99948177481934
10:35:32.012,67700,3385,0.0,-0.41958942673509814,349.99948177481934
10:35:32.225,67800,3390,0.0,0.04264540064558098,349.99948177481934
10:35:32.432,67900,3395,0.0,-0.1748268617541302,349.99948177481934
10:35:32.640,68000,3400,0.0,-0.7865761167138188,349.99948177481934
10:35:32.850,68100,3405,0.0,-0.12259788285370998,349.99948177481934
10:35:33.060,68200,3410,0.0,1.7330260115665994,349.99948177481934
10:35:33.267,68300,3415,0.0,1.2435181057411016,349.99948177481934
10:35:33.482,68400,3420,0.0,1.2177883278519852,349.99948177481934
10:35:33.696,68500,3425,0.0,0.7268807947204743,349.99948177481934
10:35:33.911,68600,3430,0.0,-1.2230953159370932,349.99948177481934
10:35:34.120,68700,3435,0.0,-1.6697596467403586,349.99948177481934
10:35:34.337,68800,3440,0.0,0.2914962293616665,349.99948177481934
10:35:34.553,68900,3445,0.0,0.2945229814665207,349.99948177481934
10:35:34.769,69000,3450,0.0,0.44632015602978026,349.99948177481934
10:35:34.976,69100,3455,0.0,-1.3009733654552464,349.99948177481934
10:35:35.194,69200,3460,0.0,0.8802159109608558,349.99948177481934
10:35:35.410,69300,3465,0.0,-1.3603585921789247,349.99948177481934
10:35:35.625,69400,3470,0.0,-0.14058480961956077,349.99948177481934
10:35:35.832,69500,3475,0.0,-1.9190197251902226,349.99948177481934
10:35:36.044,69600,3480,0.0,1.260370937564606,349.99948177481934
10:35:36.254,69700,3485,0.0,-1.6906937855289632,349.99948177481934
10:35:36.466,69800,3490,0.0,-1.635849193836989,349.99948177481934
10:35:36.686,69900,3495,0.0,1.3883269543737273,349.99948177481934
10:35:36.896,70000,3500,0.0,-0.9621373632721171,349.99948177481934
10:35:37.108,70100,3505,0.0,-1.8675402327033814,349.99948177481934
10:35:37.318,70200,3510,0.0,1.5220397607836893,349.99948177481934
10:35:37.527,70300,3515,0.0,1.1020743676404,349.99948177481934
10:35:37.740,70400,3520,0.0,0.6529624111249466,349.99948177481934
10:35:37.960,70500,3525,0.0,0.9007938552801291,349.99948177481934
10:35:38.167,70600,3530,0.0,0.7066769925039376,349.99948177481934
10:35:38.377,70700,3535,0.0,-0.1722246969491663,349.99948177481934
10:35:38.590,70800,3540,0.0,-1.6720595307209023,349.99948177481934
10:35:38.798,70900,3545,0.0,1.7574145208531102,349.99948177481934
10:35:39.006,71000,3550,0.0,-0.9674175815783204,349.99948177481934
10:35:39.214,71100,3555,0.0,0.8966534615556165,349.99948177481934
10:35:39.428,71200,3560,0.0,-1.2583038272053049,349.99948177481934
10:35:39.646,71300,3565,0.0,-1.5094494738640458,349.99948177481934
10:35:39.855,71400,3570,0.0,1.2341722599875675,349.99948177481934
10:35:40.062,71500,3575,0.0,0.12945581221690095,349.99948177481934
10:35:40.272,71600,3580,0.0,-1.1616774500430105,349.99948177481934
10:35:40.486,71700,3585,0.0,0.23080147669139395,349.99948177481934
10:35:40.694,71800,3590,0.0,1.6448224014050985,349.99948177481934
10:35:40.904,71900,3595,0.0,1.1275976688433982,349.99948177481934
10:35:41.128,72000,3600,0.0,-1.9372157354211694,349.99948177481934
10:35:41.344,72100,3605,0.0,-0.9741024301992263,349.99948177481934
10:35:41.551,72200,3610,0.0,1.363613935358556,349.99948177481934
10:35:41.767,72300,3615,0.0,-1.5433677362105716,349.99948177481934
10:35:41.983,72400,3620,0.0,-1.3112813009113995,349.99948177481934
10:35:42.196,72500,3625,0.0,-1.3576578998265005,349.99948177481934
10:35:42.404,72600,3630,0.0,0.3866732017772989,349.99948177481934
10:35:42.620,72700,3635,0.0,0.5824013044327252,349.99948177481934
10:35:42.838,72800,3640,0.0,-1.778178551767656,349.99948177481934
10:35:43.048,72900,3645,0.0,-0.30204770265618164,349.99948177481934
10:35:43.256,73000,3650,0.0,1.2605892077978638,349.99948177481934
10:35:43.471,73100,3655,0.0,-0.8339426565717241,349.99948177481934
10:35:43.684,73200,3660,0.0,1.962810335398649,349.99948177481934
10:35:43.898,73300,3665,0.0,1.4176113298699278,349.99948177481934
10:35:44.106,73400,3670,0.0,0.5612314093868025,349.99948177481934
10:35:44.323,73500,3675,0.0,-0.4586887343094985,349.99948177481934
10:35:44.540,73600,3680,0.0,1.8204995255931409,349.99948177481934
10:35:44.746,73700,3685,0.0,0.9231610201742351,349.99948177481934
10:35:44.964,73800,3690,0.0,-1.5892712512643032,349.99948177481934
10:35:45.172,73900,3695,0.0,0.30203890239416165,349.99948177481934
10:35:45.380,74000,3700,0.0,-0.10571472580446173,349.99948177481934
10:35:45.588,74100,3705,0.0,-0.24644735673767926,349.99948177481934
10:35:45.797,74200,3710,0.0,-1.6536078907904246,349.99948177481934
10:35:46.015,74300,3715,0.0,-0.3217370221782483,349.99948177481934
10:35:46.225,74400,3720,0.0,-0.7604610173860462,349.99948177481934
10:35:46.433,74500,3725,0.0,-1.2095433821072432,349.99948177481934
10:35:46.641,74600,3730,0.0,0.1341070188842277,349.99948177481934
10:35:46.855,74700,3735,0.0,0.22834282063892264,349.99948177481934
10:35:47.072,74800,3740,0.0,-1.0610399493946474,349.99948177481934
10:35:47.282,74900,3745,0.0,0.5843270621924415,349.99948177481934
10:35:47.492,75000,3750,0.0,-0.8647035596815442,349.99948177481934
10:35:47.707,75100,3755,0.0,1.6023483510953125,349.99948177481934
10:35:47.924,75200,3760,0.0,1.397788170606725,349.99948177481934
10:35:48.131,75300,3765,0.0,1.9822766816218245,349.99948177481934
10:35:48.341,75400,3770,0.0,0.8970943536518341,349.99948177481934
10:35:48.557,75500,3775,0.0,0.195981942283741,349.99948177481934
10:35:48.766,75600,3780,0.0,-1.6398969856185404,349.99948177481934
10:35:48.973,75700,3785,0.0,-0.8503365062831141,349.99948177481934
10:35:49.188,75800,3790,0.0,-1.869978506813573,349.99948177481934
10:35:49.404,75900,3795,0.0,0.6031940609714956,349.99948177481934
10:35:49.620,76000,3800,0.0,-0.749452600055935,349.99948177481934
10:35:49.830,76100,3805,0.0,-1.4327775585487457,349.99948177481934
10:35:50.044,76200,3810,0.0,-1.1275393418329993,349.99948177481934
10:35:50.261,76300,3815,0.0,-1.3235642293823897,349.99948177481934
10:35:50.477,76400,3820,0.0,-1.1434803249500431,349.99948177481934
10:35:50.684,76500,3825,0.0,1.3746332249658244,349.99948177481934
10:35:50.894,76600,3830,0.0,-1.3422220623965355,349.99948177481934
10:35:51.109,76700,3835,0.0,-1.5257259943907115,349.99948177481934
10:35:51.322,76800,3840,0.0,1.9428351840207472,349.99948177481934
10:35:51.536,76900,3845,0.0,0.5253176236648214,349.99948177481934
10:35:51.751,77000,3850,0.0,-0.2235322988640953,349.99948177481934
10:35:51.959,77100,3855,0.0,0.17089961134787268,349.99948177481934
10:35:52.175,77200,3860,0.0,0.07717515681607212,349.99948177481934
10:35:52.383,77300,3865,0.0,-0.03262451189382087,349.99948177481934
10:35:52.598,77400,3870,0.0,0.11441572872588734,349.99948177481934
10:35:52.813,77500,3875,0.0,-0.9399377690704744,349.99948177481934
10:35:53.027,77600,3880,0.0,-0.3516175985549985,349.99948177481934
10:35:53.234,77700,3885,0.0,-0.9479947348618829,349.99948177481934
10:35:53.447,77800,3890,0.0,-0.9891345457350145,349.99948177481934
10:35:53.654,77900,3895,0.0,-0.15778439372991837,349.99948177481934
10:35:53.862,78000,3900,0.0,-1.9025309518511269,349.99948177481934
10:35:54.070,78100,3905,0.0,0.734893323159918,349.99948177481934
10:35:54.285,78200,3910,0.0,-0.7415021150380787,349.99948177481934
10:35:54.498,78300,3915,0.0,0.4344990411538179,349.99948177481934
10:35:54.710,78400,3920,0.0,-0.23139393743832182,349.99948177481934
10:35:54.918,78500,3925,0.0,-0.7374184501798888,349.99948177481934
10:35:55.134,78600,3930,0.0,0.6996506942747271,349.99948177481934
10:35:55.344,78700,3935,0.0,1.0914737835649042,349.99948177481934
10:35:55.552,78800,3940,0.0,1.4361192005111754,349.99948177481934
10:35:55.772,78900,3945,0.0,-0.41422616965257886,349.99948177481934
10:35:55.986,79000,3950,0.0,-1.9560138899215724,349.99948177481934
10:35:56.197,79100,3955,0.0,-1.1715476808748506,349.99948177481934
10:35:56.404,79200,3960,0.0,-0.20775115949842116,349.99948177481934
10:35:56.612,79300,3965,0.0,-0.8472287459928856,349.99948177481934
10:35:56.827,79400,3970,0.0,0.05873778901164517,349.99948177481934
10:35:57.037,79500,3975,0.0,1.3270248903991386,349.99948177481934
10:35:57.245,79600,3980,0.0,-0.2818708341564409,349.99948177481934
10:35:57.458,79700,3985,0.0,1.2109013902738615,349.99948177481934
10:35:57.673,79800,3990,0.0,-1.8806577678724699,349.99948177481934
10:35:57.880,79900,3995,0.0,0.6920189509508101,349.99948177481934
10:35:58.087,80000,4000,0.0,1.605209680254109,349.99948177481934
10:35:58.299,80100,4005,0.0,1.3020913010303117,349.99948177481934
10:35:58.506,80200,4010,0.0,-1.5733624272931692,349.99948177481934
10:35:58.717,80300,4015,0.0,-0.2843312498967019,349.99948177481934
10:35:58.925,80400,4020,0.0,-1.9325555232259926,349.99948177481934
10:35:59.142,80500,4025,0.0,-1.056314267180321,349.99948177481934
10:35:59.349,80600,4030,0.0,0.3400024807030295,349.99948177481934
10:35:59.564,80700,4035,0.0,1.02131562783488,349.99948177481934
10:35:59.772,80800,4040,0.0,0.8756904842276203,349.99948177481934
10:35:59.983,80900,4045,0.0,-0.8984936898309983,349.99948177481934
10:36:00.194,81000,4050,0.0,0.6306426331837649,349.99948177481934
10:36:00.409,81100,4055,0.0,0.10015873596815039,349.99948177481934
10:36:00.619,81200,4060,0.0,-0.8009006943481669,349.99948177481934
10:36:00.829,81300,4065,0.0,0.11595426708431811,349.99948177481934
10:36:01.039,81400,4070,0.0,-0.5454921405879731,349.99948177481934
10:36:01.257,81500,4075,0.0,1.4961581890239315,349.99948177481934
10:36:01.475,81600,4080,0.0,0.9324330721823868,349.99948177481934
10:36:01.688,81700,4085,0.0,1.2607322959681486,349.99948177481934
10:36:01.902,81800,4090,0.0,-1.3899605000553579,349.99948177481934
10:36:02.118,81900,4095,0.0,-1.0322763842039975,349.99948177481934
10:36:02.333,82000,4100,0.0,-1.0954697087659784,349.99948177481934
10:36:02.548,82100,4105,0.0,-0.05499982026807393,349.99948177481934
10:36:02.760,82200,4110,0.0,0.2963845310894584,349.99948177481934
10:36:02.977,82300,4115,0.0,-0.490093018260783,349.99948177481934
10:36:03.185,82400,4120,0.0,0.7936876947279567,349.99948177481934
10:36:03.401,82500,4125,0.0,1.3628731634337243,349.99948177481934
10:36:03.621,82600,4130,0.0,0.07649955452252355,349.99948177481934
10:36:03.829,82700,4135,0.0,0.26587777928974354,349.99948177481934
10:36:04.037,82800,4140,0.0,-0.4189420752941668,349.99948177481934
10:36:04.252,82900,4145,0.0,0.9206355170710556,349.99948177481934
10:36:04.468,83000,4150,0.0,-1.4292119052460492,349.99948177481934
10:36:04.676,83100,4155,0.0,1.2219918917480408,349.99948177481934
10:36:04.886,83200,4160,0.0,-1.8593078695974237,349.99948177481934
10:36:05.096,83300,4165,0.0,0.9873789732749754,349.99948177481934
10:36:05.302,83400,4170,0.0,0.6837516742773828,349.99948177481934
10:36:05.511,83500,4175,0.0,0.9923459555274801,349.99948177481934
10:36:05.721,83600,4180,0.0,0.21872605101208498,349.99948177481934
10:36:05.928,83700,4185,0.0,1.2151913732753594,349.99948177481934
10:36:06.135,83800,4190,0.0,1.7675570717995575,349.99948177481934
10:36:06.345,83900,4195,0.0,-1.1984692989616588,349.99948177481934
10:36:06.561,84000,4200,0.0,-1.580408673344028,349.99948177481934
10:36:06.776,84100,4205,0.0,-0.9426041203725637,349.99948177481934
10:36:06.984,84200,4210,0.0,-1.3642963366233083,349.99948177481934
10:36:07.192,84300,4215,0.0,1.987728778671653,349.99948177481934
10:36:07.405,84400,4220,0.0,1.5853362421112163,349.99948177481934
10:36:07.619,84500,4225,0.0,-0.4477135785167743,349.99948177481934
10:36:07.835,84600,4230,0.0,0.5807441186688118,349.99948177481934
10:36:08.043,84700,4235,0.0,-0.01166403622565415,349.99948177481934
10:36:08.258,84800,4240,0.0,1.899339218775928,349.99948177481934
10:36:08.469,84900,4245,0.0,-0.92963175828922,349.99948177481934
10:36:08.679,85000,4250,0.0,-1.8927675758711464,349.99948177481934
10:36:08.887,85100,4255,0.0,-0.7650478903285216,349.99948177481934
10:36:09.095,85200,4260,0.0,-1.626927295945312,349.99948177481934
10:36:09.310,85300,4265,0.0,0.6085607740693275,349.99948177481934
10:36:09.524,85400,4270,0.0,1.7565187605847496,349.99948177481934
10:36:09.733,85500,4275,0.0,-1.2603130018670323,349.99948177481934
10:36:09.941,85600,4280,0.0,1.3376086721336478,349.99948177481934
10:36:10.153,85700,4285,0.0,-0.15603550304675906,349.99948177481934
10:36:10.367,85800,4290,0.0,1.966955905046075,349.99948177481934
10:36:10.577,85900,4295,0.0,-0.5084213287678954,349.99948177481934
10:36:10.793,86000,4300,0.0,-1.034284971180802,349.99948177481934
10:36:11.009,86100,4305,0.0,0.8008277672831792,349.99948177481934
10:36:11.219,86200,4310,0.0,-1.4663761342477475,349.99948177481934
10:36:11.428,86300,4315,0.0,1.1255829615145765,349.99948177481934
10:36:11.642,86400,4320,0.0,-1.0658999671992166,349.99948177481934
10:36:11.857,86500,4325,0.0,-1.4676650049365887,349.99948177481934
10:36:12.075,86600,4330,0.0,1.4658429071059786,349.99948177481934
10:36:12.283,86700,4335,0.0,-1.4360600061635282,349.99948177481934
10:36:12.496,86800,4340,0.0,-0.1439089507921456,349.99948177481934
10:36:12.706,86900,4345,0.0,-1.839075129063151,349.99948177481934
10:36:12.916,87000,4350,0.0,1.3111903480924307,349.99948177481934
10:36:13.123,87100,4355,0.0,-1.2434936320944843,349.99948177481934
10:36:13.335,87200,4360,0.0,1.4507424388852512,349.99948177481934
10:36:13.552,87300,4365,0.0,0.6468834366397522,349.99948177481934
10:36:13.764,87400,4370,0.0,1.685785631561135,349.99948177481934
10:36:13.971,87500,4375,0.0,-1.6719452382697049,349.99948177481934
10:36:14.188,87600,4380,0.0,-1.7672081021212813,349.99948177481934
10:36:14.407,87700,4385,0.0,-1.0850353614119754,349.99948177481934
10:36:14.619,87800,4390,0.0,-0.08490957042694003,349.99948177481934
10:36:14.826,87900,4395,0.0,-1.528510573372177,349.99948177481934
10:36:15.040,88000,4400,0.0,-1.7927111585735394,349.99948177481934
10:36:15.251,88100,4405,0.0,-0.2708611756031014,349.99948177481934
10:36:15.468,88200,4410,0.0,1.8366024397109841,349.99948177481934
10:36:15.675,88300,4415,0.0,-0.6831461323211596,349.99948177481934
10:36:15.890,88400,4420,0.0,-1.0126508123302833,349.99948177481934
10:36:16.102,88500,4425,0.0,-1.6056540642939092,349.99948177481934
10:36:16.309,88600,4430,0.0,-0.22761986523470767,349.99948177481934
10:36:16.518,88700,4435,0.0,1.5776272997759806,349.99948177481934
10:36:16.725,88800,4440,0.0,-1.7137403450177264,349.99948177481934
10:36:16.935,88900,4445,0.0,-0.42541998588781027,349.99948177481934
10:36:17.144,89000,4450,0.0,0.8699798488404169,349.99948177481934
10:36:17.352,89100,4455,0.0,0.6824305744873249,349.99948177481934
10:36:17.566,89200,4460,0.0,-1.9377395090729994,349.99948177481934
10:36:17.782,89300,4465,0.0,1.6001277386814134,349.99948177481934
10:36:17.991,89400,4470,0.0,1.2749680343089929,349.99948177481934
10:36:18.205,89500,4475,0.0,1.8885523619718403,349.99948177481934
10:36:18.418,89600,4480,0.0,0.01424846296764537,349.99948177481934
10:36:18.625,89700,4485,0.0,-0.8107466580700269,349.99948177481934
10:36:18.832,89800,4490,0.0,-1.1294774645075187,349.99948177481934
10:36:19.039,89900,4495,0.0,-1.17031626219383,349.99948177481934
10:36:19.249,90000,4500,0.0,-0.6473287262174039,349.99948177481934
10:36:19.460,90100,4505,0.0,-1.2559994578159017,349.99948177481934
10:36:19.668,90200,4510,0.0,-0.7195052430576108,349.99948177481934
10:36:19.875,90300,4515,0.0,1.130658376209186,349.99948177481934
10:36:20.082,90400,4520,0.0,-0.32550437415785316,349.99948177481934
10:36:20.297,90500,4525,0.0,0.42157249118923934,349.99948177481934
10:36:20.506,90600,4530,0.0,-0.29392187796536895,349.99948177481934
10:36:20.723,90700,4535,0.0,-0.3046144234978292,349.99948177481934
10:36:20.934,90800,4540,0.0,-1.7821156050877605,349.99948177481934
10:36:21.148,90900,4545,0.0,1.6168460700548786,349.99948177481934
10:36:21.357,91000,4550,0.0,-0.7708288016575251,349.99948177481934
10:36:21.569,91100,4555,0.0,-1.2743982181803917,349.99948177481934
10:36:21.787,91200,4560,0.0,1.2655203014299854,349.99948177481934
10:36:22.000,91300,4565,0.0,1.4407642261694904,349.99948177481934
10:36:22.208,91400,4570,0.0,0.29186274402172696,349.99948177481934
10:36:22.424,91500,4575,0.0,0.44751726306417083,349.99948177481934
10:36:22.638,91600,4580,0.0,1.313160962373081,349.99948177481934
10:36:22.850,91700,4585,0.0,0.6585416471745922,349.99948177481934
10:36:23.057,91800,4590,0.0,-0.5420684602656709,349.99948177481934
10:36:23.270,91900,4595,0.0,-1.681669264912991,349.99948177481934
10:36:23.485,92000,4600,0.0,-0.10608917080735702,349.99948177481934
10:36:23.693,92100,4605,0.0,-0.7361611556825176,349.99948177481934
10:36:23.902,92200,4610,0.0,-0.39306826513754123,349.99948177481934
10:36:24.113,92300,4615,0.0,1.6826384551058098,349.99948177481934
10:36:24.328,92400,4620,0.0,0.11447933626755535,349.99948177481934
10:36:24.537,92500,4625,0.0,-1.0722955619168362,349.99948177481934
10:36:24.746,92600,4630,0.0,0.23698504490212224,349.99948177481934
10:36:24.952,92700,4635,0.0,-1.7143691129999508,349.99948177481934
10:36:25.160,92800,4640,0.0,-1.0464042986258266,349.99948177481934
10:36:25.371,92900,4645,0.0,-1.7757088210841596,349.99948177481934
10:36:25.579,93000,4650,0.0,1.348574372536897,349.99948177481934
10:36:25.792,93100,4655,0.0,1.8833856151184172,349.99948177481934
10:36:26.009,93200,4660,0.0,0.1465639614098322,349.99948177481934
10:36:26.218,93300,4665,0.0,0.09757770438023838,349.99948177481934
10:36:26.427,93400,4670,0.0,-1.5027225501449655,349.99948177481934
10:36:26.644,93500,4675,0.0,0.3907552155698135,349.99948177481934
10:36:26.857,93600,4680,0.0,-1.9213509132105462,349.99948177481934
10:36:27.071,93700,4685,0.0,0.12225704775344814,349.99948177481934
10:36:27.280,93800,4690,0.0,1.1247813587629598,349.99948177481934
10:36:27.496,93900,4695,0.0,0.5876533084835303,349.99948177481934
10:36:27.709,94000,4700,0.0,-0.16208977738434838,349.99948177481934
10:36:27.918,94100,4705,0.0,1.019457292246695,349.99948177481934
10:36:28.125,94200,4710,0.0,1.2718283025812123,349.99948177481934
10:36:28.343,94300,4715,0.0,-1.2795026361711304,349.99948177481934
10:36:28.558,94400,4720,0.0,0.3692276596850159,349.99948177481934
10:36:28.770,94500,4725,0.0,-0.6118736916468785,349.99948177481934
10:36:28.977,94600,4730,0.0,-0.31352190346534137,349.99948177481934
10:36:29.190,94700,4735,0.0,-1.2781781061421431,349.99948177481934
10:36:29.401,94800,4740,0.0,-1.0173233408741376,349.99948177481934
10:36:29.608,94900,4745,0.0,-1.1327597537037275,349.99948177481934
10:36:29.814,95000,4750,0.0,-1.8462687652356733,349.99948177481934
10:36:30.022,95100,4755,0.0,1.3468303128229127,349.99948177481934
10:36:30.232,95200,4760,0.0,0.4270655806464423,349.99948177481934
10:36:30.440,95300,4765,0.0,0.3148573046482399,349.99948177481934
10:36:30.652,95400,4770,0.0,-1.680133769289728,349.99948177481934
10:36:30.869,95500,4775,0.0,0.600410058854854,349.99948177481934
10:36:31.083,95600,4780,0.0,-1.4421150228337818,349.99948177481934
10:36:31.292,95700,4785,0.0,-0.4270257743826744,349.99948177481934
10:36:31.503,95800,4790,0.0,-0.6753410639002637,349.99948177481934
10:36:31.714,95900,4795,0.0,1.8680526866551626,349.99948177481934
10:36:31.927,96000,4800,0.0,-1.9079585977405316,349.99948177481934
10:36:32.135,96100,4805,0.0,-0.1805141201389482,349.99948177481934
10:36:32.355,96200,4810,0.0,0.48321753145157853,349.99948177481934
10:36:32.566,96300,4815,0.0,-1.212595125483813,349.99948177481934
10:36:32.787,96400,4820,0.0,-0.15235787622967356,349.99948177481934
10:36:32.995,96500,4825,0.0,1.1935868975181156,349.99948177481934
10:36:33.209,96600,4830,0.0,0.41309655444259885,349.99948177481934
10:36:33.421,96700,4835,0.0,1.1999863512376487,349.99948177481934
10:36:33.632,96800,4840,0.0,-1.7721225205286433,349.99948177481934
10:36:33.840,96900,4845,0.0,0.18613089554804763,349.99948177481934
10:36:34.060,97000,4850,0.0,-1.957280137677404,349.99948177481934
10:36:34.271,97100,4855,0.0,0.5205970679339784,349.99948177481934
10:36:34.481,97200,4860,0.0,-0.8377222595775806,349.99948177481934
10:36:34.688,97300,4865,0.0,1.7092636125685194,349.99948177481934
10:36:34.900,97400,4870,0.0,0.4739272769920646,349.99948177481934
10:36:35.108,97500,4875,0.0,1.9470222934521866,349.99948177481934
10:36:35.325,97600,4880,0.0,1.8501297086137805,349.99948177481934
10:36:35.540,97700,4885,0.0,-1.9946722353945354,349.99948177481934
10:36:35.756,97800,4890,0.0,1.4863464302130183,349.99948177481934
10:36:35.964,97900,4895,0.0,-1.5002281684123244,349.99948177481934
10:36:36.183,98000,4900,0.0,-1.9307499900531626,349.99948177481934
10:36:36.391,98100,4905,0.0,0.066399354397368,349.99948177481934
10:36:36.604,98200,4910,0.0,1.6376867277817055,349.99948177481934
10:36:36.819,98300,4915,0.0,-0.21699065066646428,349.99948177481934
10:36:37.029,98400,4920,0.0,-1.1930163726203769,349.99948177481934
10:36:37.238,98500,4925,0.0,-1.0295273021876477,349.99948177481934
10:36:37.446,98600,4930,0.0,1.7594705013889098,349.99948177481934
10:36:37.664,98700,4935,0.0,1.9692919313233084,349.99948177481934
10:36:37.873,98800,4940,0.0,0.3731176595291754,349.99948177481934
10:36:38.080,98900,4945,0.0,-0.08807610670805133,349.99948177481934
10:36:38.288,99000,4950,0.0,-1.386957022505602,349.99948177481934
10:36:38.502,99100,4955,0.0,-1.9202053782031432,349.99948177481934
10:36:38.713,99200,4960,0.0,1.3149985576547194,349.99948177481934
10:36:38.922,99300,4965,0.0,1.9766274076401715,349.99948177481934
10:36:39.132,99400,4970,0.0,0.3872490960060033,349.99948177481934
10:36:39.344,99500,4975,0.0,0.658258730401359,349.99948177481934
10:36:39.554,99600,4980,0.0,1.3090469189055742,349.99948177481934
10:36:39.762,99700,4985,0.0,0.09506280757850583,349.99948177481934
10:36:39.977,99800,4990,0.0,-0.5876729348723866,349.99948177481934
10:36:40.193,99900,4995,0.0,-0.1707509539277714,349.99948177481934
10:36:40.400,100000,5000,0.0,-1.810449002372808,349.99948177481934
10:36:40.608,100100,5005,0.0,-0.37890422188211303,349.99948177481934
10:36:40.820,100200,5010,0.0,-1.3390202488944452,349.99948177481934
10:36:41.037,100300,5015,0.0,0.4433212565759015,349.99948177481934
10:36:41.244,100400,5020,0.0,0.32053187962803387,349.99948177481934
10:36:41.458,100500,5025,0.0,1.4487069044136462,349.99948177481934
10:36:41.674,100600,5030,0.0,0.9986292980357812,349.99948177481934
10:36:41.892,100700,5035,0.0,1.0249788517291325,349.99948177481934
10:36:42.100,100800,5040,0.0,-0.07408219883757061,349.99948177481934
10:36:42.309,100900,5045,0.0,1.0861476708918696,349.99948177481934
10:36:42.518,101000,5050,0.0,0.5259292686246932,349.99948177481934
10:36:42.738,101100,5055,0.0,-0.823199464568761,349.99948177481934
10:36:42.946,101200,5060,0.0,-1.0327877237177203,349.99948177481934
10:36:43.154,101300,5065,0.0,-0.31549343158517296,349.99948177481934
10:36:43.364,101400,5070,0.0,-1.9789135278222276,349.99948177481934
10:36:43.578,101500,5075,0.0,0.9449218772418324,349.99948177481934
10:36:43.788,101600,5080,0.0,0.21853789944787083,349.99948177481934
10:36:43.999,101700,5085,0.0,-1.2007238997559924,349.99948177481934
10:36:44.211,101800,5090,0.0,1.0490844389822156,349.99948177481934
10:36:44.425,101900,5095,0.0,-0.5149943439256082,349.99948177481934
10:36:44.633,102000,5100,0.0,-1.2615784664748073,349.99948177481934
10:36:44.851,102100,5105,0.0,0.32798653614190565,349.99948177481934
10:36:45.067,102200,5110,0.0,1.9075922993298722,349.99948177481934
10:36:45.275,102300,5115,0.0,-0.1794001271346044,349.99948177481934
10:36:45.485,102400,5120,0.0,-0.5702672278727712,349.99948177481934
10:36:45.701,102500,5125,0.0,1.1049634803493067,349.99948177481934
10:36:45.915,102600,5130,0.0,0.9859021169627047,349.99948177481934
10:36:46.125,102700,5135,0.0,-0.599526131694732,349.99948177481934
10:36:46.336,102800,5140,0.0,-0.7214123408629005,349.99948177481934
10:36:46.550,102900,5145,0.0,1.3360345815745043,349.99948177481934
10:36:46.758,103000,5150,0.0,0.5466373341655864,349.99948177481934
10:36:46.973,103100,5155,0.0,1.6644330451980465,349.99948177481934
10:36:47.181,103200,5160,0.0,-1.1205012130167962,349.99948177481934
10:36:47.392,103300,5165,0.0,-0.15972882686283763,349.99948177481934
10:36:47.600,103400,5170,0.0,-0.5805721353597697,349.99948177481934
10:36:47.809,103500,5175,0.0,-1.4307292446634938,349.99948177481934
10:36:48.017,103600,5180,0.0,-1.497890818788711,349.99948177481934
10:36:48.230,103700,5185,0.0,1.653196224165245,349.99948177481934
10:36:48.447,103800,5190,0.0,-0.7013996065864716,349.99948177481934
10:36:48.654,103900,5195,0.0,-0.10002450202348134,349.99948177481934
10:36:48.862,104000,5200,0.0,1.5894874121256497,349.99948177481934
10:36:49.077,104100,5205,0.0,0.9590273993405405,349.99948177481934
10:36:49.289,104200,5210,0.0,1.0618025040317196,349.99948177481934
10:36:49.497,104300,5215,0.0,-0.36554537333094217,349.99948177481934
10:36:49.704,104400,5220,0.0,-0.3265773096250224,349.99948177481934
10:36:49.912,104500,5225,0.0,1.8693446859384282,349.99948177481934
10:36:50.125,104600,5230,0.0,0.2947250609975889,349.99948177481934
10:36:50.335,104700,5235,0.0,-1.2460432021419865,349.99948177481934
10:36:50.543,104800,5240,0.0,-1.1772088350630945,349.99948177481934
10:36:50.755,104900,5245,0.0,-1.9228430468701259,349.99948177481934
10:36:50.972,105000,5250,0.0,-1.0066245057270828,349.99948177481934
10:36:51.180,105100,5255,0.0,-1.4230687152397379,349.99948177481934
10:36:51.396,105200,5260,0.0,1.7321806231190084,349.99948177481934
10:36:51.610,105300,5265,0.0,0.3891473198475697,349.99948177481934
10:36:51.817,105400,5270,0.0,-1.3779404408269307,349.99948177481934
10:36:52.026,105500,5275,0.0,1.1501239308712692,349.99948177481934
10:36:52.233,105600,5280,0.0,-1.6188126623028745,349.99948177481934
10:36:52.446,105700,5285,0.0,-1.3575821627552895,349.99948177481934
10:36:52.663,105800,5290,0.0,-0.251699487943426,349.99948177481934
10:36:52.871,105900,5295,0.0,-0.5659885003362612,349.99948177481934
10:36:53.081,106000,5300,0.0,1.9591881939946,349.99948177481934
10:36:53.294,106100,5305,0.0,0.3658190208795422,349.99948177481934
10:36:53.510,106200,5310,0.0,-0.4199819205186759,349.99948177481934
10:36:53.718,106300,5315,0.0,1.9096742881481514,349.99948177481934
10:36:53.934,106400,5320,0.0,0.8924376336155673,349.99948177481934
10:36:54.152,106500,5325,0.0,0.8760942375075897,349.99948177481934
10:36:54.368,106600,5330,0.0,0.18123559429501102,349.99948177481934
10:36:54.575,106700,5335,0.0,0.12638259692615872,349.99948177481934
10:36:54.790,106800,5340,0.0,1.5468819521361432,349.99948177481934
10:36:55.006,106900,5345,0.0,0.433250636369245,349.99948177481934
10:36:55.216,107000,5350,0.0,1.848819381796194,349.99948177481934
10:36:55.424,107100,5355,0.0,1.9618767690016892,349.99948177481934
10:36:55.641,107200,5360,0.0,-1.3165906578631366,349.99948177481934
10:36:55.857,107300,5365,0.0,1.063522514613894,349.99948177481934
10:36:56.064,107400,5370,0.0,0.34571361330701533,349.99948177481934
10:36:56.272,107500,5375,0.0,-1.157425084185205,349.99948177481934
10:36:56.491,107600,5380,0.0,-1.3403090068701822,349.99948177481934
10:36:56.705,107700,5385,0.0,-0.3126309008871253,349.99948177481934
10:36:56.918,107800,5390,0.0,0.03298262116343986,349.99948177481934
10:36:57.129,107900,5395,0.0,1.8815261511274022,349.99948177481934
10:36:57.343,108000,5400,0.0,-1.921532966114257,349.99948177481934
10:36:57.550,108100,5405,0.0,0.5397980316180351,349.99948177481934
10:36:57.758,108200,5410,0.0,1.4971633314095683,349.99948177481934
10:36:57.966,108300,5415,0.0,-0.9286388821835603,349.99948177481934
10:36:58.174,108400,5420,0.0,1.2985002863933546,349.99948177481934
10:36:58.390,108500,5425,0.0,1.6536305214867086,349.99948177481934
10:36:58.600,108600,5430,0.0,-1.0753997820626884,349.99948177481934
10:36:58.807,108700,5435,0.0,1.5451655212477085,349.99948177481934
10:36:59.020,108800,5440,0.0,-0.27775241838280174,349.99948177481934
10:36:59.231,108900,5445,0.0,0.9424053563640249,349.99948177481934
10:36:59.437,109000,5450,0.0,0.6227410012681887,349.99948177481934
10:36:59.644,109100,5455,0.0,0.4210770106444741,349.99948177481934
10:36:59.853,109200,5460,0.0,0.00046671336416048703,349.99948177481934
10:37:00.063,109300,5465,0.0,1.3385612629791956,349.99948177481934
10:37:00.277,109400,5470,0.0,-0.4191061216468843,349.99948177481934
10:37:00.486,109500,5475,0.0,-1.5683982904283216,349.99948177481934
10:37:00.698,109600,5480,0.0,-0.9497800449012916,349.99948177481934
10:37:00.908,109700,5485,0.0,-1.4249776119763702,349.99948177481934
10:37:01.116,109800,5490,0.0,1.6200557447436625,349.99948177481934
10:37:01.331,109900,5495,0.0,1.2677202929891327,349.99948177481934
10:37:01.546,110000,5500,0.0,-1.3192865608398168,349.99948177481934
10:37:01.756,110100,5505,0.0,-1.642668922756544,349.99948177481934
10:37:01.965,110200,5510,0.0,0.9252896008235294,349.99948177481934
10:37:02.179,110300,5515,0.0,1.802563841495751,349.99948177481934
10:37:02.388,110400,5520,0.0,0.5588769172987158,349.99948177481934
10:37:02.610,110500,5525,0.0,-0.10054031448361034,349.99948177481934
10:37:02.818,110600,5530,0.0,-1.9006288489320773,349.99948177481934
10:37:03.030,110700,5535,0.0,-0.10721183831174663,349.99948177481934
10:37:03.242,110800,5540,0.0,-0.5472182999135025,349.99948177481934
10:37:03.454,110900,5545,0.0,1.39951118847602,349.99948177481934
10:37:03.662,111000,5550,0.0,1.1737690923198008,349.99948177481934
10:37:03.879,111100,5555,0.0,0.25096131768385055,349.99948177481934
10:37:04.095,111200,5560,0.0,-0.40165511092515294,349.99948177481934
10:37:04.304,111300,5565,0.0,-0.8663714705268348,349.99948177481934
10:37:04.510,111400,5570,0.0,1.6506766707888274,349.99948177481934
10:37:04.719,111500,5575,0.0,1.2069005145022027,349.99948177481934
10:37:04.933,111600,5580,0.0,0.6973954596436487,349.99948177481934
10:37:05.145,111700,5585,0.0,-1.3967845437023954,349.99948177481934
10:37:05.353,111800,5590,0.0,-1.9280165585466467,349.99948177481934
10:37:05.567,111900,5595,0.0,-0.4174522284557711,349.99948177481934
10:37:05.790,112000,5600,0.0,0.6981692664099408,349.99948177481934
10:37:06.002,112100,5605,0.0,-0.7738376835401763,349.99948177481934
10:37:06.216,112200,5610,0.0,0.44438394865096464,349.99948177481934
10:37:06.431,112300,5615,0.0,1.6906498439526811,349.99948177481934
10:37:06.645,112400,5620,0.0,0.44613458622780566,349.99948177481934
10:37:06.853,112500,5625,0.0,-0.3657061009635525,349.99948177481934
10:37:07.061,112600,5630,0.0,0.2687567042989851,349.99948177481934
10:37:07.275,112700,5635,0.0,1.235648392549403,349.99948177481934
10:37:07.486,112800,5640,0.0,0.31039491119036144,349.99948177481934
10:37:07.693,112900,5645,0.0,0.03205029629814016,349.99948177481934
10:37:07.901,113000,5650,0.0,-0.619400489205181,349.99948177481934
10:37:08.109,113100,5655,0.0,0.6245162041234398,349.99948177481934
10:37:08.322,113200,5660,0.0,-1.4911098869022874,349.99948177481934
10:37:08.530,113300,5665,0.0,0.3599550469392203,349.99948177481934
10:37:08.738,113400,5670,0.0,-0.35152836181696223,349.99948177481934
10:37:08.946,113500,5675,0.0,0.10250185608809259,349.99948177481934
10:37:09.157,113600,5680,0.0,0.6372611793425191,349.99948177481934
10:37:09.364,113700,5685,0.0,1.0949968622732817,349.99948177481934
10:37:09.572,113800,5690,0.0,-0.552884540031235,349.99948177481934
10:37:09.786,113900,5695,0.0,-1.1737856070818822,349.99948177481934
10:37:10.003,114000,5700,0.0,-1.0674113235898508,349.99948177481934
10:37:10.212,114100,5705,0.0,1.1850464820522006,349.99948177481934
10:37:10.419,114200,5710,0.0,1.0526247389813062,349.99948177481934
10:37:10.633,114300,5715,0.0,-0.9033897003118905,349.99948177481934
10:37:10.849,114400,5720,0.0,-1.3407366604109847,349.99948177481934
10:37:11.055,114500,5725,0.0,-0.7106783332191657,349.99948177481934
10:37:11.266,114600,5730,0.0,-1.0584059032748505,349.99948177481934
10:37:11.482,114700,5735,0.0,-0.8017356691666913,349.99948177481934
10:37:11.696,114800,5740,0.0,1.529768855163491,349.99948177481934
10:37:11.903,114900,5745,0.0,1.6418791036309477,349.99948177481934
10:37:12.117,115000,5750,0.0,-1.560537781251269,349.99948177481934
10:37:12.324,115100,5755,0.0,0.33782248422807326,349.99948177481934
10:37:12.532,115200,5760,0.0,0.5484549353866814,349.99948177481934
10:37:12.739,115300,5765,0.0,-0.8146927189820947,349.99948177481934
10:37:12.953,115400,5770,0.0,0.8062113157010784,349.99948177481934
10:37:13.168,115500,5775,0.0,-0.9940349892312734,349.99948177481934
10:37:13.383,115600,5780,0.0,-1.0046663515448717,349.99948177481934
10:37:13.591,115700,5785,0.0,-1.7667596558158474,349.99948177481934
10:37:13.800,115800,5790,0.0,1.4726132463112762,349.99948177481934
10:37:14.016,115900,5795,0.0,1.6566670104702967,349.99948177481934
10:37:14.227,116000,5800,0.0,1.401854091255471,349.99948177481934
10:37:14.435,116100,5805,0.0,-0.6998148765391434,349.99948177481934
10:37:14.648,116200,5810,0.0,-0.007506227236112384,349.99948177481934
10:37:14.859,116300,5815,0.0,-0.6800904755405517,349.99948177481934
10:37:15.073,116400,5820,0.0,0.37098511928198974,349.99948177481934
10:37:15.281,116500,5825,0.0,-1.553647617956373,349.99948177481934
10:37:15.489,116600,5830,0.0,1.2759400714356235,349.99948177481934
10:37:15.704,116700,5835,0.0,-0.9341950980286233,349.99948177481934
10:37:15.912,116800,5840,0.0,1.8138773524838276,349.99948177481934
10:37:16.120,116900,5845,0.0,-0.8341382453743775,349.99948177481934
10:37:16.336,117000,5850,0.0,1.8005143137857296,349.99948177481934
10:37:16.548,117100,5855,0.0,1.9435472507892633,349.99948177481934
10:37:16.756,117200,5860,0.0,1.8499289569647206,349.99948177481934
10:37:16.964,117300,5865,0.0,1.794977882002362,349.99948177481934
10:37:17.181,117400,5870,0.0,1.7206213138045818,349.99948177481934
10:37:17.401,117500,5875,0.0,0.8028385962489959,349.99948177481934
10:37:17.611,117600,5880,0.0,-0.6687766836437739,349.99948177481934
10:37:17.818,117700,5885,0.0,-0.4172810726667531,349.99948177481934
10:37:18.026,117800,5890,0.0,1.9749931659090403,349.99948177481934
10:37:18.234,117900,5895,0.0,-0.15224085223024586,349.99948177481934
10:37:18.442,118000,5900,0.0,-0.107892841567641,349.99948177481934
10:37:18.653,118100,5905,0.0,1.7903585610291564,349.99948177481934
10:37:18.863,118200,5910,0.0,0.7678193519857679,349.99948177481934
10:37:19.084,118300,5915,0.0,-1.6583296863231642,349.99948177481934
10:37:19.297,118400,5920,0.0,0.8850389987555491,349.99948177481934
10:37:19.505,118500,5925,0.0,0.2324468274175433,349.99948177481934
10:37:19.718,118600,5930,0.0,0.3077093439539418,349.99948177481934
10:37:19.933,118700,5935,0.0,1.1085443742699814,349.99948177481934
10:37:20.140,118800,5940,0.0,-1.1665358465715365,349.99948177481934
10:37:20.347,118900,5945,0.0,-1.2740661477813555,349.99948177481934
10:37:20.562,119000,5950,0.0,-0.031243341234283406,349.99948177481934
10:37:20.770,119100,5955,0.0,-1.4886994787003185,349.99948177481934
10:37:20.979,119200,5960,0.0,-0.2321466284898528,349.99948177481934
10:37:21.185,119300,5965,0.0,-0.576122920876152,349.99948177481934
10:37:21.401,119400,5970,0.0,-0.9095279721679272,349.99948177481934
10:37:21.612,119500,5975,0.0,-0.11741617053356812,349.99948177481934
10:37:21.820,119600,5980,0.0,1.911817402612603,349.99948177481934
10:37:22.035,119700,5985,0.0,0.34170390476894363,349.99948177481934
10:37:22.250,119800,5990,0.0,-0.7938884887442303,349.99948177481934
10:37:22.462,119900,5995,0.0,-0.4989399516508324,349.99948177481934
10:37:22.669,120000,6000,0.0,-1.1641500911027207,349.99948177481934
10:37:22.878,120100,6005,0.0,-1.2895504079887883,349.99948177481934
10:37:23.089,120200,6010,0.0,-0.074664276211303,349.99948177481934
10:37:23.308,120300,6015,0.0,1.5434413079241658,349.99948177481934
10:37:23.515,120400,6020,0.0,0.27914344435375504,349.99948177481934
10:37:23.723,120500,6025,0.0,-1.1121765651887316,349.99948177481934
10:37:23.939,120600,6030,0.0,1.4273424869252183,349.99948177481934
10:37:24.148,120700,6035,0.0,1.2399136074958763,349.99948177481934
10:37:24.355,120800,6040,0.0,-1.1129555825769244,349.99948177481934
10:37:24.573,120900,6045,0.0,-1.2854260197890612,349.99948177481934
10:37:24.788,121000,6050,0.0,-0.9685097435427723,349.99948177481934
10:37:25.001,121100,6055,0.0,0.8417383797608511,349.99948177481934
10:37:25.208,121200,6060,0.0,-0.46937681840681034,349.99948177481934
10:37:25.424,121300,6065,0.0,1.5341198708307822,349.99948177481934
10:37:25.631,121400,6070,0.0,0.14132859678880472,349.99948177481934
10:37:25.840,121500,6075,0.0,-1.2411202648596458,349.99948177481934
10:37:26.049,121600,6080,0.0,-1.598315100624537,349.99948177481934
10:37:26.259,121700,6085,0.0,1.8032352670051437,349.99948177481934
10:37:26.473,121800,6090,0.0,-1.1288393819250215,349.99948177481934
10:37:26.680,121900,6095,0.0,0.4575664809875235,349.99948177481934
10:37:26.893,122000,6100,0.0,1.692907805477327,349.99948177481934
10:37:27.106,122100,6105,0.0,0.43552272675204184,349.99948177481934
10:37:27.314,122200,6110,0.0,0.6429046267777556,349.99948177481934
10:37:27.522,122300,6115,0.0,1.4384039155249733,349.99948177481934
10:37:27.730,122400,6120,0.0,-0.5015393314305823,349.99948177481934
10:37:27.938,122500,6125,0.0,-0.8630915729984374,349.99948177481934
10:37:28.157,122600,6130,0.0,-1.9530709052857005,349.99948177481934
10:37:28.364,122700,6135,0.0,0.5347427423941515,349.99948177481934
10:37:28.572,122800,6140,0.0,1.5033226629464966,349.99948177481934
10:37:28.781,122900,6145,0.0,-1.0139763669270248,349.99948177481934
10:37:28.990,123000,6150,0.0,-1.7687809512842145,349.99948177481934
10:37:29.199,123100,6155,0.0,-1.0807691815302065,349.99948177481934
10:37:29.406,123200,6160,0.0,-0.43563823041223015,349.99948177481934
10:37:29.617,123300,6165,0.0,-1.1530349206972677,349.99948177481934
10:37:29.827,123400,6170,0.0,1.8983590759708941,349.99948177481934
10:37:30.038,123500,6175,0.0,-1.8488655250384212,349.99948177481934
10:37:30.248,123600,6180,0.0,-0.3552954249123781,349.99948177481934
10:37:30.462,123700,6185,0.0,1.5964056378269995,349.99948177481934
10:37:30.675,123800,6190,0.0,-0.808476742994666,349.99948177481934
10:37:30.882,123900,6195,0.0,0.8693327299267959,349.99948177481934
10:37:31.091,124000,6200,0.0,-0.5783644941643344,349.99948177481934
10:37:31.306,124100,6205,0.0,1.9416571647676286,349.99948177481934
10:37:31.517,124200,6210,0.0,-1.1007297367097637,349.99948177481934
10:37:31.725,124300,6215,0.0,-0.05847163199672023,349.99948177481934
10:37:31.938,124400,6220,0.0,1.7580847244835156,349.99948177481934
10:37:32.153,124500,6225,0.0,-0.3492934312015179,349.99948177481934
10:37:32.366,124600,6230,0.0,-0.9074189509404063,349.99948177481934
10:37:32.574,124700,6235,0.0,0.31548688510508205,349.99948177481934
10:37:32.794,124800,6240,0.0,0.00497667724262385,349.99948177481934
10:37:33.003,124900,6245,0.0,-0.09598914095887068,349.99948177481934
10:37:33.217,125000,6250,0.0,-0.5190133515265396,349.99948177481934
10:37:33.425,125100,6255,0.0,-0.12609506013612526,349.99948177481934
10:37:33.633,125200,6260,0.0,0.043285826730971255,349.99948177481934
10:37:33.845,125300,6265,0.0,-0.25708962623359843,349.99948177481934
10:37:34.057,125400,6270,0.0,1.6503313583484163,349.99948177481934
10:37:34.264,125500,6275,0.0,0.919020332887178,349.99948177481934
10:37:34.479,125600,6280,0.0,0.577222919205687,349.99948177481934
10:37:34.693,125700,6285,0.0,-0.22001940986429958,349.99948177481934
10:37:34.907,125800,6290,0.0,0.5798448629263291,349.99948177481934
10:37:35.116,125900,6295,0.0,-1.3548491223064132,349.99948177481934
10:37:35.330,126000,6300,0.0,1.9555412372631502,349.99948177481934
10:37:35.538,126100,6305,0.0,-0.5755439332103216,349.99948177481934
10:37:35.751,126200,6310,0.0,-0.2119057470601602,349.99948177481934
10:37:35.959,126300,6315,0.0,0.7362540464545164,349.99948177481934
10:37:36.181,126400,6320,0.0,1.049634183527683,349.99948177481934
10:37:36.392,126500,6325,0.0,1.0048853198858905,349.99948177481934
10:37:36.601,126600,6330,0.0,0.7652769164106688,349.99948177481934
10:37:36.808,126700,6335,0.0,0.0008817807060226279,349.99948177481934
10:37:37.016,126800,6340,0.0,-1.1024940148579563,349.99948177481934
10:37:37.227,126900,6345,0.0,0.09034884024163858,349.99948177481934
10:37:37.438,127000,6350,0.0,0.2732093479713176,349.99948177481934
10:37:37.645,127100,6355,0.0,1.1816537372512887,349.99948177481934
10:37:37.864,127200,6360,0.0,1.0217481320951625,349.99948177481934
10:37:38.072,127300,6365,0.0,-1.3492682868734054,349.99948177481934
10:37:38.281,127400,6370,0.0,1.2951784972722304,349.99948177481934
10:37:38.488,127500,6375,0.0,-0.2749817104561143,349.99948177481934
10:37:38.699,127600,6380,0.0,0.001151715666684261,349.99948177481934
10:37:38.914,127700,6385,0.0,0.9869389737730914,349.99948177481934
10:37:39.124,127800,6390,0.0,-1.5545337378431756,349.99948177481934
10:37:39.331,127900,6395,0.0,-0.9830180495567724,349.99948177481934
10:37:39.546,128000,6400,0.0,-1.8846432365893575,349.99948177481934
10:37:39.756,128100,6405,0.0,-0.6857915951008011,349.99948177481934
10:37:39.965,128200,6410,0.0,0.7278084044642035,349.99948177481934
10:37:40.179,128300,6415,0.0,-0.5401417578208694,349.99948177481934
10:37:40.400,128400,6420,0.0,-0.36848501962438895,349.99948177481934
10:37:40.612,128500,6425,0.0,0.707690136304242,349.99948177481934
10:37:40.819,128600,6430,0.0,1.332836067265263,349.99948177481934
10:37:41.026,128700,6435,0.0,0.3862111927467633,349.99948177481934
10:37:41.237,128800,6440,0.0,0.7170499404999382,349.99948177481934
10:37:41.455,128900,6445,0.0,-1.6072179643753097,349.99948177481934
10:37:41.663,129000,6450,0.0,1.3556903578140949,349.99948177481934
10:37:41.872,129100,6455,0.0,-1.580662639332561,349.99948177481934
10:37:42.087,129200,6460,0.0,1.9028767441892311,349.99948177481934
10:37:42.298,129300,6465,0.0,1.7374951476450637,349.99948177481934
10:37:42.505,129400,6470,0.0,-1.412257714690874,349.99948177481934
10:37:42.715,129500,6475,0.0,1.4394906901380646,349.99948177481934
10:37:42.932,129600,6480,0.0,1.0827318955930982,349.99948177481934
10:37:43.147,129700,6485,0.0,1.8721815327450493,349.99948177481934
10:37:43.359,129800,6490,0.0,-0.9102100194481171,349.99948177481934
10:37:43.573,129900,6495,0.0,-0.12476547132406113,349.99948177481934
10:37:43.788,130000,6500,0.0,0.6245863957940472,349.99948177481934
10:37:44.002,130100,6505,0.0,-0.6889041938287779,349.99948177481934
10:37:44.209,130200,6510,0.0,1.5880203264945374,349.99948177481934
10:37:44.417,130300,6515,0.0,0.06600892108074996,349.99948177481934
10:37:44.636,130400,6520,0.0,0.7527108873660291,349.99948177481934
10:37:44.848,130500,6525,0.0,0.6633513330081691,349.99948177481934
10:37:45.060,130600,6530,0.0,-1.3962293854186902,349.99948177481934
10:37:45.275,130700,6535,0.0,-0.16092757734114782,349.99948177481934
10:37:45.483,130800,6540,0.0,-1.6133878752875015,349.99948177481934
10:37:45.691,130900,6545,0.0,1.0529380714377372,349.99948177481934
10:37:45.899,131000,6550,0.0,1.359113936350803,349.99948177481934
10:37:46.115,131100,6555,0.0,1.37736091257538,349.99948177481934
10:37:46.323,131200,6560,0.0,-1.561377792468821,349.99948177481934
10:37:46.530,131300,6565,0.0,-0.049221161863335805,349.99948177481934
10:37:46.738,131400,6570,0.0,1.9272738786644181,349.99948177481934
10:37:46.953,131500,6575,0.0,-1.945335510837197,349.99948177481934
10:37:47.171,131600,6580,0.0,-1.2119195351185907,349.99948177481934
10:37:47.382,131700,6585,0.0,-1.8116468689209584,349.99948177481934
10:37:47.590,131800,6590,0.0,-1.0006713768986994,349.99948177481934
10:37:47.806,131900,6595,0.0,0.29578828277042923,349.99948177481934
10:37:48.016,132000,6600,0.0,0.9993473557880916,349.99948177481934
10:37:48.224,132100,6605,0.0,1.252230710997377,349.99948177481934
10:37:48.432,132200,6610,0.0,-1.6502344805745195,349.99948177481934
10:37:48.648,132300,6615,0.0,-0.25001224190030014,349.99948177481934
10:37:48.865,132400,6620,0.0,0.4064639758540074,349.99948177481934
10:37:49.072,132500,6625,0.0,-1.9665870104951355,349.99948177481934
10:37:49.287,132600,6630,0.0,0.21455126176221873,349.99948177481934
10:37:49.497,132700,6635,0.0,0.3214631029003381,349.99948177481934
10:37:49.704,132800,6640,0.0,-0.27052201102513296,349.99948177481934
10:37:49.912,132900,6645,0.0,1.7111773728431103,349.99948177481934
10:37:50.121,133000,6650,0.0,0.04947390546196884,349.99948177481934
10:37:50.339,133100,6655,0.0,-0.6765055224846304,349.99948177481934
10:37:50.553,133200,6660,0.0,0.6464173251026071,349.99948177481934
10:37:50.761,133300,6665,0.0,-0.13744127825872843,349.99948177481934
10:37:50.969,133400,6670,0.0,-0.3971458799057124,349.99948177481934
10:37:51.186,133500,6675,0.0,-1.53684269336736,349.99948177481934
10:37:51.409,133600,6680,0.0,0.057165456890743815,349.99948177481934
10:37:51.616,133700,6685,0.0,1.8385395945203502,349.99948177481934
10:37:51.824,133800,6690,0.0,-0.03980055628646051,349.99948177481934
10:37:52.035,133900,6695,0.0,0.22302181843547508,349.99948177481934
10:37:52.246,134000,6700,0.0,-0.4607800919419742,349.99948177481934
10:37:52.453,134100,6705,0.0,-1.5199192050453174,349.99948177481934
10:37:52.663,134200,6710,0.0,-0.44325980599003234,349.99948177481934
10:37:52.876,134300,6715,0.0,-0.12291195365227203,349.99948177481934
10:37:53.088,134400,6720,0.0,1.053315564233861,349.99948177481934
10:37:53.303,134500,6725,0.0,-1.8260421068967383,349.99948177481934
10:37:53.513,134600,6730,0.0,-1.6579281257097493,349.99948177481934
10:37:53.721,134700,6735,0.0,0.8327403520075172,349.99948177481934
10:37:53.928,134800,6740,0.0,-1.5366443704154218,349.99948177481934
10:37:54.136,134900,6745,0.0,-0.2648953219760588,349.99948177481934
10:37:54.351,135000,6750,0.0,-1.9688160299934911,349.99948177481934
10:37:54.566,135100,6755,0.0,0.3062030662542017,349.99948177481934
10:37:54.774,135200,6760,0.0,-0.8595908439450777,349.99948177481934
10:37:54.982,135300,6765,0.0,-0.8521378558873653,349.99948177481934
10:37:55.196,135400,6770,0.0,0.867259472424168,349.99948177481934
10:37:55.407,135500,6775,0.0,-1.6885604997530104,349.99948177481934
10:37:55.615,135600,6780,0.0,1.85980072505911,349.99948177481934
10:37:55.823,135700,6785,0.0,0.4829614525586199,349.99948177481934
10:37:56.036,135800,6790,0.0,-0.9656706818000433,349.99948177481934
10:37:56.252,135900,6795,0.0,0.6403321161645743,349.99948177481934
10:37:56.459,136000,6800,0.0,1.3267452308269312,349.99948177481934
10:37:56.672,136100,6805,0.0,-1.5624687947746265,349.99948177481934
10:37:56.889,136200,6810,0.0,-1.6977165950394344,349.99948177481934
10:37:57.104,136300,6815,0.0,0.27567127700719984,349.99948177481934
10:37:57.312,136400,6820,0.0,-0.4020158794797699,349.99948177481934
10:37:57.521,136500,6825,0.0,-1.6278350473896714,349.99948177481934
10:37:57.730,136600,6830,0.0,1.0339063457570012,349.99948177481934
10:37:57.944,136700,6835,0.0,-1.5715254316965126,349.99948177481934
10:37:58.152,136800,6840,0.0,-0.0859212090685868,349.99948177481934
10:37:58.369,136900,6845,0.0,-0.44606571833387854,349.99948177481934
10:37:58.585,137000,6850,0.0,1.205213294362467,349.99948177481934
10:37:58.792,137100,6855,0.0,0.21406966062261912,349.99948177481934
10:37:58.999,137200,6860,0.0,1.38065456997262,349.99948177481934
10:37:59.210,137300,6865,0.0,0.8944350508039141,349.99948177481934
10:37:59.420,137400,6870,0.0,-0.08484825076250813,349.99948177481934
10:37:59.627,137500,6875,0.0,0.4808889847311173,349.99948177481934
10:37:59.835,137600,6880,0.0,1.1037360932696587,349.99948177481934
10:38:00.042,137700,6885,0.0,0.11781431391382213,349.99948177481934
10:38:00.252,137800,6890,0.0,-1.9275520118245488,349.99948177481934
10:38:00.462,137900,6895,0.0,0.7214694649187461,349.99948177481934
10:38:00.672,138000,6900,0.0,0.13704955572194422,349.99948177481934
10:38:00.889,138100,6905,0.0,-1.4600278062521013,349.99948177481934
10:38:01.102,138200,6910,0.0,-1.6614249711910993,349.99948177481934
10:38:01.311,138300,6915,0.0,-0.7069135526345809,349.99948177481934
10:38:01.518,138400,6920,0.0,-0.46299571513324267,349.99948177481934
10:38:01.732,138500,6925,0.0,1.26617322655897,349.99948177481934
10:38:01.948,138600,6930,0.0,-1.017196071506922,349.99948177481934
10:38:02.155,138700,6935,0.0,-1.8203330353683551,349.99948177481934
10:38:02.362,138800,6940,0.0,1.632300315610244,349.99948177481934
10:38:02.571,138900,6945,0.0,-1.0625540392017676,349.99948177481934
10:38:02.786,139000,6950,0.0,0.2607792355739771,349.99948177481934
10:38:02.994,139100,6955,0.0,1.3336740040307364,349.99948177481934
10:38:03.202,139200,6960,0.0,1.9942300228525545,349.99948177481934
10:38:03.410,139300,6965,0.0,-1.4049946745395379,349.99948177481934
10:38:03.627,139400,6970,0.0,0.2606204808011925,349.99948177481934
10:38:03.834,139500,6975,0.0,0.7740177563297652,349.99948177481934
10:38:04.042,139600,6980,0.0,-0.9399133587086728,349.99948177481934
10:38:04.256,139700,6985,0.0,0.2618639350246701,349.99948177481934
10:38:04.469,139800,6990,0.0,-1.1993350593472463,349.99948177481934
10:38:04.677,139900,6995,0.0,-1.4650770322910214,349.99948177481934
10:38:04.885,140000,7000,0.0,1.6578152066512546,349.99948177481934
10:38:05.092,140100,7005,0.0,-0.4252480731929631,349.99948177481934
10:38:05.307,140200,7010,0.0,-0.16247955988966511,349.99948177481934
10:38:05.514,140300,7015,0.0,0.9883514491004317,349.99948177481934
10:38:05.725,140400,7020,0.0,0.9670471541344638,349.99948177481934
10:38:05.944,140500,7025,0.0,-1.4259625745230728,349.99948177481934
10:38:06.151,140600,7030,0.0,-0.0005555591161976459,349.99948177481934
10:38:06.360,140700,7035,0.0,0.5337048859976772,349.99948177481934
10:38:06.567,140800,7040,0.0,-0.034646431546822676,349.99948177481934
10:38:06.775,140900,7045,0.0,0.4365579143271683,349.99948177481934
10:38:06.983,141000,7050,0.0,1.1132170556850962,349.99948177481934
10:38:07.191,141100,7055,0.0,-0.16077418186892745,349.99948177481934
10:38:07.399,141200,7060,0.0,1.0140756998560616,349.99948177481934
10:38:07.615,141300,7065,0.0,0.10272408598110294,349.99948177481934
10:38:07.832,141400,7070,0.0,1.4685788290345276,349.99948177481934
10:38:08.040,141500,7075,0.0,-1.260211293547885,349.99948177481934
10:38:08.248,141600,7080,0.0,1.071066347112581,349.99948177481934
10:38:08.459,141700,7085,0.0,-0.17967520072832777,349.99948177481934
10:38:08.675,141800,7090,0.0,1.9049396961252176,349.99948177481934
10:38:08.883,141900,7095,0.0,1.3266576080702315,349.99948177481934
10:38:09.091,142000,7100,0.0,-0.12814658361607645,349.99948177481934
10:38:09.308,142100,7105,0.0,-0.5349994099709066,349.99948177481934
10:38:09.524,142200,7110,0.0,-1.1224939197949584,349.99948177481934
10:38:09.736,142300,7115,0.0,-1.5458529813508517,349.99948177481934
10:38:09.944,142400,7120,0.0,-1.8643205417180422,349.99948177481934
10:38:10.152,142500,7125,0.0,-0.8114331402985071,349.99948177481934
10:38:10.362,142600,7130,0.0,0.48215516553318727,349.99948177481934
10:38:10.570,142700,7135,0.0,1.4338791598182854,349.99948177481934
10:38:10.778,142800,7140,0.0,0.6230951190309963,349.99948177481934
10:38:10.989,142900,7145,0.0,0.03321449621058692,349.99948177481934
10:38:11.201,143000,7150,0.0,-0.0597172637887331,349.99948177481934
10:38:11.411,143100,7155,0.0,0.8133333082832661,349.99948177481934
10:38:11.621,143200,7160,0.0,-0.437163993841565,349.99948177481934
10:38:11.828,143300,7165,0.0,0.6047790044986696,349.99948177481934
10:38:12.041,143400,7170,0.0,-1.904095958971697,349.99948177481934
10:38:12.257,143500,7175,0.0,-0.7627057730726396,349.99948177481934
10:38:12.468,143600,7180,0.0,0.7658116940720938,349.99948177481934
10:38:12.675,143700,7185,0.0,-1.3864874122831417,349.99948177481934
10:38:12.883,143800,7190,0.0,-1.4254851678370044,349.99948177481934
10:38:13.095,143900,7195,0.0,0.16702486040462095,349.99948177481934
10:38:13.309,144000,7200,0.0,-1.085083198681985,349.99948177481934
10:38:13.516,144100,7205,0.0,-0.2859477766509606,349.99948177481934
10:38:13.725,144200,7210,0.0,-0.43454882890210333,349.99948177481934
10:38:13.934,144300,7215,0.0,0.6331078379927595,349.99948177481934
10:38:14.149,144400,7220,0.0,-0.5142112271467885,349.99948177481934
10:38:14.357,144500,7225,0.0,-0.6946922410402872,349.99948177481934
10:38:14.565,144600,7230,0.0,-1.456432886713655,349.99948177481934
10:38:14.779,144700,7235,0.0,-1.0438372481075109,349.99948177481934
10:38:14.997,144800,7240,0.0,0.017106607606892865,349.99948177481934
10:38:15.205,144900,7245,0.0,-1.8335491275970326,349.99948177481934
10:38:15.412,145000,7250,0.0,0.1182663859194566,349.99948177481934
10:38:15.628,145100,7255,0.0,1.3445757499583437,349.99948177481934
10:38:15.839,145200,7260,0.0,0.57192824022369,349.99948177481934
10:38:16.047,145300,7265,0.0,-1.906271907570376,349.99948177481934
10:38:16.255,145400,7270,0.0,-1.2247035857350514,349.99948177481934
10:38:16.471,145500,7275,0.0,0.5403678518667601,349.99948177481934
10:38:16.678,145600,7280,0.0,1.6997718535629516,349.99948177481934
10:38:16.885,145700,7285,0.0,-0.07551943221669433,349.99948177481934
10:38:17.094,145800,7290,0.0,-0.31267453393446276,349.99948177481934
10:38:17.311,145900,7295,0.0,-1.695424818546475,349.99948177481934
10:38:17.523,146000,7300,0.0,1.1132766767748214,349.99948177481934
10:38:17.730,146100,7305,0.0,-0.2626206919818097,349.99948177481934
10:38:17.937,146200,7310,0.0,0.1189724485772552,349.99948177481934
10:38:18.144,146300,7315,0.0,0.1485421081632996,349.99948177481934
10:38:18.358,146400,7320,0.0,1.129235239642313,349.99948177481934
10:38:18.566,146500,7325,0.0,-1.8944553294166249,349.99948177481934
10:38:18.774,146600,7330,0.0,-1.2291530753041022,349.99948177481934
10:38:18.993,146700,7335,0.0,1.868486754590002,349.99948177481934
10:38:19.206,146800,7340,0.0,-0.5949825709124648,349.99948177481934
10:38:19.414,146900,7345,0.0,1.656340272112931,349.99948177481934
10:38:19.629,147000,7350,0.0,-1.8173429561365526,349.99948177481934
10:38:19.845,147100,7355,0.0,1.8025009507564849,349.99948177481934
10:38:20.053,147200,7360,0.0,1.2925296433670646,349.99948177481934
10:38:20.263,147300,7365,0.0,1.0325013982868807,349.99948177481934
10:38:20.472,147400,7370,0.0,0.6523351315469306,349.99948177481934
10:38:20.686,147500,7375,0.0,1.6479207634652338,349.99948177481934
10:38:20.894,147600,7380,0.0,0.46439751844572985,349.99948177481934
10:38:21.101,147700,7385,0.0,-0.16397622966433234,349.99948177481934
10:38:21.315,147800,7390,0.0,-0.10468376636408605,349.99948177481934
10:38:21.524,147900,7395,0.0,0.6350842680097513,349.99948177481934
10:38:21.731,148000,7400,0.0,1.6649394140694396,349.99948177481934
10:38:21.939,148100,7405,0.0,-0.33156138133983815,349.99948177481934
10:38:22.149,148200,7410,0.0,1.1831401151289196,349.99948177481934
10:38:22.357,148300,7415,0.0,-1.1858015527697416,349.99948177481934
10:38:22.566,148400,7420,0.0,-1.7926776712965489,349.99948177481934
10:38:22.773,148500,7425,0.0,-0.8682437298538805,349.99948177481934
10:38:22.990,148600,7430,0.0,-1.3232068926999805,349.99948177481934
10:38:23.204,148700,7435,0.0,0.9593916647622072,349.99948177481934
10:38:23.412,148800,7440,0.0,0.24510714706767844,349.99948177481934
10:38:23.622,148900,7445,0.0,1.739639256200924,349.99948177481934
10:38:23.835,149000,7450,0.0,-1.482192080377989,349.99948177481934
10:38:24.043,149100,7455,0.0,0.3356226393229478,349.99948177481934
10:38:24.252,149200,7460,0.0,-1.6464309554863026,349.99948177481934
10:38:24.462,149300,7465,0.0,-0.8518317752622373,349.99948177481934
10:38:24.672,149400,7470,0.0,-1.6977697430991667,349.99948177481934
10:38:24.880,149500,7475,0.0,-1.5839292329428019,349.99948177481934
10:38:25.087,149600,7480,0.0,0.3444913682922346,349.99948177481934
10:38:25.301,149700,7485,0.0,-0.7376722070085897,349.99948177481934
10:38:25.508,149800,7490,0.0,-1.1825934397198243,349.99948177481934
10:38:25.716,149900,7495,0.0,-1.7616008175889526,349.99948177481934
10:38:25.925,150000,7500,0.0,-0.4025318262758155,349.99948177481934
10:38:26.142,150100,7505,0.0,-0.18946006626468037,349.99948177481934
10:38:26.361,150200,7510,0.0,0.23302157309157145,349.99948177481934
10:38:26.569,150300,7515,0.0,0.8211845795105917,349.99948177481934
10:38:26.776,150400,7520,0.0,0.8099698377218032,349.99948177481934
10:38:26.988,150500,7525,0.0,0.516327470162369,349.99948177481934
10:38:27.201,150600,7530,0.0,0.20767717080662518,349.99948177481934
10:38:27.408,150700,7535,0.0,-1.51826458445157,349.99948177481934
10:38:27.616,150800,7540,0.0,0.8230587276482049,349.99948177481934
10:38:27.830,150900,7545,0.0,-1.894937724557713,349.99948177481934
10:38:28.042,151000,7550,0.0,1.0460389926624476,349.99948177481934
10:38:28.249,151100,7555,0.0,0.7911840978949827,349.99948177481934
10:38:28.458,151200,7560,0.0,-0.6093103751076825,349.99948177481934
10:38:28.668,151300,7565,0.0,0.009912514746535539,349.99948177481934
10:38:28.881,151400,7570,0.0,-0.9011584556043002,349.99948177481934
10:38:29.088,151500,7575,0.0,-0.747556901547449,349.99948177481934
10:38:29.297,151600,7580,0.0,0.7824610646706667,349.99948177481934
10:38:29.511,151700,7585,0.0,-1.919061366539756,349.99948177481934
10:38:29.726,151800,7590,0.0,-0.5077414872980683,349.99948177481934
10:38:29.936,151900,7595,0.0,1.4106333502411172,349.99948177481934
10:38:30.145,152000,7600,0.0,1.7615797926215282,349.99948177481934
10:38:30.359,152100,7605,0.0,-1.174713091830919,349.99948177481934
10:38:30.573,152200,7610,0.0,-0.5544263196885577,349.99948177481934
10:38:30.780,152300,7615,0.0,0.03862246839685701,349.99948177481934
10:38:30.997,152400,7620,0.0,-0.21974218994072459,349.99948177481934
10:38:31.206,152500,7625,0.0,1.8770334806203262,349.99948177481934
10:38:31.418,152600,7630,0.0,0.7638783645924385,349.99948177481934
10:38:31.625,152700,7635,0.0,0.8378340164124571,349.99948177481934
10:38:31.833,152800,7640,0.0,-1.3454722421359442,349.99948177481934
10:38:32.047,152900,7645,0.0,-1.768225703197459,349.99948177481934
10:38:32.261,153000,7650,0.0,1.4085198923016211,349.99948177481934
10:38:32.468,153100,7655,0.0,-0.5907651619493106,349.99948177481934
10:38:32.676,153200,7660,0.0,1.0743500931543153,349.99948177481934
10:38:32.895,153300,7665,0.0,0.11674610114247352,349.99948177481934
10:38:33.108,153400,7670,0.0,-0.5754872577272447,349.99948177481934
10:38:33.316,153500,7675,0.0,1.1785460431720427,349.99948177481934
10:38:33.530,153600,7680,0.0,0.7805307749996446,349.99948177481934
10:38:33.744,153700,7685,0.0,-1.6291446716013978,349.99948177481934
10:38:33.955,153800,7690,0.0,-0.2499727088390653,349.99948177481934
10:38:34.163,153900,7695,0.0,-0.4830986742615635,349.99948177481934
10:38:34.370,154000,7700,0.0,-1.9329653729716223,349.99948177481934
10:38:34.581,154100,7705,0.0,-0.09066360276602925,349.99948177481934
10:38:34.792,154200,7710,0.0,-0.681078204463049,349.99948177481934
10:38:35.000,154300,7715,0.0,-1.9769357606462075,349.99948177481934
10:38:35.211,154400,7720,0.0,-1.6067321616216876,349.99948177481934
10:38:35.421,154500,7725,0.0,1.307954351766976,349.99948177481934
10:38:35.629,154600,7730,0.0,-0.40900992562286076,349.99948177481934
10:38:35.836,154700,7735,0.0,1.21544286371484,349.99948177481934
10:38:36.044,154800,7740,0.0,-1.0548923937858365,349.99948177481934
10:38:36.264,154900,7745,0.0,1.5525908251050167,349.99948177481934
10:38:36.474,155000,7750,0.0,-0.3697642981077607,349.99948177481934
10:38:36.685,155100,7755,0.0,-0.285321460246696,349.99948177481934
10:38:36.900,155200,7760,0.0,1.3910581299654492,349.99948177481934
10:38:37.112,155300,7765,0.0,-1.2691638519737465,349.99948177481934
10:38:37.323,155400,7770,0.0,-1.3797476613285573,349.99948177481934
10:38:37.532,155500,7775,0.0,-1.6330778049136145,349.99948177481934
10:38:37.745,155600,7780,0.0,1.8889410453068791,349.99948177481934
10:38:37.958,155700,7785,0.0,-0.12134690093968548,349.99948177481934
10:38:38.166,155800,7790,0.0,1.0877531461257943,349.99948177481934
10:38:38.373,155900,7795,0.0,-1.5708198039130106,349.99948177481934
10:38:38.582,156000,7800,0.0,-1.0261474085866529,349.99948177481934
10:38:38.803,156100,7805,0.0,-1.6869835789061765,349.99948177481934
10:38:39.012,156200,7810,0.0,-1.6568563646450212,349.99948177481934
10:38:39.225,156300,7815,0.0,1.5596285031919148,349.99948177481934
10:38:39.433,156400,7820,0.0,0.0023996776684716004,349.99948177481934
10:38:39.641,156500,7825,0.0,-0.64529003181572,349.99948177481934
10:38:39.848,156600,7830,0.0,0.5063194343680606,349.99948177481934
10:38:40.057,156700,7835,0.0,1.3975439970221561,349.99948177481934
10:38:40.268,156800,7840,0.0,1.1856897837025229,349.99948177481934
10:38:40.483,156900,7845,0.0,-1.5394872562853794,349.99948177481934
10:38:40.691,157000,7850,0.0,-0.4565441691424241,349.99948177481934
10:38:40.901,157100,7855,0.0,-0.33845296972566175,349.99948177481934
10:38:41.115,157200,7860,0.0,0.5935857582622308,349.99948177481934
10:38:41.333,157300,7865,0.0,-1.9773444374271683,349.99948177481934
10:38:41.542,157400,7870,0.0,1.4129131152387924,349.99948177481934
10:38:41.752,157500,7875,0.0,-1.7783101989051509,349.99948177481934
10:38:41.966,157600,7880,0.0,0.22397234258863286,349.99948177481934
10:38:42.173,157700,7885,0.0,1.9367662493865287,349.99948177481934
10:38:42.381,157800,7890,0.0,0.7677162095126806,349.99948177481934
10:38:42.590,157900,7895,0.0,0.5936040829255171,349.99948177481934
10:38:42.809,158000,7900,0.0,-1.3531567216090945,349.99948177481934
10:38:43.025,158100,7905,0.0,-0.36192679504730574,349.99948177481934
10:38:43.236,158200,7910,0.0,-1.1674774650048665,349.99948177481934
10:38:43.448,158300,7915,0.0,1.9392303874244252,349.99948177481934
10:38:43.657,158400,7920,0.0,1.271637222223851,349.99948177481934
10:38:43.866,158500,7925,0.0,-1.3139625883797743,349.99948177481934
10:38:44.073,158600,7930,0.0,0.010765570803096924,349.99948177481934
10:38:44.282,158700,7935,0.0,0.6749260173347147,349.99948177481934
10:38:44.491,158800,7940,0.0,0.39517183599973205,349.99948177481934
10:38:44.700,158900,7945,0.0,1.96287498902926,349.99948177481934
10:38:44.911,159000,7950,0.0,-1.4397791090207384,349.99948177481934
10:38:45.124,159100,7955,0.0,1.5979303494826667,349.99948177481934
10:38:45.332,159200,7960,0.0,-1.9241166862288295,349.99948177481934
10:38:45.542,159300,7965,0.0,1.3701102684444373,349.99948177481934
10:38:45.757,159400,7970,0.0,1.3761570428128485,349.99948177481934
10:38:45.970,159500,7975,0.0,1.9379241544440453,349.99948177481934
10:38:46.177,159600,7980,0.0,-0.34813490313521545,349.99948177481934
10:38:46.385,159700,7985,0.0,1.525886219772032,349.99948177481934
10:38:46.596,159800,7990,0.0,1.9321919871013713,349.99948177481934
10:38:46.803,159900,7995,0.0,0.8623849657351959,349.99948177481934
10:38:47.011,160000,8000,0.0,0.9567535158787641,349.99948177481934
10:38:47.220,160100,8005,0.0,-1.7070759757230465,349.99948177481934
10:38:47.432,160200,8010,0.0,-1.1302200601577135,349.99948177481934
10:38:47.648,160300,8015,0.0,-1.2168151278355857,349.99948177481934
10:38:47.856,160400,8020,0.0,-0.09160529354154523,349.99948177481934
10:38:48.062,160500,8025,0.0,-0.3344647569146959,349.99948177481934
10:38:48.269,160600,8030,0.0,0.3727835724972568,349.99948177481934
10:38:48.475,160700,8035,0.0,1.6135169361376764,349.99948177481934
10:38:48.684,160800,8040,0.0,-0.8729220960429203,349.99948177481934
10:38:48.893,160900,8045,0.0,1.5791038791055798,349.99948177481934
10:38:49.100,161000,8050,0.0,-0.8945354376642092,349.99948177481934
10:38:49.308,161100,8055,0.0,-0.2341146869557118,349.99948177481934
10:38:49.516,161200,8060,0.0,-1.0618407740608151,349.99948177481934
10:38:49.724,161300,8065,0.0,-1.9449130255914402,349.99948177481934
10:38:49.933,161400,8070,0.0,-1.2120686714584616,349.99948177481934
10:38:50.140,161500,8075,0.0,1.584835045598577,349.99948177481934
10:38:50.348,161600,8080,0.0,-1.156818526664904,349.99948177481934
10:38:50.556,161700,8085,0.0,-1.3723627103363305,349.99948177481934
10:38:50.768,161800,8090,0.0,1.3660239306193747,349.99948177481934
10:38:50.977,161900,8095,0.0,-1.7775679483258413,349.99948177481934
10:38:51.184,162000,8100,0.0,-1.0555295304889216,349.99948177481934
10:38:51.392,162100,8105,0.0,1.2595654782441077,349.99948177481934
10:38:51.600,162200,8110,0.0,-0.23843874717329472,349.99948177481934
10:38:51.809,162300,8115,0.0,0.09324008589815413,349.99948177481934
10:38:52.019,162400,8120,0.0,1.7373438510449022,349.99948177481934
10:38:52.230,162500,8125,0.0,1.0659849867124978,349.99948177481934
10:38:52.441,162600,8130,0.0,1.342751723764406,349.99948177481934
10:38:52.650,162700,8135,0.0,-0.34093217286712374,349.99948177481934
10:38:52.857,162800,8140,0.0,1.4564902859992324,349.99948177481934
10:38:53.066,162900,8145,0.0,0.6125351722540886,349.99948177481934
10:38:53.274,163000,8150,0.0,0.7027589200771822,349.99948177481934
10:38:53.483,163100,8155,0.0,0.34927626070542983,349.99948177481934
10:38:53.701,163200,8160,0.0,-0.7881601515559633,349.99948177481934
10:38:53.908,163300,8165,0.0,1.6164203945645497,349.99948177481934
10:38:54.115,163400,8170,0.0,-1.824587593762431,349.99948177481934
10:38:54.331,163500,8175,0.0,-0.9585797250133918,349.99948177481934
10:38:54.545,163600,8180,0.0,-1.3033711744383507,349.99948177481934
10:38:54.756,163700,8185,0.0,-1.9637293134527636,349.99948177481934
10:38:54.964,163800,8190,0.0,-1.8037128156520734,349.99948177481934
10:38:55.170,163900,8195,0.0,-0.0522487111195824,349.99948177481934
10:38:55.388,164000,8200,0.0,-0.31720068923259426,349.99948177481934
10:38:55.598,164100,8205,0.0,-1.314068667710274,349.99948177481934
10:38:55.806,164200,8210,0.0,0.6329724529093874,349.99948177481934
10:38:56.023,164300,8215,0.0,1.2133635408686874,349.99948177481934
10:38:56.245,164400,8220,0.0,-1.4831950318548168,349.99948177481934
10:38:56.454,164500,8225,0.0,0.9017557377622905,349.99948177481934
10:38:56.662,164600,8230,0.0,-0.17124892093308608,349.99948177481934
10:38:56.872,164700,8235,0.0,0.4672932529116429,349.99948177481934
10:38:57.091,164800,8240,0.0,-1.2083619204419938,349.99948177481934
10:38:57.298,164900,8245,0.0,-0.2222844100089989,349.99948177481934
10:38:57.506,165000,8250,0.0,1.0469331380282663,349.99948177481934
10:38:57.715,165100,8255,0.0,-0.9121057193729487,349.99948177481934
10:38:57.930,165200,8260,0.0,-0.35141224467696697,349.99948177481934
10:38:58.143,165300,8265,0.0,0.8027988308926455,349.99948177481934
10:38:58.350,165400,8270,0.0,-0.6063239018826221,349.99948177481934
10:38:58.558,165500,8275,0.0,-0.7538908970563112,349.99948177481934
10:38:58.768,165600,8280,0.0,-1.3411460570450529,349.99948177481934
10:38:58.978,165700,8285,0.0,1.7372392908237693,349.99948177481934
10:38:59.188,165800,8290,0.0,1.0581447232475174,349.99948177481934
10:38:59.396,165900,8295,0.0,0.6258592779568248,349.99948177481934
10:38:59.611,166000,8300,0.0,-0.999329809510364,349.99948177481934
10:38:59.826,166100,8305,0.0,0.3698795201986975,349.99948177481934
10:39:00.039,166200,8310,0.0,1.4032021757768156,349.99948177481934
10:39:00.248,166300,8315,0.0,0.6443250380695988,349.99948177481934
10:39:00.455,166400,8320,0.0,0.3687247942307792,349.99948177481934
10:39:00.662,166500,8325,0.0,1.2872682479184565,349.99948177481934
10:39:00.871,166600,8330,0.0,-0.4142244706142395,349.99948177481934
10:39:01.085,166700,8335,0.0,-1.110642517219326,349.99948177481934
10:39:01.297,166800,8340,0.0,0.2158826211795355,349.99948177481934
10:39:01.504,166900,8345,0.0,-0.9090929097315366,349.99948177481934
10:39:01.725,167000,8350,0.0,-1.7932770946815069,349.99948177481934
10:39:01.943,167100,8355,0.0,-0.902331816551992,349.99948177481934
10:39:02.150,167200,8360,0.0,1.6414099196359668,349.99948177481934
10:39:02.364,167300,8365,0.0,0.5688407931767787,349.99948177481934
10:39:02.584,167400,8370,0.0,-1.2969083071164818,349.99948177481934
10:39:02.792,167500,8375,0.0,-0.8126874514010978,349.99948177481934
10:39:02.999,167600,8380,0.0,1.793436489218478,349.99948177481934
10:39:03.210,167700,8385,0.0,0.12326148532863268,349.99948177481934
10:39:03.425,167800,8390,0.0,0.1595372675707738,349.99948177481934
10:39:03.635,167900,8395,0.0,-0.730508654577982,349.99948177481934
10:39:03.842,168000,8400,0.0,-0.8639478754492624,349.99948177481934
10:39:04.052,168100,8405,0.0,-1.042139357737994,349.99948177481934
10:39:04.262,168200,8410,0.0,1.432267996064423,349.99948177481934
10:39:04.471,168300,8415,0.0,-0.0485305390350792,349.99948177481934
10:39:04.681,168400,8420,0.0,-1.3273196497458395,349.99948177481934
10:39:04.888,168500,8425,0.0,1.847336987367397,349.99948177481934
10:39:05.098,168600,8430,0.0,0.9868853752801203,349.99948177481934
10:39:05.315,168700,8435,0.0,-0.5004875849997807,349.99948177481934
10:39:05.524,168800,8440,0.0,-0.8707237076936365,349.99948177481934
10:39:05.732,168900,8445,0.0,-0.8243276543547031,349.99948177481934
10:39:05.940,169000,8450,0.0,0.07512864155509735,349.99948177481934
10:39:06.148,169100,8455,0.0,-0.8941286933272723,349.99948177481934
10:39:06.360,169200,8460,0.0,1.7692161702227582,349.99948177481934
10:39:06.576,169300,8465,0.0,-0.13494463644495358,349.99948177481934
10:39:06.783,169400,8470,0.0,0.5015184587355819,349.99948177481934
10:39:06.991,169500,8475,0.0,-0.17910093212370626,349.99948177481934
10:39:07.200,169600,8480,0.0,1.789441078614448,349.99948177481934
10:39:07.408,169700,8485,0.0,1.6199646286348082,349.99948177481934
10:39:07.620,169800,8490,0.0,1.822000320891775,349.99948177481934
10:39:07.827,169900,8495,0.0,-0.14168782903229982,349.99948177481934
10:39:08.035,170000,8500,0.0,-1.5346439937049334,349.99948177481934
10:39:08.245,170100,8505,0.0,0.657254164819649,349.99948177481934
10:39:08.452,170200,8510,0.0,-1.0444770232974818,349.99948177481934
10:39:08.660,170300,8515,0.0,0.6626815218673023,349.99948177481934
10:39:08.870,170400,8520,0.0,0.6698287537602208,349.99948177481934
10:39:09.078,170500,8525,0.0,-1.8925292512892185,349.99948177481934
10:39:09.288,170600,8530,0.0,-0.8842681067594502,349.99948177481934
10:39:09.497,170700,8535,0.0,-0.2545237572766217,349.99948177481934
10:39:09.715,170800,8540,0.0,1.372564571919285,349.99948177481934
10:39:09.930,170900,8545,0.0,0.29277937503980134,349.99948177481934
10:39:10.138,171000,8550,0.0,0.679696595361059,349.99948177481934
10:39:10.345,171100,8555,0.0,1.9306533997773978,349.99948177481934
10:39:10.553,171200,8560,0.0,1.574717512661397,349.99948177481934
10:39:10.761,171300,8565,0.0,-0.20630271200689076,349.99948177481934
10:39:10.975,171400,8570,0.0,-1.4252517715832385,349.99948177481934
10:39:11.184,171500,8575,0.0,-1.688087724786019,349.99948177481934
10:39:11.392,171600,8580,0.0,1.2910419989924034,349.99948177481934
10:39:11.607,171700,8585,0.0,-0.3821029566518179,349.99948177481934
10:39:11.818,171800,8590,0.0,-0.5122789004514576,349.99948177481934
10:39:12.025,171900,8595,0.0,-0.8242397641939494,349.99948177481934
10:39:12.233,172000,8600,0.0,0.7044244347200532,349.99948177481934
10:39:12.449,172100,8605,0.0,-0.21721748897660254,349.99948177481934
10:39:12.656,172200,8610,0.0,0.8712940966326164,349.99948177481934
10:39:12.864,172300,8615,0.0,-0.8170684982995087,349.99948177481934
10:39:13.073,172400,8620,0.0,-1.463282025453656,349.99948177481934
10:39:13.283,172500,8625,0.0,1.2380303588348567,349.99948177481934
10:39:13.491,172600,8630,0.0,1.7593585821652011,349.99948177481934
10:39:13.699,172700,8635,0.0,0.8428553800974758,349.99948177481934
10:39:13.909,172800,8640,0.0,1.8868615335335557,349.99948177481934
10:39:14.121,172900,8645,0.0,0.2713511688996788,349.99948177481934
10:39:14.331,173000,8650,0.0,0.018921656655325858,349.99948177481934
10:39:14.539,173100,8655,0.0,1.3608543560411404,349.99948177481934
10:39:14.747,173200,8660,0.0,-0.5755401169189875,349.99948177481934
10:39:14.960,173300,8665,0.0,1.2734525742478002,349.99948177481934
10:39:15.167,173400,8670,0.0,-0.43521202607886167,349.99948177481934
10:39:15.375,173500,8675,0.0,-1.66347285859176,349.99948177481934
10:39:15.582,173600,8680,0.0,0.25073984804162386,349.99948177481934
10:39:15.791,173700,8685,0.0,-0.45642638986506956,349.99948177481934
10:39:15.999,173800,8690,0.0,-1.3824219314350592,349.99948177481934
10:39:16.207,173900,8695,0.0,-0.8287932868202685,349.99948177481934
10:39:16.415,174000,8700,0.0,1.5486192738723252,349.99948177481934
10:39:16.623,174100,8705,0.0,-1.367403604974955,349.99948177481934
10:39:16.833,174200,8710,0.0,-0.15064372429478468,349.99948177481934
10:39:17.040,174300,8715,0.0,0.27121355885144105,349.99948177481934
10:39:17.247,174400,8720,0.0,-0.8787352765528182,349.99948177481934
10:39:17.456,174500,8725,0.0,1.46072947108803,349.99948177481934
10:39:17.663,174600,8730,0.0,-1.6433168516313086,349.99948177481934
10:39:17.875,174700,8735,0.0,-0.76236948930595,349.99948177481934
10:39:18.085,174800,8740,0.0,0.8583452152125304,349.99948177481934
10:39:18.296,174900,8745,0.0,1.7319674194671628,349.99948177481934
10:39:18.504,175000,8750,0.0,0.2593523704144789,349.99948177481934
10:39:18.711,175100,8755,0.0,0.7275743581677654,349.99948177481934
10:39:18.919,175200,8760,0.0,1.1852875963812926,349.99948177481934
10:39:19.128,175300,8765,0.0,0.031110069291342857,349.99948177481934
10:39:19.340,175400,8770,0.0,1.059153951075798,349.99948177481934
10:39:19.554,175500,8775,0.0,-0.18833560113594894,349.99948177481934
10:39:19.762,175600,8780,0.0,1.2918109934445479,349.99948177481934
10:39:19.970,175700,8785,0.0,0.24024207708864953,349.99948177481934
10:39:20.184,175800,8790,0.0,0.0003064377215551417,349.99948177481934
10:39:20.391,175900,8795,0.0,0.17120595059645272,349.99948177481934
10:39:20.598,176000,8800,0.0,0.9892541537110255,349.99948177481934
10:39:20.816,176100,8805,0.0,-1.89801802588235,349.99948177481934
10:39:21.023,176200,8810,0.0,-0.9717594977109942,349.99948177481934
10:39:21.232,176300,8815,0.0,-0.5501585164457752,349.99948177481934
10:39:21.440,176400,8820,0.0,-1.2653855218414711,349.99948177481934
10:39:21.652,176500,8825,0.0,-0.19156294453018674,349.99948177481934
10:39:21.860,176600,8830,0.0,0.7160975754319585,349.99948177481934
10:39:22.067,176700,8835,0.0,-0.6989061962398888,349.99948177481934
10:39:22.276,176800,8840,0.0,1.9743542553023223,349.99948177481934
10:39:22.484,176900,8845,0.0,-0.007506485595382362,349.99948177481934
10:39:22.696,177000,8850,0.0,-0.7191689806298749,349.99948177481934
10:39:22.905,177100,8855,0.0,-0.38646450874383875,349.99948177481934
10:39:23.112,177200,8860,0.0,1.816446152391265,349.99948177481934
10:39:23.320,177300,8865,0.0,1.7348131399726303,349.99948177481934
10:39:23.527,177400,8870,0.0,0.9675017981351357,349.99948177481934
10:39:23.735,177500,8875,0.0,0.3195516537636407,349.99948177481934
10:39:23.944,177600,8880,0.0,0.12262454014089164,349.99948177481934
10:39:24.151,177700,8885,0.0,0.09618285847791963,349.99948177481934
10:39:24.358,177800,8890,0.0,-1.228563822679999,349.99948177481934
10:39:24.567,177900,8895,0.0,-0.7304939746152246,349.99948177481934
10:39:24.783,178000,8900,0.0,0.5261914435135977,349.99948177481934
10:39:24.990,178100,8905,0.0,-1.5673932315883095,349.99948177481934
10:39:25.198,178200,8910,0.0,-0.9237057738487802,349.99948177481934
10:39:25.407,178300,8915,0.0,-1.55728961039208,349.99948177481934
10:39:25.621,178400,8920,0.0,1.5212655020093506,349.99948177481934
10:39:25.828,178500,8925,0.0,-1.6384916612908094,349.99948177481934
10:39:26.044,178600,8930,0.0,0.006438774677321568,349.99948177481934
10:39:26.252,178700,8935,0.0,1.7924916507091284,349.99948177481934
10:39:26.459,178800,8940,0.0,-0.1458774138411023,349.99948177481934
10:39:26.669,178900,8945,0.0,-0.9165733619098995,349.99948177481934
10:39:26.876,179000,8950,0.0,1.1375392153747406,349.99948177481934
10:39:27.084,179100,8955,0.0,-1.9190501396941722,349.99948177481934
10:39:27.297,179200,8960,0.0,0.013651015987361959,349.99948177481934
10:39:27.506,179300,8965,0.0,0.8186640321236842,349.99948177481934
10:39:27.713,179400,8970,0.0,-1.1650752915188365,349.99948177481934
10:39:27.926,179500,8975,0.0,0.9868857797573156,349.99948177481934
10:39:28.134,179600,8980,0.0,0.2244747300793688,349.99948177481934
10:39:28.342,179700,8985,0.0,0.7939439444284937,349.99948177481934
10:39:28.549,179800,8990,0.0,-0.41851234996419917,349.99948177481934
10:39:28.760,179900,8995,0.0,0.554931761211567,349.99948177481934
10:39:28.967,180000,9000,0.0,0.9673175961503815,349.99948177481934
10:39:29.174,180100,9005,0.0,1.14873574091079,349.99948177481934
10:39:29.382,180200,9010,0.0,0.3989333433264375,349.99948177481934
10:39:29.596,180300,9015,0.0,0.3697768095038776,349.99948177481934
10:39:29.809,180400,9020,0.0,0.9642155673954727,349.99948177481934
10:39:30.017,180500,9025,0.0,-0.08605193521994936,349.99948177481934
10:39:30.232,180600,9030,0.0,0.9204209669633707,349.99948177481934
10:39:30.443,180700,9035,0.0,0.926241066473771,349.99948177481934
10:39:30.649,180800,9040,0.0,-0.7347472375743873,349.99948177481934
10:39:30.857,180900,9045,0.0,-0.9424245742459414,349.99948177481934
10:39:31.065,181000,9050,0.0,0.7197085639788097,349.99948177481934
10:39:31.280,181100,9055,0.0,-1.3336392920046225,349.99948177481934
10:39:31.493,181200,9060,0.0,1.6576221802276456,349.99948177481934
10:39:31.701,181300,9065,0.0,-1.9547432100726914,349.99948177481934
10:39:31.907,181400,9070,0.0,0.06476597185792965,349.99948177481934
10:39:32.123,181500,9075,0.0,1.864778915894758,349.99948177481934
10:39:32.330,181600,9080,0.0,-0.9626960417626935,349.99948177481934
10:39:32.544,181700,9085,0.0,-0.8702649871546342,349.99948177481934
10:39:32.760,181800,9090,0.0,1.9877454755947328,349.99948177481934
10:39:32.967,181900,9095,0.0,1.397753725556604,349.99948177481934
10:39:33.175,182000,9100,0.0,-1.290512552312436,349.99948177481934
10:39:33.383,182100,9105,0.0,-0.6180640351014199,349.99948177481934
10:39:33.599,182200,9110,0.0,-1.6889308466025477,349.99948177481934
10:39:33.816,182300,9115,0.0,-0.283574435480479,349.99948177481934
10:39:34.024,182400,9120,0.0,-1.075605891599515,349.99948177481934
10:39:34.233,182500,9125,0.0,0.758332839298312,349.99948177481934
10:39:34.451,182600,9130,0.0,1.6396497088730664,349.99948177481934
10:39:34.667,182700,9135,0.0,-1.1459287673292993,349.99948177481934
10:39:34.875,182800,9140,0.0,-0.31999572797813025,349.99948177481934
10:39:35.082,182900,9145,0.0,0.705299809331589,349.99948177481934
10:39:35.295,183000,9150,0.0,0.2930238868473336,349.99948177481934
10:39:35.505,183100,9155,0.0,0.49608545494291745,349.99948177481934
10:39:35.712,183200,9160,0.0,-1.8524544103883187,349.99948177481934
10:39:35.920,183300,9165,0.0,-0.9413806141830183,349.99948177481934
10:39:36.136,183400,9170,0.0,-0.05717350799663157,349.99948177481934
10:39:36.352,183500,9175,0.0,1.0054646526002329,349.99948177481934
10:39:36.559,183600,9180,0.0,1.9317486132111275,349.99948177481934
10:39:36.773,183700,9185,0.0,0.05957536368799232,349.99948177481934
10:39:36.985,183800,9190,0.0,0.07643690386582458,349.99948177481934
10:39:37.193,183900,9195,0.0,-0.4355247217688305,349.99948177481934
10:39:37.402,184000,9200,0.0,-1.7050203484606068,349.99948177481934
10:39:37.622,184100,9205,0.0,1.471791318765733,349.99948177481934
10:39:37.833,184200,9210,0.0,1.1307151333991325,349.99948177481934
10:39:38.048,184300,9215,0.0,-0.9341519838686612,349.99948177481934
10:39:38.255,184400,9220,0.0,-0.9403657072659906,349.99948177481934
10:39:38.462,184500,9225,0.0,-1.2592366283881025,349.99948177481934
10:39:38.679,184600,9230,0.0,-1.541067853875576,349.99948177481934
10:39:38.889,184700,9235,0.0,-1.8672616783251264,349.99948177481934
10:39:39.097,184800,9240,0.0,1.9188604774290177,349.99948177481934
10:39:39.305,184900,9245,0.0,1.9910731326055395,349.99948177481934
10:39:39.518,185000,9250,0.0,0.5292613401188198,349.99948177481934
10:39:39.736,185100,9255,0.0,1.9955011521233446,349.99948177481934
10:39:39.945,185200,9260,0.0,1.7707536378106807,349.99948177481934
10:39:40.154,185300,9265,0.0,1.121686486593544,349.99948177481934
10:39:40.371,185400,9270,0.0,1.0366950075076082,349.99948177481934
10:39:40.578,185500,9275,0.0,1.9744400031502778,349.99948177481934
10:39:40.785,185600,9280,0.0,0.38936504732356525,349.99948177481934
10:39:40.994,185700,9285,0.0,1.7423683820289182,349.99948177481934
10:39:41.205,185800,9290,0.0,-1.0515172871704652,349.99948177481934
10:39:41.412,185900,9295,0.0,-0.23498172247239468,349.99948177481934
10:39:41.620,186000,9300,0.0,1.5857642821412012,349.99948177481934
10:39:41.833,186100,9305,0.0,-1.7991428041944193,349.99948177481934
10:39:42.041,186200,9310,0.0,1.1269686285103413,349.99948177481934
10:39:42.249,186300,9315,0.0,-1.4788010596992893,349.99948177481934
10:39:42.459,186400,9320,0.0,-0.9354863422946944,349.99948177481934
10:39:42.675,186500,9325,0.0,-0.5977042589441743,349.99948177481934
10:39:42.890,186600,9330,0.0,1.8221539213382845,349.99948177481934
10:39:43.098,186700,9335,0.0,-1.9012238286634209,349.99948177481934
10:39:43.304,186800,9340,0.0,-0.3364003523252026,349.99948177481934
10:39:43.520,186900,9345,0.0,-1.9400614900008462,349.99948177481934
10:39:43.734,187000,9350,0.0,-1.4711360013629515,349.99948177481934
10:39:43.943,187100,9355,0.0,0.5490901879285501,349.99948177481934
10:39:44.151,187200,9360,0.0,-0.7924459968818183,349.99948177481934
10:39:44.370,187300,9365,0.0,-1.121778859804273,349.99948177481934
10:39:44.577,187400,9370,0.0,0.2747007076322423,349.99948177481934
10:39:44.785,187500,9375,0.0,1.517219154291598,349.99948177481934
10:39:44.993,187600,9380,0.0,-1.0543759314631211,349.99948177481934
10:39:45.211,187700,9385,0.0,-0.20734509317489236,349.99948177481934
10:39:45.417,187800,9390,0.0,-1.4975524025954403,349.99948177481934
10:39:45.625,187900,9395,0.0,1.5545685439264112,349.99948177481934
10:39:45.831,188000,9400,0.0,-0.3900774830253102,349.99948177481934
10:39:46.040,188100,9405,0.0,1.0964446048359613,349.99948177481934
10:39:46.251,188200,9410,0.0,-1.5144726386743095,349.99948177481934
10:39:46.459,188300,9415,0.0,1.2622455240744497,349.99948177481934
10:39:46.670,188400,9420,0.0,-1.987908727352699,349.99948177481934
10:39:46.890,188500,9425,0.0,1.7215996517751155,349.99948177481934
10:39:47.107,188600,9430,0.0,-0.15515712618313549,349.99948177481934
10:39:47.315,188700,9435,0.0,-0.8980325777701705,349.99948177481934
10:39:47.523,188800,9440,0.0,0.9060946260577487,349.99948177481934
10:39:47.730,188900,9445,0.0,0.5015200864183229,349.99948177481934
10:39:47.937,189000,9450,0.0,0.9826045877642122,349.99948177481934
10:39:48.146,189100,9455,0.0,-0.8805166269054072,349.99948177481934
10:39:48.353,189200,9460,0.0,1.1199402238149045,349.99948177481934
10:39:48.568,189300,9465,0.0,-1.9891528235313753,349.99948177481934
10:39:48.777,189400,9470,0.0,1.572274758705419,349.99948177481934
10:39:48.991,189500,9475,0.0,-0.4296205336496861,349.99948177481934
10:39:49.200,189600,9480,0.0,-1.1540762542551462,349.99948177481934
10:39:49.408,189700,9485,0.0,0.05955514514341509,349.99948177481934
10:39:49.617,189800,9490,0.0,-1.7911950642227308,349.99948177481934
10:39:49.824,189900,9495,0.0,0.144178315929274,349.99948177481934
10:39:50.031,190000,9500,0.0,0.21373446701891563,349.99948177481934
10:39:50.241,190100,9505,0.0,1.5235107585762653,349.99948177481934
10:39:50.449,190200,9510,0.0,-0.29647321711371477,349.99948177481934
10:39:50.656,190300,9515,0.0,-0.15579617122403855,349.99948177481934
10:39:50.876,190400,9520,0.0,-0.9449931250319232,349.99948177481934
10:39:51.092,190500,9525,0.0,-0.25663740184431694,349.99948177481934
10:39:51.299,190600,9530,0.0,0.04926097209245128,349.99948177481934
10:39:51.506,190700,9535,0.0,0.6261757413448077,349.99948177481934
10:39:51.714,190800,9540,0.0,-0.025049036188752982,349.99948177481934
10:39:51.929,190900,9545,0.0,0.597963812355299,349.99948177481934
10:39:52.142,191000,9550,0.0,1.1425617901676857,349.99948177481934
10:39:52.349,191100,9555,0.0,-1.2611158735861308,349.99948177481934
10:39:52.562,191200,9560,0.0,0.21883695297063,349.99948177481934
10:39:52.771,191300,9565,0.0,-0.6368459984717427,349.99948177481934
10:39:52.979,191400,9570,0.0,-1.6569858958936674,349.99948177481934
10:39:53.189,191500,9575,0.0,-0.29882159460115343,349.99948177481934
10:39:53.407,191600,9580,0.0,-1.7916596870664834,349.99948177481934
10:39:53.620,191700,9585,0.0,1.3477648351522569,349.99948177481934
10:39:53.827,191800,9590,0.0,1.1643675399042475,349.99948177481934
10:39:54.035,191900,9595,0.0,-1.1855758838948582,349.99948177481934
10:39:54.245,192000,9600,0.0,-0.03177641608619908,349.99948177481934
10:39:54.454,192100,9605,0.0,0.28901099546476106,349.99948177481934
10:39:54.664,192200,9610,0.0,-1.5317946507447329,349.99948177481934
10:39:54.872,192300,9615,0.0,-1.0279883611645642,349.99948177481934
10:39:55.084,192400,9620,0.0,-1.443858587688163,349.99948177481934
10:39:55.292,192500,9625,0.0,-1.2821570216254798,349.99948177481934
10:39:55.501,192600,9630,0.0,0.0018204131589079076,349.99948177481934
10:39:55.710,192700,9635,0.0,-1.6340533728583062,349.99948177481934
10:39:55.927,192800,9640,0.0,-0.45595544529691256,349.99948177481934
10:39:56.143,192900,9645,0.0,0.4907833450800396,349.99948177481934
10:39:56.352,193000,9650,0.0,-0.5854587245813652,349.99948177481934
10:39:56.560,193100,9655,0.0,-1.0773246587003946,349.99948177481934
10:39:56.771,193200,9660,0.0,0.7199314583559664,349.99948177481934
10:39:56.985,193300,9665,0.0,-1.9335694683986215,349.99948177481934
10:39:57.196,193400,9670,0.0,1.338957920191291,349.99948177481934
10:39:57.405,193500,9675,0.0,-1.790136390626853,349.99948177481934
10:39:57.613,193600,9680,0.0,-0.9327035914878921,349.99948177481934
10:39:57.820,193700,9685,0.0,0.22251651948716944,349.99948177481934
10:39:58.028,193800,9690,0.0,-1.0409254644445136,349.99948177481934
10:39:58.237,193900,9695,0.0,1.1242303601711439,349.99948177481934
10:39:58.452,194000,9700,0.0,1.5934484736163146,349.99948177481934
10:39:58.661,194100,9705,0.0,1.3007004942219518,349.99948177481934
10:39:58.869,194200,9710,0.0,1.4874704195614235,349.99948177481934
10:39:59.075,194300,9715,0.0,0.07247126150636563,349.99948177481934
10:39:59.286,194400,9720,0.0,-1.1935787090056063,349.99948177481934
10:39:59.497,194500,9725,0.0,-0.013140906452240753,349.99948177481934
10:39:59.707,194600,9730,0.0,-1.3654303075383933,349.99948177481934
10:39:59.916,194700,9735,0.0,-0.6258641463474679,349.99948177481934
10:40:00.128,194800,9740,0.0,-1.5966812612261467,349.99948177481934
10:40:00.339,194900,9745,0.0,0.22134182816423698,349.99948177481934
10:40:00.548,195000,9750,0.0,0.5025753347495696,349.99948177481934
10:40:00.757,195100,9755,0.0,0.37054137647937635,349.99948177481934
10:40:00.975,195200,9760,0.0,-1.7706102563091117,349.99948177481934
10:40:01.182,195300,9765,0.0,1.6102769507482764,349.99948177481934
10:40:01.389,195400,9770,0.0,-0.7967771687647911,349.99948177481934
10:40:01.597,195500,9775,0.0,-1.8296971807335298,349.99948177481934
10:40:01.811,195600,9780,0.0,-0.5813709471527062,349.99948177481934
10:40:02.019,195700,9785,0.0,-0.8818580165243604,349.99948177481934
10:40:02.226,195800,9790,0.0,0.927865580720511,349.99948177481934
10:40:02.435,195900,9795,0.0,-0.5906384434540959,349.99948177481934
10:40:02.646,196000,9800,0.0,-1.707758385580283,349.99948177481934
10:40:02.857,196100,9805,0.0,-1.1597136761657052,349.99948177481934
10:40:03.065,196200,9810,0.0,0.34434202623967725,349.99948177481934
10:40:03.281,196300,9815,0.0,0.034383580222549615,349.99948177481934
10:40:03.500,196400,9820,0.0,0.25086626901085607,349.99948177481934
10:40:03.707,196500,9825,0.0,0.11597791931469192,349.99948177481934
10:40:03.916,196600,9830,0.0,0.1388777222949482,349.99948177481934
10:40:04.122,196700,9835,0.0,1.863240110702674,349.99948177481934
10:40:04.334,196800,9840,0.0,0.8249463621960427,349.99948177481934
10:40:04.543,196900,9845,0.0,1.869089571836147,349.99948177481934
10:40:04.751,197000,9850,0.0,-0.2954873957514663,349.99948177481934
10:40:04.960,197100,9855,0.0,-1.9003260808465599,349.99948177481934
10:40:05.168,197200,9860,0.0,1.0549306630891326,349.99948177481934
10:40:05.377,197300,9865,0.0,-0.14477139633582414,349.99948177481934
10:40:05.585,197400,9870,0.0,0.8123722154579598,349.99948177481934
10:40:05.800,197500,9875,0.0,0.7361608492601532,349.99948177481934
10:40:06.011,197600,9880,0.0,0.45532905821371905,349.99948177481934
10:40:06.219,197700,9885,0.0,-0.6372724682292237,349.99948177481934
10:40:06.427,197800,9890,0.0,-1.3174138972689287,349.99948177481934
10:40:06.642,197900,9895,0.0,-1.7372480839908788,349.99948177481934
10:40:06.850,198000,9900,0.0,-0.980429990328096,349.99948177481934
10:40:07.057,198100,9905,0.0,1.476829904352353,349.99948177481934
10:40:07.265,198200,9910,0.0,1.4171613947057828,349.99948177481934
10:40:07.477,198300,9915,0.0,-1.9259174427631551,349.99948177481934
10:40:07.693,198400,9920,0.0,-0.28054540891999125,349.99948177481934
10:40:07.900,198500,9925,0.0,1.9434895682239435,349.99948177481934
10:40:08.107,198600,9930,0.0,-1.4145920341505565,349.99948177481934
10:40:08.323,198700,9935,0.0,0.023916174902460785,349.99948177481934
10:40:08.530,198800,9940,0.0,0.5244212568454047,349.99948177481934
10:40:08.738,198900,9945,0.0,-1.304815663860011,349.99948177481934
10:40:08.945,199000,9950,0.0,-0.04650408427950525,349.99948177481934
10:40:09.163,199100,9955,0.0,1.6553141610178717,349.99948177481934
10:40:09.375,199200,9960,0.0,1.1078494102490781,349.99948177481934
10:40:09.583,199300,9965,0.0,1.9161944655091192,349.99948177481934
10:40:09.791,199400,9970,0.0,0.09787081459186187,349.99948177481934
10:40:10.001,199500,9975,0.0,-0.1472253101622747,349.99948177481934
10:40:10.208,199600,9980,0.0,0.8108596225975946,349.99948177481934
10:40:10.416,199700,9985,0.0,-0.4830764630731248,349.99948177481934
10:40:10.627,199800,9990,0.0,1.5869932241277018,349.99948177481934
10:40:10.836,199900,9995,0.0,0.6608826206043266,349.99948177481934
10:40:11.045,200000,10000,0.0,-0.03552479183759605,349.99948177481934
10:40:11.252,200100,10005,0.0,-0.4973043054748585,349.99948177481934
10:40:11.460,200200,10010,0.0,0.2872145182896704,349.99948177481934
10:40:11.674,200300,10015,0.0,-1.2959727324996808,349.99948177481934
10:40:11.885,200400,10020,0.0,0.2438970814734378,349.99948177481934
10:40:12.093,200500,10025,0.0,-1.7046582042897689,349.99948177481934
10:40:12.300,200600,10030,0.0,-0.687251563764959,349.99948177481934
10:40:12.509,200700,10035,0.0,0.6105709812781521,349.99948177481934
10:40:12.719,200800,10040,0.0,-0.9191511253181535,349.99948177481934
10:40:12.925,200900,10045,0.0,0.10879258622526189,349.99948177481934
10:40:13.134,201000,10050,0.0,-0.06819827170177328,349.99948177481934
10:40:13.341,201100,10055,0.0,-0.3393619937355581,349.99948177481934
10:40:13.549,201200,10060,0.0,-1.5880003782161567,349.99948177481934
10:40:13.758,201300,10065,0.0,0.8629164081394887,349.99948177481934
10:40:13.967,201400,10070,0.0,-1.084969477482216,349.99948177481934
10:40:14.175,201500,10075,0.0,-1.3932150809032064,349.99948177481934
10:40:14.384,201600,10080,0.0,1.1290345596027507,349.99948177481934
10:40:14.592,201700,10085,0.0,-1.4730753721790126,349.99948177481934
10:40:14.800,201800,10090,0.0,-0.20926448176875478,349.99948177481934
10:40:15.008,201900,10095,0.0,1.012959828358055,349.99948177481934
10:40:15.216,202000,10100,0.0,0.1551082118868603,349.99948177481934
10:40:15.423,202100,10105,0.0,1.8467421137206093,349.99948177481934
10:40:15.632,202200,10110,0.0,0.864365750334624,349.99948177481934
10:40:15.840,202300,10115,0.0,1.3487496418955947,349.99948177481934
10:40:16.049,202400,10120,0.0,1.8262351229010392,349.99948177481934
10:40:16.257,202500,10125,0.0,0.7764906707665613,349.99948177481934
10:40:16.464,202600,10130,0.0,-0.005359288789086314,349.99948177481934
10:40:16.672,202700,10135,0.0,1.702795748547342,349.99948177481934
10:40:16.881,202800,10140,0.0,-1.0445096428298264,349.99948177481934
10:40:17.089,202900,10145,0.0,-0.4421082872570725,349.99948177481934
10:40:17.296,203000,10150,0.0,1.2691022564949872,349.99948177481934
10:40:17.504,203100,10155,0.0,-1.2600025967449375,349.99948177481934
10:40:17.712,203200,10160,0.0,0.044569411880234,349.99948177481934
10:40:17.921,203300,10165,0.0,-0.21846388329827793,349.99948177481934
10:40:18.129,203400,10170,0.0,-1.830144714013067,349.99948177481934
10:40:18.337,203500,10175,0.0,0.8285113558918655,349.99948177481934
10:40:18.547,203600,10180,0.0,-0.36588152369127247,349.99948177481934
10:40:18.759,203700,10185,0.0,-0.6049410099465815,349.99948177481934
10:40:18.968,203800,10190,0.0,-1.70234378055286,349.99948177481934
10:40:19.175,203900,10195,0.0,0.3899239436118904,349.99948177481934
10:40:19.384,204000,10200,0.0,0.030952386455897152,349.99948177481934
10:40:19.593,204100,10205,0.0,0.7342557649547841,349.99948177481934
10:40:19.801,204200,10210,0.0,1.754681946126167,349.99948177481934
10:40:20.011,204300,10215,0.0,-1.8933105410442814,349.99948177481934
10:40:20.219,204400,10220,0.0,-0.15610740127293488,349.99948177481934
10:40:20.427,204500,10225,0.0,-1.094452933497334,349.99948177481934
10:40:20.639,204600,10230,0.0,1.1392437167425196,349.99948177481934
10:40:20.847,204700,10235,0.0,-0.14589337816816128,349.99948177481934
10:40:21.054,204800,10240,0.0,1.9529143533028233,349.99948177481934
10:40:21.261,204900,10245,0.0,-1.6087776366005513,349.99948177481934
10:40:21.468,205000,10250,0.0,-0.10073401967788387,349.99948177481934
10:40:21.675,205100,10255,0.0,-0.983731867564178,349.99948177481934
10:40:21.884,205200,10260,0.0,0.832002117130231,349.99948177481934
10:40:22.094,205300,10265,0.0,-0.006614665527619579,349.99948177481934
10:40:22.303,205400,10270,0.0,-0.2763011459640268,349.99948177481934
10:40:22.510,205500,10275,0.0,1.2599396687253308,349.99948177481934
10:40:22.720,205600,10280,0.0,1.389365641606195,349.99948177481934
10:40:22.928,205700,10285,0.0,-0.22380168753166574,349.99948177481934
10:40:23.135,205800,10290,0.0,1.8201428907812942,349.99948177481934
10:40:23.344,205900,10295,0.0,1.3070989091716263,349.99948177481934
10:40:23.552,206000,10300,0.0,-0.6314343183347666,349.99948177481934
10:40:23.760,206100,10305,0.0,-1.3887329438524842,349.99948177481934
10:40:23.979,206200,10310,0.0,-1.266025643014689,349.99948177481934
10:40:24.188,206300,10315,0.0,-0.8410511386364217,349.99948177481934
10:40:24.396,206400,10320,0.0,-0.07432892213851705,349.99948177481934
10:40:24.605,206500,10325,0.0,1.3753089174108708,349.99948177481934
10:40:24.825,206600,10330,0.0,-1.363843394637942,349.99948177481934
10:40:25.036,206700,10335,0.0,-0.2300079973862128,349.99948177481934
10:40:25.247,206800,10340,0.0,0.6706323837098571,349.99948177481934
10:40:25.454,206900,10345,0.0,1.9067119751896784,349.99948177481934
10:40:25.665,207000,10350,0.0,1.9318158504240692,349.99948177481934
10:40:25.872,207100,10355,0.0,-1.7279232837487348,349.99948177481934
10:40:26.080,207200,10360,0.0,1.4614032382126774,349.99948177481934
10:40:26.289,207300,10365,0.0,0.39534987115314113,349.99948177481934
10:40:26.500,207400,10370,0.0,-0.9181846119247923,349.99948177481934
10:40:26.707,207500,10375,0.0,-1.8196206965047774,349.99948177481934
10:40:26.913,207600,10380,0.0,1.4233250868899812,349.99948177481934
10:40:27.121,207700,10385,0.0,-0.3575777758184815,349.99948177481934
10:40:27.328,207800,10390,0.0,1.5323389526851194,349.99948177481934
10:40:27.546,207900,10395,0.0,0.21642866357994217,349.99948177481934
10:40:27.753,208000,10400,0.0,0.7874769243232373,349.99948177481934
10:40:27.971,208100,10405,0.0,-1.8071702795566935,349.99948177481934
10:40:28.180,208200,10410,0.0,-0.26160924118213025,349.99948177481934
10:40:28.388,208300,10415,0.0,-1.6059947788330864,349.99948177481934
10:40:28.596,208400,10420,0.0,0.5586527936880263,349.99948177481934
10:40:28.811,208500,10425,0.0,0.7346764216607768,349.99948177481934
10:40:29.018,208600,10430,0.0,-0.8265270392486763,349.99948177481934
10:40:29.230,208700,10435,0.0,-1.1058457730710263,349.99948177481934
10:40:29.438,208800,10440,0.0,0.5494387741662212,349.99948177481934
10:40:29.654,208900,10445,0.0,0.8166634886112276,349.99948177481934
10:40:29.863,209000,10450,0.0,-0.44715480404603936,349.99948177481934
10:40:30.070,209100,10455,0.0,-0.4288836260047373,349.99948177481934
10:40:30.277,209200,10460,0.0,1.6089093717037226,349.99948177481934
10:40:30.487,209300,10465,0.0,0.13869627902317827,349.99948177481934
10:40:30.694,209400,10470,0.0,-0.9395707639076036,349.99948177481934
10:40:30.902,209500,10475,0.0,-1.614970566111614,349.99948177481934
10:40:31.114,209600,10480,0.0,-1.7391690778933726,349.99948177481934
10:40:31.321,209700,10485,0.0,1.7070975707117966,349.99948177481934
10:40:31.539,209800,10490,0.0,-0.8455106739001406,349.99948177481934
10:40:31.746,209900,10495,0.0,-1.6164790465504266,349.99948177481934
10:40:31.956,210000,10500,0.0,1.4720308857077988,349.99948177481934
10:40:32.166,210100,10505,0.0,0.7354671733596168,349.99948177481934
10:40:32.375,210200,10510,0.0,1.4732984812524625,349.99948177481934
10:40:32.583,210300,10515,0.0,-1.0874631576485942,349.99948177481934
10:40:32.796,210400,10520,0.0,0.8551356238243759,349.99948177481934
10:40:33.010,210500,10525,0.0,1.0836784137141908,349.99948177481934
10:40:33.218,210600,10530,0.0,1.3102277124537562,349.99948177481934
10:40:33.425,210700,10535,0.0,0.522329183425498,349.99948177481934
10:40:33.639,210800,10540,0.0,0.7333372405683667,349.99948177481934
10:40:33.850,210900,10545,0.0,0.8779162493385413,349.99948177481934
10:40:34.058,211000,10550,0.0,-0.2532661952689481,349.99948177481934
10:40:34.265,211100,10555,0.0,0.9472720485240851,349.99948177481934
10:40:34.472,211200,10560,0.0,0.8546224104028477,349.99948177481934
10:40:34.682,211300,10565,0.0,1.9255800701512897,349.99948177481934
10:40:34.889,211400,10570,0.0,-0.6981748543880975,349.99948177481934
10:40:35.097,211500,10575,0.0,0.364872944227562,349.99948177481934
10:40:35.306,211600,10580,0.0,-0.08759812377437237,349.99948177481934
10:40:35.515,211700,10585,0.0,-0.8522413958056236,349.99948177481934
10:40:35.731,211800,10590,0.0,1.8424886023909726,349.99948177481934
10:40:35.940,211900,10595,0.0,1.1094837877507073,349.99948177481934
10:40:36.148,212000,10600,0.0,-0.11284379959728152,349.99948177481934
10:40:36.355,212100,10605,0.0,-0.21397537878086714,349.99948177481934
10:40:36.564,212200,10610,0.0,1.700199015297141,349.99948177481934
10:40:36.773,212300,10615,0.0,1.403399050380921,349.99948177481934
10:40:36.984,212400,10620,0.0,1.2200629942943952,349.99948177481934
10:40:37.193,212500,10625,0.0,1.700527111277402,349.99948177481934
10:40:37.409,212600,10630,0.0,-1.255145555632288,349.99948177481934
10:40:37.616,212700,10635,0.0,1.9390765384359017,349.99948177481934
10:40:37.825,212800,10640,0.0,0.10091558704731796,349.99948177481934
10:40:38.032,212900,10645,0.0,-1.7667727407207074,349.99948177481934
10:40:38.240,213000,10650,0.0,0.33146563757699266,349.99948177481934
10:40:38.448,213100,10655,0.0,1.049451643176786,349.99948177481934
10:40:38.655,213200,10660,0.0,0.07247399453882242,349.99948177481934
10:40:38.865,213300,10665,0.0,1.7413777008394824,349.99948177481934
10:40:39.073,213400,10670,0.0,-0.803230348100306,349.99948177481934
10:40:39.282,213500,10675,0.0,0.7080587908158935,349.99948177481934
10:40:39.490,213600,10680,0.0,1.3534127780918865,349.99948177481934
10:40:39.699,213700,10685,0.0,-0.7004557430441642,349.99948177481934
10:40:39.907,213800,10690,0.0,-1.8635706711017503,349.99948177481934
10:40:40.114,213900,10695,0.0,0.840200233998079,349.99948177481934
10:40:40.322,214000,10700,0.0,-0.7198675004947379,349.99948177481934
10:40:40.531,214100,10705,0.0,-1.6837456131009825,349.99948177481934
10:40:40.738,214200,10710,0.0,-1.483230672785436,349.99948177481934
10:40:40.945,214300,10715,0.0,1.9902775548733374,349.99948177481934
10:40:41.153,214400,10720,0.0,-1.1503981156152894,349.99948177481934
10:40:41.360,214500,10725,0.0,0.8614453697555424,349.99948177481934
10:40:41.568,214600,10730,0.0,-1.2392561319960063,349.99948177481934
10:40:41.774,214700,10735,0.0,-1.7656969295981941,349.99948177481934
10:40:41.981,214800,10740,0.0,-1.602626311934407,349.99948177481934
10:40:42.189,214900,10745,0.0,-0.6464294115411158,349.99948177481934
10:40:42.396,215000,10750,0.0,-0.4699773617436236,349.99948177481934
10:40:42.608,215100,10755,0.0,-1.6654626127142542,349.99948177481934
10:40:42.816,215200,10760,0.0,-0.6186083327356622,349.99948177481934
10:40:43.027,215300,10765,0.0,-0.42328584264934666,349.99948177481934
10:40:43.235,215400,10770,0.0,1.4614111140548518,349.99948177481934
10:40:43.442,215500,10775,0.0,0.1035624153288559,349.99948177481934
10:40:43.653,215600,10780,0.0,1.222896758829847,349.99948177481934
10:40:43.861,215700,10785,0.0,1.2421767155207926,349.99948177481934
10:40:44.070,215800,10790,0.0,-1.9978664349456583,349.99948177481934
10:40:44.277,215900,10795,0.0,1.6681418642728092,349.99948177481934
10:40:44.486,216000,10800,0.0,0.6684722434775652,349.99948177481934
10:40:44.694,216100,10805,0.0,-1.2117735660250948,349.99948177481934
10:40:44.904,216200,10810,0.0,1.8130515387937853,349.99948177481934
10:40:45.112,216300,10815,0.0,-0.7220885930391847,349.99948177481934
10:40:45.319,216400,10820,0.0,0.6586664018474728,349.99948177481934
10:40:45.527,216500,10825,0.0,-0.29770289837816266,349.99948177481934
10:40:45.735,216600,10830,0.0,1.8622943229496651,349.99948177481934
10:40:45.945,216700,10835,0.0,-1.9303797493872934,349.99948177481934
10:40:46.152,216800,10840,0.0,1.7960648879986416,349.99948177481934
10:40:46.360,216900,10845,0.0,-0.35799855166414707,349.99948177481934
10:40:46.569,217000,10850,0.0,-0.9290202199651092,349.99948177481934
10:40:46.778,217100,10855,0.0,0.5834957168945376,349.99948177481934
10:40:46.986,217200,10860,0.0,-0.8365019062293411,349.99948177481934
10:40:47.196,217300,10865,0.0,-1.0889262451949335,349.99948177481934
10:40:47.405,217400,10870,0.0,1.0987107256415687,349.99948177481934
10:40:47.613,217500,10875,0.0,-1.9826589362155622,349.99948177481934
10:40:47.821,217600,10880,0.0,-0.6441588564537857,349.99948177481934
10:40:48.029,217700,10885,0.0,1.3188612943830336,349.99948177481934
10:40:48.236,217800,10890,0.0,1.802530295421377,349.99948177481934
10:40:48.446,217900,10895,0.0,-1.3321162725425961,349.99948177481934
10:40:48.653,218000,10900,0.0,0.8423171840949779,349.99948177481934
10:40:48.864,218100,10905,0.0,0.8838776903768792,349.99948177481934
10:40:49.081,218200,10910,0.0,-0.24063069178795882,349.99948177481934
10:40:49.289,218300,10915,0.0,0.9513566783541889,349.99948177481934
10:40:49.499,218400,10920,0.0,-1.733892728771575,349.99948177481934
10:40:49.710,218500,10925,0.0,1.4253155275422,349.99948177481934
10:40:49.918,218600,10930,0.0,-1.8348946551683514,349.99948177481934
10:40:50.126,218700,10935,0.0,1.2927072008354883,349.99948177481934
10:40:50.336,218800,10940,0.0,-1.8328030744754717,349.99948177481934
10:40:50.545,218900,10945,0.0,0.04492168416244047,349.99948177481934
10:40:50.756,219000,10950,0.0,1.2171922718454575,349.99948177481934
10:40:50.963,219100,10955,0.0,-0.4790339596114559,349.99948177481934
10:40:51.172,219200,10960,0.0,-1.861184738150647,349.99948177481934
10:40:51.381,219300,10965,0.0,-1.112181829822533,349.99948177481934
10:40:51.589,219400,10970,0.0,0.45676783914288777,349.99948177481934
10:40:51.796,219500,10975,0.0,-0.6999757257754098,349.99948177481934
10:40:52.007,219600,10980,0.0,0.6899839241567505,349.99948177481934
10:40:52.221,219700,10985,0.0,-0.8074691927223681,349.99948177481934
10:40:52.428,219800,10990,0.0,-0.6289472067328843,349.99948177481934
10:40:52.635,219900,10995,0.0,0.020204749557632073,349.99948177481934
10:40:52.843,220000,11000,0.0,0.47201053943855786,349.99948177481934
10:40:53.054,220100,11005,0.0,-1.4320575231561703,349.99948177481934
10:40:53.262,220200,11010,0.0,0.32214437289874986,349.99948177481934
10:40:53.471,220300,11015,0.0,-0.9858063095705139,349.99948177481934
10:40:53.680,220400,11020,0.0,0.7714207312631016,349.99948177481934
10:40:53.889,220500,11025,0.0,0.9050348937671471,349.99948177481934
10:40:54.097,220600,11030,0.0,-0.5986727260070794,349.99948177481934
10:40:54.303,220700,11035,0.0,1.1449736916398279,349.99948177481934
10:40:54.511,220800,11040,0.0,0.7539953977257379,349.99948177481934
10:40:54.724,220900,11045,0.0,-0.40489969887420996,349.99948177481934
10:40:54.930,221000,11050,0.0,-1.7214920621442205,349.99948177481934
10:40:55.138,221100,11055,0.0,-0.9759866266532273,349.99948177481934
10:40:55.347,221200,11060,0.0,-0.23940434657746268,349.99948177481934
10:40:55.556,221300,11065,0.0,0.7550897500096512,349.99948177481934
10:40:55.767,221400,11070,0.0,-0.3179633949102758,349.99948177481934
10:40:55.985,221500,11075,0.0,1.2619399154746245,349.99948177481934
10:40:56.194,221600,11080,0.0,-1.0218926637213053,349.99948177481934
10:40:56.404,221700,11085,0.0,-1.4061573135067413,349.99948177481934
10:40:56.663,221800,11090,0.0,-1.5164237165213112,349.99948177481934
10:40:56.871,221900,11095,0.0,1.3920621019876354,349.99948177481934
10:40:57.079,222000,11100,0.0,-0.9920641776748149,349.99948177481934
10:40:57.295,222100,11105,0.0,0.4431916660995139,349.99948177481934
10:40:57.504,222200,11110,0.0,0.0574348470397501,349.99948177481934
10:40:57.711,222300,11115,0.0,0.8113492028032998,349.99948177481934
10:40:57.919,222400,11120,0.0,-1.3864920806626206,349.99948177481934
10:40:58.198,222500,11125,0.0,1.238408324311811,349.99948177481934
10:40:58.408,222600,11130,0.0,1.6815692590330564,349.99948177481934
10:40:58.618,222700,11135,0.0,1.6710016196161535,349.99948177481934
10:40:58.826,222800,11140,0.0,-1.567970299570348,349.99948177481934
10:40:59.034,222900,11145,0.0,1.2674064531257327,349.99948177481934
10:40:59.242,223000,11150,0.0,-1.6737967748819655,349.99948177481934
10:40:59.451,223100,11155,0.0,-1.3477135582392061,349.99948177481934
10:40:59.658,223200,11160,0.0,0.6285030913097636,349.99948177481934
10:40:59.866,223300,11165,0.0,1.6272160303887855,349.99948177481934
10:41:00.074,223400,11170,0.0,-1.7393361845161541,349.99948177481934
10:41:00.282,223500,11175,0.0,-0.14324007464184474,349.99948177481934
10:41:00.491,223600,11180,0.0,0.47065472405073017,349.99948177481934
10:41:00.700,223700,11185,0.0,0.5364573784754421,349.99948177481934
10:41:00.908,223800,11190,0.0,-1.9135227727225312,349.99948177481934
10:41:01.116,223900,11195,0.0,-1.7018365931106536,349.99948177481934
10:41:01.326,224000,11200,0.0,0.00011795397697200727,349.99948177481934
10:41:01.536,224100,11205,0.0,-0.545021244667832,349.99948177481934
10:41:01.747,224200,11210,0.0,-1.9447199538877724,349.99948177481934
10:41:01.955,224300,11215,0.0,1.9411924533629712,349.99948177481934
10:41:02.163,224400,11220,0.0,-1.327322890662348,349.99948177481934
10:41:02.373,224500,11225,0.0,-0.8808849925884874,349.99948177481934
10:41:02.591,224600,11230,0.0,-1.4880314271589898,349.99948177481934
10:41:02.799,224700,11235,0.0,0.9491642199354797,349.99948177481934
10:41:03.007,224800,11240,0.0,-1.9461591158983773,349.99948177481934
10:41:03.216,224900,11245,0.0,-1.6475546979667972,349.99948177481934
10:41:03.433,225000,11250,0.0,-0.10007101603219581,349.99948177481934
10:41:03.643,225100,11255,0.0,-1.8745685705605064,349.99948177481934
10:41:03.851,225200,11260,0.0,-1.5839753588835195,349.99948177481934
10:41:04.062,225300,11265,0.0,1.7168992723948362,349.99948177481934
10:41:04.272,225400,11270,0.0,1.750897890849251,349.99948177481934
10:41:04.479,225500,11275,0.0,1.487048371243421,349.99948177481934
10:41:04.688,225600,11280,0.0,0.5296415851665723,349.99948177481934
10:41:04.913,225700,11285,0.0,0.756161444852022,349.99948177481934
10:41:05.119,225800,11290,0.0,-0.19285055702534848,349.99948177481934
10:41:05.332,225900,11295,0.0,0.22020710423977885,349.99948177481934
10:41:05.539,226000,11300,0.0,-0.9811554777627878,349.99948177481934
10:41:05.749,226100,11305,0.0,-0.4612737857296918,349.99948177481934
10:41:05.957,226200,11310,0.0,1.6447998749326622,349.99948177481934
10:41:06.165,226300,11315,0.0,1.9742960102539406,349.99948177481934
10:41:06.372,226400,11320,0.0,1.8941302254719932,349.99948177481934
10:41:06.588,226500,11325,0.0,-1.8723586779418375,349.99948177481934
10:41:06.796,226600,11330,0.0,-1.4666187796485586,349.99948177481934
10:41:07.004,226700,11335,0.0,0.08882342960011425,349.99948177481934
10:41:07.212,226800,11340,0.0,1.8960168366851202,349.99948177481934
10:41:07.424,226900,11345,0.0,1.2317289225926609,349.99948177481934
10:41:07.631,227000,11350,0.0,-0.24567399633723186,349.99948177481934
10:41:07.839,227100,11355,0.0,1.8715538705300085,349.99948177481934
10:41:08.050,227200,11360,0.0,-1.7001426573452267,349.99948177481934
10:41:08.259,227300,11365,0.0,-1.523530397027384,349.99948177481934
10:41:08.466,227400,11370,0.0,1.8588285729838754,349.99948177481934
10:41:08.674,227500,11375,0.0,-1.7794117083215224,349.99948177481934
10:41:08.881,227600,11380,0.0,-1.25470761072815,349.99948177481934
10:41:09.088,227700,11385,0.0,-0.7047610436320499,349.99948177481934
10:41:09.304,227800,11390,0.0,-1.6540552641197372,349.99948177481934
10:41:09.513,227900,11395,0.0,1.6409020802856777,349.99948177481934
10:41:09.721,228000,11400,0.0,0.7151687314629305,349.99948177481934
10:41:09.931,228100,11405,0.0,-1.6670585735563188,349.99948177481934
10:41:10.142,228200,11410,0.0,0.06595791502690185,349.99948177481934
10:41:10.351,228300,11415,0.0,1.9406790596775196,349.99948177481934
10:41:10.559,228400,11420,0.0,1.5855786464983992,349.99948177481934
10:41:10.771,228500,11425,0.0,1.3751060037227605,349.99948177481934
10:41:10.978,228600,11430,0.0,-1.9868789826844058,349.99948177481934
10:41:11.186,228700,11435,0.0,0.9116836505072148,349.99948177481934
10:41:11.394,228800,11440,0.0,-0.45471905646077326,349.99948177481934
10:41:11.612,228900,11445,0.0,0.5788407860534015,349.99948177481934
10:41:11.820,229000,11450,0.0,-1.0608915644289763,349.99948177481934
10:41:12.029,229100,11455,0.0,-1.951201599563202,349.99948177481934
10:41:12.238,229200,11460,0.0,-1.5747425163858901,349.99948177481934
10:41:12.445,229300,11465,0.0,0.5884693962647729,349.99948177481934
10:41:12.653,229400,11470,0.0,0.3386560988040226,349.99948177481934
10:41:12.862,229500,11475,0.0,1.065133971065976,349.99948177481934
10:41:13.071,229600,11480,0.0,1.4166553079331092,349.99948177481934
10:41:13.284,229700,11485,0.0,-1.1091328656631614,349.99948177481934
10:41:13.602,229800,11490,0.0,1.9986278809741935,349.99948177481934
10:41:13.810,229900,11495,0.0,1.9839368827474484,349.99948177481934
10:41:14.031,230000,11500,0.0,1.0152079816437047,349.99948177481934
10:41:14.247,230100,11505,0.0,-0.9304681625941251,349.99948177481934
10:41:14.457,230200,11510,0.0,0.12041238494087869,349.99948177481934
10:41:14.936,230300,11515,0.0,-0.7559054092099422,349.99948177481934
10:41:15.143,230400,11520,0.0,-0.24940115955255182,349.99948177481934
10:41:15.351,230500,11525,0.0,-1.0736312397909602,349.99948177481934
10:41:15.558,230600,11530,0.0,1.3950687407639872,349.99948177481934
10:41:15.773,230700,11535,0.0,-1.8518521452099415,349.99948177481934
10:41:15.983,230800,11540,0.0,-0.24463793850968374,349.99948177481934
10:41:16.195,230900,11545,0.0,-1.030128033341915,349.99948177481934
10:41:16.403,231000,11550,0.0,-0.5325449042552637,349.99948177481934
10:41:16.618,231100,11555,0.0,0.22818496857981474,349.99948177481934
10:41:16.828,231200,11560,0.0,0.425992903868722,349.99948177481934
10:41:17.036,231300,11565,0.0,-1.553622345256732,349.99948177481934
10:41:17.245,231400,11570,0.0,-1.9496344690438439,349.99948177481934
10:41:17.453,231500,11575,0.0,-1.7131946318284812,349.99948177481934
10:41:17.661,231600,11580,0.0,0.31428787171401895,349.99948177481934
10:41:17.869,231700,11585,0.0,-1.6657546320284489,349.99948177481934
10:41:18.080,231800,11590,0.0,0.428655770177238,349.99948177481934
10:41:18.290,231900,11595,0.0,-0.4651824027659619,349.99948177481934
10:41:18.497,232000,11600,0.0,0.1761822629297587,349.99948177481934
10:41:18.711,232100,11605,0.0,-1.5091324121267768,349.99948177481934
10:41:18.920,232200,11610,0.0,1.4068826922825717,349.99948177481934
10:41:19.132,232300,11615,0.0,1.8743876224194609,349.99948177481934
10:41:19.340,232400,11620,0.0,-0.3190928058989533,349.99948177481934
10:41:19.551,232500,11625,0.0,-0.4007878000420084,349.99948177481934
10:41:19.767,232600,11630,0.0,1.4817873572953513,349.99948177481934
10:41:19.983,232700,11635,0.0,0.28420876801951067,349.99948177481934
10:41:20.193,232800,11640,0.0,-0.2686363242141909,349.99948177481934
10:41:20.401,232900,11645,0.0,1.3661674803472854,349.99948177481934
10:41:20.608,233000,11650,0.0,-0.07591606174615739,349.99948177481934
10:41:20.823,233100,11655,0.0,-0.06959138252900354,349.99948177481934
10:41:21.031,233200,11660,0.0,0.3562072310982827,349.99948177481934
10:41:21.239,233300,11665,0.0,-1.2161969335321792,349.99948177481934
10:41:21.448,233400,11670,0.0,0.7626552533709217,349.99948177481934
10:41:21.657,233500,11675,0.0,1.8750424860578976,349.99948177481934
10:41:21.865,233600,11680,0.0,-0.5659069573005144,349.99948177481934
10:41:22.072,233700,11685,0.0,1.462102398560181,349.99948177481934
10:41:22.282,233800,11690,0.0,1.1705060264370672,349.99948177481934
10:41:22.490,233900,11695,0.0,1.8040735546297837,349.99948177481934
10:41:22.706,234000,11700,0.0,-0.011031752322204547,349.99948177481934
10:41:22.914,234100,11705,0.0,-0.46755868492300223,349.99948177481934
10:41:23.122,234200,11710,0.0,-0.8289291801972385,349.99948177481934
10:41:23.332,234300,11715,0.0,1.9156450936879792,349.99948177481934
10:41:23.539,234400,11720,0.0,0.21130943960924586,349.99948177481934
10:41:23.747,234500,11725,0.0,0.8613318562029066,349.99948177481934
10:41:23.955,234600,11730,0.0,1.5694398292591827,349.99948177481934
10:41:24.162,234700,11735,0.0,-0.89634821233797,349.99948177481934
10:41:24.373,234800,11740,0.0,0.6382666180582071,349.99948177481934
10:41:24.581,234900,11745,0.0,1.2948242927744449,349.99948177481934
10:41:24.790,235000,11750,0.0,-0.4773760294543119,349.99948177481934
10:41:25.000,235100,11755,0.0,1.2973781591425655,349.99948177481934
10:41:25.210,235200,11760,0.0,0.5669454965964178,349.99948177481934
10:41:25.418,235300,11765,0.0,1.0571976693950234,349.99948177481934
10:41:25.626,235400,11770,0.0,1.1089060493961278,349.99948177481934
10:41:25.833,235500,11775,0.0,1.415476942908279,349.99948177481934
10:41:26.043,235600,11780,0.0,-1.3413992841810614,349.99948177481934
10:41:26.249,235700,11785,0.0,-1.3291766526189521,349.99948177481934
10:41:26.467,235800,11790,0.0,0.8584726429705052,349.99948177481934
10:41:26.675,235900,11795,0.0,0.27074252262339726,349.99948177481934
10:41:26.882,236000,11800,0.0,-0.910321769366043,349.99948177481934
10:41:27.091,236100,11805,0.0,1.1521638531647898,349.99948177481934
10:41:27.306,236200,11810,0.0,-0.7502610064265793,349.99948177481934
10:41:27.514,236300,11815,0.0,1.6469994191272201,349.99948177481934
10:41:27.721,236400,11820,0.0,1.8285026188562057,349.99948177481934
10:41:27.932,236500,11825,0.0,-0.19961688651635434,349.99948177481934
10:41:28.139,236600,11830,0.0,-1.3849749052602682,349.99948177481934
10:41:28.348,236700,11835,0.0,1.161837468790714,349.99948177481934
10:41:28.556,236800,11840,0.0,1.8603827017550696,349.99948177481934
10:41:28.767,236900,11845,0.0,0.6212667214851391,349.99948177481934
10:41:28.975,237000,11850,0.0,1.0521982464319164,349.99948177481934
10:41:29.187,237100,11855,0.0,-1.8702580899651413,349.99948177481934
10:41:29.395,237200,11860,0.0,0.6396229062299144,349.99948177481934
10:41:29.606,237300,11865,0.0,-1.4468019435878707,349.99948177481934
10:41:29.823,237400,11870,0.0,-1.2000873193245716,349.99948177481934
10:41:30.031,237500,11875,0.0,-1.3282629903513241,349.99948177481934
10:41:30.238,237600,11880,0.0,1.294441724649022,349.99948177481934
10:41:30.451,237700,11885,0.0,-0.19491976025748725,349.99948177481934
10:41:30.666,237800,11890,0.0,0.09870057156646306,349.99948177481934
10:41:30.874,237900,11895,0.0,0.4419404071107924,349.99948177481934
10:41:31.081,238000,11900,0.0,1.4892226942467217,349.99948177481934
10:41:31.288,238100,11905,0.0,0.45136844120688613,349.99948177481934
10:41:31.496,238200,11910,0.0,-0.11809212675078795,349.99948177481934
10:41:31.704,238300,11915,0.0,-0.7019462163766059,349.99948177481934
10:41:31.912,238400,11920,0.0,0.9128930474173407,349.99948177481934
10:41:32.120,238500,11925,0.0,1.344736140423577,349.99948177481934
10:41:32.328,238600,11930,0.0,-0.2972658431653392,349.99948177481934
10:41:32.539,238700,11935,0.0,-0.22043255921910454,349.99948177481934
10:41:32.746,238800,11940,0.0,-1.741181556796899,349.99948177481934
10:41:32.958,238900,11945,0.0,0.707828213221815,349.99948177481934
10:41:33.167,239000,11950,0.0,-0.32808363647848804,349.99948177481934
10:41:33.377,239100,11955,0.0,-1.613053860110338,349.99948177481934
10:41:33.585,239200,11960,0.0,-1.3433700417918644,349.99948177481934
10:41:33.792,239300,11965,0.0,-0.7003152580475596,349.99948177481934
10:41:34.000,239400,11970,0.0,-0.5962475387488619,349.99948177481934
10:41:34.208,239500,11975,0.0,-0.06994222039158648,349.99948177481934
10:41:34.415,239600,11980,0.0,0.32414458113128886,349.99948177481934
10:41:34.633,239700,11985,0.0,-0.24323379815893187,349.99948177481934
10:41:34.842,239800,11990,0.0,-0.3768357110342211,349.99948177481934
10:41:35.049,239900,11995,0.0,0.7231902239900023,349.99948177481934
10:41:35.256,240000,12000,0.0,-1.799573993994498,349.99948177481934
10:41:35.469,240100,12005,0.0,-1.8457000700333297,349.99948177481934
10:41:35.677,240200,12010,0.0,-0.3805728599888054,349.99948177481934
10:41:35.885,240300,12015,0.0,-1.5505726325941018,349.99948177481934
10:41:36.093,240400,12020,0.0,-0.41276889126534,349.99948177481934
10:41:36.300,240500,12025,0.0,-1.8926383530434352,349.99948177481934
10:41:36.509,240600,12030,0.0,1.6554444748895842,349.99948177481934
10:41:36.717,240700,12035,0.0,1.4219575131735351,349.99948177481934
10:41:36.926,240800,12040,0.0,0.6603558342949625,349.99948177481934
10:41:37.138,240900,12045,0.0,1.702117247278104,349.99948177481934
10:41:37.353,241000,12050,0.0,-0.6953430735988975,349.99948177481934
10:41:37.561,241100,12055,0.0,-0.05744781754220618,349.99948177481934
10:41:37.769,241200,12060,0.0,-1.1014929639835214,349.99948177481934
10:41:37.981,241300,12065,0.0,-0.34526900351372136,349.99948177481934
10:41:38.189,241400,12070,0.0,-0.704050158533756,349.99948177481934
10:41:38.397,241500,12075,0.0,1.154751613940273,349.99948177481934
10:41:38.607,241600,12080,0.0,1.8948498314392848,349.99948177481934
10:41:38.824,241700,12085,0.0,-1.6003532889161605,349.99948177481934
10:41:39.032,241800,12090,0.0,1.9800239998449944,349.99948177481934
10:41:39.239,241900,12095,0.0,1.3892505987191948,349.99948177481934
10:41:39.447,242000,12100,0.0,-0.38343594943490045,349.99948177481934
10:41:39.657,242100,12105,0.0,-1.5900937798257866,349.99948177481934
10:41:39.865,242200,12110,0.0,0.7694737751768868,349.99948177481934
10:41:40.076,242300,12115,0.0,1.6737842709400765,349.99948177481934
10:41:40.283,242400,12120,0.0,0.9175031896029804,349.99948177481934
10:41:40.491,242500,12125,0.0,-0.23739069856005512,349.99948177481934
10:41:40.699,242600,12130,0.0,-0.12864039648273007,349.99948177481934
10:41:40.907,242700,12135,0.0,1.4173587836729298,349.99948177481934
10:41:41.116,242800,12140,0.0,-1.1137086761576702,349.99948177481934
10:41:41.324,242900,12145,0.0,-0.8111826238291528,349.99948177481934
10:41:41.535,243000,12150,0.0,1.356974624425868,349.99948177481934
10:41:41.744,243100,12155,0.0,1.997213907170306,349.99948177481934
10:41:41.955,243200,12160,0.0,-0.45134870453479836,349.99948177481934
10:41:42.164,243300,12165,0.0,1.595632530801279,349.99948177481934
10:41:42.372,243400,12170,0.0,0.7503956494613364,349.99948177481934
10:41:42.582,243500,12175,0.0,0.9242509145499809,349.99948177481934
10:41:42.799,243600,12180,0.0,-0.1773634864247784,349.99948177481934
10:41:43.010,243700,12185,0.0,1.2866113866876487,349.99948177481934
10:41:43.217,243800,12190,0.0,-0.4933187679340181,349.99948177481934
10:41:43.424,243900,12195,0.0,-0.061793268867397,349.99948177481934
10:41:43.633,244000,12200,0.0,-1.3488190963774618,349.99948177481934
10:41:43.842,244100,12205,0.0,1.8765346643776777,349.99948177481934
10:41:44.051,244200,12210,0.0,-0.5535354179829621,349.99948177481934
10:41:44.260,244300,12215,0.0,1.581590038134057,349.99948177481934
10:41:44.469,244400,12220,0.0,0.9328444134131866,349.99948177481934
10:41:44.683,244500,12225,0.0,-1.4520921943642837,349.99948177481934
10:41:44.892,244600,12230,0.0,-1.5926770517467834,349.99948177481934
10:41:45.099,244700,12235,0.0,-1.5122451484787947,349.99948177481934
10:41:45.307,244800,12240,0.0,-0.49674293388242674,349.99948177481934
10:41:45.516,244900,12245,0.0,-0.6722460518766478,349.99948177481934
10:41:45.724,245000,12250,0.0,-0.13958420578073705,349.99948177481934
10:41:45.932,245100,12255,0.0,0.3926691020176478,349.99948177481934
10:41:46.144,245200,12260,0.0,1.5343653850999392,349.99948177481934
10:41:46.353,245300,12265,0.0,-0.3552831057808885,349.99948177481934
10:41:46.561,245400,12270,0.0,-0.9787030660319913,349.99948177481934
10:41:46.769,245500,12275,0.0,-0.07580179371633067,349.99948177481934
10:41:46.975,245600,12280,0.0,1.0692642299293453,349.99948177481934
10:41:47.184,245700,12285,0.0,1.1553938716689238,349.99948177481934
10:41:47.391,245800,12290,0.0,0.20711610060536856,349.99948177481934
10:41:47.598,245900,12295,0.0,0.20155631500198545,349.99948177481934
10:41:47.817,246000,12300,0.0,-0.5674409501171365,349.99948177481934
10:41:48.027,246100,12305,0.0,-1.3426587470690055,349.99948177481934
10:41:48.235,246200,12310,0.0,-1.2606674053096616,349.99948177481934
10:41:48.446,246300,12315,0.0,1.7215298039918592,349.99948177481934
10:41:48.658,246400,12320,0.0,1.074220500160068,349.99948177481934
10:41:48.865,246500,12325,0.0,-0.41788174736068884,349.99948177481934
10:41:49.072,246600,12330,0.0,0.7344176962745999,349.99948177481934
10:41:49.280,246700,12335,0.0,1.216403796409268,349.99948177481934
10:41:49.496,246800,12340,0.0,-1.519221325652338,349.99948177481934
10:41:49.704,246900,12345,0.0,-0.5654755483602876,349.99948177481934
10:41:49.912,247000,12350,0.0,-0.6259285426948367,349.99948177481934
10:41:50.123,247100,12355,0.0,1.4745611128736518,349.99948177481934
10:41:50.336,247200,12360,0.0,-1.5601057402163518,349.99948177481934
10:41:50.543,247300,12365,0.0,-1.4990949894632934,349.99948177481934
10:41:50.751,247400,12370,0.0,-0.8812654965284801,349.99948177481934
10:41:50.960,247500,12375,0.0,0.8978592305466941,349.99948177481934
10:41:51.171,247600,12380,0.0,1.5044905505161865,349.99948177481934
10:41:51.381,247700,12385,0.0,0.0029827647903442056,349.99948177481934
10:41:51.592,247800,12390,0.0,-0.08062192963701476,349.99948177481934
10:41:51.801,247900,12395,0.0,-0.8700442854265851,349.99948177481934
10:41:52.009,248000,12400,0.0,0.700734407258139,349.99948177481934
10:41:52.216,248100,12405,0.0,-1.2454780674611028,349.99948177481934
10:41:52.425,248200,12410,0.0,-0.6757236688044879,349.99948177481934
10:41:52.634,248300,12415,0.0,-0.07894371941296674,349.99948177481934
10:41:52.842,248400,12420,0.0,0.4375279239615004,349.99948177481934
10:41:53.049,248500,12425,0.0,1.8448244236725175,349.99948177481934
10:41:53.259,248600,12430,0.0,1.981940141223359,349.99948177481934
10:41:53.472,248700,12435,0.0,-0.0706715104522111,349.99948177481934
10:41:53.681,248800,12440,0.0,-1.124243936495557,349.99948177481934
10:41:53.893,248900,12445,0.0,-0.8478267148154361,349.99948177481934
10:41:54.102,249000,12450,0.0,-1.9184673396255545,349.99948177481934
10:41:54.316,249100,12455,0.0,0.21242282492886355,349.99948177481934
10:41:54.525,249200,12460,0.0,1.632117198485508,349.99948177481934
10:41:54.732,249300,12465,0.0,-1.2551248273619544,349.99948177481934
10:41:54.941,249400,12470,0.0,0.6211648946114989,349.99948177481934
10:41:55.148,249500,12475,0.0,1.1774060889628868,349.99948177481934
10:41:55.356,249600,12480,0.0,-1.816592947774685,349.99948177481934
10:41:55.564,249700,12485,0.0,-0.059619781828174734,349.99948177481934
10:41:55.772,249800,12490,0.0,0.07182904601560214,349.99948177481934
10:41:55.983,249900,12495,0.0,1.2044299704591301,349.99948177481934
10:41:56.191,250000,12500,0.0,-1.7172597158858856,349.99948177481934
10:41:56.400,250100,12505,0.0,-0.5908101887186201,349.99948177481934
10:41:56.607,250200,12510,0.0,1.0862100145936657,349.99948177481934
10:41:56.815,250300,12515,0.0,1.9532675232715007,349.99948177481934
10:41:57.023,250400,12520,0.0,-1.2887754704706875,349.99948177481934
10:41:57.232,250500,12525,0.0,1.5642465247545294,349.99948177481934
10:41:57.450,250600,12530,0.0,-1.0742436306970657,349.99948177481934
10:41:57.659,250700,12535,0.0,1.2909889391075322,349.99948177481934
10:41:57.865,250800,12540,0.0,1.0244918014188644,349.99948177481934
10:41:58.073,250900,12545,0.0,0.35891197068731584,349.99948177481934
10:41:58.280,251000,12550,0.0,-1.9382958744500334,349.99948177481934
10:41:58.487,251100,12555,0.0,-0.9400099557609436,349.99948177481934
10:41:58.695,251200,12560,0.0,0.8799985074236725,349.99948177481934
10:41:58.903,251300,12565,0.0,-1.46599340321393,349.99948177481934
10:41:59.110,251400,12570,0.0,1.7431163979885258,349.99948177481934
10:41:59.317,251500,12575,0.0,0.33292838260435875,349.99948177481934
10:41:59.526,251600,12580,0.0,-0.24845633583139026,349.99948177481934
10:41:59.735,251700,12585,0.0,-1.8634214018007307,349.99948177481934
10:41:59.944,251800,12590,0.0,1.5655371697640241,349.99948177481934
10:42:00.152,251900,12595,0.0,-1.994222028858927,349.99948177481934
10:42:00.362,252000,12600,0.0,-1.7438479782653498,349.99948177481934
10:42:00.575,252100,12605,0.0,0.19235397582774727,349.99948177481934
10:42:00.782,252200,12610,0.0,0.5990504525009483,349.99948177481934
10:42:00.993,252300,12615,0.0,0.7188343145390181,349.99948177481934
10:42:01.201,252400,12620,0.0,-0.6417601747873012,349.99948177481934
10:42:01.417,252500,12625,0.0,1.8802104697732283,349.99948177481934
10:42:01.627,252600,12630,0.0,-1.6916499916833194,349.99948177481934
10:42:01.835,252700,12635,0.0,-0.5278382906805974,349.99948177481934
10:42:02.042,252800,12640,0.0,-0.814628114998603,349.99948177481934
10:42:02.251,252900,12645,0.0,-1.5201572551500324,349.99948177481934
10:42:02.468,253000,12650,0.0,-1.5417604112283159,349.99948177481934
10:42:02.686,253100,12655,0.0,1.2340927193403322,349.99948177481934
10:42:02.895,253200,12660,0.0,0.7436510502318576,349.99948177481934
10:42:03.103,253300,12665,0.0,0.13394061366602328,349.99948177481934
10:42:03.313,253400,12670,0.0,0.7259570854130994,349.99948177481934
10:42:03.524,253500,12675,0.0,-1.08873319136211,349.99948177481934
10:42:03.733,253600,12680,0.0,0.9627995075746072,349.99948177481934
10:42:03.941,253700,12685,0.0,0.25375578474604854,349.99948177481934
10:42:04.149,253800,12690,0.0,1.0872875213429967,349.99948177481934
10:42:04.357,253900,12695,0.0,-0.02279574322252431,349.99948177481934
10:42:04.570,254000,12700,0.0,-1.4725850004559216,349.99948177481934
10:42:04.778,254100,12705,0.0,0.6902650712866816,349.99948177481934
10:42:04.986,254200,12710,0.0,0.7490612533554324,349.99948177481934
10:42:05.200,254300,12715,0.0,0.4640102351218163,349.99948177481934
10:42:05.408,254400,12720,0.0,-0.2396581397679407,349.99948177481934
10:42:05.617,254500,12725,0.0,-1.7802669323148868,349.99948177481934
10:42:05.826,254600,12730,0.0,-0.2815540644830259,349.99948177481934
10:42:06.035,254700,12735,0.0,1.55249305837931,349.99948177481934
10:42:06.243,254800,12740,0.0,1.025011955880105,349.99948177481934
10:42:06.453,254900,12745,0.0,-0.6486536670797993,349.99948177481934
10:42:06.660,255000,12750,0.0,0.2745519233655256,349.99948177481934
10:42:06.867,255100,12755,0.0,1.91219749600263,349.99948177481934
10:42:07.074,255200,12760,0.0,1.858819424783376,349.99948177481934
10:42:07.282,255300,12765,0.0,1.3292674559842381,349.99948177481934
10:42:07.491,255400,12770,0.0,-1.7501369687274297,349.99948177481934
10:42:07.699,255500,12775,0.0,-0.8412903802942888,349.99948177481934
10:42:07.907,255600,12780,0.0,0.8906690076303527,349.99948177481934
10:42:08.117,255700,12785,0.0,1.4478510352968463,349.99948177481934
10:42:08.326,255800,12790,0.0,1.7080455844905966,349.99948177481934
10:42:08.536,255900,12795,0.0,0.04555756736844385,349.99948177481934
10:42:08.746,256000,12800,0.0,-0.5811995188917187,349.99948177481934
10:42:08.953,256100,12805,0.0,1.8852084852138304,349.99948177481934
10:42:09.161,256200,12810,0.0,1.1105232182179,349.99948177481934
10:42:09.370,256300,12815,0.0,-1.0200409475238996,349.99948177481934
10:42:09.580,256400,12820,0.0,-0.5617240184579488,349.99948177481934
10:42:09.788,256500,12825,0.0,1.4182905489403037,349.99948177481934
10:42:09.994,256600,12830,0.0,-1.9696451638579942,349.99948177481934
10:42:10.203,256700,12835,0.0,-0.16538211343560283,349.99948177481934
10:42:10.410,256800,12840,0.0,-0.5951734888217048,349.99948177481934
10:42:10.621,256900,12845,0.0,0.9033929993480818,349.99948177481934
10:42:10.831,257000,12850,0.0,-1.708483109455854,349.99948177481934
10:42:11.039,257100,12855,0.0,1.8460686991671347,349.99948177481934
10:42:11.246,257200,12860,0.0,-0.4609177136237541,349.99948177481934
10:42:11.454,257300,12865,0.0,0.27184205392863836,349.99948177481934
10:42:11.663,257400,12870,0.0,-1.677945111459477,349.99948177481934
10:42:11.870,257500,12875,0.0,-0.9088793632089818,349.99948177481934
10:42:12.082,257600,12880,0.0,0.04586296168409687,349.99948177481934
10:42:12.290,257700,12885,0.0,-1.6180221097240977,349.99948177481934
10:42:12.498,257800,12890,0.0,0.2922055676946238,349.99948177481934
10:42:12.705,257900,12895,0.0,-1.8965836742735647,349.99948177481934
10:42:12.913,258000,12900,0.0,1.222278213387305,349.99948177481934
10:42:13.123,258100,12905,0.0,1.0231634816510589,349.99948177481934
10:42:13.329,258200,12910,0.0,0.15155788398579517,349.99948177481934
10:42:13.537,258300,12915,0.0,0.017681814927787087,349.99948177481934
10:42:13.744,258400,12920,0.0,0.25034897651573473,349.99948177481934
10:42:13.952,258500,12925,0.0,-1.9870902003042965,349.99948177481934
10:42:14.159,258600,12930,0.0,0.5455753476028766,349.99948177481934
10:42:14.368,258700,12935,0.0,-0.8638429288419585,349.99948177481934
10:42:14.575,258800,12940,0.0,1.6402316114007571,349.99948177481934
10:42:14.783,258900,12945,0.0,0.4373594218631931,349.99948177481934
10:42:14.990,259000,12950,0.0,-0.3592541234002735,349.99948177481934
10:42:15.197,259100,12955,0.0,-1.104311408796931,349.99948177481934
10:42:15.407,259200,12960,0.0,0.01510142858031882,349.99948177481934
10:42:15.616,259300,12965,0.0,0.4663035259095718,349.99948177481934
10:42:15.824,259400,12970,0.0,-1.5384013427374907,349.99948177481934
10:42:16.032,259500,12975,0.0,0.9050599362541516,349.99948177481934
10:42:16.239,259600,12980,0.0,-1.1950322466905172,349.99948177481934
10:42:16.447,259700,12985,0.0,-1.0329367050471694,349.99948177481934
10:42:16.658,259800,12990,0.0,1.290355808046764,349.99948177481934
10:42:16.866,259900,12995,0.0,0.4170234188294586,349.99948177481934
10:42:17.074,260000,13000,0.0,1.7357713456104285,349.99948177481934
10:42:17.283,260100,13005,0.0,-1.8529983288608287,349.99948177481934
10:42:17.492,260200,13010,0.0,-1.6334017981858087,349.99948177481934
10:42:17.708,260300,13015,0.0,1.607502785658168,349.99948177481934
10:42:17.916,260400,13020,0.0,-1.2018630414097338,349.99948177481934
10:42:18.127,260500,13025,0.0,1.4735629802598758,349.99948177481934
10:42:18.339,260600,13030,0.0,1.1686426353911914,349.99948177481934
10:42:18.547,260700,13035,0.0,-1.1572938630803162,349.99948177481934
10:42:18.754,260800,13040,0.0,-1.0865685282596602,349.99948177481934
10:42:18.962,260900,13045,0.0,-1.8218424724167641,349.99948177481934
10:42:19.170,261000,13050,0.0,-1.8032015668956958,349.99948177481934
10:42:19.378,261100,13055,0.0,1.7595493704202214,349.99948177481934
10:42:19.587,261200,13060,0.0,-0.11294820295338903,349.99948177481934
10:42:19.801,261300,13065,0.0,-0.04150828492546399,349.99948177481934
10:42:20.010,261400,13070,0.0,-1.4380403334166525,349.99948177481934
10:42:20.218,261500,13075,0.0,-1.489537573272516,349.99948177481934
10:42:20.426,261600,13080,0.0,-0.944616710967134,349.99948177481934
10:42:20.637,261700,13085,0.0,1.9148027766360518,349.99948177481934
10:42:20.845,261800,13090,0.0,0.30920966386898074,349.99948177481934
10:42:21.052,261900,13095,0.0,1.8757097717235434,349.99948177481934
10:42:21.260,262000,13100,0.0,1.5619797195730833,349.99948177481934
10:42:21.472,262100,13105,0.0,1.3965413719877575,349.99948177481934
10:42:21.681,262200,13110,0.0,-1.8527244161287664,349.99948177481934
10:42:21.895,262300,13115,0.0,0.39314033431846385,349.99948177481934
10:42:22.103,262400,13120,0.0,0.8646264268833956,349.99948177481934
10:42:22.311,262500,13125,0.0,-0.333274020983521,349.99948177481934
10:42:22.520,262600,13130,0.0,-1.938245266356482,349.99948177481934
10:42:22.729,262700,13135,0.0,-0.6579373554268484,349.99948177481934
10:42:22.937,262800,13140,0.0,-1.593591249285827,349.99948177481934
10:42:23.145,262900,13145,0.0,-1.2205475900137768,349.99948177481934
10:42:23.352,263000,13150,0.0,0.8370362087185379,349.99948177481934
10:42:23.561,263100,13155,0.0,-0.9944770297051448,349.99948177481934
10:42:23.770,263200,13160,0.0,1.6471671417463463,349.99948177481934
10:42:23.978,263300,13165,0.0,1.2844044095924585,349.99948177481934
10:42:24.185,263400,13170,0.0,0.016360551350559138,349.99948177481934
10:42:24.392,263500,13175,0.0,0.5036899344689534,349.99948177481934
10:42:24.599,263600,13180,0.0,1.705970177754017,349.99948177481934
10:42:24.812,263700,13185,0.0,-0.08729803992994345,349.99948177481934
10:42:25.020,263800,13190,0.0,-0.3437665049563079,349.99948177481934
10:42:25.229,263900,13195,0.0,1.3250655234869249,349.99948177481934
10:42:25.440,264000,13200,0.0,-1.6959350643138125,349.99948177481934
10:42:25.648,264100,13205,0.0,-0.6371466370447751,349.99948177481934
10:42:25.859,264200,13210,0.0,-1.6531792310163218,349.99948177481934
10:42:26.067,264300,13215,0.0,-0.8573655522204611,349.99948177481934
10:42:26.276,264400,13220,0.0,0.3776021276022479,349.99948177481934
10:42:26.484,264500,13225,0.0,0.8066163699681916,349.99948177481934
10:42:26.692,264600,13230,0.0,0.152144718543739,349.99948177481934
10:42:26.900,264700,13235,0.0,1.9940610018445994,349.99948177481934
10:42:27.108,264800,13240,0.0,1.793439203052709,349.99948177481934
10:42:27.317,264900,13245,0.0,0.02362422940958897,349.99948177481934
10:42:27.524,265000,13250,0.0,-0.20497395301861765,349.99948177481934
10:42:27.732,265100,13255,0.0,0.4440516552289413,349.99948177481934
10:42:27.940,265200,13260,0.0,-1.792778450375613,349.99948177481934
10:42:28.148,265300,13265,0.0,-0.3591087746776864,349.99948177481934
10:42:28.356,265400,13270,0.0,-1.838941887562505,349.99948177481934
10:42:28.565,265500,13275,0.0,0.23092067623778378,349.99948177481934
10:42:28.776,265600,13280,0.0,1.2788880098481399,349.99948177481934
10:42:28.984,265700,13285,0.0,-1.9877319900811727,349.99948177481934
10:42:29.192,265800,13290,0.0,0.8297785677599796,349.99948177481934
10:42:29.400,265900,13295,0.0,-1.8907091368898716,349.99948177481934
10:42:29.613,266000,13300,0.0,-1.5054606052267534,349.99948177481934
10:42:29.820,266100,13305,0.0,-1.1510284236119022,349.99948177481934
10:42:30.029,266200,13310,0.0,0.1449972132774935,349.99948177481934
10:42:30.237,266300,13315,0.0,0.08894860108417957,349.99948177481934
10:42:30.444,266400,13320,0.0,-0.5468823071986888,349.99948177481934
10:42:30.652,266500,13325,0.0,1.1152278521359893,349.99948177481934
10:42:30.860,266600,13330,0.0,0.9941738562329303,349.99948177481934
10:42:31.069,266700,13335,0.0,0.26295500362952273,349.99948177481934
10:42:31.278,266800,13340,0.0,0.9558796899849944,349.99948177481934
10:42:31.491,266900,13345,0.0,0.7510453811489111,349.99948177481934
10:42:31.699,267000,13350,0.0,0.3927901766986901,349.99948177481934
10:42:31.906,267100,13355,0.0,0.30396558461535506,349.99948177481934
10:42:32.113,267200,13360,0.0,1.5685264918686652,349.99948177481934
10:42:32.321,267300,13365,0.0,-0.12762390491024522,349.99948177481934
10:42:32.529,267400,13370,0.0,0.6705258296768406,349.99948177481934
10:42:32.741,267500,13375,0.0,1.4534866538633637,349.99948177481934
10:42:32.949,267600,13380,0.0,-1.9654369463068821,349.99948177481934
10:42:33.156,267700,13385,0.0,0.6721147339413682,349.99948177481934
10:42:33.365,267800,13390,0.0,-1.1128519641860484,349.99948177481934
10:42:33.572,267900,13395,0.0,0.5923784429512322,349.99948177481934
10:42:33.780,268000,13400,0.0,-0.6414530364415181,349.99948177481934
10:42:33.987,268100,13405,0.0,-0.976185466324575,349.99948177481934
10:42:34.197,268200,13410,0.0,0.9215847682127607,349.99948177481934
10:42:34.405,268300,13415,0.0,-1.3527250024372308,349.99948177481934
10:42:34.620,268400,13420,0.0,-0.8398269729573138,349.99948177481934
10:42:34.828,268500,13425,0.0,-1.9295059468263802,349.99948177481934
10:42:35.036,268600,13430,0.0,1.379263910018261,349.99948177481934
10:42:35.244,268700,13435,0.0,0.03555327461983415,349.99948177481934
10:42:35.452,268800,13440,0.0,1.9882014843247462,349.99948177481934
10:42:35.661,268900,13445,0.0,1.6779252316007778,349.99948177481934
10:42:35.871,269000,13450,0.0,-0.11792000686699211,349.99948177481934
10:42:36.080,269100,13455,0.0,-0.6476867062040319,349.99948177481934
10:42:36.290,269200,13460,0.0,0.5087946626113977,349.99948177481934
10:42:36.498,269300,13465,0.0,-0.46021829444611617,349.99948177481934
10:42:36.708,269400,13470,0.0,-0.05886422851930195,349.99948177481934
10:42:36.916,269500,13475,0.0,-1.160842783953583,349.99948177481934
10:42:37.124,269600,13480,0.0,0.3502881353895839,349.99948177481934
10:42:37.332,269700,13485,0.0,1.652219238412039,349.99948177481934
10:42:37.541,269800,13490,0.0,-0.8727590488652375,349.99948177481934
10:42:38.041,269900,13495,0.0,0.6799068164569548,349.99948177481934
10:42:38.931,270000,13500,0.0,0.7096449565554086,349.99948177481934
10:42:39.139,270100,13505,0.0,-0.3442209012551447,349.99948177481934
10:42:39.348,270200,13510,0.0,1.8406300516022012,349.99948177481934
10:42:39.555,270300,13515,0.0,1.2615488980285101,349.99948177481934
10:42:39.762,270400,13520,0.0,-1.9320964050005003,349.99948177481934
10:42:39.973,270500,13525,0.0,0.5534798545577924,349.99948177481934
10:42:40.181,270600,13530,0.0,0.047704114437307155,349.99948177481934
10:42:40.389,270700,13535,0.0,-0.9879584952419633,349.99948177481934
10:42:40.601,270800,13540,0.0,1.7782463829814223,349.99948177481934
10:42:40.808,270900,13545,0.0,-0.912467907683407,349.99948177481934
10:42:41.016,271000,13550,0.0,-1.0308698775995047,349.99948177481934
10:42:41.224,271100,13555,0.0,-0.4358708381589329,349.99948177481934
10:42:41.432,271200,13560,0.0,-1.3507088480997784,349.99948177481934
10:42:41.642,271300,13565,0.0,-0.1419117901991287,349.99948177481934
10:42:41.850,271400,13570,0.0,1.0760256525783505,349.99948177481934
10:42:42.058,271500,13575,0.0,1.0807695395638173,349.99948177481934
10:42:42.265,271600,13580,0.0,1.524408161011348,349.99948177481934
10:42:42.473,271700,13585,0.0,1.085169729105946,349.99948177481934
10:42:42.682,271800,13590,0.0,0.14261656736228145,349.99948177481934
10:42:42.891,271900,13595,0.0,-1.4647316617501893,349.99948177481934
10:42:43.099,272000,13600,0.0,-1.9723637740848305,349.99948177481934
10:42:43.306,272100,13605,0.0,0.4215085993495489,349.99948177481934
10:42:43.514,272200,13610,0.0,1.5565602718440172,349.99948177481934
10:42:43.725,272300,13615,0.0,0.3883174303440735,349.99948177481934
10:42:43.932,272400,13620,0.0,-0.15144239564400142,349.99948177481934
10:42:44.139,272500,13625,0.0,-1.5624924932388926,349.99948177481934
10:42:44.347,272600,13630,0.0,1.4650792824537016,349.99948177481934
10:42:44.554,272700,13635,0.0,1.7157847555124426,349.99948177481934
10:42:44.762,272800,13640,0.0,0.17730916503459948,349.99948177481934
10:42:44.969,272900,13645,0.0,-0.7506403610752606,349.99948177481934
10:42:45.182,273000,13650,0.0,0.19924408372360958,349.99948177481934
10:42:45.394,273100,13655,0.0,-1.8804874224902033,349.99948177481934
10:42:45.602,273200,13660,0.0,-0.9549508696527313,349.99948177481934
10:42:45.818,273300,13665,0.0,0.20617421896514454,349.99948177481934
10:42:46.026,273400,13670,0.0,-1.907027820228945,349.99948177481934
10:42:46.235,273500,13675,0.0,1.5248220732094837,349.99948177481934
10:42:46.442,273600,13680,0.0,1.067855787973929,349.99948177481934
10:42:46.651,273700,13685,0.0,-0.7645399529126964,349.99948177481934
10:42:46.861,273800,13690,0.0,1.8273663038083061,349.99948177481934
10:42:47.068,273900,13695,0.0,0.9837989895935118,349.99948177481934
10:42:47.277,274000,13700,0.0,0.6340863129994578,349.99948177481934
10:42:47.485,274100,13705,0.0,-1.3340475269923648,349.99948177481934
10:42:47.693,274200,13710,0.0,-0.339606746117588,349.99948177481934
10:42:47.900,274300,13715,0.0,0.8436895691424278,349.99948177481934
10:42:48.108,274400,13720,0.0,-1.9350789610093995,349.99948177481934
10:42:48.315,274500,13725,0.0,0.2325461081906126,349.99948177481934
10:42:48.522,274600,13730,0.0,0.3386523685596865,349.99948177481934
10:42:48.732,274700,13735,0.0,-0.7135597214332443,349.99948177481934
10:42:48.943,274800,13740,0.0,-0.7429414009323074,349.99948177481934
10:42:49.151,274900,13745,0.0,-0.2846851528695815,349.99948177481934
10:42:49.359,275000,13750,0.0,0.37867925508466493,349.99948177481934
10:42:49.567,275100,13755,0.0,1.8583449498216824,349.99948177481934
10:42:49.775,275200,13760,0.0,0.6549654730294927,349.99948177481934
10:42:49.982,275300,13765,0.0,0.20170653561623197,349.99948177481934
10:42:50.190,275400,13770,0.0,0.8334144626033089,349.99948177481934
10:42:50.402,275500,13775,0.0,0.32286373202788665,349.99948177481934
10:42:50.610,275600,13780,0.0,1.7836481490086449,349.99948177481934
10:42:50.817,275700,13785,0.0,0.6777792153706383,349.99948177481934
10:42:51.025,275800,13790,0.0,0.8949035662105436,349.99948177481934
10:42:51.233,275900,13795,0.0,0.13599600107876197,349.99948177481934
10:42:51.441,276000,13800,0.0,-0.5428939454886019,349.99948177481934
10:42:51.650,276100,13805,0.0,-0.7046108154002018,349.99948177481934
10:42:51.860,276200,13810,0.0,1.4127141398549559,349.99948177481934
10:42:52.068,276300,13815,0.0,-0.8627890890769518,349.99948177481934
10:42:52.278,276400,13820,0.0,0.797059184524533,349.99948177481934
10:42:52.493,276500,13825,0.0,-1.5585398210335728,349.99948177481934
10:42:52.700,276600,13830,0.0,1.9441380979822251,349.99948177481934
10:42:52.909,276700,13835,0.0,-1.2326600439744038,349.99948177481934
10:42:53.115,276800,13840,0.0,1.0739714328390515,349.99948177481934
10:42:53.326,276900,13845,0.0,1.8858018610350933,349.99948177481934
10:42:53.540,277000,13850,0.0,1.3262522414219138,349.99948177481934
10:42:53.748,277100,13855,0.0,-0.5410028597990211,349.99948177481934
10:42:53.955,277200,13860,0.0,0.6874755285400216,349.99948177481934
10:42:54.163,277300,13865,0.0,-0.07435262481912996,349.99948177481934
10:42:54.371,277400,13870,0.0,0.2475729295935878,349.99948177481934
10:42:54.578,277500,13875,0.0,-0.9409271933706558,349.99948177481934
10:42:54.787,277600,13880,0.0,-1.4342752314064384,349.99948177481934
10:42:54.998,277700,13885,0.0,-0.9197941513927708,349.99948177481934
10:42:55.206,277800,13890,0.0,0.16423510076437386,349.99948177481934
10:42:55.413,277900,13895,0.0,1.3343470970905447,349.99948177481934
10:42:55.621,278000,13900,0.0,0.9859158310752236,349.99948177481934
10:42:55.829,278100,13905,0.0,-1.9972609118527367,349.99948177481934
10:42:56.041,278200,13910,0.0,-0.081697539840202,349.99948177481934
10:42:56.250,278300,13915,0.0,0.1387159742619617,349.99948177481934
10:42:56.457,278400,13920,0.0,0.7385209902185754,349.99948177481934
10:42:56.665,278500,13925,0.0,1.337993597157336,349.99948177481934
10:42:56.878,278600,13930,0.0,-0.19852345844862507,349.99948177481934
10:42:57.085,278700,13935,0.0,0.703205316522098,349.99948177481934
10:42:57.292,278800,13940,0.0,-1.310577997594574,349.99948177481934
10:42:57.501,278900,13945,0.0,0.15818660701900766,349.99948177481934
10:42:57.715,279000,13950,0.0,1.6087684654901233,349.99948177481934
10:42:57.924,279100,13955,0.0,-0.3499068323724073,349.99948177481934
10:42:58.132,279200,13960,0.0,-1.6754011901361276,349.99948177481934
10:42:58.339,279300,13965,0.0,-0.12475989990517,349.99948177481934
10:42:58.548,279400,13970,0.0,1.7563233618935201,349.99948177481934
10:42:58.755,279500,13975,0.0,-0.10895846263923303,349.99948177481934
10:42:58.964,279600,13980,0.0,1.618031854021186,349.99948177481934
10:42:59.172,279700,13985,0.0,1.1523055322251343,349.99948177481934
10:42:59.381,279800,13990,0.0,-0.21750293344154148,349.99948177481934
10:42:59.590,279900,13995,0.0,-0.6964867672803243,349.99948177481934
10:42:59.799,280000,14000,0.0,1.8745644281744789,349.99948177481934
10:43:00.012,280100,14005,0.0,-0.7788024674802609,349.99948177481934
10:43:00.222,280200,14010,0.0,-0.37018003257935606,349.99948177481934
10:43:00.431,280300,14015,0.0,1.5480575652284214,349.99948177481934
10:43:00.639,280400,14020,0.0,-1.6779434863247262,349.99948177481934
10:43:00.848,280500,14025,0.0,0.8899183933323034,349.99948177481934
10:43:01.056,280600,14030,0.0,-1.816896351547534,349.99948177481934
10:43:01.267,280700,14035,0.0,-1.8480233141873073,349.99948177481934
10:43:01.474,280800,14040,0.0,-1.4424316316929295,349.99948177481934
10:43:01.683,280900,14045,0.0,0.513596401154707,349.99948177481934
10:43:01.893,281000,14050,0.0,0.8764206942725457,349.99948177481934
10:43:02.106,281100,14055,0.0,-1.233544015747679,349.99948177481934
10:43:02.314,281200,14060,0.0,0.7607464080746902,349.99948177481934
10:43:02.522,281300,14065,0.0,-0.18062754114598212,349.99948177481934
10:43:02.730,281400,14070,0.0,-0.7614755858454116,349.99948177481934
10:43:02.940,281500,14075,0.0,1.5899585774534728,349.99948177481934
10:43:03.148,281600,14080,0.0,-1.5494040078388354,349.99948177481934
10:43:03.359,281700,14085,0.0,1.6861944292690962,349.99948177481934
10:43:03.568,281800,14090,0.0,-0.3592433821075742,349.99948177481934
10:43:03.776,281900,14095,0.0,-0.7666052886699752,349.99948177481934
10:43:03.986,282000,14100,0.0,0.9988924644555293,349.99948177481934
10:43:04.193,282100,14105,0.0,0.9994186329077874,349.99948177481934
10:43:04.402,282200,14110,0.0,-0.9211446781587713,349.99948177481934
10:43:04.610,282300,14115,0.0,-1.3255394197428276,349.99948177481934
10:43:04.818,282400,14120,0.0,0.05677209560986096,349.99948177481934
10:43:05.029,282500,14125,0.0,-0.3917712977874075,349.99948177481934
10:43:05.238,282600,14130,0.0,0.3705946914066005,349.99948177481934
10:43:05.448,282700,14135,0.0,-1.3506792057709593,349.99948177481934
10:43:05.658,282800,14140,0.0,-0.13646190997261876,349.99948177481934
10:43:05.865,282900,14145,0.0,0.18115934837954972,349.99948177481934
10:43:06.076,283000,14150,0.0,1.8691489363042164,349.99948177481934
10:43:06.284,283100,14155,0.0,-0.5740306176991004,349.99948177481934
10:43:06.492,283200,14160,0.0,1.6665830036593694,349.99948177481934
10:43:06.700,283300,14165,0.0,0.507699824453125,349.99948177481934
