Hora_Recebimento,Tempo_ms,Pacote_ID,Latitude,Longitude,Alt_GPS,Pressao,Alt_BMP,Alt_Max,Acc_X,Acc_Y,Acc_Z,Satélites,Quat_W,Quat_X,Quat_Y,Quat_Z,Status_Squib,Velocidade
10:33:07.932,100,5,-19.67650056020745,-43.212003477175166,0.006981715012005729,1013.2499899754479,8.344649771174772e-05,8.344649771174772e-05,-0.509507517784195,1.266624010299033,25.687973053764,12,1.0,0.0,0.0,0.0,0,2.5724227761101988
10:33:08.163,200,10,-19.67649682123962,-43.21199494542654,15.834385180722085,1011.3320224278791,15.977901491344765,15.977901491344765,-0.6129102545219457,0.8774837170101524,17.164514621639352,12,1.0,0.0,0.0,0.0,0,1.7197854483922907
10:33:08.371,300,15,-19.676486832363807,-43.21199281856193,31.499390460128804,1009.6450211855974,30.051926839792525,30.051926839792525,-0.8638865040248946,1.2894605897587246,22.66622065190285,12,1.0,0.0,0.0,0.0,0,2.2719299442217067
10:33:08.580,400,20,-19.67648438892095,-43.211985182215585,45.03515345040578,1007.9855535589852,43.91483993362477,43.91483993362477,1.2500635734631298,-0.41578031803502236,17.689522060517035,12,1.0,0.0,0.0,0.0,0,1.7738509603122907
10:33:08.788,500,25,-19.67648011505691,-43.21197988212299,55.377007759645046,1006.3784992248516,57.35752655393223,57.35752655393223,-0.8095064716216493,-1.1128123868721689,22.487839104185465,12,1.0,0.0,0.0,0.0,0,2.252990367737302
10:33:09.003,600,30,-19.67647643013708,-43.21197803979883,69.6914810744097,1004.7528000845788,70.97387052262924,70.97387052262924,-0.18156207530052781,-1.444294551328639,29.30179837336061,12,1.0,0.0,0.0,0.0,0,2.9337933455703107
10:33:09.217,700,35,-19.676473277964426,-43.21197376965406,83.84076740669616,1003.1806596603137,84.15860184189658,84.15860184189658,-0.48055892623911656,-0.8897896605841311,15.090225607597148,12,1.0,0.0,0.0,0.0,0,1.5124072580156815
10:33:09.426,800,40,-19.67646642637267,-43.21196830226905,96.7516943594407,1001.6784045292703,96.77288263617173,96.77288263617173,-1.0785993134587053,0.49295692991686035,33.622046674864265,12,1.0,0.0,0.0,0.0,0,3.364295476946842
10:33:09.634,900,45,-19.676467206296596,-43.211963745096774,109.12080371483012,1000.2199461956186,109.03407008413524,109.03407008413524,-0.02214161939736803,-1.115226477659107,29.835261921352057,12,1.0,0.0,0.0,0.0,0,2.9856106147042376
10:33:09.842,1000,50,-19.67646203856161,-43.211960783640876,121.33878038810826,998.8019929046085,120.96862087036789,120.96862087036789,-0.8969324809265232,-0.27724631049603343,19.663836619816525,12,1.0,0.0,0.0,0.0,0,1.9686234378439726
10:33:10.052,1100,55,-19.676458028517875,-43.21196179071569,132.76151000234472,997.4117730335772,132.6830734266546,132.6830734266546,-0.7468857378153434,0.3914186901677734,19.382048096036783,12,1.0,0.0,0.0,0.0,0,1.9400382349156104
10:33:10.264,1200,60,-19.676452917350712,-43.21195635937451,143.35621472828052,996.0440454276596,144.22090802346546,144.22090802346546,0.6945211471058905,1.3737932127233963,28.45371142444945,12,1.0,0.0,0.0,0.0,0,2.849532174306771
10:33:10.472,1300,65,-19.676449043923494,-43.21195175189678,154.39269896937301,994.7383375168811,155.24753448507548,155.24753448507548,1.4057403376527517,-0.8064311743380268,31.899567529197657,12,1.0,0.0,0.0,0.0,0,3.194070828403293
10:33:10.683,1400,70,-19.67644299738939,-43.21194512954751,165.14463884476913,993.4573031668422,166.077189855419,166.077189855419,-0.7158284619347408,-0.20666610306944877,34.207794085582094,12,1.0,0.0,0.0,0.0,0,3.421590708233028
10:33:10.900,1500,75,-19.676436272128456,-43.211945267960886,176.65837067547827,992.1756108084816,176.92373014557532,176.92373014557532,0.1288162851459882,-1.0238792705173068,29.024370692892248,12,1.0,0.0,0.0,0.0,0,2.904271021296629
10:33:11.110,1600,80,-19.67643632688985,-43.2119399217212,188.4495084812325,990.972678497824,187.11407631134514,187.11407631134514,0.7322110987936199,-0.830462074235786,21.001856190670697,12,1.0,0.0,0.0,0.0,0,2.103101908618681
10:33:11.318,1700,85,-19.67643236416468,-43.211931450029915,196.11550110213705,989.8192980234295,196.89406659966343,196.89406659966343,0.8964973229392843,-1.4224788250505027,17.5513191704302,12,1.0,0.0,0.0,0.0,0,1.7631674851813288
10:33:11.539,1800,90,-19.67642478472142,-43.21192829001071,208.07705036174048,988.6308211881336,206.9813115017755,206.9813115017755,0.4570551980454727,-1.420239107758144,15.981831901351578,12,1.0,0.0,0.0,0.0,0,1.6051321736864073
10:33:11.751,1900,95,-19.67641932411759,-43.211924380160255,214.96144996473708,987.5329666808858,216.30812412168154,216.30812412168154,-0.016966614007722924,-1.1783104188363052,18.28826847044802,12,1.0,0.0,0.0,0.0,0,1.8326196194418314
10:33:11.964,2000,100,-19.6764237887949,-43.21191749598905,225.3427906883465,986.469601551696,225.34994045411452,225.34994045411452,-0.3058909273711161,1.459498518023056,23.369886428139097,12,1.0,0.0,0.0,0.0,0,2.3417414392876075
10:33:12.175,2100,105,-19.676412979602308,-43.21191107078728,235.20953431723842,985.4535819157379,233.99655299246368,233.99655299246368,-1.3364295150944632,0.6475013175680906,20.938734649837034,12,1.0,0.0,0.0,0.0,0,2.0991329413387665
10:33:12.387,2200,110,-19.676413403923558,-43.2119091276291,244.00913402753002,984.4683677301177,242.38789890870115,242.38789890870115,0.5287836075760715,-1.3618683768462714,30.613936174062964,12,1.0,0.0,0.0,0.0,0,3.0648774619046293
10:33:12.598,2300,115,-19.67640795953097,-43.2119058652538,250.83992221310348,983.5266392733274,250.41522341492418,250.41522341492418,0.6969007797591109,-0.3554525857464308,29.547294259591073,12,1.0,0.0,0.0,0.0,0,2.9557649015109546
10:33:12.810,2400,120,-19.67640023791891,-43.2119064297058,258.128119267782,982.61611428637,258.182488562288,258.182488562288,-0.9308987220384695,-0.3869382630855265,26.412346085731087,12,1.0,0.0,0.0,0.0,0,2.6431578072498185
10:33:13.019,2500,125,-19.67639988613444,-43.211901050483455,267.1407395853935,981.7577875251615,265.50981318235836,265.50981318235836,0.5844286083349655,-1.3888939531604496,28.66234792827663,12,1.0,0.0,0.0,0.0,0,2.8701929760435094
10:33:13.229,2600,130,-19.676395355820564,-43.2118933346558,274.3746777609775,980.9300425254972,272.58098378708337,272.58098378708337,0.5943232948986639,0.5062246711147242,25.758256946070972,12,1.0,0.0,0.0,0.0,0,2.577008506963681
10:33:13.438,2700,135,-19.676385256469665,-43.21189185033544,280.25564480681203,980.1404428674247,279.3307946945671,279.3307946945671,0.6001785711907699,1.1198214348032227,21.581717310185212,12,1.0,0.0,0.0,0.0,0,2.161908269145362
10:33:13.663,2800,140,-19.676386429325234,-43.21188541341869,284.46676191007003,979.3349634398905,286.22089046394876,286.22089046394876,0.16619759220059738,0.12183244111527758,23.302008905524804,12,1.0,0.0,0.0,0.0,0,2.330292007059456
10:33:13.871,2900,145,-19.67638570007504,-43.21188594525598,291.61851499785905,978.6273096550776,292.27797033137153,292.27797033137153,0.7279480811225443,0.03680754981754086,21.75493507101571,12,1.0,0.0,0.0,0.0,0,2.1767141823138902
10:33:14.081,3000,150,-19.676377271108876,-43.211873354621716,298.0845836546059,977.9478064397695,298.0974373773497,298.0974373773497,0.45543902280430637,-0.23161781491500766,21.186796010733726,12,1.0,0.0,0.0,0.0,0,2.1192956299585046
10:33:14.289,3100,155,-19.676368236160517,-43.211872389534655,302.83837557989546,977.3094188197699,303.5677620401261,303.5677620401261,0.7748850868955257,1.0459425506287827,28.622519074013553,12,1.0,0.0,0.0,0.0,0,2.8652103602691703
10:33:14.496,3200,160,-19.676368093942667,-43.21186404110449,309.82053984239354,976.7113153501717,308.6955189303397,308.6955189303397,1.426572639228914,-0.9272899246134004,31.655814735938137,12,1.0,0.0,0.0,0.0,0,3.170150757764249
10:33:14.707,3300,165,-19.67636241140358,-43.21186212977316,311.6702554323333,976.1393910755385,313.6012108045405,313.6012108045405,-1.4627148823715763,-0.8540597987197275,16.30800463732659,12,1.0,0.0,0.0,0.0,0,1.6395730182519046
10:33:14.921,3400,170,-19.676355857390025,-43.21185711351061,320.0734339677076,975.5956953704048,318.2669299586194,318.2669299586194,0.5327706837496211,-1.3129578936712183,28.5163465542486,12,1.0,0.0,0.0,0.0,0,2.855152752190367
10:33:15.140,3500,175,-19.67635518032692,-43.21185872134219,321.1134141410397,975.0770583299527,322.71957099345593,322.71957099345593,-0.337957210615663,0.9360560650372403,30.43398026970486,12,1.0,0.0,0.0,0.0,0,3.0450247471734695
10:33:15.355,3600,180,-19.676349170660973,-43.21185137404182,326.1951891560178,974.6073861707578,326.7534901093288,326.7534901093288,-0.42350638361870696,0.03367541663130602,22.12059181089579,12,1.0,0.0,0.0,0.0,0,2.2124671155859494
10:33:15.565,3700,185,-19.67634817456492,-43.21184884449347,331.13204821543786,974.1841570614835,330.3898678217706,330.3898678217706,-0.6620996874074162,-0.3317421549856272,26.805628670355,12,1.0,0.0,0.0,0.0,0,2.68158564522265
10:33:15.780,3800,190,-19.676347384069068,-43.21183892071201,333.854413835495,973.7875290746183,333.7988504514143,333.7988504514143,-1.3357226235169448,-1.2041766350604448,15.12662640823509,12,1.0,0.0,0.0,0.0,0,1.5233155378637602
10:33:15.989,3900,195,-19.67633953031571,-43.21184377676028,336.45312574344337,973.4396922213236,336.78940306853343,336.78940306853343,0.037514010232027495,0.30510353079287045,23.738671624898117,12,1.0,0.0,0.0,0.0,0,2.3740661869042508
10:33:16.214,4000,200,-19.676332245666295,-43.211834767910105,337.9713828475303,973.1047567296544,339.66985314845584,339.66985314845584,0.5849006213828698,0.9956719290820963,20.18011038932607,12,1.0,0.0,0.0,0.0,0,2.0213122634878617
10:33:16.426,4100,205,-19.67633201165002,-43.2118306229461,340.81911037054925,972.8262614841027,342.0655276333273,342.0655276333273,0.7751735920900544,-0.2757355607944807,25.523180588214892,12,1.0,0.0,0.0,0.0,1,2.5536438113722713
10:33:16.636,4200,210,-19.676330152524805,-43.21182646819149,342.989189864386,972.5871288830866,344.12303958285713,344.12303958285713,1.1451857093888362,-1.1433800925913058,22.187958052015823,12,1.0,0.0,0.0,0.0,1,2.2246893060900357
10:33:16.849,4300,215,-19.676323134973206,-43.21182295405533,344.7361041808691,972.3812882502826,345.89443342900313,345.89443342900313,-0.36933391597580556,0.2129470455773541,16.33357196252453,12,1.0,0.0,0.0,0.0,1,1.6339134831461477
10:33:17.059,4400,220,-19.67631425192739,-43.21181862344778,345.35895431186174,972.2137188094895,347.3367027478055,347.3367027478055,-1.4112202033498278,-0.18146751070363676,17.21567098050044,12,1.0,0.0,0.0,0.0,1,1.7274368301869356
10:33:17.269,4500,225,-19.676316459863944,-43.21181095855118,348.15981099380366,972.0830077382691,348.46187202151737,348.46187202151737,0.10002831605261098,0.8057024900572305,16.017016716594096,12,1.0,0.0,0.0,0.0,1,1.6037580449249553
10:33:17.484,4600,230,-19.676307552323742,-43.21181322365984,349.2210294009263,971.9858137606234,349.2986034257342,349.2986034257342,0.03995449181405375,0.4944505307947411,16.403592098059782,12,1.0,0.0,0.0,0.0,1,1.6411091109623048
10:33:17.710,4700,235,-19.67630907487328,-43.21180289696241,349.7219252399155,971.9243217749446,349.82801561524843,349.82801561524843,-0.10432019806309611,-1.4241007264945162,32.079693253669234,12,1.0,0.0,0.0,0.0,1,3.2111456909216027
10:33:17.920,4800,240,-19.67629851056543,-43.21180256458968,350.84089221218267,971.9044064097614,349.99948177481934,349.99948177481934,-1.2996089467383876,0.10464015636577373,29.691762996789016,12,1.0,0.0,0.0,0.0,1,2.97203755500205
10:33:18.133,4900,245,-19.676297523712694,-43.211798207362456,345.4757937265402,972.2549413533345,346.98188185691833,349.99948177481934,1.0101183448878546,-0.688955318793183,-9.877264401275909,12,1.0,0.0,0.0,0.0,1,0.9952655452424981
10:33:18.340,5000,250,-19.676288211693645,-43.21179066887129,343.45003120435746,972.6154345580258,343.879474401474,349.99948177481934,0.48039039109356274,-1.0498952039994476,-9.065814343800236,12,1.0,0.0,0.0,0.0,1,0.9139039587587429
10:33:18.549,5100,255,-19.67628705883688,-43.21179045838406,340.1255911067027,972.9800400169349,340.74262380599976,349.99948177481934,-0.9575998737253617,0.0737612439886337,-9.190491687635106,12,1.0,0.0,0.0,0.0,1,0.9240539794826035
10:33:18.756,5200,260,-19.67627868664475,-43.21178578978621,337.46202019346765,973.3409896073138,337.63816356658936,349.99948177481934,-1.1300287664352737,1.2631111497414622,-9.147245061322893,12,1.0,0.0,0.0,0.0,1,0.9302930022389102
10:33:18.969,5300,265,-19.67628358468017,-43.21177505802973,333.65399208464515,973.7122066571937,334.44636702537537,349.99948177481934,-0.028710301297346863,-0.5631503466737946,-9.536216526785982,12,1.0,0.0,0.0,0.0,2,0.9552873297605569
10:33:19.178,5400,270,-19.676279113078326,-43.21177445772038,332.712033874102,974.078102076266,331.3012909889221,349.99948177481934,0.3175603728603651,-1.3973710819091054,-9.099469678463848,12,1.0,0.0,0.0,0.0,2,0.9211614351472277
10:33:19.395,5500,275,-19.676268421958234,-43.2117692007936,329.7774788385051,974.4558775448626,328.0551028251648,349.99948177481934,1.0506857936319713,0.5221994710033524,-8.846125688213952,12,1.0,0.0,0.0,0.0,2,0.8923596394735421
10:33:19.608,5600,280,-19.676266788289766,-43.21176747293873,323.0608992840463,974.827499221195,324.86278772354126,349.99948177481934,-1.066757376274161,1.3939403290397325,-9.500311356682223,12,1.0,0.0,0.0,0.0,2,0.9661105361948185
10:33:19.824,5700,285,-19.676260709518942,-43.21175993921812,322.13263254515886,975.2051630475481,321.6195785999298,349.99948177481934,0.895544651171936,-0.2519243970081766,-9.449145701524891,12,1.0,0.0,0.0,0.0,2,0.9494831257726329
10:33:20.034,5800,290,-19.67626020155836,-43.2117587860543,317.05702311046025,975.5728804907608,318.4627616405487,349.99948177481934,-1.2793141480164842,-0.10124379135590056,-8.845061155425697,12,1.0,0.0,0.0,0.0,2,0.8937673178060598
10:33:20.250,5900,295,-19.676253636363644,-43.211753451395964,314.64393959024835,975.9501967244073,315.22454142570496,349.99948177481934,0.9236703832706481,0.9417262340695394,-9.274547259988655,12,1.0,0.0,0.0,0.0,2,0.9367883547238898
10:33:20.461,6000,300,-19.676247961781936,-43.21174583848972,314.0303319336156,976.3188182477525,312.0619201660156,349.99948177481934,-0.43729114925689583,1.0576915781847047,-8.050404517153233,12,1.0,0.0,0.0,0.0,2,0.8131355847187014
10:33:20.676,6100,305,-19.676245580014,-43.2117464139226,308.4702090911231,976.6940564716195,308.8435232639313,349.99948177481934,-0.9966508495595515,0.06292601586254554,-9.15583191796048,12,1.0,0.0,0.0,0.0,2,0.9210131959388204
10:33:20.887,6200,310,-19.67623982448617,-43.21173763577378,305.3646812725729,977.064125240425,305.67044496536255,349.99948177481934,-0.3272119009342793,-0.9238751894015671,-8.455543327061044,12,1.0,0.0,0.0,0.0,2,0.8512157537869665
10:33:21.096,6300,315,-19.6762355354741,-43.211737957615874,303.96915912876426,977.429241711604,302.5407826900482,349.99948177481934,-0.6476247484910035,0.15724051325939747,-8.8005731862756,12,1.0,0.0,0.0,0.0,2,0.8825770833239507
10:33:21.318,6400,320,-19.67622855797735,-43.21173067740295,297.58746735906146,977.817541605326,299.2134380340576,349.99948177481934,1.2132310261957406,-0.7848718586951351,-9.025440610386804,12,1.0,0.0,0.0,0.0,2,0.9140379180817111
10:33:21.545,6500,325,-19.676226893596883,-43.211731477296134,296.94382783436123,978.21621065724,295.79835295677185,349.99948177481934,-0.7860677625749136,-1.0114671702770979,-9.463009655813353,12,1.0,0.0,0.0,0.0,2,0.9549320400422463
10:33:21.765,6600,330,-19.676224109802284,-43.21172271442269,290.9116915707466,978.6011694614494,292.5017821788788,349.99948177481934,-0.8217716363947756,1.25119218736687,-9.52772581485474,12,1.0,0.0,0.0,0.0,2,0.9644602102479928
10:33:21.973,6700,335,-19.67622094292475,-43.21172397203544,288.05813489931023,978.966226163129,289.3766117095947,349.99948177481934,1.2929622611207452,0.8290864108816818,-9.20348318702588,12,1.0,0.0,0.0,0.0,2,0.9330768374536964
10:33:22.194,6800,340,-19.676216645049028,-43.21171570422775,287.2695268347043,979.3532959275648,286.0640227794647,349.99948177481934,-0.7524835782601231,-1.4379242400453445,-9.189128553057444,12,1.0,0.0,0.0,0.0,2,0.9331341876722594
10:33:22.419,6900,345,-19.67620755011802,-43.21171420055133,281.8015189951426,979.7477931046072,282.68895983695984,349.99948177481934,-0.5968176301849352,0.41021476456536043,-8.510366933662436,12,1.0,0.0,0.0,0.0,2,0.8541124796087571
10:33:22.639,7000,350,-19.676207197140442,-43.21170512270106,278.51913213073385,980.1332846165224,279.3920063972473,349.99948177481934,-1.1903052155028928,0.20097719461460084,-8.250585014820926,12,1.0,0.0,0.0,0.0,2,0.8338427395234439
10:33:22.848,7100,355,-19.67620455521455,-43.211697615582274,274.7849830902447,980.4999431807704,276.25709772109985,349.99948177481934,-0.020146007986126424,-0.7183071104050376,-8.848994495618973,12,1.0,0.0,0.0,0.0,2,0.8878123368707551
10:33:23.066,7200,360,-19.676197663972985,-43.21169806236137,274.09303199473266,980.8830006490979,272.9829931259155,349.99948177481934,1.183338342557359,1.2764188866755983,-9.966228778999094,12,1.0,0.0,0.0,0.0,2,1.011707719069981
10:33:23.292,7300,365,-19.676192888697354,-43.21169390143861,270.52052306328113,981.2801697052839,269.5893657207489,349.99948177481934,0.4866005852974076,0.06280200293466542,-8.78165168525707,12,1.0,0.0,0.0,0.0,2,0.8795347096184593
10:33:23.507,7400,370,-19.676189222809565,-43.21168619459084,265.29906880437665,981.6572752785565,266.3682007789612,349.99948177481934,1.346626250798209,-0.744918933796327,-9.561023065135108,12,1.0,0.0,0.0,0.0,2,0.9684083257041559
10:33:23.725,7500,375,-19.676188749230615,-43.211686192776476,261.4996545777991,982.0405107321985,263.0957019329071,349.99948177481934,0.4266487884223009,0.22038859312300785,-9.990887736161696,12,1.0,0.0,0.0,0.0,2,1.000242161065145
10:33:23.953,7600,380,-19.676180049817916,-43.2116829909497,261.38022480918283,982.4395936744924,259.68897819519043,349.99948177481934,-1.0328406750614045,0.8904074082720874,-9.102031618715868,12,1.0,0.0,0.0,0.0,2,0.9203616941228625
10:33:24.177,7700,385,-19.67617690169228,-43.21167031914926,257.0087452282829,982.8348951487271,256.31563901901245,349.99948177481934,1.4443517144853337,-1.2060035601635737,-9.095515978374586,12,1.0,0.0,0.0,0.0,2,0.9288111076808424
10:33:24.388,7800,390,-19.676173282662866,-43.211669863767156,251.9627761464932,983.2058744801823,253.15085411071777,349.99948177481934,0.9788423724050883,-1.2648272727480823,-9.264713870398747,12,1.0,0.0,0.0,0.0,2,0.9401746833448661
10:33:24.611,7900,395,-19.676164337267263,-43.21166919782783,249.63665867883677,983.5980060981916,249.80667233467102,349.99948177481934,1.2968331841014242,0.024719575175674358,-8.798253553288816,12,1.0,0.0,0.0,0.0,2,0.8893348804176231
10:33:24.827,8000,400,-19.676163632862153,-43.21166363858152,247.2013596579873,983.9780903246475,246.56626343727112,349.99948177481934,0.3141737939432958,-0.33644008396872116,-8.245789466394973,12,1.0,0.0,0.0,0.0,2,0.8258628277565947
10:33:25.044,8100,405,-19.676153211569442,-43.21166129333565,243.45628405195438,984.3588348543246,243.3212411403656,349.99948177481934,-0.8062681398713388,0.8316163993989267,-9.522343020816146,12,1.0,0.0,0.0,0.0,2,0.9592532030449876
10:33:25.252,8200,410,-19.676156304347472,-43.21165015703187,238.97098067584764,984.7253824402926,240.1981770992279,349.99948177481934,0.2452533529719514,0.025900109808228322,-8.99286780663746,12,1.0,0.0,0.0,0.0,2,0.8996248741030257
10:33:25.467,8300,415,-19.67614504370628,-43.2116532707041,235.07322305034793,985.1039582211458,236.97361826896667,349.99948177481934,-6.230461419520772e-05,-0.8780276535888903,-8.991418285985473,12,1.0,0.0,0.0,0.0,2,0.9034187033590938
10:33:25.679,8400,420,-19.676142851460128,-43.21164272219297,235.19852344081127,985.4767066775992,233.7996745109558,349.99948177481934,0.5018068237678017,0.6079674493486529,-8.281432097199378,12,1.0,0.0,0.0,0.0,2,0.8318867235890445
10:33:25.888,8500,425,-19.67614526116942,-43.21164019682349,229.1517792662378,985.8450119417917,230.66451907157898,349.99948177481934,0.47670694166814,-0.7807996020242739,-8.186678904893443,12,1.0,0.0,0.0,0.0,2,0.8237633702622565
10:33:26.098,8600,430,-19.676136376716087,-43.211637901568544,228.83026878501113,986.2163355747451,227.50463008880615,349.99948177481934,0.037700155132542656,-0.1639902487831355,-9.151331457054344,12,1.0,0.0,0.0,0.0,2,0.9152878319974835
10:33:26.318,8700,435,-19.676128230757357,-43.21163270501528,222.97726127390453,986.6047119375082,224.20065641403198,349.99948177481934,-1.0072896594738077,-1.041615475261478,-8.404647288474033,12,1.0,0.0,0.0,0.0,2,0.8528639475323188
10:33:26.530,8800,440,-19.6761261555922,-43.21162313626343,220.29424249560617,986.9771021000143,221.0336685180664,349.99948177481934,0.2205542654032544,-1.1056541944049718,-9.168273473534732,12,1.0,0.0,0.0,0.0,2,0.9237334781586815
10:33:26.738,8900,445,-19.67612386719813,-43.2116255275922,219.1634879923737,987.3455432849462,217.9012167453766,349.99948177481934,-0.020132727078420842,0.05628149800054949,-8.208621210308928,12,1.0,0.0,0.0,0.0,2,0.8208838840423804
10:33:26.954,9000,450,-19.67612173672134,-43.21161530615247,214.59379507314674,987.7253283957439,214.67331051826477,349.99948177481934,-0.5310426656514167,-1.1857685370174789,-9.372245922638236,12,1.0,0.0,0.0,0.0,2,0.9461873333042023
10:33:27.170,9100,455,-19.676111215099105,-43.21161070368233,210.83261866926594,988.1080181927389,211.42173290252686,349.99948177481934,-0.10052372735592363,0.08192449788441203,-8.989541043174688,12,1.0,0.0,0.0,0.0,2,0.8990476339440386
10:33:27.383,9200,460,-19.676107257472818,-43.2116096089106,206.77630264639518,988.4841796841501,208.22661757469177,349.99948177481934,-0.9242111263512105,-0.6101383295680486,-9.305628338932776,12,1.0,0.0,0.0,0.0,2,0.9371294135263721
10:33:27.591,9300,465,-19.676107743288103,-43.2116111903795,204.63407833720066,988.851225045689,205.10988354682922,349.99948177481934,-1.0028772384759947,-0.5724977321350337,-8.78737150012873,12,1.0,0.0,0.0,0.0,2,0.8862923574646667
10:33:27.807,9400,470,-19.676102843110513,-43.211599916309815,203.00478947867933,989.2318325621105,201.8789768218994,349.99948177481934,0.4000961950854445,-0.3312333361167905,-8.06470974424506,12,1.0,0.0,0.0,0.0,2,0.8081419166656197
10:33:28.020,9500,475,-19.676099651080325,-43.21160069499061,198.92786045929606,989.6087121808242,198.68070721626282,349.99948177481934,-1.0878437832911336,1.2073429462808631,-9.377072539971056,12,1.0,0.0,0.0,0.0,2,0.9516857175909417
10:33:28.236,9600,480,-19.676096503451056,-43.21159335240295,193.9935299190277,989.9903741196038,195.44285893440247,349.99948177481934,-0.2898681115167716,-0.4305413500430162,-9.087158440695173,12,1.0,0.0,0.0,0.0,2,0.9101968902521516
10:33:28.446,9700,485,-19.67609425394027,-43.211589917824774,192.02214490121125,990.3627582200758,192.28469371795654,349.99948177481934,-0.5573536624188195,-0.07179799423532707,-9.33536479161286,12,1.0,0.0,0.0,0.0,2,0.9352263568220954
10:33:28.660,9800,490,-19.676086470760698,-43.21158330961064,190.92583403778144,990.7418598166614,189.07054543495178,349.99948177481934,1.4213404193868344,0.007870602516375502,-8.270488284866726,12,1.0,0.0,0.0,0.0,2,0.8391736828826585
10:33:28.878,9900,495,-19.676080315948482,-43.21158092638735,184.48516056900027,991.126615697013,185.80947637557983,349.99948177481934,1.0711322306446567,-0.38022451618680897,-8.503371409075838,12,1.0,0.0,0.0,0.0,2,0.8578998791171595
10:33:29.095,10000,500,-19.676077072451438,-43.21157383878278,183.37111853646147,991.5107681594394,182.55454421043396,349.99948177481934,1.1220114442044298,-1.0207887915175353,-8.868323624775748,12,1.0,0.0,0.0,0.0,2,0.8997115279442028
10:33:29.302,10100,505,-19.676073072989002,-43.21156899793776,177.80458444184785,991.8784580501015,179.44005608558655,349.99948177481934,-0.21207614494336946,1.200521159404508,-8.20140246584945,12,1.0,0.0,0.0,0.0,2,0.8291515528072865
10:33:29.515,10200,510,-19.67606593619657,-43.21157078848498,176.9291453973679,992.2555295938129,176.24707221984863,349.99948177481934,0.6051749787484697,-1.4109535499409196,-8.559220074083498,12,1.0,0.0,0.0,0.0,2,0.8695819395064966
10:33:29.726,10300,515,-19.676065039574404,-43.21155915038178,173.6993879800717,992.629125691936,173.08448672294617,349.99948177481934,1.069111200323606,-0.5473149950361328,-8.551849193550813,12,1.0,0.0,0.0,0.0,2,0.8635778893167917
10:33:29.944,10400,520,-19.67606126930597,-43.21156413924849,168.68833218702318,993.015731916999,169.8127818107605,349.99948177481934,1.1102222294669306,-0.4095398202708622,-9.55628671851122,12,1.0,0.0,0.0,0.0,2,0.9629274744734618
10:33:30.165,10500,525,-19.676053038364113,-43.211559074992785,165.67453219796357,993.4067214326785,166.50503158569336,349.99948177481934,1.2889623034541597,-1.3075650611956136,-8.81094097021751,12,1.0,0.0,0.0,0.0,2,0.9000212830241451
10:33:30.375,10600,530,-19.67605253422279,-43.21155041683933,162.32194335508837,993.779320159599,163.35384726524353,349.99948177481934,1.058992316530385,-0.5717027207533323,-8.848901037258733,12,1.0,0.0,0.0,0.0,2,0.8930361599318689
10:33:30.585,10700,535,-19.676049595014995,-43.21154539403872,161.6870528153661,994.1517113646129,160.2053737640381,349.99948177481934,0.5598524756969239,-0.5058780608581693,-9.741234694726309,12,1.0,0.0,0.0,0.0,2,0.9770414565653862
10:33:30.802,10800,540,-19.676041438932774,-43.2115437499253,155.20636484045022,994.5374591422575,156.9449806213379,349.99948177481934,-1.1126619329288299,0.7241883006483825,-9.0525858639677,12,1.0,0.0,0.0,0.0,2,0.9149413975566564
10:33:31.019,10900,545,-19.67603372017543,-43.21154065282565,153.89610691122073,994.9220433322412,153.6954414844513,349.99948177481934,0.1766945112070124,-0.7767206559845306,-9.375407161185919,12,1.0,0.0,0.0,0.0,2,0.9409185690894826
10:33:31.235,11000,550,-19.67603696442329,-43.21153606109515,151.57721209145788,995.3056063072789,150.45554399490356,349.99948177481934,-0.8126319953495416,1.3428823326100119,-9.375094415846338,12,1.0,0.0,0.0,0.0,2,0.9505582518979838
10:33:31.455,11100,555,-19.676034028989555,-43.21153438855255,146.3705833400497,995.6962201434097,147.15712785720825,349.99948177481934,1.2090170692972682,1.000325124096531,-9.24863335095282,12,1.0,0.0,0.0,0.0,2,0.938080974586457
10:33:31.663,11200,560,-19.676020956804003,-43.21152586314507,144.0544897034753,996.0666738738041,144.0299153327942,349.99948177481934,0.04669776455467467,0.7569238342606588,-8.291532865098395,12,1.0,0.0,0.0,0.0,2,0.832614146079041
10:33:31.873,11300,565,-19.676018202902128,-43.211524480703794,139.47057338315048,996.4396877401624,140.88204264640808,349.99948177481934,1.4417382881591974,-1.3565806492809807,-8.812695544416343,12,1.0,0.0,0.0,0.0,2,0.9032304418481669
10:33:32.091,11400,570,-19.67602107700161,-43.21151757856951,136.04194036849466,996.8277975296311,137.60778784751892,349.99948177481934,0.3092841900215608,-0.931027278914524,-8.245611685628697,12,1.0,0.0,0.0,0.0,2,0.8303769058352768
10:33:32.309,11500,575,-19.676011677942135,-43.211511503004814,132.48135037125968,997.2141097697462,134.34972286224365,349.99948177481934,-0.9333339559879129,0.5690376123077954,-9.8349756131652,12,1.0,0.0,0.0,0.0,2,0.9895537448222568
10:33:32.519,11600,580,-19.676004289959405,-43.211508431465425,131.25061714016846,997.5889283643525,131.18956923484802,349.99948177481934,-0.4929726094900966,-1.3222535267324242,-8.39477469952525,12,1.0,0.0,0.0,0.0,2,0.8512556527768439
10:33:32.733,11700,585,-19.67600481824334,-43.21150412406474,129.21784787868407,997.9686334781368,127.98919677734375,349.99948177481934,-0.714183890054864,-1.285151785584299,-9.160253506637115,12,1.0,0.0,0.0,0.0,2,0.9277495246383153
10:33:32.947,11800,590,-19.676002019215794,-43.21149788211031,123.17457554945753,998.3510106801765,124.7672986984253,349.99948177481934,1.064093148267471,0.7992893460337038,-8.95534005233726,12,1.0,0.0,0.0,0.0,2,0.9053688372142521
10:33:33.158,11900,595,-19.675991959507453,-43.21149783929265,122.38314391349121,998.7261255616017,121.60756349563599,349.99948177481934,0.4034786489708706,-0.899245853048463,-8.631872495538108,12,1.0,0.0,0.0,0.0,2,0.8687960687274519
10:33:33.367,12000,600,-19.675988441008435,-43.211491198079244,120.0611910362988,999.0985821599011,118.47117066383362,349.99948177481934,1.4618738290528217,0.5784219284361329,-9.936896174847218,12,1.0,0.0,0.0,0.0,2,1.006049465031708
10:33:33.578,12100,605,-19.675983341540572,-43.21148508592069,113.78650182582251,999.4737625804509,115.31279802322388,349.99948177481934,-0.7936491304212315,1.1165507433937147,-9.037411812092586,12,1.0,0.0,0.0,0.0,2,0.9140644220520895
10:33:33.789,12200,610,-19.675985277984037,-43.21147960629958,113.65835659979794,999.8503695273816,112.14338183403015,349.99948177481934,0.041637679994446675,-1.2010045651317691,-8.81196797971495,12,1.0,0.0,0.0,0.0,2,0.8893532781599461
10:33:34.002,12300,615,-19.675980629076562,-43.21148008838431,107.39297725619161,1000.2308998465264,108.94192934036255,349.99948177481934,-1.259747281407913,0.35587579549560067,-8.196436071143783,12,1.0,0.0,0.0,0.0,2,0.8300311744939535
10:33:34.210,12400,620,-19.675972576119857,-43.211476856509165,104.19509471133902,1000.6016235742111,105.82392930984497,349.99948177481934,0.7786543226323426,-0.9422455998419216,-8.380406759738113,12,1.0,0.0,0.0,0.0,2,0.8469081814650261
10:33:34.428,12500,625,-19.67597475733888,-43.21147244285032,103.1320934579156,1000.9908544169757,102.55128026008606,349.99948177481934,0.5243590645909588,-0.30084732720579943,-8.58843554637838,12,1.0,0.0,0.0,0.0,2,0.8609685631729029
10:33:34.646,12600,630,-19.67596238408739,-43.21146378410436,100.23286742943755,1001.3784507833084,99.2933976650238,349.99948177481934,-1.0422750449799079,-0.7992577941448737,-8.583921755356505,12,1.0,0.0,0.0,0.0,2,0.8683827669465345
10:33:34.856,12700,635,-19.675965360950265,-43.2114644141921,97.92898200974824,1001.754102922148,96.13688468933105,349.99948177481934,-0.8328286613084368,0.6619424448852218,-9.706803765053639,12,1.0,0.0,0.0,0.0,2,0.9764927583586932
10:33:35.072,12800,640,-19.675955550760662,-43.21145249764444,93.32700933403714,1002.1401233621923,92.89424777030945,349.99948177481934,0.2540137533713849,0.8929490613173661,-9.239007328921337,12,1.0,0.0,0.0,0.0,2,0.9285533772318723
10:33:35.283,12900,645,-19.67595417424569,-43.21145772705784,90.17431734655166,1002.5163642014254,89.7347342967987,349.99948177481934,0.4937868451212759,0.8254082940991156,-9.902689075064284,12,1.0,0.0,0.0,0.0,2,0.99492901866304
10:33:35.497,13000,650,-19.675948327613096,-43.21144433855675,88.04922028820188,1002.8982152264031,86.5290904045105,349.99948177481934,1.0879787876847513,0.666930994295245,-8.19142145764955,12,1.0,0.0,0.0,0.0,2,0.8290227999907187
10:33:35.710,13100,655,-19.67594773320323,-43.211443644812036,83.06183584498896,1003.2792144154387,83.33158254623413,349.99948177481934,-0.6253197514251951,1.212564539329036,-8.291858757075772,12,1.0,0.0,0.0,0.0,2,0.8403348094709326
10:33:35.921,13200,660,-19.675937819753052,-43.21143970307407,81.71742391949236,1003.6563288610531,80.16764521598816,349.99948177481934,-0.31788027050695744,-1.45635794938076,-8.789289284111652,12,1.0,0.0,0.0,0.0,2,0.8914798509383263
10:33:36.133,13300,665,-19.675934775471678,-43.211439927455324,78.54469541836542,1004.0367437142202,76.97699308395386,349.99948177481934,-0.4016474701958215,0.8816205883234729,-8.409066172706707,12,1.0,0.0,0.0,0.0,2,0.8464689566016628
10:33:36.346,13400,670,-19.675931480606806,-43.211431145365005,75.66699461430395,1004.4169771281255,73.78884077072144,349.99948177481934,-0.08501203397540502,-1.4659004770353854,-8.418771640009457,12,1.0,0.0,0.0,0.0,2,0.8545864917088306
10:33:36.562,13500,675,-19.675923083906543,-43.2114319594362,68.78403614570922,1004.8032657993731,70.55091738700867,349.99948177481934,1.0645448673820908,1.3049869832464003,-9.603481459015171,12,1.0,0.0,0.0,0.0,2,0.9750030919682269
10:33:36.779,13600,680,-19.67592397131207,-43.21142299105409,68.57064062761113,1005.1920992928718,67.29268074035645,349.99948177481934,0.38520448828416387,-1.0461879909814402,-8.683623987337551,12,1.0,0.0,0.0,0.0,2,0.8754896764881478
10:33:36.990,13700,685,-19.675916098601938,-43.211422959429335,63.62605663384812,1005.5691361365931,64.13426876068115,349.99948177481934,0.11417833374551778,0.863744590423591,-8.024247580831412,12,1.0,0.0,0.0,0.0,2,0.8071408839097528
10:33:37.206,13800,690,-19.675911004219305,-43.211409806407,59.86158558191431,1005.9560752784747,60.89390277862549,349.99948177481934,-0.9098193427263597,-0.5542466747509002,-8.307619032481595,12,1.0,0.0,0.0,0.0,2,0.8375648906307016
10:33:37.420,13900,695,-19.67591134575123,-43.21141493123199,59.229681296481104,1006.3407910797789,57.67315626144409,349.99948177481934,0.8212336689122113,0.06110887307119306,-9.072866336811312,12,1.0,0.0,0.0,0.0,2,0.9110162600028991
10:33:37.630,14000,700,-19.67590745410226,-43.211402266135245,56.11850073320004,1006.7175258588895,54.520190954208374,349.99948177481934,-0.9763615640846129,-1.2892531444365534,-8.851278888556381,12,1.0,0.0,0.0,0.0,2,0.8997810485738471
10:33:37.838,14100,705,-19.67590404278042,-43.21140410665018,49.948030046143586,1007.0899770532485,51.40401482582092,349.99948177481934,-0.5911983651537674,0.559061318249725,-9.34923306485709,12,1.0,0.0,0.0,0.0,2,0.9384573723166159
10:33:38.053,14200,710,-19.675892591530086,-43.21140094501677,47.252471116808216,1007.4744165966466,48.188514709472656,349.99948177481934,-1.1565195438896105,1.041743513176641,-8.762060673863566,12,1.0,0.0,0.0,0.0,2,0.8899240094250223
10:33:38.266,14300,715,-19.675893483504076,-43.211390250184095,43.56158437724801,1007.8576946425129,44.983718395233154,349.99948177481934,0.2593795285158862,-0.8108666127038942,-9.9637087825594,12,1.0,0.0,0.0,0.0,2,1.0000013755343657
10:33:38.477,14400,720,-19.67589266638502,-43.211390349833835,43.67693116777573,1008.2352233550558,41.82796001434326,349.99948177481934,-0.5733776313608578,-0.5165720571746162,-9.263749618622999,12,1.0,0.0,0.0,0.0,2,0.9295841306462604
10:33:38.696,14500,725,-19.67588032118447,-43.21138786886277,37.36519906646594,1008.6285403045499,38.541245460510254,349.99948177481934,-1.3483099814610835,-0.17353475259329865,-9.838192895662635,12,1.0,0.0,0.0,0.0,2,0.9931671237446997
10:33:38.914,14600,730,-19.67588414237174,-43.21138252997391,37.12111614773935,1009.0197353008713,35.27329206466675,349.99948177481934,1.4449965194955006,-0.23478310091365184,-8.975790723833605,12,1.0,0.0,0.0,0.0,2,0.9094391522465157
10:33:39.129,14700,735,-19.675871521401294,-43.21138075226069,32.20352308885318,1009.4073907127259,32.035919427871704,349.99948177481934,0.7720441979261334,0.5146228224665044,-8.744244635939223,12,1.0,0.0,0.0,0.0,2,0.8793332880433145
10:33:39.341,14800,740,-19.67586811271221,-43.211371942103526,30.075281960892692,1009.7867638031063,28.868688344955444,349.99948177481934,0.9407327126418039,-0.34082082671720615,-8.51843854356026,12,1.0,0.0,0.0,0.0,2,0.8577000180306146
10:33:39.555,14900,745,-19.675865708283578,-43.21137244984173,27.154578717168512,1010.1723276866829,25.65075993537903,349.99948177481934,-0.20899392785670146,-1.028935420649268,-8.109102437967469,12,1.0,0.0,0.0,0.0,2,0.8176792091718954
10:33:39.769,15000,750,-19.675858813568382,-43.21136393965955,20.872968796878048,1010.5573347115536,22.43847131729126,349.99948177481934,1.4074916055694944,1.1472550124289174,-9.912821196654566,12,1.0,0.0,0.0,0.0,2,1.0077760205528603
10:33:39.980,15100,755,-19.67586060948167,-43.21135817205575,19.04617696568734,1010.9365984371144,19.275070428848267,349.99948177481934,-0.07541203179499423,0.6950564759029456,-8.865730533708335,12,1.0,0.0,0.0,0.0,2,0.8893254093725331
10:33:40.194,15200,760,-19.675855159169195,-43.211359217630694,16.573124403363316,1011.3204343087602,16.074512004852295,349.99948177481934,0.6921942584216447,-1.0805457375811933,-9.368572841420834,12,1.0,0.0,0.0,0.0,2,0.9456049337191765
10:33:40.404,15300,765,-19.67585505642478,-43.21135369363865,11.665698113352128,1011.6992322094637,12.916926145553589,349.99948177481934,0.20413738128866799,-0.6386007534792246,-9.126441455455733,12,1.0,0.0,0.0,0.0,2,0.9151033637390074
10:33:40.620,15400,770,-19.675850967626346,-43.2113434889967,8.422935263704318,1012.0871359199951,9.684427976608276,349.99948177481934,0.3450011212075812,-1.341322106650206,-8.652957436525552,12,1.0,0.0,0.0,0.0,2,0.8763095524171005
10:33:40.833,15500,775,-19.675840802801467,-43.21134047775831,7.593567396027759,1012.4715998247879,6.481584310531616,349.99948177481934,-0.9232878730538193,0.6093333090336204,-8.61763507829452,12,1.0,0.0,0.0,0.0,2,0.8688347479278111
10:33:41.049,15600,780,-19.675835889704526,-43.211341118054904,3.8203654615510274,1012.8598382215987,3.248295783996582,349.99948177481934,-1.2888677209911013,-0.889262863843192,-9.348217529942023,12,1.0,0.0,0.0,0.0,2,0.9478456595371356
10:33:41.259,15700,785,-19.675834218666413,-43.21132923149371,0.20569263213532007,1013.2384099520863,0.09647846221923828,349.99948177481934,1.070776850501248,-0.04563731076462574,-9.858869955203597,12,1.0,0.0,0.0,0.0,2,0.991695329329121
10:33:41.467,15800,790,-19.675829671018533,-43.21132969976278,1.2582185516584365,1013.25,0.0,349.99948177481934,0.22372704787431164,0.9553784983038547,-8.354625958595314,12,1.0,0.0,0.0,0.0,2,0.8412049499082048
10:33:41.681,15900,795,-19.675823442344868,-43.21132390211246,0.9148009375073562,1013.25,0.0,349.99948177481934,-0.9556759829475062,1.3470665160277235,-9.765107818664953,12,1.0,0.0,0.0,0.0,2,0.9903799043454848
10:33:41.898,16000,800,-19.675821429080944,-43.21132438840628,-1.1510453842632877,1013.25,0.0,349.99948177481934,0.2801206976474697,1.341439469516537,-9.643373233881949,12,1.0,0.0,0.0,0.0,2,0.9740255375685902
10:33:42.111,16100,805,-19.67581243192991,-43.21131965834694,0.8508049528437902,1013.25,0.0,349.99948177481934,-1.1148774513604875,0.7616816527133263,-8.805144068083127,12,1.0,0.0,0.0,0.0,2,0.8908067845011716
10:33:42.321,16200,810,-19.67581308061734,-43.211309179399876,0.32904073009051515,1013.25,0.0,349.99948177481934,-0.6697629655595825,-1.3909193401477173,-9.525034442588229,12,1.0,0.0,0.0,0.0,2,0.9649327446683742
10:33:42.532,16300,815,-19.6758053607806,-43.21131148654606,1.9322677770215773,1013.25,0.0,349.99948177481934,-1.263416432295922,-1.323215325621652,-9.969284434822402,12,1.0,0.0,0.0,0.0,2,1.0135765981007434
10:33:42.750,16400,820,-19.67580177604748,-43.211306081272376,1.662531975927548,1013.25,0.0,349.99948177481934,0.3997990263421136,0.29124595491519445,-8.499241128304718,12,1.0,0.0,0.0,0.0,2,0.8513622215296203
10:33:42.968,16500,825,-19.675797156708132,-43.21129621842689,-1.0162644106393803,1013.25,0.0,349.99948177481934,0.5817571671032029,-0.8607943777264667,-9.937740139442667,12,1.0,0.0,0.0,0.0,2,0.9991901092449395
10:33:43.175,16600,830,-19.675795496450995,-43.21129723171244,-1.472360848923739,1013.25,0.0,349.99948177481934,1.10473964532685,0.45091135351056133,-8.181416060123956,12,1.0,0.0,0.0,0.0,2,0.8267970699121752
10:33:43.388,16700,835,-19.675787033939123,-43.21128663009959,-1.1496188745353688,1013.25,0.0,349.99948177481934,1.445182163935487,-0.9558348180402746,-9.226215351070621,12,1.0,0.0,0.0,0.0,2,0.9387503469542184
10:33:43.599,16800,840,-19.675791178617935,-43.211284779320756,0.4552660837407845,1013.25,0.0,349.99948177481934,-1.1558464435789613,-0.5474877044802846,-8.434462113467667,12,1.0,0.0,0.0,0.0,2,0.8530877735099284
10:33:43.812,16900,845,-19.675779888907883,-43.21128023356318,-0.9960964750964614,1013.25,0.0,349.99948177481934,1.4264592438022374,-1.2663630144923206,-9.94980389213601,12,1.0,0.0,0.0,0.0,2,1.0130994953639443
10:33:44.022,17000,850,-19.675774654749976,-43.2112801275237,0.2894241127992889,1013.25,0.0,349.99948177481934,-1.0616550794314472,-1.0140120547467404,-8.998759778573007,12,1.0,0.0,0.0,0.0,2,0.9117730502011869
10:33:44.235,17100,855,-19.675777632707604,-43.21127889690449,-0.7548371606410482,1013.25,0.0,349.99948177481934,-1.3611454908664768,-0.43545883513055883,-8.981283758257662,12,1.0,0.0,0.0,0.0,2,0.9094272889612578
10:33:44.451,17200,860,-19.675772908937535,-43.21127167486942,-1.6370785954483047,1013.25,0.0,349.99948177481934,0.4827704892775948,0.6185349599356491,-8.882662741587017,12,1.0,0.0,0.0,0.0,2,0.8917250149163594
10:33:44.663,17300,865,-19.675767570910626,-43.211266769576014,-1.1230582878506201,1013.25,0.0,349.99948177481934,0.3083105476384924,-0.5526736201485402,-9.54836387923591,12,1.0,0.0,0.0,0.0,2,0.9569313261383509
10:33:44.878,17400,870,-19.675760096736962,-43.21126068081744,1.0323780207970668,1013.25,0.0,349.99948177481934,0.7645813361910259,0.5049101855547571,-8.17033137398912,12,1.0,0.0,0.0,0.0,2,0.8221546915022716
10:33:45.093,17500,875,-19.675752930013687,-43.21125439032294,-0.7759129594657965,1013.25,0.0,349.99948177481934,0.607000058891443,1.0856755245918275,-8.380150398011741,12,1.0,0.0,0.0,0.0,2,0.8471957336382681
10:33:45.300,17600,880,-19.675748818255265,-43.21125536467182,-1.3602466601624172,1013.25,0.0,349.99948177481934,-0.16514185030203765,-0.38229547977001266,-8.519756250647223,12,1.0,0.0,0.0,0.0,2,0.8529927797761023
10:33:45.512,17700,885,-19.67575178845926,-43.21124654636134,1.2791323322062214,1013.25,0.0,349.99948177481934,-1.0001033590818778,-0.3785370178218168,-9.608987212505218,12,1.0,0.0,0.0,0.0,2,0.9668305552308383
10:33:45.720,17800,890,-19.6757471585107,-43.21124058099265,-1.8441499467388955,1013.25,0.0,349.99948177481934,0.8531731879678226,0.027472020560423527,-9.81050479950337,12,1.0,0.0,0.0,0.0,2,0.9847571458063126
10:33:45.935,17900,895,-19.675737719349318,-43.2112418409845,-1.2093592254662426,1013.25,0.0,349.99948177481934,0.3755093326374279,0.3789996368867339,-8.687945477871997,12,1.0,0.0,0.0,0.0,2,0.8704311840124673
10:33:46.150,18000,900,-19.675738284310675,-43.211236372063404,-0.8239812884022397,1013.25,0.0,349.99948177481934,-1.0278273947044243,-1.3980669309924256,-8.90991201232052,12,1.0,0.0,0.0,0.0,2,0.907730975367333
10:33:46.358,18100,905,-19.675733549472447,-43.21123597274042,0.30932321065856394,1013.25,0.0,349.99948177481934,0.1175738362121801,0.8013966434863042,-9.173334546368942,12,1.0,0.0,0.0,0.0,2,0.9209024209261187
10:33:46.570,18200,910,-19.675732088266603,-43.21123045830251,-1.070182443840435,1013.25,0.0,349.99948177481934,0.5563495589583036,-1.4399042560812676,-8.336481585789556,12,1.0,0.0,0.0,0.0,2,0.8478194048772558
10:33:46.786,18300,915,-19.675724999759368,-43.21122427799771,-1.3501725625884444,1013.25,0.0,349.99948177481934,-1.414042065701465,0.1371604240600761,-9.849048298305487,12,1.0,0.0,0.0,0.0,2,0.9950983887428209
10:33:46.999,18400,920,-19.67572362524629,-43.21122102303338,0.01804520382424446,1013.25,0.0,349.99948177481934,0.7017946455832291,0.005386529966063147,-9.96203117011497,12,1.0,0.0,0.0,0.0,2,0.998672167298241
10:33:47.209,18500,925,-19.67571882619073,-43.21121250072812,1.4961948355238484,1013.25,0.0,349.99948177481934,-1.308837520716414,-0.09113728017321954,-9.441826690385259,12,1.0,0.0,0.0,0.0,2,0.953254703165654
10:33:47.421,18600,930,-19.675707410741204,-43.21121055752124,-0.11945721421620181,1013.25,0.0,349.99948177481934,0.7564625821333717,-0.1279986618392206,-9.462850272030675,12,1.0,0.0,0.0,0.0,2,0.9493900914085398
10:33:47.635,18700,935,-19.675709848580805,-43.211207185869675,1.7514979388919159,1013.25,0.0,349.99948177481934,0.32977253243606897,-0.874977406222865,-9.29946087015822,12,1.0,0.0,0.0,0.0,2,0.9346352650106549
10:33:47.846,18800,940,-19.675703021671268,-43.21120616233061,0.40834232584363583,1013.25,0.0,349.99948177481934,-0.777727954374687,-1.3357890274326707,-8.98781053544167,12,1.0,0.0,0.0,0.0,2,0.9119755003168759
10:33:48.062,18900,945,-19.675697608313808,-43.21119941841811,1.3660697615681463,1013.25,0.0,349.99948177481934,0.23789601096350843,-1.11665160294567,-9.930819194924425,12,1.0,0.0,0.0,0.0,2,0.9996233050338157
10:33:48.280,19000,950,-19.675695751872098,-43.21119015276019,-1.1344764618178114,1013.25,0.0,349.99948177481934,-1.0506522361177413,0.6580736577063471,-8.56320487532021,12,1.0,0.0,0.0,0.0,2,0.8652479921787397
10:33:48.488,19100,955,-19.675692846481834,-43.211184513160575,0.2895340121330805,1013.25,0.0,349.99948177481934,-1.2610728941843177,-0.26670243795209103,-8.38293781036951,12,1.0,0.0,0.0,0.0,2,0.848145514445362
10:33:48.700,19200,960,-19.675688883972896,-43.21118345556523,0.5767149244345169,1013.25,0.0,349.99948177481934,0.33935269163048876,-1.0074695560082532,-8.084850024705645,12,1.0,0.0,0.0,0.0,2,0.8154443885243382
10:33:48.911,19300,965,-19.67568503905257,-43.211180141905814,-1.5098839464629847,1013.25,0.0,349.99948177481934,-1.2731132471129958,-1.1825977066982019,-9.034754691595309,12,1.0,0.0,0.0,0.0,2,0.92003340707371
10:33:49.119,19400,970,-19.67568092076882,-43.21117378347838,0.6546398912908318,1013.25,0.0,349.99948177481934,-1.4170866915520315,0.5671940789770056,-8.858507224028962,12,1.0,0.0,0.0,0.0,2,0.8989048562154605
10:33:49.332,19500,975,-19.6756743094225,-43.21117332473002,-1.971283546386061,1013.25,0.0,349.99948177481934,-0.8311746131957622,-0.8421228587816497,-8.10125370319626,12,1.0,0.0,0.0,0.0,2,0.8187205488471316
10:33:49.548,19600,980,-19.675668940711674,-43.21116676706044,-0.3943634774715261,1013.25,0.0,349.99948177481934,-0.2987293000378668,0.6249269707682075,-9.483742530644518,12,1.0,0.0,0.0,0.0,2,0.9509003381062094
10:33:49.761,19700,985,-19.675660919725736,-43.21116004762918,-1.5693321793090904,1013.25,0.0,349.99948177481934,0.7572514946609892,1.3463328922476956,-8.127316946454597,12,1.0,0.0,0.0,0.0,2,0.8272806224676268
10:33:49.968,19800,990,-19.675663289104023,-43.21116252230572,-1.9098079568430872,1013.25,0.0,349.99948177481934,-0.826876906436587,1.405871273572989,-8.231456763468017,12,1.0,0.0,0.0,0.0,2,0.8391488539293803
10:33:50.189,19900,995,-19.67565269275585,-43.211155867269404,-1.5768275022629767,1013.25,0.0,349.99948177481934,-1.1867099691608356,0.9159775079715091,-8.131411281870554,12,1.0,0.0,0.0,0.0,2,0.8268442705911867
10:33:50.397,20000,1000,-19.675648280928883,-43.21115214399658,-1.7456175119480921,1013.25,0.0,349.99948177481934,-0.1260633146123089,0.1203038234635232,-8.883987556063284,12,1.0,0.0,0.0,0.0,2,0.8885696363567588
10:33:50.607,20100,1005,-19.67564301381762,-43.21114357673669,-0.5481373188444212,1013.25,0.0,349.99948177481934,-0.8970862755335351,-0.01797263600001786,-8.233627183926474,12,1.0,0.0,0.0,0.0,2,0.8282373053979666
10:33:50.820,20200,1010,-19.675645833660926,-43.211147162673335,1.5083407156479147,1013.25,0.0,349.99948177481934,-1.4967812648548429,-1.1014470552827789,-9.98959327427249,12,1.0,0.0,0.0,0.0,2,1.0160979950565878
10:33:51.032,20300,1015,-19.675636848954948,-43.21113667932607,0.709273424297987,1013.25,0.0,349.99948177481934,0.4148790361503103,-0.9070234432308236,-8.205770044626572,12,1.0,0.0,0.0,0.0,2,0.8266164658806288
10:33:51.239,20400,1020,-19.675631038450682,-43.21113881135154,1.451828977993793,1013.25,0.0,349.99948177481934,0.5063083149142908,-1.2776432879850943,-8.595224476922084,12,1.0,0.0,0.0,0.0,2,0.8704401432020771
10:33:51.451,20500,1025,-19.67563263685149,-43.2111261969572,-1.1774336970511188,1013.25,0.0,349.99948177481934,-1.2136211449460954,0.49174120165436896,-8.25453770515398,12,1.0,0.0,0.0,0.0,2,0.8357755585004475
10:33:51.660,20600,1030,-19.675623225470943,-43.211126088350426,-1.6882861179300304,1013.25,0.0,349.99948177481934,-0.2869744019454532,1.2565970253401115,-9.385401425553198,12,1.0,0.0,0.0,0.0,2,0.9473497258681273
10:33:51.871,20700,1035,-19.67561698003332,-43.211120621421394,1.3252944091275647,1013.25,0.0,349.99948177481934,-0.4742956079739624,0.3303519453915569,-9.522747919034064,12,1.0,0.0,0.0,0.0,2,0.9540273405989735
10:33:52.085,20800,1040,-19.675617356204427,-43.2111152739788,-0.45253051048283144,1013.25,0.0,349.99948177481934,1.0721481164092612,0.41989192512057416,-8.554991296269305,12,1.0,0.0,0.0,0.0,2,0.863213107474307
10:33:52.306,20900,1045,-19.675610101774325,-43.211109691026216,0.3160667861555253,1013.25,0.0,349.99948177481934,1.4701447855225407,-1.4482782734613018,-9.650532786517042,12,1.0,0.0,0.0,0.0,2,0.9868719203190429
10:33:52.519,21000,1050,-19.675605075428567,-43.21110728307986,0.9878604074708797,1013.25,0.0,349.99948177481934,-0.8188563626756618,-0.28225346761778614,-9.436928827602998,12,1.0,0.0,0.0,0.0,2,0.9476593188478715
10:33:52.726,21100,1055,-19.675602785521157,-43.211108203332905,-1.7649051740910822,1013.25,0.0,349.99948177481934,0.14371333760107574,0.08709281834454075,-9.693318837336577,12,1.0,0.0,0.0,0.0,2,0.9694775333378065
10:33:52.935,21200,1060,-19.675604418855855,-43.211100858624555,0.7793134816038982,1013.25,0.0,349.99948177481934,-0.3097176200953613,-0.521843192471835,-8.33751063075341,12,1.0,0.0,0.0,0.0,2,0.8359565110677281
10:33:53.148,21300,1065,-19.675595776798048,-43.21109136518169,-0.4958238801681669,1013.25,0.0,349.99948177481934,-1.4921580352055912,-0.19544840336524705,-8.97464405363114,12,1.0,0.0,0.0,0.0,2,0.9099943492669799
10:33:53.361,21400,1070,-19.67559345539096,-43.21109606639668,-1.5013386396807347,1013.25,0.0,349.99948177481934,-0.48621084183841523,-1.2546636233190012,-8.12442509516134,12,1.0,0.0,0.0,0.0,2,0.8235099569360929
10:33:53.579,21500,1075,-19.675591433163497,-43.21108404443552,1.9421757586234172,1013.25,0.0,349.99948177481934,0.21303377191560946,1.0251506997864643,-9.015536037448626,12,1.0,0.0,0.0,0.0,2,0.9076133945011178
10:33:53.786,21600,1080,-19.675578328638224,-43.21108007403423,-1.1395339801454774,1013.25,0.0,349.99948177481934,0.22537806364501112,-0.13413127501122446,-8.76954120540856,12,1.0,0.0,0.0,0.0,2,0.8773462225590714
10:33:54.000,21700,1085,-19.67557429110514,-43.211078473794736,-0.3405591453897663,1013.25,0.0,349.99948177481934,0.004088117515746781,0.27424462949698025,-9.841655413643412,12,1.0,0.0,0.0,0.0,2,0.9845476530387418
10:33:54.212,21800,1090,-19.6755745278324,-43.21107200720359,-0.6118726138961681,1013.25,0.0,349.99948177481934,-1.2614467779760217,0.43064446288479763,-9.77902843909512,12,1.0,0.0,0.0,0.0,2,0.9869452864252941
10:33:54.428,21900,1095,-19.67557012626928,-43.21106709096715,0.504021098126946,1013.25,0.0,349.99948177481934,0.6899948288623929,0.5096420651662612,-8.91697265143692,12,1.0,0.0,0.0,0.0,2,0.8958137594663177
10:33:54.636,22000,1100,-19.675564973569696,-43.21106434491,-1.497828867385432,1013.25,0.0,349.99948177481934,-1.371096861314434,0.3155519883407507,-8.38104590398168,12,1.0,0.0,0.0,0.0,2,0.8498318075072278
10:33:54.847,22100,1105,-19.675564597277567,-43.21106169424152,0.8221952441629274,1013.25,0.0,349.99948177481934,-1.0289509799830578,0.4815304288819231,-9.530947323337909,12,1.0,0.0,0.0,0.0,2,0.9598414897960463
10:33:55.063,22200,1110,-19.675559386166714,-43.21105746908496,1.715905598050373,1013.25,0.0,349.99948177481934,-0.14390150756652753,1.0052087860061363,-8.633358038276036,12,1.0,0.0,0.0,0.0,2,0.8692871985966968
10:33:55.274,22300,1115,-19.675550448706563,-43.21105416655015,0.47039879897995895,1013.25,0.0,349.99948177481934,-1.3546831717158445,-1.1014438369477197,-8.53431622009876,12,1.0,0.0,0.0,0.0,2,0.8711079058665523
10:33:55.481,22400,1120,-19.675549135257754,-43.21105234056355,-1.9198109569521913,1013.25,0.0,349.99948177481934,0.435543055291296,-0.555327710171364,-8.073347139140818,12,1.0,0.0,0.0,0.0,2,0.8104136021055539
10:33:55.694,22500,1125,-19.675539944150454,-43.211047829447665,-1.3619043618113396,1013.25,0.0,349.99948177481934,-0.15884176481640044,1.1993769990813172,-9.673986346796594,12,1.0,0.0,0.0,0.0,2,0.9749346015512128
10:33:55.908,22600,1130,-19.67554258254896,-43.211044522041576,0.014730949442984809,1013.25,0.0,349.99948177481934,0.5600597084395185,0.583033520293962,-9.975233727695468,12,1.0,0.0,0.0,0.0,2,1.0007940991280722
10:33:56.119,22700,1135,-19.67553812798792,-43.211036182235546,-0.139940124233632,1013.25,0.0,349.99948177481934,1.0133263940902033,0.9437493099583723,-9.505336423586108,12,1.0,0.0,0.0,0.0,2,0.96056709118395
10:33:56.327,22800,1140,-19.675532327828968,-43.211036164666815,1.685771914684553,1013.25,0.0,349.99948177481934,-1.247579815917236,1.481797471062452,-8.941886545162498,12,1.0,0.0,0.0,0.0,2,0.9149290362038429
10:33:56.541,22900,1145,-19.675524489669836,-43.21103121525951,-0.7461540402955844,1013.25,0.0,349.99948177481934,0.1175330698479018,-0.35311429354192314,-9.535210632071996,12,1.0,0.0,0.0,0.0,2,0.9542470619540325
10:33:56.758,23000,1150,-19.675525345000437,-43.21102820737859,0.19055921200742043,1013.25,0.0,349.99948177481934,0.3539949769834929,-0.8245446480885281,-9.696207370725187,12,1.0,0.0,0.0,0.0,2,0.9737639534123576
10:33:56.975,23100,1155,-19.675518574884368,-43.21102315728743,-0.3444486796542634,1013.25,0.0,349.99948177481934,-1.4873632805139287,0.42452336497340193,-9.041853955380025,12,1.0,0.0,0.0,0.0,2,0.9173199690732287
10:33:57.191,23200,1160,-19.675517171306343,-43.211010011713974,0.18134506435537734,1013.25,0.0,349.99948177481934,-1.2948750172607122,1.3973814811840581,-9.476672803790086,12,1.0,0.0,0.0,0.0,2,0.9666266277336701
10:33:57.402,23300,1165,-19.675507739253653,-43.211009801756276,0.9054529625677152,1013.25,0.0,349.99948177481934,-1.4784683157766367,-1.1761449264942017,-9.177481753947953,12,1.0,0.0,0.0,0.0,2,0.9369917651341503
10:33:57.613,23400,1170,-19.675511175991684,-43.21100905191699,-1.6749471699501983,1013.25,0.0,349.99948177481934,1.4554595291449592,-0.5540607283563952,-9.920816380533475,12,1.0,0.0,0.0,0.0,2,1.0042307672439985
10:33:57.825,23500,1175,-19.675502596392693,-43.21099821135394,-1.0679093182796566,1013.25,0.0,349.99948177481934,-1.266021662606851,-0.549427276295146,-8.649589088941436,12,1.0,0.0,0.0,0.0,2,0.8758999519903039
10:33:58.044,23600,1180,-19.67550064394736,-43.21099307077587,-1.76271683680896,1013.25,0.0,349.99948177481934,0.15399109647126163,0.2573724171942815,-9.222427457057522,12,1.0,0.0,0.0,0.0,2,0.9227303074008859
10:33:58.255,23700,1185,-19.67549439471601,-43.21099156997092,1.514237586018357,1013.25,0.0,349.99948177481934,-0.9303256650893096,1.4225750276627984,-8.785551742120195,12,1.0,0.0,0.0,0.0,2,0.8948471655312145
10:33:58.463,23800,1190,-19.675490568509314,-43.21098884814985,0.8050889903677949,1013.25,0.0,349.99948177481934,0.12331882534175853,1.203392210140792,-8.667888672368361,12,1.0,0.0,0.0,0.0,2,0.8751894330982464
10:33:58.679,23900,1195,-19.67548942885648,-43.210989682120065,-1.9170333802595887,1013.25,0.0,349.99948177481934,-0.08349600160857396,0.9706155626850572,-8.886189004878643,12,1.0,0.0,0.0,0.0,2,0.8939430696819409
10:33:58.897,24000,1200,-19.675478180911433,-43.21097796462573,-0.07022749768598135,1013.25,0.0,349.99948177481934,-1.03626820957619,-0.5360276039341334,-8.12904336586576,12,1.0,0.0,0.0,0.0,2,0.8212339705497073
10:33:59.113,24100,1205,-19.67547266217346,-43.210980787991936,1.3282361919341072,1013.25,0.0,349.99948177481934,0.7611255660635816,-1.2641697770770706,-9.196038473322487,12,1.0,0.0,0.0,0.0,2,0.9313676017310141
10:33:59.334,24200,1210,-19.675468565171574,-43.21096701865844,-0.9644694113758114,1013.25,0.0,349.99948177481934,-0.8454140547092939,0.9120810632630003,-9.363433542602342,12,1.0,0.0,0.0,0.0,2,0.9445660617267256
10:33:59.542,24300,1215,-19.675472454040836,-43.21096846220569,1.693530464004081,1013.25,0.0,349.99948177481934,-0.9075946100175629,-1.4725482038056734,-8.307749762181164,12,1.0,0.0,0.0,0.0,2,0.8485919649612849
10:33:59.766,24400,1220,-19.67546006276124,-43.210961566648145,0.58881934815272,1013.25,0.0,349.99948177481934,0.30312792405066347,-1.4951166994831315,-8.752657575900894,12,1.0,0.0,0.0,0.0,2,0.8884608889781695
10:33:59.985,24500,1225,-19.675460215034146,-43.21095456318717,0.4367630740404276,1013.25,0.0,349.99948177481934,-1.0509712938767413,0.3887729270746094,-8.794830043700859,12,1.0,0.0,0.0,0.0,2,0.8865930326083235
10:34:00.205,24600,1230,-19.675452192855793,-43.21095048259078,1.4876507034780886,1013.25,0.0,349.99948177481934,-0.5680575159236528,-0.7262273997509591,-8.411843370653553,12,1.0,0.0,0.0,0.0,2,0.8462222194551177
10:34:00.414,24700,1235,-19.675449184460035,-43.210952157552796,-1.8880517791230025,1013.25,0.0,349.99948177481934,0.13836140358398907,-0.06916192434247348,-9.374200789504343,12,1.0,0.0,0.0,0.0,2,0.937547693142724
10:34:00.628,24800,1240,-19.675448898213023,-43.21094936067103,1.9842933680974721,1013.25,0.0,349.99948177481934,0.3262361744747171,-1.3736546726640237,-8.637019366101939,12,1.0,0.0,0.0,0.0,2,0.8751654742486562
10:34:00.844,24900,1245,-19.675438163764944,-43.21093714190565,-1.929027163395301,1013.25,0.0,349.99948177481934,0.5871769279137786,0.5963634950503502,-9.30297877937695,12,1.0,0.0,0.0,0.0,2,0.934054818158125
10:34:01.058,25000,1250,-19.67543621823201,-43.21094123314468,1.9662603234409333,1013.25,0.0,349.99948177481934,-0.03133601788908402,-0.9884339198671631,-8.715814789684423,12,1.0,0.0,0.0,0.0,2,0.8771739337670884
10:34:01.269,25100,1255,-19.67542979125985,-43.2109367601754,1.3307466499906724,1013.25,0.0,349.99948177481934,-0.767082616058701,0.5037468478475366,-9.784243331422244,12,1.0,0.0,0.0,0.0,2,0.9827186484190501
10:34:01.484,25200,1260,-19.675427136617625,-43.210929432978645,-1.979639455823679,1013.25,0.0,349.99948177481934,0.989887401017616,-0.24161063548571438,-8.620636967310574,12,1.0,0.0,0.0,0.0,2,0.8680647123805626
10:34:01.699,25300,1265,-19.675427489063743,-43.210928465424786,0.8184725651833684,1013.25,0.0,349.99948177481934,-1.003440854347659,-0.03292324271928537,-8.215136501609118,12,1.0,0.0,0.0,0.0,2,0.8276257924216452
10:34:01.914,25400,1270,-19.6754233608234,-43.210918181697814,-1.8858284094036293,1013.25,0.0,349.99948177481934,-1.4840810757735445,1.4757214852274751,-8.945877754382378,12,1.0,0.0,0.0,0.0,2,0.9187435950132369
10:34:02.128,25500,1275,-19.67541631350557,-43.21091195259626,0.7650199254928367,1013.25,0.0,349.99948177481934,1.2588775485613128,-1.4092026408689584,-8.193816269394045,12,1.0,0.0,0.0,0.0,2,0.8408879225074548
10:34:02.342,25600,1280,-19.67540742953137,-43.210915858438185,1.5315756475235878,1013.25,0.0,349.99948177481934,0.04159078123083626,-0.7245911746009339,-8.095362715138062,12,1.0,0.0,0.0,0.0,2,0.812783240803109
10:34:02.561,25700,1285,-19.67540666524455,-43.21090260680806,-1.126960709945069,1013.25,0.0,349.99948177481934,-1.4366983069818413,0.5512207646473066,-8.305466853956153,12,1.0,0.0,0.0,0.0,2,0.844681750831798
10:34:02.776,25800,1290,-19.675407453275604,-43.21090798988419,-1.0801286237326555,1013.25,0.0,349.99948177481934,0.4766390836901664,-0.566887677235493,-8.858553726187251,12,1.0,0.0,0.0,0.0,2,0.8889461208332512
10:34:02.991,25900,1295,-19.675399318820748,-43.21089982906114,1.3532397097907922,1013.25,0.0,349.99948177481934,1.4871457809569355,-1.468295308571538,-8.02974540646881,12,1.0,0.0,0.0,0.0,2,0.8297246831310864
10:34:03.206,26000,1300,-19.675395337494784,-43.21089905669557,1.7108251942751522,1013.25,0.0,349.99948177481934,1.0346779012355007,-0.6470545907742541,-8.071553111073674,12,1.0,0.0,0.0,0.0,2,0.8163284120231897
10:34:03.424,26100,1305,-19.67538859599549,-43.21089280408303,-0.2733117388331059,1013.25,0.0,349.99948177481934,-1.2282315473639411,0.15224146273606975,-9.16444057583461,12,1.0,0.0,0.0,0.0,2,0.9247632197753101
10:34:03.637,26200,1310,-19.675382055931557,-43.21088758618867,-0.5219026894546359,1013.25,0.0,349.99948177481934,-1.038698307652587,-0.6834460262114921,-9.73344152068887,12,1.0,0.0,0.0,0.0,2,0.9812536699637597
10:34:03.851,26300,1315,-19.67538417032772,-43.21088072098068,-0.4401713341939857,1013.25,0.0,349.99948177481934,0.9256947638889628,-0.575202300795952,-8.046126770872965,12,1.0,0.0,0.0,0.0,2,0.8119601252259314
10:34:04.069,26400,1320,-19.675377039861715,-43.21087417911287,-0.4392609248036461,1013.25,0.0,349.99948177481934,-0.7401011540290198,1.1695893563704702,-9.522821792766129,12,1.0,0.0,0.0,0.0,2,0.9622880227744274
10:34:04.279,26500,1325,-19.675369184395283,-43.21087497594649,-0.3696265777305343,1013.25,0.0,349.99948177481934,-0.6491334259615208,-0.9887325257163873,-8.620021398283868,12,1.0,0.0,0.0,0.0,2,0.8700789338846322
10:34:04.494,26600,1330,-19.675366572220717,-43.21086428407849,0.8978893325442834,1013.25,0.0,349.99948177481934,-0.5632196179357938,1.2207389517492229,-8.010662156528491,12,1.0,0.0,0.0,0.0,2,0.8122692171465273
10:34:04.708,26700,1335,-19.675360284313776,-43.21086369879201,-1.0965833704773802,1013.25,0.0,349.99948177481934,0.9473803786299246,-0.14208731887521564,-9.164842426591822,12,1.0,0.0,0.0,0.0,2,0.9214773740697901
10:34:04.924,26800,1340,-19.675355165479985,-43.210857279772156,1.424494355081129,1013.25,0.0,349.99948177481934,0.5633201253936742,0.5573490582636071,-9.103192428188018,12,1.0,0.0,0.0,0.0,2,0.9137618941553676
10:34:05.142,26900,1345,-19.675352659504796,-43.21086018711383,1.3783428009954477,1013.25,0.0,349.99948177481934,1.4630655849318837,-0.2380539426214694,-8.050936299715275,12,1.0,0.0,0.0,0.0,2,0.8186257135436364
10:34:05.361,27000,1350,-19.675351215308197,-43.21085596071328,-1.3765032477112356,1013.25,0.0,349.99948177481934,1.2160065828439235,1.0550781900761041,-9.809871621516832,12,1.0,0.0,0.0,0.0,2,0.9941098693169448
10:34:05.575,27100,1355,-19.675348537515102,-43.21084811526068,-1.5443358794757827,1013.25,0.0,349.99948177481934,-0.76064827909868,-1.046187056614438,-9.672955875258666,12,1.0,0.0,0.0,0.0,2,0.9759055719003991
10:34:05.785,27200,1360,-19.675345834613214,-43.210837997083175,1.1020647740936287,1013.25,0.0,349.99948177481934,0.25593875280985046,-0.29584260487789904,-9.417684258833676,12,1.0,0.0,0.0,0.0,2,0.9425805233036295
10:34:06.001,27300,1365,-19.675338933619418,-43.21083990771043,-1.7225764866897784,1013.25,0.0,349.99948177481934,-0.45993040611219316,-0.20067278687190004,-9.756704623076338,12,1.0,0.0,0.0,0.0,2,0.9769600332041053
10:34:06.208,27400,1370,-19.675331918818166,-43.21083232707131,-0.17172824367520656,1013.25,0.0,349.99948177481934,0.4077357680471101,0.6196158337901876,-8.980841189272695,12,1.0,0.0,0.0,0.0,2,0.9011419461159573
10:34:06.418,27500,1375,-19.67532572188036,-43.21082739039334,1.001246507053938,1013.25,0.0,349.99948177481934,-1.1363137259977916,-0.6792955373846156,-8.128476332950251,12,1.0,0.0,0.0,0.0,2,0.823558005281559
10:34:06.636,27600,1380,-19.675328625593423,-43.21082312829431,-1.6163519931968287,1013.25,0.0,349.99948177481934,-1.21195275139397,-1.1867675002760576,-9.137288881424997,12,1.0,0.0,0.0,0.0,2,0.929340059794776
10:34:06.851,27700,1385,-19.675317908533017,-43.210824227429285,-0.9044735672234503,1013.25,0.0,349.99948177481934,1.4654295655792415,1.1001011789416575,-9.163085589864885,12,1.0,0.0,0.0,0.0,2,0.9344508758772293
10:34:07.059,27800,1390,-19.6753168661279,-43.21081708431394,-1.14973547807462,1013.25,0.0,349.99948177481934,0.4141208799667766,1.260492143765259,-8.583561959451231,12,1.0,0.0,0.0,0.0,2,0.8685497824503594
10:34:07.272,27900,1395,-19.675311580973425,-43.2108170411852,-1.9528418859986205,1013.25,0.0,349.99948177481934,1.3719202955843595,1.1871235773769775,-9.203316428226175,12,1.0,0.0,0.0,0.0,2,0.9380429679042342
10:34:07.484,28000,1400,-19.675310223719897,-43.210805869138056,-0.9090314871669096,1013.25,0.0,349.99948177481934,0.6436624162448812,-0.05115505477257232,-8.105818417011816,12,1.0,0.0,0.0,0.0,2,0.8131494964352062
10:34:07.700,28100,1405,-19.67530469340055,-43.2108078487162,-0.4591002341195205,1013.25,0.0,349.99948177481934,1.34175784617001,1.1848883255380231,-8.987291833938677,12,1.0,0.0,0.0,0.0,2,0.9163825018524521
10:34:07.908,28200,1410,-19.675301612530113,-43.210803223327574,-1.4331061208231595,1013.25,0.0,349.99948177481934,0.20248158797045868,-0.18128479430167688,-9.733617576780283,12,1.0,0.0,0.0,0.0,2,0.9737411057417579
10:34:08.122,28300,1415,-19.675300924356925,-43.21079662189487,-1.9514614604590488,1013.25,0.0,349.99948177481934,0.37938557126064376,-0.055334206429098476,-8.64254655361293,12,1.0,0.0,0.0,0.0,2,0.8651046538855782
10:34:08.341,28400,1420,-19.675292378646247,-43.21078748157248,-1.7565220406841053,1013.25,0.0,349.99948177481934,-0.15616773669474404,-0.3960284740460849,-8.404631183805794,12,1.0,0.0,0.0,0.0,2,0.8415405649761658
10:34:08.552,28500,1425,-19.675291138285782,-43.210785869858434,-1.7225429944850599,1013.25,0.0,349.99948177481934,-0.8869965782987509,-1.4408896577591102,-8.393453345923744,12,1.0,0.0,0.0,0.0,2,0.8562300216994809
10:34:08.760,28600,1430,-19.675279363001184,-43.21078181072883,-1.2164159697884687,1013.25,0.0,349.99948177481934,0.22949331903067094,-0.40225809380493294,-9.768527506120746,12,1.0,0.0,0.0,0.0,2,0.9779499393902986
10:34:08.977,28700,1435,-19.675274457171014,-43.21078238152129,0.6558636833869076,1013.25,0.0,349.99948177481934,0.4589882448159761,0.6254791900837864,-8.556338218896633,12,1.0,0.0,0.0,0.0,2,0.8591438653814525
10:34:09.188,28800,1440,-19.675270171759387,-43.210776615604324,0.19463257771603315,1013.25,0.0,349.99948177481934,-0.2602845452163831,-0.07238578922120764,-8.77357186014076,12,1.0,0.0,0.0,0.0,2,0.8777730397546595
10:34:09.397,28900,1445,-19.675274497465896,-43.21076630129333,1.5142939512090474,1013.25,0.0,349.99948177481934,-1.4141824772567064,-0.9946656355158081,-9.691362153528459,12,1.0,0.0,0.0,0.0,2,0.9844377694719955
10:34:09.604,29000,1450,-19.67526202345087,-43.21076887289933,0.43803003765186066,1013.25,0.0,349.99948177481934,-1.2212411231902904,-0.05500334122768913,-9.573126867650595,12,1.0,0.0,0.0,0.0,2,0.9650865933824332
10:34:09.820,29100,1455,-19.675263810310614,-43.21076638306124,-1.5141549496644386,1013.25,0.0,349.99948177481934,0.09209307269242784,-1.4002610026732136,-9.268829859543265,12,1.0,0.0,0.0,0.0,2,0.9374455662853507
10:34:10.033,29200,1460,-19.67525979821822,-43.21075612519034,1.6230307783605311,1013.25,0.0,349.99948177481934,-0.28466993081036485,1.359622484556048,-9.325808690343552,12,1.0,0.0,0.0,0.0,2,0.9428696516428199
10:34:10.243,29300,1465,-19.675257770394943,-43.210751735987614,-1.5097245844451415,1013.25,0.0,349.99948177481934,-0.7705215261701192,-0.2832154807068865,-8.990992008701099,12,1.0,0.0,0.0,0.0,2,0.9028391425460605
10:34:10.450,29400,1470,-19.67524952497971,-43.210746745182625,-1.1746073593813593,1013.25,0.0,349.99948177481934,1.2428198024736612,-1.0449794607177978,-8.90043966153239,12,1.0,0.0,0.0,0.0,2,0.9047342665298003
10:34:10.662,29500,1475,-19.675247541797603,-43.2107411646749,0.34228606907064396,1013.25,0.0,349.99948177481934,1.441206356048557,1.167316418923944,-8.616566708149605,12,1.0,0.0,0.0,0.0,2,0.8813905219515145
10:34:10.875,29600,1480,-19.67524203172597,-43.210737293761,0.7117984302252256,1013.25,0.0,349.99948177481934,-0.952848576061294,-0.2735542264711026,-8.711867984121936,12,1.0,0.0,0.0,0.0,2,0.8768089649204726
10:34:11.085,29700,1485,-19.675237424075572,-43.21073261208838,0.3586899596877213,1013.25,0.0,349.99948177481934,1.4884223434107278,1.0698501790699018,-9.766770639989643,12,1.0,0.0,0.0,0.0,2,0.9937292851284192
10:34:11.300,29800,1490,-19.6752296900832,-43.21072933784534,-0.4982233380144545,1013.25,0.0,349.99948177481934,-0.4847784569805216,1.0945754403174783,-9.360970992950612,12,1.0,0.0,0.0,0.0,2,0.9437207398259372
10:34:11.512,29900,1495,-19.67522721765399,-43.21073062189778,-0.7468487163192385,1013.25,0.0,349.99948177481934,-0.9988598380445506,-0.489941140271722,-9.650006988742758,12,1.0,0.0,0.0,0.0,2,0.9713928050988088
10:34:11.725,30000,1500,-19.675219852555625,-43.210725147689914,-0.8196937928702575,1013.25,0.0,349.99948177481934,1.2634136066220796,0.1758444428796604,-8.974346433755425,12,1.0,0.0,0.0,0.0,2,0.9064547927092017
10:34:11.943,30100,1505,-19.675218285467835,-43.21072383043808,1.2275075768013464,1013.25,0.0,349.99948177481934,0.8520191222796263,1.209377481371681,-8.137465189608301,12,1.0,0.0,0.0,0.0,2,0.8270844587420678
10:34:12.158,30200,1510,-19.675217434118068,-43.21071899537018,1.8925976682211325,1013.25,0.0,349.99948177481934,-0.523449266647394,-0.9060962041899578,-8.469701982515993,12,1.0,0.0,0.0,0.0,2,0.8534099902077341
10:34:12.370,30300,1515,-19.675213342005556,-43.21071340929651,-0.3689188426771097,1013.25,0.0,349.99948177481934,-0.970794253045946,-0.37203560272606295,-9.200193358799165,12,1.0,0.0,0.0,0.0,2,0.9258747745280408
10:34:12.586,30400,1520,-19.67520217881,-43.21070870193218,-0.09773207277450391,1013.25,0.0,349.99948177481934,0.9025099451718694,0.1179867753119117,-9.98688106330466,12,1.0,0.0,0.0,0.0,2,1.0028271957464847
10:34:12.801,30500,1525,-19.67520255489043,-43.210697962083614,1.0821670822097138,1013.25,0.0,349.99948177481934,-0.7803587191852212,1.2680389298634522,-9.574179364354912,12,1.0,0.0,0.0,0.0,2,0.9689261734471675
10:34:13.016,30600,1530,-19.675202642527683,-43.21069484158191,0.966805404879794,1013.25,0.0,349.99948177481934,-1.4557039525104774,-1.3390307396899932,-8.734926219462283,12,1.0,0.0,0.0,0.0,2,0.8956060148225836
10:34:13.227,30700,1535,-19.67519687126334,-43.21069192805552,-0.08545931135618323,1013.25,0.0,349.99948177481934,-0.0337446796818508,-0.3966473723741617,-8.326854669674438,12,1.0,0.0,0.0,0.0,2,0.8336364707190849
10:34:13.440,30800,1540,-19.675189386976726,-43.21069449200041,-0.964397353461679,1013.25,0.0,349.99948177481934,0.36507994854820414,0.8592230355717319,-8.44468254454063,12,1.0,0.0,0.0,0.0,2,0.8496129169907803
10:34:13.654,30900,1545,-19.675189183922775,-43.21068935752697,0.5402776158694844,1013.25,0.0,349.99948177481934,0.6020888441634944,-1.2639323018084287,-8.77023700074143,12,1.0,0.0,0.0,0.0,2,0.8881277660843339
10:34:13.869,31000,1550,-19.675181240677894,-43.21068031326211,1.5008096321609954,1013.25,0.0,349.99948177481934,-1.4459003173570735,0.3336731221547433,-9.330621003123644,12,1.0,0.0,0.0,0.0,2,0.9447880915004903
10:34:14.083,31100,1555,-19.675174722428658,-43.21067726760708,-1.3127642003957294,1013.25,0.0,349.99948177481934,0.8911390500519127,0.7229004970425352,-8.901159798947766,12,1.0,0.0,0.0,0.0,2,0.8974818087379577
10:34:14.296,31200,1560,-19.675176169432362,-43.210676681705515,0.14371262628646342,1013.25,0.0,349.99948177481934,0.038193304491548785,1.4464248148278678,-8.454719062367412,12,1.0,0.0,0.0,0.0,2,0.857763824703611
10:34:14.505,31300,1565,-19.675164285533107,-43.21066387749353,0.009160716888900744,1013.25,0.0,349.99948177481934,-0.713072602681303,-0.21525061765199638,-8.96889851911911,12,1.0,0.0,0.0,0.0,2,0.8999774775590288
10:34:14.717,31400,1570,-19.675160352066122,-43.210667054811246,1.78750300178404,1013.25,0.0,349.99948177481934,-0.030434498452948766,0.43548411704778633,-8.284576700132467,12,1.0,0.0,0.0,0.0,2,0.8296070381528518
10:34:14.935,31500,1575,-19.675162686556654,-43.210656554573305,-0.7239081942020595,1013.25,0.0,349.99948177481934,-1.1542031233558787,1.168857684041836,-8.656458283637171,12,1.0,0.0,0.0,0.0,2,0.8810941104777554
10:34:15.151,31600,1580,-19.675150710682882,-43.21065329858628,1.8334935090855096,1013.25,0.0,349.99948177481934,1.3400731742155818,1.1220705057142828,-8.576305155639643,12,1.0,0.0,0.0,0.0,2,0.8752590956665189
10:34:15.359,31700,1585,-19.67515607178342,-43.21065453713104,-1.665188877951627,1013.25,0.0,349.99948177481934,0.29324654537121253,-0.6248046818408282,-8.01098753258327,12,1.0,0.0,0.0,0.0,2,0.8040665126345392
10:34:15.570,31800,1590,-19.675149304151674,-43.21064380247206,0.1432254717077921,1013.25,0.0,349.99948177481934,0.601704142943202,-0.5259607416584294,-8.13992542893702,12,1.0,0.0,0.0,0.0,2,0.8179062817099307
10:34:15.787,31900,1595,-19.675142835975517,-43.21064517451036,-0.7791624729277551,1013.25,0.0,349.99948177481934,-0.9719683980423668,0.9133989619744405,-9.946535006477903,12,1.0,0.0,0.0,0.0,2,1.0035565697339608
10:34:15.995,32000,1600,-19.675143141825398,-43.21064289076808,1.8452900095662845,1013.25,0.0,349.99948177481934,0.7416606132812205,-1.0960182874965483,-8.652496966457381,12,1.0,0.0,0.0,0.0,2,0.8753114891647071
10:34:16.202,32100,1605,-19.675133150149385,-43.21063775419428,0.06487959697453327,1013.25,0.0,349.99948177481934,0.6132728938202305,0.04263894034175575,-9.645171689139694,12,1.0,0.0,0.0,0.0,2,0.9664743071313897
10:34:16.412,32200,1610,-19.67513139229014,-43.21063324948722,-1.9748044334649442,1013.25,0.0,349.99948177481934,0.7446505864713862,-1.4144140998250656,-9.158225444391176,12,1.0,0.0,0.0,0.0,2,0.9296674944947259
10:34:16.628,32300,1615,-19.67512124980861,-43.21062205188283,1.7208789550346633,1013.25,0.0,349.99948177481934,1.0815761736045433,-0.6642419736113361,-8.398957537961364,12,1.0,0.0,0.0,0.0,2,0.849432234750331
10:34:16.842,32400,1620,-19.67512129019788,-43.21062047852909,1.8862055630830423,1013.25,0.0,349.99948177481934,-0.0447214163000309,0.9200315208440246,-8.561446793201368,12,1.0,0.0,0.0,0.0,2,0.8610855311595964
10:34:17.049,32500,1625,-19.675119357251223,-43.21061411094133,-0.22497658560352685,1013.25,0.0,349.99948177481934,0.27113606334715756,-0.35490655716842046,-9.431130232668622,12,1.0,0.0,0.0,0.0,2,0.9441699576597671
10:34:17.259,32600,1630,-19.675111026452164,-43.210614100597404,-1.7675143944038405,1013.25,0.0,349.99948177481934,1.3363641430237556,-1.0595066969127742,-9.412424254554411,12,1.0,0.0,0.0,0.0,2,0.9565675820938466
10:34:17.473,32700,1635,-19.675107722897412,-43.21060479901011,-0.29863557793963524,1013.25,0.0,349.99948177481934,-1.0988580868362834,0.0021392896836553987,-8.416566338150686,12,1.0,0.0,0.0,0.0,2,0.8487996382896089
10:34:17.690,32800,1640,-19.675106382715974,-43.210601519280154,1.098779070647121,1013.25,0.0,349.99948177481934,-0.26476958790722094,0.6045964287609031,-9.631099226916096,12,1.0,0.0,0.0,0.0,2,0.9653689040727116
10:34:17.905,32900,1645,-19.675099608187768,-43.210602080299154,0.4013904441613003,1013.25,0.0,349.99948177481934,0.14199947672469326,1.2480602451906413,-9.54274428490089,12,1.0,0.0,0.0,0.0,2,0.9625060348591277
10:34:18.120,33000,1650,-19.67509192393114,-43.21059439568448,1.253155379736929,1013.25,0.0,349.99948177481934,1.2383704186677322,-1.0376074861418445,-8.359110418037078,12,1.0,0.0,0.0,0.0,2,0.8513807466114378
10:34:18.333,33100,1655,-19.675089053000924,-43.2105967763347,-0.2817667621136306,1013.25,0.0,349.99948177481934,-0.31797632611108906,0.1419548738456844,-9.360880969936153,12,1.0,0.0,0.0,0.0,2,0.9367355692162461
10:34:18.543,33200,1660,-19.675090626403446,-43.210587407330316,-1.469955928928965,1013.25,0.0,349.99948177481934,1.2475995784819895,-0.47119388819318675,-8.144046988866002,12,1.0,0.0,0.0,0.0,2,0.8252516570438163
10:34:18.760,33300,1665,-19.675078946488394,-43.210585417138134,-0.7097927350165212,1013.25,0.0,349.99948177481934,0.6647486653092667,-1.3512514759335077,-8.359029956312801,12,1.0,0.0,0.0,0.0,2,0.8493594830799132
10:34:18.975,33400,1670,-19.675076746185297,-43.21058188184453,-0.2078965220505853,1013.25,0.0,349.99948177481934,-0.7143893378038423,1.0276689319219332,-8.36302965860208,12,1.0,0.0,0.0,0.0,2,0.8456164652504313
10:34:19.195,33500,1675,-19.6750767458595,-43.210577251947484,-1.0782492833433652,1013.25,0.0,349.99948177481934,0.7750534071158155,0.3527057823723698,-9.689905580403684,12,1.0,0.0,0.0,0.0,2,0.9727249318791987
10:34:19.413,33600,1680,-19.675071200135914,-43.21056799309016,-0.6816067469058029,1013.25,0.0,349.99948177481934,1.0355558311518287,0.717930289508109,-9.265759887819057,12,1.0,0.0,0.0,0.0,2,0.9351048394631608
10:34:19.626,33700,1685,-19.67506553628303,-43.21056647402335,0.5472212888653449,1013.25,0.0,349.99948177481934,0.20449845398769328,0.3292418587316479,-9.970916606143879,12,1.0,0.0,0.0,0.0,2,0.9978446661976013
10:34:19.842,33800,1690,-19.67506161339793,-43.21056624949379,-1.1498571061387381,1013.25,0.0,349.99948177481934,1.2585936787142735,0.8630214987382132,-9.365893952751204,12,1.0,0.0,0.0,0.0,2,0.948940639289758
10:34:20.053,33900,1695,-19.675059574771804,-43.21056243801477,-1.1413458651415036,1013.25,0.0,349.99948177481934,-1.4128166513841443,-0.43506892102294703,-9.432205390774257,12,1.0,0.0,0.0,0.0,2,0.954734698176511
10:34:20.268,34000,1700,-19.675055920446248,-43.21055549307965,1.380501192436375,1013.25,0.0,349.99948177481934,-0.23484042982535436,0.9352669362648172,-9.094979244914919,12,1.0,0.0,0.0,0.0,2,0.9145956578454979
10:34:20.483,34100,1705,-19.67504844750563,-43.21055395592851,-1.428342092351631,1013.25,0.0,349.99948177481934,-1.0327392668409263,-0.7970011475395226,-9.193251009498603,12,1.0,0.0,0.0,0.0,2,0.9285344654136515
10:34:20.701,34200,1710,-19.675046829343323,-43.21054256500411,-1.5337496276897489,1013.25,0.0,349.99948177481934,0.8373123303555614,-0.4290985662485407,-8.372326969558445,12,1.0,0.0,0.0,0.0,2,0.8425026789471813
10:34:20.911,34300,1715,-19.675039049393853,-43.21054238208073,-0.5933560940770226,1013.25,0.0,349.99948177481934,-0.14494795033416707,-0.6401442614176908,-9.167911740988366,12,1.0,0.0,0.0,0.0,2,0.9191376408040551
10:34:21.119,34400,1720,-19.675039692129346,-43.21053978595641,-1.1784447010309607,1013.25,0.0,349.99948177481934,0.02360185405312043,-0.47165122509863533,-9.323346338671055,12,1.0,0.0,0.0,0.0,2,0.9335298542438948
10:34:21.334,34500,1725,-19.675027214965027,-43.21053216783781,-1.0565879216866292,1013.25,0.0,349.99948177481934,0.0770331039460499,-0.8868640933434448,-8.757468109464808,12,1.0,0.0,0.0,0.0,2,0.8802596759335201
10:34:21.544,34600,1730,-19.675031441771768,-43.21052284094594,0.6759114842096414,1013.25,0.0,349.99948177481934,-0.8885598746499731,1.2713005538606925,-9.646832534240426,12,1.0,0.0,0.0,0.0,2,0.9770727797496154
10:34:21.765,34700,1735,-19.675023013915848,-43.21052159788278,0.0550942725648369,1013.25,0.0,349.99948177481934,-0.3205664818412701,0.2770081703163336,-8.60930700688721,12,1.0,0.0,0.0,0.0,2,0.8619725258645968
10:34:21.980,34800,1740,-19.675020657993684,-43.21051856077448,1.8358505753865306,1013.25,0.0,349.99948177481934,-0.9271924580839565,0.030489138162200113,-8.08641814413042,12,1.0,0.0,0.0,0.0,2,0.8139457834745217
10:34:22.195,34900,1745,-19.67501467734023,-43.210517392693255,-0.19126507169042029,1013.25,0.0,349.99948177481934,0.4037912174489535,-0.43818169170913146,-8.737986768040086,12,1.0,0.0,0.0,0.0,2,0.875827969984298
10:34:22.407,35000,1750,-19.67501250802931,-43.21051018197934,1.2518856813008568,1013.25,0.0,349.99948177481934,0.03796999478866647,0.06225324076098282,-9.43389863972957,12,1.0,0.0,0.0,0.0,2,0.9434180448305032
10:34:22.623,35100,1755,-19.675003638638536,-43.21050805252736,-1.5618890112034949,1013.25,0.0,349.99948177481934,0.035174759758650476,0.49425892722567566,-9.550407225830348,12,1.0,0.0,0.0,0.0,2,0.9563252968005129
10:34:22.837,35200,1760,-19.674997367714546,-43.21050145880555,1.6885245516461196,1013.25,0.0,349.99948177481934,1.3420885694875313,0.6730400976665081,-9.988560236144721,12,1.0,0.0,0.0,0.0,2,1.010076830209007
10:34:23.054,35300,1765,-19.67499556116091,-43.21049800179561,1.4663657490539195,1013.25,0.0,349.99948177481934,0.24636810296406897,1.101090469256472,-9.889640726195962,12,1.0,0.0,0.0,0.0,2,0.9953797825798922
10:34:23.267,35400,1770,-19.674990751636333,-43.21049628014382,0.8093639909271046,1013.25,0.0,349.99948177481934,-0.32764536057747096,-0.7942263668150877,-8.20619089191756,12,1.0,0.0,0.0,0.0,2,0.8251043325461511
10:34:23.480,35500,1775,-19.674987990637234,-43.2104852911299,-1.0208915576265523,1013.25,0.0,349.99948177481934,0.5050390373285709,-0.6604396442727478,-9.695667030323076,12,1.0,0.0,0.0,0.0,2,0.9731248846671572
10:34:23.693,35600,1780,-19.67498189858748,-43.21048747121843,1.5807717483378605,1013.25,0.0,349.99948177481934,1.2709919637970364,1.0073979138744487,-8.004461833857917,12,1.0,0.0,0.0,0.0,2,0.8167109671028258
10:34:23.908,35700,1785,-19.674985117907458,-43.210478541544596,1.8601036051560738,1013.25,0.0,349.99948177481934,0.4853863525382569,1.1575812812533126,-8.403360910126446,12,1.0,0.0,0.0,0.0,2,0.8496591606037072
10:34:24.124,35800,1790,-19.67497485045394,-43.21048032764319,0.989985388330366,1013.25,0.0,349.99948177481934,-0.2174519266904522,0.47941004110335417,-9.186289981859682,12,1.0,0.0,0.0,0.0,2,0.92013609297075
10:34:24.339,35900,1795,-19.67496861561528,-43.21047673499068,-0.0680163493073489,1013.25,0.0,349.99948177481934,-0.5092841527522668,-0.8468848915322791,-9.402958112607992,12,1.0,0.0,0.0,0.0,2,0.9454745138564586
10:34:24.550,36000,1800,-19.67496803928796,-43.21046389200235,-1.1241116954834554,1013.25,0.0,349.99948177481934,-0.8132079173663805,-1.3404427703078379,-9.421267872352896,12,1.0,0.0,0.0,0.0,2,0.9550831495737259
10:34:24.766,36100,1805,-19.674961345702705,-43.210461126760954,-0.2823764126131709,1013.25,0.0,349.99948177481934,1.4087412167056548,0.881452552383021,-9.342247463250386,12,1.0,0.0,0.0,0.0,2,0.9488893406628413
10:34:24.979,36200,1810,-19.674962430262454,-43.21046218885265,-0.18411784205353365,1013.25,0.0,349.99948177481934,0.19472068338440174,-1.444433000732627,-9.621940255462961,12,1.0,0.0,0.0,0.0,2,0.9731702683387002
10:34:25.197,36300,1815,-19.674957128724166,-43.210457780795224,0.08938744355697281,1013.25,0.0,349.99948177481934,1.0612622815361163,-0.30327057045065553,-9.778778201494886,12,1.0,0.0,0.0,0.0,2,0.9840871596720702
10:34:25.405,36400,1820,-19.67494723105545,-43.21044957731324,-1.6318987716003832,1013.25,0.0,349.99948177481934,0.3565593318949274,0.04426233165129356,-9.075381665545766,12,1.0,0.0,0.0,0.0,2,0.9082491182846741
10:34:25.618,36500,1825,-19.67494473979627,-43.210446183854465,1.760876107924489,1013.25,0.0,349.99948177481934,-0.6884115679539935,1.3119554445042487,-9.054611217433091,12,1.0,0.0,0.0,0.0,2,0.9175027077568894
10:34:25.833,36600,1830,-19.67494479129765,-43.210440204117624,0.35836971365909287,1013.25,0.0,349.99948177481934,0.6797553823540214,0.6238964336952955,-8.23853005951294,12,1.0,0.0,0.0,0.0,2,0.8290035686371637
10:34:26.048,36700,1835,-19.674936236707783,-43.21043782422877,-1.1070677728642448,1013.25,0.0,349.99948177481934,-1.3620596703201846,1.3608165292076668,-9.7496433746321,12,1.0,0.0,0.0,0.0,2,0.9937936108880211
10:34:26.259,36800,1840,-19.674937320680215,-43.21043837665145,-0.8437088528194487,1013.25,0.0,349.99948177481934,-0.1493751193234849,0.40334501979944504,-9.984138521821482,12,1.0,0.0,0.0,0.0,2,0.9993398929002564
10:34:26.471,36900,1845,-19.674924724241922,-43.21042884880794,1.9296536328755183,1013.25,0.0,349.99948177481934,0.4189434803749088,1.4414514137826582,-9.575032917392306,12,1.0,0.0,0.0,0.0,2,0.9691983862305533
10:34:26.688,37000,1850,-19.674927200073885,-43.21042581317601,-0.4364947780611823,1013.25,0.0,349.99948177481934,0.7107781834349582,-0.2766724026477614,-9.230036229958726,12,1.0,0.0,0.0,0.0,2,0.9261496750028295
10:34:26.897,37100,1855,-19.674923191804,-43.21042495903078,0.12428410885032548,1013.25,0.0,349.99948177481934,-0.4335392051242142,-0.12542127841772532,-8.915149519107828,12,1.0,0.0,0.0,0.0,2,0.892656583953248
10:34:27.107,37200,1860,-19.674919652431146,-43.2104162003706,-1.8599935318270795,1013.25,0.0,349.99948177481934,0.2212524966791376,-0.3007426355084406,-9.524559556918128,12,1.0,0.0,0.0,0.0,2,0.9531874608563614
10:34:27.316,37300,1865,-19.674911276904734,-43.210409038576586,-0.7420641558241172,1013.25,0.0,349.99948177481934,0.12634849428843498,0.11555841269010014,-9.905868163602374,12,1.0,0.0,0.0,0.0,2,0.9907347867286355
10:34:27.523,37400,1870,-19.67490438692793,-43.21041043906853,0.1870797666341164,1013.25,0.0,349.99948177481934,0.437980011308313,-0.5144875836077879,-8.868685259602,12,1.0,0.0,0.0,0.0,2,0.8894385993303529
10:34:27.741,37500,1875,-19.674899559777494,-43.21040305347226,0.9934276191479947,1013.25,0.0,349.99948177481934,0.27505049407170024,-1.0996055913214815,-8.81336829580721,12,1.0,0.0,0.0,0.0,2,0.8885957795774986
10:34:27.959,37600,1880,-19.674900033930413,-43.210396150138344,1.8259614264454336,1013.25,0.0,349.99948177481934,-0.9449798713084177,-0.7058837594951056,-9.65573755345444,12,1.0,0.0,0.0,0.0,2,0.972751389309146
10:34:28.180,37700,1885,-19.674892622203853,-43.21039185950289,-1.1207994270039738,1013.25,0.0,349.99948177481934,-0.30510649774158694,0.08183936736951058,-9.404669860155929,12,1.0,0.0,0.0,0.0,2,0.9409973583147878
10:34:28.388,37800,1890,-19.67489153537962,-43.21038649563727,1.8434736839080492,1013.25,0.0,349.99948177481934,-1.2989205770652767,-1.2675431882615125,-8.13057266017231,12,1.0,0.0,0.0,0.0,2,0.8330670572167238
10:34:28.603,37900,1895,-19.674881930375687,-43.210387950878854,1.3365348291982122,1013.25,0.0,349.99948177481934,0.292269683609657,-0.1133520190054913,-9.624651916172319,12,1.0,0.0,0.0,0.0,2,0.9629755695532956
10:34:28.817,38000,1900,-19.674883668122927,-43.21038355219575,1.2802534337612075,1013.25,0.0,349.99948177481934,-1.1610892662323398,0.35702641300266746,-9.766899860942111,12,1.0,0.0,0.0,0.0,2,0.9842150630701225
10:34:29.033,38100,1905,-19.67487446372753,-43.21037620504262,-0.45096477734896334,1013.25,0.0,349.99948177481934,-1.317233648481943,1.031494133132397,-9.364770363282494,12,1.0,0.0,0.0,0.0,2,0.9513044128374143
10:34:29.244,38200,1910,-19.6748737191473,-43.21037369880622,1.098143545597344,1013.25,0.0,349.99948177481934,0.9694536831652218,-0.31298921039082406,-8.830150666144748,12,1.0,0.0,0.0,0.0,2,0.8888721138411321
10:34:29.452,38300,1915,-19.674869494706776,-43.210369919583464,-1.2365908306386895,1013.25,0.0,349.99948177481934,0.2437381963130949,-0.8673168782185312,-8.86591424792618,12,1.0,0.0,0.0,0.0,2,0.8911570138149906
10:34:29.669,38400,1920,-19.67486727730038,-43.2103656022243,-0.9328915086109797,1013.25,0.0,349.99948177481934,0.7270105693217399,-1.2410030521099114,-9.113884617860991,12,1.0,0.0,0.0,0.0,2,0.922667468652357
10:34:29.888,38500,1925,-19.674861258088214,-43.210360626592426,-1.028084498949862,1013.25,0.0,349.99948177481934,-0.4316628737671455,-1.4977325851849184,-9.283264816693942,12,1.0,0.0,0.0,0.0,2,0.9413211003168963
10:34:30.102,38600,1930,-19.67485524993737,-43.2103608504935,-0.7629189477186138,1013.25,0.0,349.99948177481934,-0.4062530015335417,0.3630166312070391,-9.180670685617741,12,1.0,0.0,0.0,0.0,2,0.9196822104050336
10:34:30.310,38700,1935,-19.67485536743985,-43.210354459944504,-1.2203953393463207,1013.25,0.0,349.99948177481934,-0.8613617919783308,-1.4023767977388164,-8.910495813558407,12,1.0,0.0,0.0,0.0,2,0.9061210761424668
10:34:30.528,38800,1940,-19.67484419057186,-43.21034974128474,-1.1742651268194892,1013.25,0.0,349.99948177481934,-0.8292187601581062,-0.985335150092999,-9.925068348230937,12,1.0,0.0,0.0,0.0,2,1.0008270121617548
10:34:30.744,38900,1945,-19.67484201958793,-43.210339427838534,0.356513577350166,1013.25,0.0,349.99948177481934,0.6526601967917323,0.8079532972340733,-9.042502379528838,12,1.0,0.0,0.0,0.0,2,0.9101956006637932
10:34:30.961,39000,1950,-19.674835877706236,-43.21034379278141,-1.4308634912001037,1013.25,0.0,349.99948177481934,-1.1639536608012988,0.6135885439338651,-9.208258143701837,12,1.0,0.0,0.0,0.0,2,0.9301789992619206
10:34:31.169,39100,1955,-19.674831684619154,-43.210339437394744,-0.27099222768660436,1013.25,0.0,349.99948177481934,-1.2612449103113965,-0.6963067678299434,-8.21135229679661,12,1.0,0.0,0.0,0.0,2,0.8336779257052399
10:34:31.384,39200,1960,-19.674829694173127,-43.210332315819734,0.5920434842396127,1013.25,0.0,349.99948177481934,-0.41403868589618664,-0.06455287751888594,-8.831792047826088,12,1.0,0.0,0.0,0.0,2,0.8841727539539925
10:34:31.595,39300,1965,-19.67482262343442,-43.21032834106718,-1.9177833043280685,1013.25,0.0,349.99948177481934,-0.5087863538111467,0.2540603881478072,-8.743888016458804,12,1.0,0.0,0.0,0.0,2,0.8762362003422487
10:34:31.810,39400,1970,-19.674820101175175,-43.210322824531836,-1.3342648928761283,1013.25,0.0,349.99948177481934,0.3811524606877772,-1.402403043067654,-8.03732033634706,12,1.0,0.0,0.0,0.0,2,0.8167651417791517
10:34:32.019,39500,1975,-19.674818776316158,-43.21031605633309,1.7484090362490003,1013.25,0.0,349.99948177481934,0.26102178176453594,-1.0231101922641805,-9.88236838103358,12,1.0,0.0,0.0,0.0,2,0.9938616184083306
10:34:32.229,39600,1980,-19.674812662811412,-43.21031672118067,-0.9689777306605967,1013.25,0.0,349.99948177481934,-0.32166430426903236,0.2490125861848742,-8.937806822208415,12,1.0,0.0,0.0,0.0,2,0.8947059068980971
10:34:32.447,39700,1985,-19.674806833153657,-43.21031217205255,1.8917268916761398,1013.25,0.0,349.99948177481934,-1.239024278158222,-0.03367164871569983,-9.492131797589115,12,1.0,0.0,0.0,0.0,2,0.9572715445713151
10:34:32.665,39800,1990,-19.674804896508643,-43.210307574161035,0.6194317302684214,1013.25,0.0,349.99948177481934,-0.15144711254762377,1.2013529810842933,-8.705068617151522,12,1.0,0.0,0.0,0.0,2,0.8788879612463436
10:34:32.875,39900,1995,-19.67480151326785,-43.21030118229799,-0.870760858070025,1013.25,0.0,349.99948177481934,0.07015247352963838,0.7121526996655865,-9.081046282873409,12,1.0,0.0,0.0,0.0,2,0.9109197792828536
10:34:33.089,40000,2000,-19.674801366760335,-43.21029397231801,-1.359425432513309,1013.25,0.0,349.99948177481934,0.9125914264066028,0.5446601914552964,-9.911285493300898,12,1.0,0.0,0.0,0.0,2,0.9968102024228274
10:34:33.300,40100,2005,-19.674795313200438,-43.21029337594535,0.19964578192294136,1013.25,0.0,349.99948177481934,0.2811249469219932,1.1061930734856968,-9.261243633419381,12,1.0,0.0,0.0,0.0,2,0.9331309017986741
10:34:33.512,40200,2010,-19.67479056975823,-43.21028894806167,-0.7472614264673081,1013.25,0.0,349.99948177481934,-0.5846082742045061,0.19273058319121628,-9.005944165909321,12,1.0,0.0,0.0,0.0,2,0.9026956421266347
10:34:33.727,40300,2015,-19.674786838996358,-43.210287704799086,1.1450950100047312,1013.25,0.0,349.99948177481934,0.9715464023007505,-1.0973652676021086,-8.505921558529751,12,1.0,0.0,0.0,0.0,2,0.8631269576500561
10:34:33.943,40400,2020,-19.674775884200088,-43.21027508970974,0.9865715323377682,1013.25,0.0,349.99948177481934,-1.4972403707166815,0.1517966263576478,-9.497738628846362,12,1.0,0.0,0.0,0.0,2,0.9616226391124418
10:34:34.153,40500,2025,-19.6747718065041,-43.210276808856705,-1.2164885490983366,1013.25,0.0,349.99948177481934,0.7825108424043279,0.007026135822916224,-9.88038031284939,12,1.0,0.0,0.0,0.0,2,0.9911321189004356
10:34:34.372,40600,2030,-19.674767354711356,-43.210276084746425,1.9121842051671116,1013.25,0.0,349.99948177481934,0.38902905056151615,0.6481604066618623,-8.79016945069612,12,1.0,0.0,0.0,0.0,2,0.8822614946085781
10:34:34.586,40700,2035,-19.674765441712815,-43.21026290002312,-1.435039396894588,1013.25,0.0,349.99948177481934,-0.8165830990054002,-1.1975372502704276,-9.359276760781501,12,1.0,0.0,0.0,0.0,2,0.9470848162032331
10:34:34.802,40800,2040,-19.674760975333275,-43.21025883075564,-1.1648838400917936,1013.25,0.0,349.99948177481934,-1.41265178828563,0.0003989007153770707,-9.280262927626731,12,1.0,0.0,0.0,0.0,2,0.9387164920248896
10:34:35.016,40900,2045,-19.67475557783598,-43.21025690798301,-0.3906806611509337,1013.25,0.0,349.99948177481934,-0.9260428669387253,0.6090903736271627,-9.887808525548996,12,1.0,0.0,0.0,0.0,2,0.9949738886652896
10:34:35.226,41000,2050,-19.674750073246393,-43.210255284917466,0.2744601252526917,1013.25,0.0,349.99948177481934,-0.909806690247212,-1.385339739158262,-9.648569558911442,12,1.0,0.0,0.0,0.0,2,0.9789882989068981
10:34:35.439,41100,2055,-19.674746974534006,-43.21025273335379,0.6735595662550353,1013.25,0.0,349.99948177481934,-0.2699190398459561,1.1149446254007915,-8.401440845829248,12,1.0,0.0,0.0,0.0,2,0.8479396564128225
10:34:35.651,41200,2060,-19.674742847788647,-43.21024370795605,-0.5901288981876194,1013.25,0.0,349.99948177481934,-1.2050961607740207,0.8062952343506367,-9.093275084780503,12,1.0,0.0,0.0,0.0,2,0.9208149679992105
10:34:35.862,41300,2065,-19.67473695999193,-43.210241269886595,1.464624116082475,1013.25,0.0,349.99948177481934,0.7188240865096907,-1.251614195411305,-9.006384789591278,12,1.0,0.0,0.0,0.0,2,0.9121305451506528
10:34:36.081,41400,2070,-19.674737023526866,-43.210235271475284,0.4490985123570348,1013.25,0.0,349.99948177481934,-1.3790265722478854,0.23885309679484212,-8.901292543682427,12,1.0,0.0,0.0,0.0,2,0.9010647814504271
10:34:36.292,41500,2075,-19.67473323064028,-43.210230751726876,-0.8778742221955285,1013.25,0.0,349.99948177481934,0.7233752485730394,-0.8916809439097293,-8.086036214848125,12,1.0,0.0,0.0,0.0,2,0.8167150563312474
10:34:36.504,41600,2080,-19.674725845560914,-43.21022523750162,-1.4648354514570152,1013.25,0.0,349.99948177481934,-0.05154702238804809,1.1833109137084534,-9.112750261272533,12,1.0,0.0,0.0,0.0,2,0.9189401457023261
10:34:36.721,41700,2085,-19.67472781499717,-43.21022197706149,-0.9545702666376776,1013.25,0.0,349.99948177481934,0.6474886061994072,0.13463157970807949,-9.965180476114918,12,1.0,0.0,0.0,0.0,2,0.9987101134911707
10:34:36.931,41800,2090,-19.67472020477541,-43.21021991918221,0.5206777630504464,1013.25,0.0,349.99948177481934,-1.1334391690124779,-0.38780395818921964,-8.67971045425547,12,1.0,0.0,0.0,0.0,2,0.8761988919734528
10:34:37.145,41900,2095,-19.67471509742556,-43.2102160601968,-1.7491279999380014,1013.25,0.0,349.99948177481934,0.8427089604045186,0.6128891923654747,-8.382816274048931,12,1.0,0.0,0.0,0.0,2,0.8447330953533435
10:34:37.361,42000,2100,-19.674712166088995,-43.21020978239728,-0.7149543957558344,1013.25,0.0,349.99948177481934,-1.47621169868138,0.31386859275437473,-8.44222210685871,12,1.0,0.0,0.0,0.0,2,0.8576061367223027
10:34:37.578,42100,2105,-19.674707950179165,-43.21020525094967,1.0654742141335936,1013.25,0.0,349.99948177481934,1.0449439127627178,0.8140149962687699,-8.139158390782988,12,1.0,0.0,0.0,0.0,2,0.8246237172506223
10:34:37.785,42200,2110,-19.674699047774983,-43.21020058759299,1.5709173299894532,1013.25,0.0,349.99948177481934,0.21358017647964234,-0.4483682123092154,-9.142997367152061,12,1.0,0.0,0.0,0.0,2,0.9156475926978893
10:34:38.002,42300,2115,-19.674698000409077,-43.210195220115516,0.5033143130521287,1013.25,0.0,349.99948177481934,0.031978199666866436,-0.5183823246881627,-8.171232343245359,12,1.0,0.0,0.0,0.0,2,0.8187721346449334
10:34:38.212,42400,2120,-19.674697079705,-43.210193321546534,0.9082861809525036,1013.25,0.0,349.99948177481934,0.8050079503011096,0.672073077280265,-8.352162560596424,12,1.0,0.0,0.0,0.0,2,0.8417739569497359
10:34:38.423,42500,2125,-19.67468623052749,-43.2101907117568,1.4162868680114227,1013.25,0.0,349.99948177481934,-0.5590614004692763,0.45178057451888787,-8.63089805203999,12,1.0,0.0,0.0,0.0,2,0.8660776900585477
10:34:38.631,42600,2130,-19.674681924991418,-43.21018949453097,0.3471426900487349,1013.25,0.0,349.99948177481934,0.047919359534244865,0.9365046219098692,-9.50797230797279,12,1.0,0.0,0.0,0.0,2,0.9554102500028672
10:34:38.849,42700,2135,-19.67468341989445,-43.21018194668608,1.3657728291344515,1013.25,0.0,349.99948177481934,0.8079562346872868,0.19372173271266613,-9.862183503813945,12,1.0,0.0,0.0,0.0,2,0.9897120028058423
10:34:39.066,42800,2140,-19.67467555340963,-43.21017419692798,0.13327037838437805,1013.25,0.0,349.99948177481934,1.482998218390371,0.8038059631576608,-9.994130684931,12,1.0,0.0,0.0,0.0,2,1.0135483998785464
10:34:39.277,42900,2145,-19.67467576330843,-43.210171666196445,-0.22582425479137935,1013.25,0.0,349.99948177481934,0.4885665025082768,1.2829892295098286,-8.447404889338529,12,1.0,0.0,0.0,0.0,2,0.8558236264256316
10:34:39.484,43000,2150,-19.674664177871747,-43.21017333047417,-1.4934169784062368,1013.25,0.0,349.99948177481934,0.5117352281841985,-0.9615445535838899,-9.788958444624221,12,1.0,0.0,0.0,0.0,2,0.984937299034164
10:34:39.697,43100,2155,-19.67466315927062,-43.210165415910275,0.19037365339140822,1013.25,0.0,349.99948177481934,0.08412094204103626,-0.505472669745604,-9.309592548726883,12,1.0,0.0,0.0,0.0,2,0.9323684485012388
10:34:39.909,43200,2160,-19.674658584782087,-43.2101578618327,1.163141079402993,1013.25,0.0,349.99948177481934,-0.5581900683038113,1.0790887975352845,-8.154091118774835,12,1.0,0.0,0.0,0.0,2,0.8244101573767866
10:34:40.120,43300,2165,-19.674652848251487,-43.2101531148977,-1.9787368338615474,1013.25,0.0,349.99948177481934,-0.0315945904256274,0.28576834317366595,-9.687991420390155,12,1.0,0.0,0.0,0.0,2,0.9692256678692411
10:34:40.328,43400,2170,-19.674649540596487,-43.21015121865699,1.3672979522191886,1013.25,0.0,349.99948177481934,-0.4959925173816264,-0.17924191639448672,-8.084129346521566,12,1.0,0.0,0.0,0.0,2,0.8101313691814591
10:34:40.538,43500,2175,-19.674648427211892,-43.2101441857928,-0.24425902876048555,1013.25,0.0,349.99948177481934,0.08887699115600545,-0.1929011786733983,-9.28509982926418,12,1.0,0.0,0.0,0.0,2,0.9287528671486955
10:34:40.755,43600,2180,-19.6746400954872,-43.21014715970313,-1.6950176046017216,1013.25,0.0,349.99948177481934,-0.6158344381696378,-0.18869098444895083,-8.597438817948161,12,1.0,0.0,0.0,0.0,2,0.8621531799582363
10:34:40.968,43700,2185,-19.674643326313902,-43.21014380261618,1.108172877131477,1013.25,0.0,349.99948177481934,-0.7908410987323545,1.050632458081307,-8.552637248853076,12,1.0,0.0,0.0,0.0,2,0.8653141748283526
10:34:41.179,43800,2190,-19.674632693110333,-43.210139439083186,0.7314706549708352,1013.25,0.0,349.99948177481934,0.8858013911885654,1.2219834007982908,-9.927042788430514,12,1.0,0.0,0.0,0.0,2,1.0041118765346242
10:34:41.394,43900,2195,-19.674634313541723,-43.21013355705745,-0.30950519498512774,1013.25,0.0,349.99948177481934,-0.87497342452236,1.3902202296810828,-8.212689006235125,12,1.0,0.0,0.0,0.0,2,0.8375353813049943
10:34:41.601,44000,2200,-19.674625030719465,-43.21012593119696,1.6634630735542584,1013.25,0.0,349.99948177481934,-0.14588161761523089,0.10239392494902377,-8.163752442248445,12,1.0,0.0,0.0,0.0,2,0.8165697759563598
10:34:41.812,44100,2205,-19.67461995746647,-43.210123353306,1.4837167024523468,1013.25,0.0,349.99948177481934,-0.5088996506542646,0.29281066274791967,-9.995351931237668,12,1.0,0.0,0.0,0.0,2,1.0012580944389489
10:34:42.029,44200,2210,-19.674622000304637,-43.2101156272498,0.8528329673117852,1013.25,0.0,349.99948177481934,-0.06777870191693336,0.9949891264268902,-8.77803443298837,12,1.0,0.0,0.0,0.0,2,0.8834505408955883
10:34:42.239,44300,2215,-19.674612363529995,-43.210112080466594,0.9888029400468472,1013.25,0.0,349.99948177481934,0.1831865815114213,-0.4654308114574546,-9.126183440127331,12,1.0,0.0,0.0,0.0,2,0.9139880051004724
10:34:42.455,44400,2220,-19.674606305413512,-43.21010654857967,-1.4087187357606696,1013.25,0.0,349.99948177481934,-0.7246414448326249,0.7700722765914008,-8.14997443097377,12,1.0,0.0,0.0,0.0,2,0.8218284477935163
10:34:42.665,44500,2225,-19.67460847735437,-43.21010402797699,0.03473076061957414,1013.25,0.0,349.99948177481934,-0.9136521454368598,0.01581235791263058,-9.534008722952835,12,1.0,0.0,0.0,0.0,2,0.9577699755309983
10:34:42.878,44600,2230,-19.674603928342954,-43.210103654894134,0.943927535172497,1013.25,0.0,349.99948177481934,-1.1725840241165542,1.4461980809972292,-9.833538456380563,12,1.0,0.0,0.0,0.0,2,1.0008242640754113
10:34:43.094,44700,2235,-19.67459635428883,-43.21009691612345,-1.0589068985673986,1013.25,0.0,349.99948177481934,1.097555366488641,-1.0407700280860115,-9.740948642846135,12,1.0,0.0,0.0,0.0,2,0.9857682815775528
10:34:43.308,44800,2240,-19.674591263105256,-43.210093895665665,-1.071004426838512,1013.25,0.0,349.99948177481934,1.0949419303490315,0.8948749377316703,-8.92194335775866,12,1.0,0.0,0.0,0.0,2,0.9033314577942617
10:34:43.516,44900,2245,-19.674592085109012,-43.210086158892565,-1.3104769985286175,1013.25,0.0,349.99948177481934,-0.05474273339595159,-0.33325045704031764,-8.227542319785094,12,1.0,0.0,0.0,0.0,2,0.8234470551154575
10:34:43.734,45000,2250,-19.67458292925422,-43.21007958857839,-1.0704886834722886,1013.25,0.0,349.99948177481934,-0.6380647312565693,0.9334783373939954,-8.014680790401114,12,1.0,0.0,0.0,0.0,2,0.8094048219505615
10:34:43.951,45100,2255,-19.674580515542242,-43.21007579147844,-0.5691524988109431,1013.25,0.0,349.99948177481934,0.6934752747612851,0.9951376184766301,-8.52386324244193,12,1.0,0.0,0.0,0.0,2,0.8609730042937772
10:34:44.169,45200,2260,-19.674570540818234,-43.210074990339436,-0.46223050814934297,1013.25,0.0,349.99948177481934,0.47874552221726496,0.018512048415150195,-9.13740056446244,12,1.0,0.0,0.0,0.0,2,0.9149952406784317
10:34:44.382,45300,2265,-19.674572843054197,-43.21006839267873,-1.2945905856477204,1013.25,0.0,349.99948177481934,1.3596791233998142,0.5718743000166784,-9.179757753582773,12,1.0,0.0,0.0,0.0,2,0.9297511492226935
10:34:44.600,45400,2270,-19.67456782449202,-43.21006864605728,-1.0321203385157434,1013.25,0.0,349.99948177481934,0.09314118021159246,1.316035464878829,-9.521028157533477,12,1.0,0.0,0.0,0.0,2,0.9612003006700288
10:34:44.818,45500,2275,-19.674558562298397,-43.21006452651254,0.3321575057635968,1013.25,0.0,349.99948177481934,1.2833778900282993,0.04444729959797833,-8.11032950092577,12,1.0,0.0,0.0,0.0,2,0.8211362797041786
10:34:45.034,45600,2280,-19.674557950644235,-43.21005631122456,-1.5361260029889854,1013.25,0.0,349.99948177481934,-0.40349862575093165,0.8478094487384049,-9.969192882673918,12,1.0,0.0,0.0,0.0,2,1.0013311077476286
10:34:45.242,45700,2285,-19.67455297603288,-43.210052649371015,1.0581508776432482,1013.25,0.0,349.99948177481934,0.024051046396773135,1.1739579022752435,-9.061916834983482,12,1.0,0.0,0.0,0.0,2,0.9137674339420525
10:34:45.460,45800,2290,-19.674544455949107,-43.21005254445324,1.5577760149015911,1013.25,0.0,349.99948177481934,-0.8507153319302573,1.3510622994468928,-8.401636723786911,12,1.0,0.0,0.0,0.0,2,0.85519930748015
10:34:45.679,45900,2295,-19.674545015804686,-43.21004726632377,-1.1106777602371345,1013.25,0.0,349.99948177481934,-0.7669091158607044,-0.9629526402469586,-8.812673108174625,12,1.0,0.0,0.0,0.0,2,0.8898237729510999
10:34:45.887,46000,2300,-19.674540000778247,-43.21004519395735,1.8866507675485038,1013.25,0.0,349.99948177481934,0.775540391155725,-0.8437335075849713,-8.532068344219162,12,1.0,0.0,0.0,0.0,2,0.8608689758642853
10:34:46.097,46100,2305,-19.674539503794904,-43.210037396122615,-0.9005410442979871,1013.25,0.0,349.99948177481934,-1.011581571858046,0.6037976189554328,-8.7024456677499,12,1.0,0.0,0.0,0.0,2,0.8781823810651069
10:34:46.316,46200,2310,-19.674533503045375,-43.210035771429304,-1.8286922092789553,1013.25,0.0,349.99948177481934,0.619548864070965,-0.9510822929924769,-8.741337851588996,12,1.0,0.0,0.0,0.0,2,0.8814725506709667
10:34:46.536,46300,2315,-19.674530054317433,-43.21002510750104,-1.993881989718219,1013.25,0.0,349.99948177481934,0.930387552203741,-1.490913411809498,-8.352714339780674,12,1.0,0.0,0.0,0.0,2,0.8535589062319414
10:34:46.744,46400,2320,-19.6745286847994,-43.21002784968101,1.6301117118134827,1013.25,0.0,349.99948177481934,-0.47935838921006146,0.9847708422587389,-9.967606198216616,12,1.0,0.0,0.0,0.0,2,1.002759848616783
10:34:46.964,46500,2325,-19.674516838880507,-43.21002433458411,1.3607869919714402,1013.25,0.0,349.99948177481934,-1.0556619375685863,0.05224846939764349,-8.720735155522222,12,1.0,0.0,0.0,0.0,2,0.8784553129314358
10:34:47.182,46600,2330,-19.6745150894993,-43.2100168818362,-0.9557679635043761,1013.25,0.0,349.99948177481934,-1.090086482676093,1.4340411037708218,-8.576026549163743,12,1.0,0.0,0.0,0.0,2,0.8763161176138367
10:34:47.392,46700,2335,-19.674511704264063,-43.210008506074345,-0.21404415440542213,1013.25,0.0,349.99948177481934,-0.7644144835596474,0.034244432578375505,-8.435066349535859,12,1.0,0.0,0.0,0.0,2,0.8469701677444759
10:34:47.604,46800,2340,-19.674510844057046,-43.21000917423521,1.974728747416802,1013.25,0.0,349.99948177481934,-0.7530544950986803,0.46200098843865245,-8.396948909299272,12,1.0,0.0,0.0,0.0,2,0.844329834669419
10:34:47.821,46900,2345,-19.674502248182087,-43.21000600298097,-1.604006556318898,1013.25,0.0,349.99948177481934,-0.38873964308108366,1.4351137942103502,-9.779320953785316,12,1.0,0.0,0.0,0.0,2,0.9891703009572224
10:34:48.034,47000,2350,-19.674494908146603,-43.209998755680026,-1.6053430273487024,1013.25,0.0,349.99948177481934,-0.31382222819910743,-0.3348704498910329,-9.291634934282506,12,1.0,0.0,0.0,0.0,2,0.9302962020835146
10:34:48.248,47100,2355,-19.674492188966028,-43.2099969728587,-1.1606826267514925,1013.25,0.0,349.99948177481934,-1.2606337737328315,-0.17570816950590684,-8.738860708749357,12,1.0,0.0,0.0,0.0,2,0.8831067736079841
10:34:48.457,47200,2360,-19.674492135590665,-43.20999182733546,1.6102227324239382,1013.25,0.0,349.99948177481934,-0.6202824436122057,1.3103820633597092,-8.940131725997416,12,1.0,0.0,0.0,0.0,2,0.9056920378363383
10:34:48.668,47300,2365,-19.67448395642547,-43.20998250519339,1.8587342914240526,1013.25,0.0,349.99948177481934,-1.1310018230177934,-0.923900459196071,-8.198008101276955,12,1.0,0.0,0.0,0.0,2,0.8327069953517556
10:34:48.883,47400,2370,-19.674477168350382,-43.209979468872696,0.9023737998728008,1013.25,0.0,349.99948177481934,-1.0009638829607193,0.08328563650488419,-8.811454374338679,12,1.0,0.0,0.0,0.0,2,0.8868516977674006
10:34:49.097,47500,2375,-19.674475444637935,-43.209978685562625,0.686096780619319,1013.25,0.0,349.99948177481934,0.9718185235783956,0.5023656797676228,-8.296620154695942,12,1.0,0.0,0.0,0.0,2,0.8368435248616399
10:34:49.304,47600,2380,-19.6744729383015,-43.2099686653478,0.28777985070140444,1013.25,0.0,349.99948177481934,-0.14459315484092006,0.39322218217375626,-8.104016707343062,12,1.0,0.0,0.0,0.0,2,0.8114839348864268
10:34:49.518,47700,2385,-19.674464218179267,-43.20996953221926,1.5053748318259461,1013.25,0.0,349.99948177481934,-0.4310113814369725,-1.1587338130518603,-9.28120258118905,12,1.0,0.0,0.0,0.0,2,0.9363180881170042
10:34:49.732,47800,2390,-19.674462785469288,-43.20996314136437,0.7553146793730745,1013.25,0.0,349.99948177481934,-0.1463996247689865,-0.9565969695446686,-9.5873035517494,12,1.0,0.0,0.0,0.0,2,0.9636020963326161
10:34:49.947,47900,2395,-19.674463070850482,-43.20996026128067,-0.8963569716211262,1013.25,0.0,349.99948177481934,-1.3751309678184276,-0.8733619099875543,-9.083407454625743,12,1.0,0.0,0.0,0.0,2,0.9228327973756724
10:34:50.155,48000,2400,-19.674458642828704,-43.20995743650317,-0.2584193602621858,1013.25,0.0,349.99948177481934,-0.4619939348104247,0.06019332432669855,-8.070662742297763,12,1.0,0.0,0.0,0.0,2,0.8084099129278931
10:34:50.371,48100,2405,-19.67444625013401,-43.20995248259563,0.8501206342870917,1013.25,0.0,349.99948177481934,1.093154708256669,-1.400628597468542,-9.988873591686687,12,1.0,0.0,0.0,0.0,2,1.0145656376742025
10:34:50.582,48200,2410,-19.674451665113967,-43.20995139795804,-1.6577837252641805,1013.25,0.0,349.99948177481934,-0.3179731352790527,0.7145676044199192,-9.836216362798508,12,1.0,0.0,0.0,0.0,2,0.986726234128954
10:34:50.792,48300,2415,-19.674446346343938,-43.20994453706055,0.06328931859796061,1013.25,0.0,349.99948177481934,-0.41965588221647376,1.4041095614451815,-8.05033994897356,12,1.0,0.0,0.0,0.0,2,0.8182640650429438
10:34:51.000,48400,2420,-19.674435489103928,-43.20994346879334,1.5490678296523614,1013.25,0.0,349.99948177481934,1.3779028286405959,0.3758797302137613,-9.74858508724929,12,1.0,0.0,0.0,0.0,2,0.9852655123371599
10:34:51.213,48500,2425,-19.67443543734847,-43.209932026961525,-0.2434828174369219,1013.25,0.0,349.99948177481934,1.0549450272592953,0.75249023035986,-9.350362072070281,12,1.0,0.0,0.0,0.0,2,0.9439725707674805
10:34:51.426,48600,2430,-19.674426318295076,-43.209926994325464,-0.08695110600661682,1013.25,0.0,349.99948177481934,-1.2661394243660349,0.516720026673644,-8.070648589703513,12,1.0,0.0,0.0,0.0,2,0.8185687343551724
10:34:51.638,48700,2435,-19.674425823275666,-43.20993049229147,0.440180825736761,1013.25,0.0,349.99948177481934,1.4970448230113873,0.5023477075599834,-8.924353983696989,12,1.0,0.0,0.0,0.0,2,0.9062979115485388
10:34:51.845,48800,2440,-19.674422567565863,-43.20992515351842,0.9294662619331242,1013.25,0.0,349.99948177481934,-0.28132026923417874,1.2889941984366406,-8.584939323361528,12,1.0,0.0,0.0,0.0,2,0.8685725664749285
10:34:52.057,48900,2445,-19.67441681066783,-43.20991754677067,1.4094355438283888,1013.25,0.0,349.99948177481934,-1.2015489606206695,1.0041734861668283,-9.92128869269296,12,1.0,0.0,0.0,0.0,2,1.0044105416553843
10:34:52.273,49000,2450,-19.674409796775983,-43.209910162701846,1.0297998003909883,1013.25,0.0,349.99948177481934,-0.6857393202652162,1.2773197189086467,-9.2084903185789,12,1.0,0.0,0.0,0.0,2,0.9321913860738684
10:34:52.487,49100,2455,-19.67440930901191,-43.20991107059537,-1.847448216963362,1013.25,0.0,349.99948177481934,1.0747822945969254,1.2547331100176384,-9.949568747131085,12,1.0,0.0,0.0,0.0,2,1.0085803409349263
10:34:52.695,49200,2460,-19.67440339798002,-43.209906923085875,-1.8099504214698623,1013.25,0.0,349.99948177481934,-1.3165117042977805,1.4931166302918029,-8.099671714297587,12,1.0,0.0,0.0,0.0,2,0.8340700343412382
10:34:52.914,49300,2465,-19.67440477094061,-43.20990160211086,1.323149784718915,1013.25,0.0,349.99948177481934,-0.775596467734192,1.3409742600179166,-8.836063793290041,12,1.0,0.0,0.0,0.0,2,0.8970829683250238
10:34:53.128,49400,2470,-19.674391817519435,-43.20989567993171,-1.169950359694084,1013.25,0.0,349.99948177481934,-1.0989405652426931,0.7992681183546182,-9.351350879163254,12,1.0,0.0,0.0,0.0,2,0.9449564178107974
10:34:53.344,49500,2475,-19.674390386095986,-43.20989559357965,-1.1852009163370272,1013.25,0.0,349.99948177481934,-0.3378822588346593,-0.1297273095559821,-8.408941231760164,12,1.0,0.0,0.0,0.0,2,0.8416726574795927
10:34:53.555,49600,2480,-19.674391518675055,-43.209883521856156,0.6379109231078295,1013.25,0.0,349.99948177481934,0.802723217336911,0.45895403390155387,-9.757049313352734,12,1.0,0.0,0.0,0.0,2,0.9800766024759661
10:34:53.768,49700,2485,-19.674381479484627,-43.20988293784704,1.2433760442023165,1013.25,0.0,349.99948177481934,-0.3944677691333289,1.4605320206574355,-9.678256711360907,12,1.0,0.0,0.0,0.0,2,0.9795785398591232
10:34:53.978,49800,2490,-19.674382116111428,-43.20987613600119,-1.2687632106776512,1013.25,0.0,349.99948177481934,1.2836353802267637,0.4171243030283984,-8.669429555385127,12,1.0,0.0,0.0,0.0,2,0.8773865812133897
10:34:54.194,49900,2495,-19.67437450261967,-43.209872287618126,0.631787476841768,1013.25,0.0,349.99948177481934,-0.9233590155264283,1.4222293398981147,-9.40065359707303,12,1.0,0.0,0.0,0.0,2,0.9552361813655461
10:34:54.409,50000,2500,-19.674366763550953,-43.209870456856564,-0.5420365667218632,1013.25,0.0,349.99948177481934,0.6673658381528798,0.09635240385967592,-9.77734629530299,12,1.0,0.0,0.0,0.0,2,0.9800569449064588
10:34:54.617,50100,2505,-19.674370480716675,-43.209866304744686,0.38893858514241897,1013.25,0.0,349.99948177481934,0.5480725676242106,0.7715956223247615,-9.35631319495275,12,1.0,0.0,0.0,0.0,2,0.9404059758732921
10:34:54.833,50200,2510,-19.67436156726139,-43.20986486602575,0.7821180941995318,1013.25,0.0,349.99948177481934,-0.4212831046020846,-1.0056943773940097,-9.097583750313815,12,1.0,0.0,0.0,0.0,2,0.9162692329709596
10:34:55.043,50300,2515,-19.674354519445945,-43.20985609162446,-0.6319656639648286,1013.25,0.0,349.99948177481934,-0.5051596482106078,0.9637264492578259,-8.675708558158345,12,1.0,0.0,0.0,0.0,2,0.8743676224865677
10:34:55.255,50400,2520,-19.674358513091704,-43.20985836277015,1.575317860756098,1013.25,0.0,349.99948177481934,-1.2969951045669035,0.8448852454613576,-8.997280492876602,12,1.0,0.0,0.0,0.0,2,0.9129462396371795
10:34:55.469,50500,2525,-19.67434741045659,-43.209848671753406,-0.9320858960889167,1013.25,0.0,349.99948177481934,1.075998134436991,0.7957119176914089,-8.84104812396045,12,1.0,0.0,0.0,0.0,2,0.8941759411405151
10:34:55.682,50600,2530,-19.67434239624889,-43.209840621734585,0.8968754272716337,1013.25,0.0,349.99948177481934,-1.3259832687878381,-0.7447132099166941,-8.942004517541244,12,1.0,0.0,0.0,0.0,2,0.9070406506097604
10:34:55.894,50700,2535,-19.674338912584453,-43.209842014963385,-1.9791280698588243,1013.25,0.0,349.99948177481934,0.10473087149053395,0.504661955790187,-8.737570944731772,12,1.0,0.0,0.0,0.0,2,0.875275946540781
10:34:56.107,50800,2540,-19.674334261885967,-43.209833313597706,0.7566676764104177,1013.25,0.0,349.99948177481934,0.9876850498158216,1.0170837139390327,-9.660057445539913,12,1.0,0.0,0.0,0.0,2,0.9763538850740586
10:34:56.322,50900,2545,-19.67432888231577,-43.20983382088379,1.940928641444983,1013.25,0.0,349.99948177481934,0.5149558561120364,-0.8077385957223008,-8.641726319825793,12,1.0,0.0,0.0,0.0,2,0.8694656690147884
10:34:56.537,51000,2550,-19.67433028413966,-43.20983059941923,0.08268312970756675,1013.25,0.0,349.99948177481934,-0.9895686721059077,0.43046548607546353,-8.968482239003604,12,1.0,0.0,0.0,0.0,2,0.9033173327399334
10:34:56.752,51100,2555,-19.67431945409605,-43.20982452666971,0.06382796578555894,1013.25,0.0,349.99948177481934,-0.5062133273517784,1.0338971515384787,-9.636107211940388,12,1.0,0.0,0.0,0.0,2,0.9704625569941249
10:34:56.962,51200,2560,-19.674315275119735,-43.209817687801696,-0.7672928048703445,1013.25,0.0,349.99948177481934,0.015980125833563008,-0.916423561354185,-9.477289578556444,12,1.0,0.0,0.0,0.0,2,0.9521507510055397
10:34:57.180,51300,2565,-19.674317269922874,-43.20981342818378,-1.467114853697515,1013.25,0.0,349.99948177481934,1.4766026910353522,-1.1530753705835535,-9.367951324502434,12,1.0,0.0,0.0,0.0,2,0.955345227316629
10:34:57.397,51400,2570,-19.674310287637518,-43.20981030756292,-1.463091705700014,1013.25,0.0,349.99948177481934,0.07061878896382567,-1.1184223212945248,-9.89061198753066,12,1.0,0.0,0.0,0.0,2,0.99538967741287
10:34:57.606,51500,2575,-19.674303597476154,-43.20980300560198,0.2640655505342959,1013.25,0.0,349.99948177481934,0.5317225665340413,0.162356277743553,-9.3921955092321,12,1.0,0.0,0.0,0.0,2,0.9408635657326938
10:34:57.824,51600,2580,-19.674302823923966,-43.209798069579506,-1.236215729726566,1013.25,0.0,349.99948177481934,0.6838322501355871,-0.09716529128923002,-8.141040589120436,12,1.0,0.0,0.0,0.0,2,0.8170288214858963
10:34:58.039,51700,2585,-19.67430108507742,-43.209796082574385,-0.24675294861445218,1013.25,0.0,349.99948177481934,-0.3017880523276002,1.4413688843612973,-9.09498048530473,12,1.0,0.0,0.0,0.0,2,0.9213429888885382
10:34:58.249,51800,2590,-19.674289461527955,-43.20979150389426,-0.07577948437293047,1013.25,0.0,349.99948177481934,-1.4657761432572087,0.27006816856514737,-9.189847237873474,12,1.0,0.0,0.0,0.0,2,0.9309926357026935
10:34:58.457,51900,2595,-19.674287518274745,-43.20978981821297,-1.9131293712366917,1013.25,0.0,349.99948177481934,0.8658195996467493,0.4177349228508791,-9.456534002686482,12,1.0,0.0,0.0,0.0,2,0.9505271242256441
10:34:58.674,52000,2600,-19.674283285667507,-43.209788481034046,-1.9436519719490004,1013.25,0.0,349.99948177481934,-0.6934137509937895,0.8851744946459661,-8.440873846712298,12,1.0,0.0,0.0,0.0,2,0.8515439378690375
10:34:58.886,52100,2605,-19.674278160287002,-43.2097760097076,1.968855753508437,1013.25,0.0,349.99948177481934,-0.2177919607885066,-1.1199949788003738,-9.569836429446509,12,1.0,0.0,0.0,0.0,2,0.9637613365200104
10:34:59.106,52200,2610,-19.674276380544097,-43.209781466090256,1.807270762467759,1013.25,0.0,349.99948177481934,0.30369096862635914,-0.3330241594407757,-8.647830959657643,12,1.0,0.0,0.0,0.0,2,0.86595677491437
10:34:59.316,52300,2615,-19.674273925823936,-43.20976916619188,1.2020702549596178,1013.25,0.0,349.99948177481934,0.8506788740714759,0.38967743404427324,-9.574594648403433,12,1.0,0.0,0.0,0.0,2,0.9620206116847524
10:34:59.529,52400,2620,-19.67426564635136,-43.20976841972184,-1.0060302602230453,1013.25,0.0,349.99948177481934,1.3120115848649299,-1.092810294106293,-8.599124612283676,12,1.0,0.0,0.0,0.0,2,0.8767015047056059
10:34:59.746,52500,2625,-19.674268636842708,-43.20976425887694,-1.9417418583387898,1013.25,0.0,349.99948177481934,-0.7852888165223728,-0.45701197129799986,-9.190169985690249,12,1.0,0.0,0.0,0.0,2,0.923497497739689
10:34:59.963,52600,2630,-19.67426218611006,-43.2097610703047,-0.8748838216963244,1013.25,0.0,349.99948177481934,-1.0882202338393197,-1.4461128264963643,-8.13608611848408,12,1.0,0.0,0.0,0.0,2,0.8334948284883593
10:35:00.174,52700,2635,-19.674258554637785,-43.209752732761345,-1.9775121628544583,1013.25,0.0,349.99948177481934,0.4551657465968686,0.7669353706946804,-9.568814858049098,12,1.0,0.0,0.0,0.0,2,0.9610285297914878
10:35:00.386,52800,2640,-19.674255291545627,-43.20975424563523,-0.9756201565210856,1013.25,0.0,349.99948177481934,1.2818575707418987,1.0972327799246266,-9.165375273365257,12,1.0,0.0,0.0,0.0,2,0.9319398183714691
10:35:00.597,52900,2645,-19.674245150911805,-43.209751439997,0.5927038754485681,1013.25,0.0,349.99948177481934,1.2633280651304477,-1.4417859424334631,-8.601448425201301,12,1.0,0.0,0.0,0.0,2,0.8812471816428291
10:35:00.811,53000,2650,-19.67424027103734,-43.20974668144557,-1.0465347491447425,1013.25,0.0,349.99948177481934,-0.7772901023120684,-1.1727694978953087,-9.537977599021325,12,1.0,0.0,0.0,0.0,2,0.9641192088003356
10:35:01.024,53100,2655,-19.674240008040893,-43.20974024170213,1.5024472616750013,1013.25,0.0,349.99948177481934,-1.2729352023414182,-1.4832270386658288,-8.905967141622655,12,1.0,0.0,0.0,0.0,2,0.9117926146073558
10:35:01.240,53200,2660,-19.67423479175536,-43.2097296303732,-0.6270793692026868,1013.25,0.0,349.99948177481934,0.3664183607460265,-1.336778153113941,-8.406943456015744,12,1.0,0.0,0.0,0.0,2,0.8520442272463354
10:35:01.454,53300,2665,-19.674234398287602,-43.20972901158945,1.603908924783152,1013.25,0.0,349.99948177481934,-1.385475212727751,-0.7833159695151316,-8.215879229187808,12,1.0,0.0,0.0,0.0,2,0.8368619777584597
10:35:01.664,53400,2670,-19.674229306317528,-43.209725541787314,1.9805178330980895,1013.25,0.0,349.99948177481934,1.1002688650861239,-0.588510993990636,-9.371709623755093,12,1.0,0.0,0.0,0.0,2,0.9454410507139489
10:35:01.880,53500,2675,-19.674225998111478,-43.209720325235416,1.6006788634771674,1013.25,0.0,349.99948177481934,0.9577397170657873,-0.5429862959155959,-8.130696309813729,12,1.0,0.0,0.0,0.0,2,0.820489621906432
10:35:02.095,53600,2680,-19.674217142291415,-43.209719288199075,1.205183365319502,1013.25,0.0,349.99948177481934,1.450686566089865,0.3877623897080731,-8.85326100668574,12,1.0,0.0,0.0,0.0,2,0.8979703872422962
10:35:02.315,53700,2685,-19.674211236163917,-43.20971367874501,1.6781650141085307,1013.25,0.0,349.99948177481934,0.8366718443109611,-1.4154043268776806,-8.56952004594518,12,1.0,0.0,0.0,0.0,2,0.8725827353406843
10:35:02.528,53800,2690,-19.674203951110155,-43.20970973546291,-0.11946579652647227,1013.25,0.0,349.99948177481934,-0.6282265815497577,-1.4858453225452297,-8.732860005682488,12,1.0,0.0,0.0,0.0,2,0.8880610837050793
10:35:02.741,53900,2695,-19.674199976346493,-43.20970670832677,1.0134617631748477,1013.25,0.0,349.99948177481934,-0.47551428058963774,-1.0746173524124845,-9.373378814852899,12,1.0,0.0,0.0,0.0,2,0.9446753235471109
10:35:02.955,54000,2700,-19.674202950856202,-43.20970319256287,1.0592123721969906,1013.25,0.0,349.99948177481934,-1.0513599825822437,-1.277034843449409,-8.654583269808878,12,1.0,0.0,0.0,0.0,2,0.8811242101906798
10:35:03.172,54100,2705,-19.674190727859038,-43.209698373662256,-0.6256054565483562,1013.25,0.0,349.99948177481934,1.0495326451722802,1.4363113752537569,-9.911020642821311,12,1.0,0.0,0.0,0.0,2,1.0069401140206693
10:35:03.380,54200,2710,-19.67419030572689,-43.20968681214057,0.9803919072141665,1013.25,0.0,349.99948177481934,-0.8879656231494609,0.6008984737510712,-9.130256218701705,12,1.0,0.0,0.0,0.0,2,0.9192994101096374
10:35:03.593,54300,2715,-19.674184283698963,-43.209685477644676,1.532956616834256,1013.25,0.0,349.99948177481934,0.6485557757820013,0.7751543134299981,-8.92620758409294,12,1.0,0.0,0.0,0.0,2,0.8983243881708192
10:35:03.807,54400,2720,-19.674186114747986,-43.2096777460129,-1.9169043560988088,1013.25,0.0,349.99948177481934,-1.1483453079294763,-0.4542480050906259,-9.619336410463985,12,1.0,0.0,0.0,0.0,2,0.9698281867117011
10:35:04.023,54500,2725,-19.67417415518596,-43.209674320564375,-0.3316406007275323,1013.25,0.0,349.99948177481934,-1.1188036053129802,0.4113380783152143,-8.431746604714025,12,1.0,0.0,0.0,0.0,2,0.8515589899005228
10:35:04.232,54600,2730,-19.674177905872572,-43.2096750245371,-1.9497612936397526,1013.25,0.0,349.99948177481934,0.37161844505913977,-0.5541144733152525,-9.347082610080164,12,1.0,0.0,0.0,0.0,2,0.937086423111063
10:35:04.446,54700,2735,-19.674165909811407,-43.209673073685245,0.6957696087985177,1013.25,0.0,349.99948177481934,0.49753773365316123,0.5897520893550539,-9.153047967988886,12,1.0,0.0,0.0,0.0,2,0.9185512420524664
10:35:04.658,54800,2740,-19.67416497307159,-43.20966248150512,1.1492057280992363,1013.25,0.0,349.99948177481934,0.46836686276739137,1.4622123609422681,-9.476939711658968,12,1.0,0.0,0.0,0.0,2,0.9600511382475919
10:35:04.873,54900,2745,-19.674163466537973,-43.20965831071668,1.0609710402996329,1013.25,0.0,349.99948177481934,1.1592205272042797,0.7551537153310846,-8.774527545728699,12,1.0,0.0,0.0,0.0,2,0.8882926489351457
10:35:05.081,55000,2750,-19.67415986649578,-43.2096525185825,1.849470550243355,1013.25,0.0,349.99948177481934,1.048998645065947,0.9081825117850975,-8.580090466267057,12,1.0,0.0,0.0,0.0,2,0.8691556019573787
10:35:05.294,55100,2755,-19.674152898618257,-43.209650983497916,0.8316317253285925,1013.25,0.0,349.99948177481934,0.13693034580171748,1.4703650822811514,-9.040509395244506,12,1.0,0.0,0.0,0.0,2,0.9160323876386534
10:35:05.511,55200,2760,-19.674146075587924,-43.209653300233974,-1.91383508881428,1013.25,0.0,349.99948177481934,0.5951262043915788,0.6648186828098779,-8.20525729538348,12,1.0,0.0,0.0,0.0,2,0.8253629890151996
10:35:05.718,55300,2765,-19.67414664960167,-43.20964609134635,1.3395859952873312,1013.25,0.0,349.99948177481934,0.9898106198130883,-0.36476560843551953,-8.66132465072309,12,1.0,0.0,0.0,0.0,2,0.8725326567952376
10:35:05.925,55400,2770,-19.674137749098723,-43.20964051081656,1.413869778786577,1013.25,0.0,349.99948177481934,-1.078274791848992,-1.3396053661421878,-8.076754551616075,12,1.0,0.0,0.0,0.0,2,0.8257795296008791
10:35:06.139,55500,2775,-19.674134490120043,-43.20963136571796,0.27208106378227725,1013.25,0.0,349.99948177481934,1.2634336534090966,-0.1515023791859016,-9.349250701564092,12,1.0,0.0,0.0,0.0,2,0.943544944600745
10:35:06.354,55600,2780,-19.674135149728787,-43.2096278997157,-0.3781590667405976,1013.25,0.0,349.99948177481934,-0.9788460752930244,1.1185440593917204,-8.340100103462794,12,1.0,0.0,0.0,0.0,2,0.8471514043410254
10:35:06.564,55700,2785,-19.674127504665123,-43.20962245164489,-1.8365051825090442,1013.25,0.0,349.99948177481934,0.8759963175510266,-1.4667648690650696,-9.291710053623037,12,1.0,0.0,0.0,0.0,2,0.9447467621012833
10:35:06.772,55800,2790,-19.674126562802062,-43.20962794350912,-1.644643236684363,1013.25,0.0,349.99948177481934,-0.4513307798370976,0.5851928218963272,-9.601632374065222,12,1.0,0.0,0.0,0.0,2,0.9630030859676657
10:35:06.985,55900,2795,-19.674119196425732,-43.2096144153851,1.80532280153865,1013.25,0.0,349.99948177481934,0.12531800351267242,0.0483395610826165,-9.457164931847892,12,1.0,0.0,0.0,0.0,2,0.9458118727492462
10:35:07.200,56000,2800,-19.674111097157063,-43.20961304226155,0.36005317484926325,1013.25,0.0,349.99948177481934,-0.6253253048781896,1.067528644425034,-9.811784619370593,12,1.0,0.0,0.0,0.0,2,0.9889477567622381
10:35:07.406,56100,2805,-19.674113173282215,-43.20960617864128,1.2494488074211967,1013.25,0.0,349.99948177481934,0.6755362716758038,0.6049245839194706,-9.469459463357357,12,1.0,0.0,0.0,0.0,2,0.9512778013532535
10:35:07.621,56200,2810,-19.67410470764428,-43.209608354550674,-1.5456381792367737,1013.25,0.0,349.99948177481934,-0.3265970096686206,1.3923638489520127,-8.573259254795195,12,1.0,0.0,0.0,0.0,2,0.8691726925331031
10:35:07.839,56300,2815,-19.674101903319443,-43.2096045109755,1.531187608001193,1013.25,0.0,349.99948177481934,-1.12805247819064,0.4483591268631284,-9.529987238195163,12,1.0,0.0,0.0,0.0,2,0.9606986263150177
10:35:08.056,56400,2820,-19.67409935305867,-43.20959671274371,0.6517004327308302,1013.25,0.0,349.99948177481934,0.5626148155561022,0.33958703536483514,-9.40290562927182,12,1.0,0.0,0.0,0.0,2,0.942584155703154
10:35:08.267,56500,2825,-19.67409723738412,-43.20959498674705,-1.5854921296382165,1013.25,0.0,349.99948177481934,1.1343454555505406,1.1507132234175668,-9.246927027360135,12,1.0,0.0,0.0,0.0,2,0.9387041066512896
10:35:08.476,56600,2830,-19.674092483670204,-43.20959229930778,1.7936953801048667,1013.25,0.0,349.99948177481934,-1.3184507090272755,-0.2333655084824371,-8.898428060254483,12,1.0,0.0,0.0,0.0,2,0.8998599539717731
10:35:08.689,56700,2835,-19.674083244603185,-43.20958099247368,0.3894461689735431,1013.25,0.0,349.99948177481934,0.7627259870456604,1.132415846722342,-9.423903350472996,12,1.0,0.0,0.0,0.0,2,0.9522293365585773
10:35:08.907,56800,2840,-19.674076485806673,-43.20957885093712,-1.0262222971159072,1013.25,0.0,349.99948177481934,-1.2203962878964842,1.0481909429077847,-9.916844706286497,12,1.0,0.0,0.0,0.0,2,1.0046485966789978
10:35:09.126,56900,2845,-19.67407892541487,-43.209576533533095,0.6264286506734766,1013.25,0.0,349.99948177481934,0.2774332987750663,0.13284861918417512,-9.807398793197803,12,1.0,0.0,0.0,0.0,2,0.9812221414119542
10:35:09.339,57000,2850,-19.67406702352414,-43.20957193031678,-1.0605429370225599,1013.25,0.0,349.99948177481934,0.019376605302387606,0.6445043953402596,-9.887297048073581,12,1.0,0.0,0.0,0.0,2,0.9908299767633724
10:35:09.556,57100,2855,-19.674066904852356,-43.20957227559446,0.7505835255336195,1013.25,0.0,349.99948177481934,-0.7329380239850964,-1.4268020023147374,-9.021642499638242,12,1.0,0.0,0.0,0.0,2,0.9163132406120271
10:35:09.771,57200,2860,-19.67406517433496,-43.20956455155507,1.083284255263703,1013.25,0.0,349.99948177481934,-1.2727703468200395,-1.2712638893868418,-8.841706272290647,12,1.0,0.0,0.0,0.0,2,0.902285021695845
10:35:09.982,57300,2865,-19.67405420171665,-43.20955982339523,0.5216313222683393,1013.25,0.0,349.99948177481934,-0.2875105689407471,-1.0294977206785723,-9.315879861730105,12,1.0,0.0,0.0,0.0,2,0.9377000878869721
10:35:10.198,57400,2870,-19.67405747385915,-43.20955084689896,-0.5573077556396937,1013.25,0.0,349.99948177481934,0.37308749586409373,0.6386143294131186,-8.060453650354042,12,1.0,0.0,0.0,0.0,2,0.809431501677614
10:35:10.410,57500,2875,-19.67405170558148,-43.20955505394958,-1.327749567183138,1013.25,0.0,349.99948177481934,-0.7187833989454651,0.7621360691227879,-9.487905568017775,12,1.0,0.0,0.0,0.0,2,0.9545567192685841
10:35:10.630,57600,2880,-19.67404394170981,-43.20954639247346,0.8677252804717281,1013.25,0.0,349.99948177481934,0.5474583828845376,0.20911666665122564,-8.320797991996132,12,1.0,0.0,0.0,0.0,2,0.8341409933870217
10:35:10.838,57700,2885,-19.67403818969478,-43.20954091758955,-0.5021221222603116,1013.25,0.0,349.99948177481934,-0.2263774138947534,-0.7236051749936665,-9.895966420968206,12,1.0,0.0,0.0,0.0,2,0.9924968644168584
10:35:11.056,57800,2890,-19.67403325396076,-43.20954029242074,1.2173231804308902,1013.25,0.0,349.99948177481934,-0.03547849378180312,-0.9234446628255635,-8.472175137288666,12,1.0,0.0,0.0,0.0,2,0.8522426903512536
10:35:11.268,57900,2895,-19.674034304614736,-43.209528506816,1.7901031779928611,1013.25,0.0,349.99948177481934,0.18024171664545374,-1.2787927506545582,-9.795436325926715,12,1.0,0.0,0.0,0.0,2,0.9880200948909421
10:35:11.484,58000,2900,-19.674033349295684,-43.20952705279216,-1.0469663417345925,1013.25,0.0,349.99948177481934,1.2704211379618617,0.17415037110970122,-9.931677728265887,12,1.0,0.0,0.0,0.0,2,1.0014116072708095
10:35:11.692,58100,2905,-19.674024603144698,-43.20952514990419,-0.4703521474041614,1013.25,0.0,349.99948177481934,0.7406779128047711,-1.341830817773603,-9.426749280917928,12,1.0,0.0,0.0,0.0,2,0.95505348394386
10:35:11.901,58200,2910,-19.67401902475669,-43.2095246886142,-1.465316352453288,1013.25,0.0,349.99948177481934,-0.16869960455709365,-0.22593295311048767,-9.092725488512325,12,1.0,0.0,0.0,0.0,2,0.9097096353525154
10:35:12.114,58300,2915,-19.674011587173062,-43.20951467301916,0.5063550231383327,1013.25,0.0,349.99948177481934,-0.24809885806573284,0.6048689059276158,-9.190236827574731,12,1.0,0.0,0.0,0.0,2,0.9213461476754676
10:35:12.329,58400,2920,-19.67400909501108,-43.20950815397266,-1.4904415007897063,1013.25,0.0,349.99948177481934,-0.3273559821579133,-1.1632655719690064,-8.87218421605413,12,1.0,0.0,0.0,0.0,2,0.8954105287162029
10:35:12.537,58500,2925,-19.674009043246723,-43.2095118787896,1.260937566671203,1013.25,0.0,349.99948177481934,-1.1307751896116098,0.6316983587338969,-8.014158073325149,12,1.0,0.0,0.0,0.0,2,0.811815403710172
10:35:12.752,58600,2930,-19.673999272352102,-43.20950399496509,-0.7655379683899146,1013.25,0.0,349.99948177481934,0.5433743932391377,-0.3227443457078043,-8.125527221009074,12,1.0,0.0,0.0,0.0,2,0.8150068236725003
10:35:12.968,58700,2935,-19.674001665915604,-43.20950077721606,0.1538091137547295,1013.25,0.0,349.99948177481934,0.28940211557034035,0.9904434836659743,-8.706383478625492,12,1.0,0.0,0.0,0.0,2,0.8767316873235272
10:35:13.188,58800,2940,-19.67399340185328,-43.20949389161287,1.9367819670332653,1013.25,0.0,349.99948177481934,1.1239841468559497,-1.414926818906866,-8.681608701370493,12,1.0,0.0,0.0,0.0,2,0.8867676578955574
10:35:13.396,58900,2945,-19.67399113000186,-43.20949191451618,1.5488936556011557,1013.25,0.0,349.99948177481934,1.3198521382162345,-0.39029092795897213,-8.139284566264756,12,1.0,0.0,0.0,0.0,2,0.8254834336668223
10:35:13.609,59000,2950,-19.673991260971803,-43.2094816602197,1.0104729729669066,1013.25,0.0,349.99948177481934,0.6059218830800241,-0.28081732995061826,-8.419034663937762,12,1.0,0.0,0.0,0.0,2,0.8445480707087161
10:35:13.825,59100,2955,-19.673980331342054,-43.20948293201452,1.7195634359725842,1013.25,0.0,349.99948177481934,-0.5401189659013089,0.6471719258767603,-8.02469703505538,12,1.0,0.0,0.0,0.0,2,0.8068848895808864
10:35:14.039,59200,2960,-19.67397517273544,-43.20948209340351,-1.0887114364482362,1013.25,0.0,349.99948177481934,0.15962404719153422,0.16307965183835327,-9.4967435900949,12,1.0,0.0,0.0,0.0,2,0.9499484913683167
10:35:14.246,59300,2965,-19.67397767558222,-43.20947257965333,0.3601386628967198,1013.25,0.0,349.99948177481934,0.7358986842358712,0.6750321420142713,-9.329127616498106,12,1.0,0.0,0.0,0.0,2,0.9382421721022782
10:35:14.463,59400,2970,-19.673967007181616,-43.20946999419611,-0.8853111624214098,1013.25,0.0,349.99948177481934,-0.46909218376555417,-1.4366264430262803,-9.467758096748453,12,1.0,0.0,0.0,0.0,2,0.9587616303973484
10:35:14.675,59500,2975,-19.67396881909213,-43.20946090454086,-0.07694378918969047,1013.25,0.0,349.99948177481934,0.0992170336789795,1.0952968097151592,-9.48075747838767,12,1.0,0.0,0.0,0.0,2,0.9544332427422465
10:35:14.889,59600,2980,-19.67395804423423,-43.20945812014948,-1.7941290451142304,1013.25,0.0,349.99948177481934,0.3214440776493004,-1.0158767971040974,-9.864273883058381,12,1.0,0.0,0.0,0.0,2,0.9921654660485718
10:35:15.097,59700,2985,-19.673952900780908,-43.20945397556956,1.5080509403984927,1013.25,0.0,349.99948177481934,1.1070991932237289,1.0912124317391143,-8.499308882573688,12,1.0,0.0,0.0,0.0,2,0.8640293089717188
10:35:15.309,59800,2990,-19.673948887435976,-43.209448638741314,1.9059046725797266,1013.25,0.0,349.99948177481934,0.16352856981052977,0.24269004626989288,-9.926545823623766,12,1.0,0.0,0.0,0.0,2,0.9930858575178946
10:35:15.522,59900,2995,-19.673944385302686,-43.20944976918701,-1.1622304643487258,1013.25,0.0,349.99948177481934,0.07776559596004429,0.5958164214834354,-8.497036318451796,12,1.0,0.0,0.0,0.0,2,0.8518255155436072
10:35:15.732,60000,3000,-19.673948219262588,-43.20944890790024,-0.3994721222744513,1013.25,0.0,349.99948177481934,-0.6184497917577684,-1.0942405051365276,-9.347514810370779,12,1.0,0.0,0.0,0.0,2,0.9431642251384842
10:35:15.939,60100,3005,-19.67393556022067,-43.20943677356254,0.46241050005394246,1013.25,0.0,349.99948177481934,-0.335628588088664,1.0252853098374008,-8.18021929602694,12,1.0,0.0,0.0,0.0,2,0.8251051099514671
10:35:16.145,60200,3010,-19.673933428904064,-43.20943927777664,1.74745824166121,1013.25,0.0,349.99948177481934,-0.25035005736670035,1.454935106780431,-9.516739762574659,12,1.0,0.0,0.0,0.0,2,0.963056836457409
10:35:16.353,60300,3015,-19.673928772086885,-43.2094313751734,1.142715149005276,1013.25,0.0,349.99948177481934,0.36149094477054167,0.940824856432581,-8.106749560531476,12,1.0,0.0,0.0,0.0,2,0.8169162475481179
10:35:16.566,60400,3020,-19.673928618232473,-43.20943150994367,1.0964616424091798,1013.25,0.0,349.99948177481934,1.1173583445300812,-0.7350298362524313,-8.61225683579295,12,1.0,0.0,0.0,0.0,2,0.8715487727943554
10:35:16.775,60500,3025,-19.673918874393912,-43.209425915348014,-0.3171366305477221,1013.25,0.0,349.99948177481934,0.24075897846205851,-0.5822973520151254,-8.746067030769352,12,1.0,0.0,0.0,0.0,2,0.8768735575816193
10:35:16.988,60600,3030,-19.673923384448297,-43.20941886327144,0.570455663112559,1013.25,0.0,349.99948177481934,0.17885182774140818,0.2412181710072332,-9.260460675691862,12,1.0,0.0,0.0,0.0,2,0.9265328170569346
10:35:17.198,60700,3035,-19.673913445674966,-43.2094147059938,-0.7076968339893659,1013.25,0.0,349.99948177481934,0.8977193683376576,0.45011177938628455,-8.564160274464959,12,1.0,0.0,0.0,0.0,2,0.8622838389124232
10:35:17.406,60800,3040,-19.673909636474068,-43.2094115216884,-0.4139300038112581,1013.25,0.0,349.99948177481934,-0.8154050696484075,0.5434400540628781,-8.708975539962198,12,1.0,0.0,0.0,0.0,2,0.8763929910469849
10:35:17.614,60900,3045,-19.673910961933238,-43.20940312315698,0.27151123958398404,1013.25,0.0,349.99948177481934,1.3153856850671861,0.8855381362439689,-9.858609530225655,12,1.0,0.0,0.0,0.0,2,0.9985319181712632
10:35:17.829,61000,3050,-19.673902601617876,-43.20940152612839,-0.6963554260329112,1013.25,0.0,349.99948177481934,0.16480537445645815,0.8367489895004017,-8.435306897530184,12,1.0,0.0,0.0,0.0,2,0.8478308329991308
10:35:18.038,61100,3055,-19.673899803193482,-43.209399275812075,-1.4661756042565561,1013.25,0.0,349.99948177481934,0.7141700504310773,-0.8784489867063245,-9.719980003242155,12,1.0,0.0,0.0,0.0,2,0.9785689691922868
10:35:18.248,61200,3060,-19.67389239769362,-43.20938892471203,0.5191414898117754,1013.25,0.0,349.99948177481934,0.904030845912827,-0.4580802987063497,-9.260715991321913,12,1.0,0.0,0.0,0.0,2,0.9316006118629924
10:35:18.455,61300,3065,-19.673889790920494,-43.2093906619362,-1.782785903987309,1013.25,0.0,349.99948177481934,1.3227302481436682,1.2431967167864455,-8.61555447241019,12,1.0,0.0,0.0,0.0,2,0.880471079894451
10:35:18.668,61400,3070,-19.673880717705984,-43.20939008531367,-0.7207058545424698,1013.25,0.0,349.99948177481934,1.4494901513981806,-1.0561011086136405,-8.230378897480742,12,1.0,0.0,0.0,0.0,2,0.842350924773705
10:35:18.879,61500,3075,-19.673877733606716,-43.20938456491318,0.3270145202945347,1013.25,0.0,349.99948177481934,0.700162306164656,0.6995738278415291,-8.418428620658503,12,1.0,0.0,0.0,0.0,2,0.847641263959565
10:35:19.088,61600,3080,-19.673873678828897,-43.2093732112705,-0.2627501664882934,1013.25,0.0,349.99948177481934,-1.1690090428685485,-1.463912344126396,-8.796401063228958,12,1.0,0.0,0.0,0.0,2,0.8993680734758691
10:35:19.295,61700,3085,-19.67387333217382,-43.20937090909319,0.9482672606442146,1013.25,0.0,349.99948177481934,0.636330218985397,0.8078000352497177,-9.438504318293395,12,1.0,0.0,0.0,0.0,2,0.9494357314267593
10:35:19.509,61800,3090,-19.673873050060493,-43.2093718380498,0.0211194193410269,1013.25,0.0,349.99948177481934,-0.22935730663467901,-1.3603990246845263,-8.104419836154593,12,1.0,0.0,0.0,0.0,2,0.8221004267188126
10:35:19.722,61900,3095,-19.673863989377722,-43.20936299115032,1.6146517161284906,1013.25,0.0,349.99948177481934,0.1286803837809085,0.2143892359269275,-8.802483990182372,12,1.0,0.0,0.0,0.0,2,0.8806034623090482
10:35:19.936,62000,3100,-19.67386013057212,-43.20935647899888,-0.5779173969548372,1013.25,0.0,349.99948177481934,-0.008780155988208582,-0.27462655808408165,-9.399424603630871,12,1.0,0.0,0.0,0.0,2,0.9403439781105937
10:35:20.148,62100,3105,-19.673855369006766,-43.20935339436882,0.9745214340405712,1013.25,0.0,349.99948177481934,-1.372873142200094,-0.17466281181604382,-9.558414163774883,12,1.0,0.0,0.0,0.0,2,0.9658083095969829
10:35:20.362,62200,3110,-19.67385535954891,-43.209355055674415,1.5333898730155315,1013.25,0.0,349.99948177481934,-0.664401060366976,-0.6317587637350297,-8.166358584642403,12,1.0,0.0,0.0,0.0,2,0.8217661494460297
10:35:20.573,62300,3115,-19.673849675351203,-43.209342594695315,-1.6722985418641918,1013.25,0.0,349.99948177481934,0.31796384990314186,-0.22217150738045,-8.220867808487572,12,1.0,0.0,0.0,0.0,2,0.8230013895077225
10:35:20.783,62400,3120,-19.6738464574668,-43.20934303463016,-1.610278450971912,1013.25,0.0,349.99948177481934,-1.344008279776381,0.41717424073144205,-8.930028246052803,12,1.0,0.0,0.0,0.0,2,0.9040232136319191
10:35:20.994,62500,3125,-19.673834654551083,-43.20933705673709,-0.5803022485070692,1013.25,0.0,349.99948177481934,0.2003083301170503,0.4685403732248996,-8.726708621908923,12,1.0,0.0,0.0,0.0,2,0.8741572906528638
10:35:21.204,62600,3130,-19.67383224939627,-43.20933029923028,1.793078423509936,1013.25,0.0,349.99948177481934,1.3590651738454609,-1.4031806039042851,-9.69153229407722,12,1.0,0.0,0.0,0.0,2,0.9886443858186544
10:35:21.419,62700,3135,-19.673834420137997,-43.209335044197815,-1.366465367074872,1013.25,0.0,349.99948177481934,-0.5482405058668516,1.2813563802713817,-9.2894908948472,12,1.0,0.0,0.0,0.0,2,0.9393459581591032
10:35:21.627,62800,3140,-19.673826024055767,-43.20932453693581,-0.16229248213408765,1013.25,0.0,349.99948177481934,-0.7794571253129974,0.8892542826716019,-8.477819083493763,12,1.0,0.0,0.0,0.0,2,0.8559891529797679
10:35:21.841,62900,3145,-19.673822515845824,-43.20932460132293,0.28240558530477955,1013.25,0.0,349.99948177481934,0.04237329290238678,-0.7488783777984043,-8.96006239051265,12,1.0,0.0,0.0,0.0,2,0.8991403247689687
10:35:22.053,63000,3150,-19.673819126354623,-43.2093210452112,-1.845978886288977,1013.25,0.0,349.99948177481934,0.4218685900155439,-0.846078131733676,-8.067104778354938,12,1.0,0.0,0.0,0.0,2,0.8122314991256909
10:35:22.263,63100,3155,-19.67381658506431,-43.20931688607215,-1.5872359206055204,1013.25,0.0,349.99948177481934,-0.7189362215573506,1.3687829073806697,-9.277545236881025,12,1.0,0.0,0.0,0.0,2,0.94054920956098
10:35:22.472,63200,3160,-19.67380550852135,-43.20930486744139,-0.0048233649723798955,1013.25,0.0,349.99948177481934,-0.638883339935865,1.4127472931087346,-9.78412252665781,12,1.0,0.0,0.0,0.0,2,0.9906214234150525
10:35:22.686,63300,3165,-19.67380305330808,-43.209301005210726,1.250406133256245,1013.25,0.0,349.99948177481934,0.9165658679986475,0.18227453887203593,-8.600977055228002,12,1.0,0.0,0.0,0.0,2,0.8651596575341437
10:35:22.896,63400,3170,-19.673801121743914,-43.209303596364926,0.9747448112010342,1013.25,0.0,349.99948177481934,-1.1990646500309825,0.6345601211099927,-9.909410022515306,12,1.0,0.0,0.0,0.0,2,1.0001841309308195
10:35:23.112,63500,3175,-19.67380111394543,-43.20930030877913,-0.46753325082453356,1013.25,0.0,349.99948177481934,0.05780001618659303,-1.3056399650552488,-9.492344103743337,12,1.0,0.0,0.0,0.0,2,0.9581890896064907
10:35:23.321,63600,3180,-19.673794550803738,-43.20929545385818,-0.49858457149706936,1013.25,0.0,349.99948177481934,-1.1537025874570346,-1.1736340151012667,-9.651524393935638,12,1.0,0.0,0.0,0.0,2,0.979083089366998
10:35:23.536,63700,3185,-19.673785253488823,-43.20928677929357,-1.615457634421849,1013.25,0.0,349.99948177481934,-0.5415242253280802,-0.778424457896488,-9.752010081719462,12,1.0,0.0,0.0,0.0,2,0.9798004580384041
10:35:23.746,63800,3190,-19.673786138901477,-43.20928288444215,-1.4815392209279983,1013.25,0.0,349.99948177481934,0.8730888838702215,0.5720800397564614,-9.048155165197615,12,1.0,0.0,0.0,0.0,2,0.9108165109642985
10:35:23.965,63900,3195,-19.673782443934453,-43.20927610377085,-1.3420887203114549,1013.25,0.0,349.99948177481934,0.7687319830716439,-0.004007107745795935,-9.57523993718116,12,1.0,0.0,0.0,0.0,2,0.9606049384283781
10:35:24.172,64000,3200,-19.673771770596435,-43.20927776325878,-1.7085039381988718,1013.25,0.0,349.99948177481934,0.4606359370028408,1.388852566402623,-8.147161269841803,12,1.0,0.0,0.0,0.0,2,0.8277519777957161
10:35:24.391,64100,3205,-19.673774548139434,-43.2092718496341,0.24825407511111353,1013.25,0.0,349.99948177481934,0.6908629364550865,-1.019736453057163,-8.403885482548635,12,1.0,0.0,0.0,0.0,2,0.8493670892756127
10:35:24.604,64200,3210,-19.67376455317209,-43.2092643753471,0.9640145439953574,1013.25,0.0,349.99948177481934,-0.1665669560326788,-1.4122603642534808,-9.930954475897753,12,1.0,0.0,0.0,0.0,2,1.0032252024826578
10:35:24.816,64300,3215,-19.673757909419407,-43.2092625204114,-0.6833894762242081,1013.25,0.0,349.99948177481934,1.00253766905392,-0.7219326497019402,-8.642334885598554,12,1.0,0.0,0.0,0.0,2,0.8730190192854421
10:35:25.023,64400,3220,-19.67376206503612,-43.20925857183617,-1.6344720299186966,1013.25,0.0,349.99948177481934,0.16744281750275092,1.23615891881628,-8.225057639899811,12,1.0,0.0,0.0,0.0,2,0.8319116488508653
10:35:25.232,64500,3225,-19.673758668017246,-43.20925446769968,-1.4867084713013248,1013.25,0.0,349.99948177481934,0.0335834208697281,0.2167393600193912,-8.734378288436384,12,1.0,0.0,0.0,0.0,2,0.8737131559147306
10:35:25.447,64600,3230,-19.673754142665302,-43.20924588964575,1.0949670183521887,1013.25,0.0,349.99948177481934,-0.9470791325860242,0.6414611457061214,-9.695830573515515,12,1.0,0.0,0.0,0.0,2,0.9763071330024622
10:35:25.660,64700,3235,-19.673748120336352,-43.209246361603405,1.422860240231055,1013.25,0.0,349.99948177481934,-0.9614422049740307,-0.9044877388809925,-8.591701251444563,12,1.0,0.0,0.0,0.0,2,0.869251399638594
10:35:25.867,64800,3240,-19.673736292254922,-43.20923720835671,1.4792713406973164,1013.25,0.0,349.99948177481934,0.6069326425982484,1.3842903734557739,-8.173337757820118,12,1.0,0.0,0.0,0.0,2,0.8311923795012899
10:35:26.080,64900,3245,-19.673734289761178,-43.209235271877034,-0.589143531989178,1013.25,0.0,349.99948177481934,0.14272563690154727,0.7341085222138255,-8.974291961850376,12,1.0,0.0,0.0,0.0,2,0.9005398500141357
10:35:26.290,65000,3250,-19.673737149247227,-43.20922960029046,-0.23185713596970947,1013.25,0.0,349.99948177481934,0.5484649327961639,0.13351970895486942,-8.354049364943958,12,1.0,0.0,0.0,0.0,2,0.8373098714759492
10:35:26.500,65100,3255,-19.673733604594855,-43.20922879263122,-1.7181289271250026,1013.25,0.0,349.99948177481934,0.9016049386943088,0.47116405415886486,-8.804501164789736,12,1.0,0.0,0.0,0.0,2,0.8863076654987996
10:35:26.708,65200,3260,-19.673725156469597,-43.209222817685955,-0.5940389182779287,1013.25,0.0,349.99948177481934,-0.04630659744214349,0.4009956895950606,-9.17994167752381,12,1.0,0.0,0.0,0.0,2,0.9188812276174716
10:35:26.922,65300,3265,-19.67371712487193,-43.20922058054213,0.9119981282542731,1013.25,0.0,349.99948177481934,0.2262887561958591,-0.9864063404485232,-8.865584188423863,12,1.0,0.0,0.0,0.0,2,0.8923160150512202
10:35:27.138,65400,3270,-19.67371101566735,-43.20921744079972,0.7993641163278205,1013.25,0.0,349.99948177481934,0.27522072646776574,1.336008098357703,-8.027086005409567,12,1.0,0.0,0.0,0.0,2,0.8142160267729747
10:35:27.352,65500,3275,-19.673709648784932,-43.209208641942396,0.4649055099396233,1013.25,0.0,349.99948177481934,-1.2762692715716548,-0.706340697096407,-8.332196346142675,12,1.0,0.0,0.0,0.0,2,0.8458916974684527
10:35:27.559,65600,3280,-19.673704496776253,-43.20920694200868,0.28142528945930945,1013.25,0.0,349.99948177481934,1.3599489679906323,0.2762592239806798,-8.949705538691834,12,1.0,0.0,0.0,0.0,2,0.9056655540742646
10:35:27.769,65700,3285,-19.673699670758566,-43.20920381173799,-0.551798401838759,1013.25,0.0,349.99948177481934,-0.6061158330112469,-0.22226970673090296,-8.568553665681506,12,1.0,0.0,0.0,0.0,2,0.8592839585795904
10:35:27.981,65800,3290,-19.6737038940693,-43.20919711930887,0.23304358106702905,1013.25,0.0,349.99948177481934,0.7826241278696293,0.46537998456574536,-8.533284642034848,12,1.0,0.0,0.0,0.0,2,0.8581726273748536
10:35:28.190,65900,3295,-19.673692882117777,-43.20919286405984,-1.1968033544362653,1013.25,0.0,349.99948177481934,1.3887426034424317,-0.5631736112502189,-8.71251053665244,12,1.0,0.0,0.0,0.0,2,0.8840453064538292
10:35:28.403,66000,3300,-19.673692890380885,-43.20918789864442,-1.97940403080915,1013.25,0.0,349.99948177481934,0.032467777334276526,0.705018887181522,-8.112915150157145,12,1.0,0.0,0.0,0.0,2,0.8143555612967657
10:35:28.612,66100,3305,-19.673685824957893,-43.20918502316302,0.5228419795249861,1013.25,0.0,349.99948177481934,-0.7400865483926351,0.2601169351708479,-9.183676993815485,12,1.0,0.0,0.0,0.0,2,0.9217120594079815
10:35:28.828,66200,3310,-19.673679083782762,-43.209181456212974,0.2462204034022082,1013.25,0.0,349.99948177481934,-0.4745839227328248,-1.2405408166875511,-9.77253340100436,12,1.0,0.0,0.0,0.0,2,0.9862382090110388
10:35:29.036,66300,3315,-19.67367646059006,-43.20918244973234,-1.3565319435135903,1013.25,0.0,349.99948177481934,-0.36395975170190553,-0.5220897352809374,-9.983354599870458,12,1.0,0.0,0.0,0.0,2,1.0003620017738544
10:35:29.249,66400,3320,-19.67367353444125,-43.20917395478916,-1.8808250471587469,1013.25,0.0,349.99948177481934,1.402671167239785,-1.2465149442709915,-9.578092225299155,12,1.0,0.0,0.0,0.0,2,0.9760181175881565
10:35:29.461,66500,3325,-19.67366577718351,-43.20916786770593,-0.7184639558927413,1013.25,0.0,349.99948177481934,1.4840607966417934,-1.3912384880837858,-9.186617405101467,12,1.0,0.0,0.0,0.0,2,0.9409140254378608
10:35:29.675,66600,3330,-19.673667719230398,-43.20916367126216,1.1929743536395017,1013.25,0.0,349.99948177481934,1.3304739172297895,-0.04077874381656965,-8.458877550880617,12,1.0,0.0,0.0,0.0,2,0.8562968712494992
10:35:29.886,66700,3335,-19.67366295783576,-43.209163449602116,-0.5098360296819675,1013.25,0.0,349.99948177481934,0.986278738759069,-0.8033233369859215,-8.605016014156202,12,1.0,0.0,0.0,0.0,2,0.8698527159132118
10:35:30.101,66800,3340,-19.67365773263945,-43.20915542311007,-1.5252793881822444,1013.25,0.0,349.99948177481934,1.49997087377111,-1.2818344903860852,-9.409334601831969,12,1.0,0.0,0.0,0.0,2,0.9613978881406875
10:35:30.315,66900,3345,-19.67365583304066,-43.209154989131314,0.44359699494547566,1013.25,0.0,349.99948177481934,0.7267534842809678,1.1133541114299121,-8.112457320161539,12,1.0,0.0,0.0,0.0,2,0.8220686818982643
10:35:30.528,67000,3350,-19.67364846027435,-43.209148948261785,1.343543188155428,1013.25,0.0,349.99948177481934,-1.1795755563252919,0.4402964693774285,-8.179761293974906,12,1.0,0.0,0.0,0.0,2,0.8276095353512812
10:35:30.735,67100,3355,-19.6736409110718,-43.209145763392534,-0.8207179001453055,1013.25,0.0,349.99948177481934,-0.34258036993304897,-0.4091291188449888,-9.808073610600564,12,1.0,0.0,0.0,0.0,2,0.9822578882183107
10:35:30.950,67200,3360,-19.673644031766827,-43.20914146011408,1.2034893201668484,1013.25,0.0,349.99948177481934,-0.6600103444241212,0.43531030363465417,-9.24610875361532,12,1.0,0.0,0.0,0.0,2,0.9279851065554836
10:35:31.165,67300,3365,-19.673634360153642,-43.20913371823488,0.6556223196855933,1013.25,0.0,349.99948177481934,-1.4972835650365446,-0.19509182752341103,-9.180809395775604,12,1.0,0.0,0.0,0.0,2,0.9304148540132868
10:35:31.378,67400,3370,-19.673631758948222,-43.20913294583215,0.505779960952407,1013.25,0.0,349.99948177481934,-1.3549404495936312,1.0258030570445738,-9.599406121712232,12,1.0,0.0,0.0,0.0,2,0.9748678547544444
10:35:31.587,67500,3375,-19.673624094659424,-43.20912245824924,-1.2197622221986149,1013.25,0.0,349.99948177481934,-0.8715591223465627,-1.3135891525432006,-9.17099277535884,12,1.0,0.0,0.0,0.0,2,0.930549516420855
10:35:31.802,67600,3380,-19.67362704759166,-43.209122595024816,-0.6818636482761824,1013.25,0.0,349.99948177481934,0.27674901093805726,0.5621443423287986,-9.244429450568587,12,1.0,0.0,0.0,0.0,2,0.9265639327278357
10:35:32.012,67700,3385,-19.673622322918188,-43.209118952165134,-0.41958942673509814,1013.25,0.0,349.99948177481934,-0.06069037692573831,0.6161651304068827,-9.727976125301081,12,1.0,0.0,0.0,0.0,2,0.974765932335597
10:35:32.225,67800,3390,-19.673612735430442,-43.20911094573324,0.04264540064558098,1013.25,0.0,349.99948177481934,1.206746191433341,-0.0250480529176782,-9.99559407384532,12,1.0,0.0,0.0,0.0,2,1.0068205632811913
10:35:32.432,67900,3395,-19.67361088145335,-43.20910858064872,-0.1748268617541302,1013.25,0.0,349.99948177481934,-0.38151068181872283,-0.6851684239642793,-9.778236763199878,12,1.0,0.0,0.0,0.0,2,0.9809634058757397
10:35:32.640,68000,3400,-19.67360960311898,-43.20910961829262,-0.7865761167138188,1013.25,0.0,349.99948177481934,0.6429215945650144,0.561565974877642,-8.777388483141188,12,1.0,0.0,0.0,0.0,2,0.8818801114940616
10:35:32.850,68100,3405,-19.673601663795555,-43.20910188972821,-0.12259788285370998,1013.25,0.0,349.99948177481934,-0.61129316268428,0.256609878340887,-9.642341251303717,12,1.0,0.0,0.0,0.0,2,0.9665105936667224
10:35:33.060,68200,3410,-19.673595492970012,-43.209098295179466,1.7330260115665994,1013.25,0.0,349.99948177481934,-1.2384952698000304,0.9712188708312084,-8.08304132027676,12,1.0,0.0,0.0,0.0,2,0.8234846301764057
10:35:33.267,68300,3415,-19.67359520111753,-43.20909736376032,1.2435181057411016,1013.25,0.0,349.99948177481934,-1.005701138662233,-1.3277843116538068,-9.811920925184223,12,1.0,0.0,0.0,0.0,2,0.9952298136644044
10:35:33.482,68400,3420,-19.673587343309418,-43.209084199702815,1.2177883278519852,1013.25,0.0,349.99948177481934,0.343457060937586,-0.7607150534798548,-9.108625840762162,12,1.0,0.0,0.0,0.0,2,0.9146787132775036
10:35:33.696,68500,3425,-19.673579754287335,-43.20908049100054,0.7268807947204743,1013.25,0.0,349.99948177481934,0.8708390036969611,0.5002364282459113,-8.438461370315077,12,1.0,0.0,0.0,0.0,2,0.8498013141482187
10:35:33.911,68600,3430,-19.673576900891334,-43.20908032047014,-1.2230953159370932,1013.25,0.0,349.99948177481934,-1.432896723858922,-0.702972390459917,-8.678827597543984,12,1.0,0.0,0.0,0.0,2,0.8824364661032864
10:35:34.120,68700,3435,-19.67357395606124,-43.2090782336981,-1.6697596467403586,1013.25,0.0,349.99948177481934,0.6690754976247488,-0.5977141122020674,-9.718869492474376,12,1.0,0.0,0.0,0.0,2,0.9760192026450936
10:35:34.337,68800,3440,-19.67356739631959,-43.20907593845535,0.2914962293616665,1013.25,0.0,349.99948177481934,-0.0037345791497112035,0.5567913660281261,-9.685062511371772,12,1.0,0.0,0.0,0.0,2,0.9701054912819729
10:35:34.553,68900,3445,-19.6735684413788,-43.20906613238063,0.2945229814665207,1013.25,0.0,349.99948177481934,-0.9111475206908769,1.0748076498538848,-9.30551660099854,12,1.0,0.0,0.0,0.0,2,0.9411590752901712
10:35:34.769,69000,3450,-19.673561980461567,-43.209063540931304,0.44632015602978026,1013.25,0.0,349.99948177481934,-1.0513615415314002,-0.8292481577154787,-9.62167126471987,12,1.0,0.0,0.0,0.0,2,0.971440021434272
10:35:34.976,69100,3455,-19.67356086153568,-43.20905530698344,-1.3009733654552464,1013.25,0.0,349.99948177481934,-0.3766050039710247,0.07805646816522627,-9.831137629491769,12,1.0,0.0,0.0,0.0,2,0.9838657999506207
10:35:35.194,69200,3460,-19.673550813448394,-43.209053407984776,0.8802159109608558,1013.25,0.0,349.99948177481934,-1.4791490830614429,-1.1226706079305924,-9.116114760030463,12,1.0,0.0,0.0,0.0,2,0.9303323041896269
10:35:35.410,69300,3465,-19.67355304855013,-43.20905351263752,-1.3603585921789247,1013.25,0.0,349.99948177481934,1.0317668531515989,-0.3779331856338435,-8.714408438754122,12,1.0,0.0,0.0,0.0,2,0.8783409973893668
10:35:35.625,69400,3470,-19.673547801233052,-43.209046319156386,-0.14058480961956077,1013.25,0.0,349.99948177481934,0.56203660147386,-0.23777066147325465,-8.596115227029077,12,1.0,0.0,0.0,0.0,2,0.8617750113876295
10:35:35.832,69500,3475,-19.673537762805697,-43.209044980269674,-1.9190197251902226,1013.25,0.0,349.99948177481934,1.2404021438268766,-1.0487332814909895,-9.17774221835803,12,1.0,0.0,0.0,0.0,2,0.9320375056871293
10:35:36.044,69600,3480,-19.67353924113525,-43.20903424108524,1.260370937564606,1013.25,0.0,349.99948177481934,-1.4447604967420236,-1.4657841886396128,-9.821318932106266,12,1.0,0.0,0.0,0.0,2,1.0034648062924834
10:35:36.254,69700,3485,-19.673536994260168,-43.20903420451674,-1.6906937855289632,1013.25,0.0,349.99948177481934,-0.07291886345020249,0.5688325221717223,-9.070944891643286,12,1.0,0.0,0.0,0.0,2,0.9089055441912353
10:35:36.466,69800,3490,-19.673527547452732,-43.20902813896569,-1.635849193836989,1013.25,0.0,349.99948177481934,-0.09586106805928596,1.0769239040084297,-9.79721327036297,12,1.0,0.0,0.0,0.0,2,0.9856690230719972
10:35:36.686,69900,3495,-19.673526499251462,-43.20902928004787,1.3883269543737273,1013.25,0.0,349.99948177481934,-1.0503639015989432,-1.3089408083897685,-9.72214812311397,12,1.0,0.0,0.0,0.0,2,0.9865939108539982
10:35:36.896,70000,3500,-19.673518373043805,-43.209022888273346,-0.9621373632721171,1013.25,0.0,349.99948177481934,-0.5582071324909617,0.08167134774734053,-8.965498336811535,12,1.0,0.0,0.0,0.0,2,0.8983230256382003
10:35:37.108,70100,3505,-19.67351381922099,-43.20902000951952,-1.8675402327033814,1013.25,0.0,349.99948177481934,1.410990059308912,0.5806214124012485,-9.240644648662029,12,1.0,0.0,0.0,0.0,2,0.936576359379488
10:35:37.318,70200,3510,-19.673508939319138,-43.20901102612685,1.5220397607836893,1013.25,0.0,349.99948177481934,0.1020305510613635,1.1728198254693365,-9.033528404729116,12,1.0,0.0,0.0,0.0,2,0.9109915038869
10:35:37.527,70300,3515,-19.673506888797174,-43.20900889158949,1.1020743676404,1013.25,0.0,349.99948177481934,-0.5007325622064027,-0.45499586665379566,-8.917030287283348,12,1.0,0.0,0.0,0.0,2,0.8942660872573351
10:35:37.740,70400,3520,-19.67350129064325,-43.20900355023307,0.6529624111249466,1013.25,0.0,349.99948177481934,-0.2879521764573232,-0.7415748975256414,-8.99316250600882,12,1.0,0.0,0.0,0.0,2,0.9028278996799419
10:35:37.960,70500,3525,-19.673499165642337,-43.209003289503706,0.9007938552801291,1013.25,0.0,349.99948177481934,-1.1707285985371854,-0.7382797914480068,-9.73747292160607,12,1.0,0.0,0.0,0.0,2,0.9835346531815988
10:35:38.167,70600,3530,-19.67349702731717,-43.20899951915421,0.7066769925039376,1013.25,0.0,349.99948177481934,0.6869296218585226,0.2168275427830335,-8.102387274519005,12,1.0,0.0,0.0,0.0,2,0.8134344843623458
10:35:38.377,70700,3535,-19.673492379241495,-43.20899284519753,-0.1722246969491663,1013.25,0.0,349.99948177481934,1.3822942935848777,0.42000723906984994,-8.631874219476444,12,1.0,0.0,0.0,0.0,2,0.8751936707712784
10:35:38.590,70800,3540,-19.673487393532675,-43.20899093746315,-1.6720595307209023,1013.25,0.0,349.99948177481934,0.6487870767584827,1.019410756568719,-8.433581858109036,12,1.0,0.0,0.0,0.0,2,0.8519708088837477
10:35:38.798,70900,3545,-19.673481976331697,-43.20898137330171,1.7574145208531102,1013.25,0.0,349.99948177481934,0.31189687456925297,1.0391557724558336,-8.756484326565054,12,1.0,0.0,0.0,0.0,2,0.8823442760123387
10:35:39.006,71000,3550,-19.67347865079359,-43.20897887851741,-0.9674175815783204,1013.25,0.0,349.99948177481934,-0.3541105606290822,0.3523587356844069,-9.742545406115498,12,1.0,0.0,0.0,0.0,2,0.975534427675335
10:35:39.214,71100,3555,-19.673471222340655,-43.20897364595428,0.8966534615556165,1013.25,0.0,349.99948177481934,0.8169818696051014,0.3450245420978164,-9.043775470040515,12,1.0,0.0,0.0,0.0,2,0.9087154453536034
10:35:39.428,71200,3560,-19.673470723149663,-43.20897242154987,-1.2583038272053049,1013.25,0.0,349.99948177481934,0.19468647450334142,-0.013834595242912862,-9.903055656218458,12,1.0,0.0,0.0,0.0,2,0.9904978826304499
10:35:39.646,71300,3565,-19.673465535783137,-43.20896233994085,-1.5094494738640458,1013.25,0.0,349.99948177481934,-1.3836800070408848,-0.505112881067514,-9.979028047122853,12,1.0,0.0,0.0,0.0,2,1.0087155701671782
10:35:39.855,71400,3570,-19.67346439241081,-43.20895709779395,1.2341722599875675,1013.25,0.0,349.99948177481934,-0.8637737772844871,0.2252085117684075,-9.427724074021242,12,1.0,0.0,0.0,0.0,2,0.9469889398930535
10:35:40.062,71500,3575,-19.673453887686144,-43.208960937623075,0.12945581221690095,1013.25,0.0,349.99948177481934,-1.3930838373145857,-0.04371670771005465,-9.615205777101393,12,1.0,0.0,0.0,0.0,2,0.9715697394645644
10:35:40.272,71600,3580,-19.673451818275925,-43.20895309045787,-1.1616774500430105,1013.25,0.0,349.99948177481934,-0.7058473344486312,0.5861031189763475,-9.919041819478464,12,1.0,0.0,0.0,0.0,2,0.9961381828952481
10:35:40.486,71700,3585,-19.673447642920497,-43.20895144543065,0.23080147669139395,1013.25,0.0,349.99948177481934,0.2591720879336563,0.6418869585302156,-9.869443189348363,12,1.0,0.0,0.0,0.0,2,0.9893689802417998
10:35:40.694,71800,3590,-19.673441056115003,-43.208940933359116,1.6448224014050985,1013.25,0.0,349.99948177481934,-0.6691019087969501,1.4989772027403117,-8.03617754544569,12,1.0,0.0,0.0,0.0,2,0.8202120430755477
10:35:40.904,71900,3595,-19.673437971474065,-43.20893635461184,1.1275976688433982,1013.25,0.0,349.99948177481934,-0.4348369184385643,-1.1076081269134712,-8.20166243496343,12,1.0,0.0,0.0,0.0,2,0.828752952365976
10:35:41.128,72000,3600,-19.673431127975068,-43.20893188157962,-1.9372157354211694,1013.25,0.0,349.99948177481934,1.3062097882093018,-0.49797629654735864,-8.899929002675115,12,1.0,0.0,0.0,0.0,2,0.9009045490805033
10:35:41.344,72100,3605,-19.673428446770416,-43.20892968213531,-0.9741024301992263,1013.25,0.0,349.99948177481934,0.10955594882309683,1.3370723904898743,-8.448993958873027,12,1.0,0.0,0.0,0.0,2,0.8554838630880524
10:35:41.551,72200,3610,-19.67343099399243,-43.2089237266668,1.363613935358556,1013.25,0.0,349.99948177481934,-1.358627569412966,1.3374542398206852,-9.725674037947586,12,1.0,0.0,0.0,0.0,2,0.9910771322575807
10:35:41.767,72300,3615,-19.673426052254705,-43.208927519122575,-1.5433677362105716,1013.25,0.0,349.99948177481934,0.48984333022815485,0.4439577362583571,-8.070567311552086,12,1.0,0.0,0.0,0.0,2,0.809759851375985
10:35:41.983,72400,3620,-19.673422784726014,-43.208921836441014,-1.3112813009113995,1013.25,0.0,349.99948177481934,1.3325074379290123,-1.2098208399458257,-8.915909044906941,12,1.0,0.0,0.0,0.0,2,0.9095750471179207
10:35:42.196,72500,3625,-19.673416012469023,-43.20891220364493,-1.3576578998265005,1013.25,0.0,349.99948177481934,0.7301910946231254,0.15403270824115634,-9.822067946578208,12,1.0,0.0,0.0,0.0,2,0.9850376838328272
10:35:42.404,72600,3630,-19.673411816323842,-43.20891377317494,0.3866732017772989,1013.25,0.0,349.99948177481934,-0.7717822238652131,-0.1512476835239247,-8.698923092179655,12,1.0,0.0,0.0,0.0,2,0.8734402476786958
10:35:42.620,72700,3635,-19.673410775710227,-43.20890955333861,0.5824013044327252,1013.25,0.0,349.99948177481934,-0.2263928371291366,-0.015563786352918996,-9.205948414425169,12,1.0,0.0,0.0,0.0,2,0.9208744874151217
10:35:42.838,72800,3640,-19.67339729779026,-43.20890540056423,-1.778178551767656,1013.25,0.0,349.99948177481934,0.7614619736407469,-1.3835245670220349,-9.816554144898026,12,1.0,0.0,0.0,0.0,2,0.9942771235655027
10:35:43.048,72900,3645,-19.673399659806066,-43.20889671334727,-0.30204770265618164,1013.25,0.0,349.99948177481934,0.8833803338112656,0.8902083403104939,-9.249944136900067,12,1.0,0.0,0.0,0.0,2,0.9334575418255229
10:35:43.256,73000,3650,-19.67339738905218,-43.20889745120911,1.2605892077978638,1013.25,0.0,349.99948177481934,-1.1936789101700902,1.4476803875304607,-8.976624218407407,12,1.0,0.0,0.0,0.0,2,0.9170628670027132
10:35:43.471,73100,3655,-19.67339124807178,-43.20889014333261,-0.8339426565717241,1013.25,0.0,349.99948177481934,-0.5494183768995988,1.3120720859955446,-9.323510759960959,12,1.0,0.0,0.0,0.0,2,0.9431396853214876
10:35:43.684,73200,3660,-19.673385412988676,-43.20888007744025,1.962810335398649,1013.25,0.0,349.99948177481934,-0.5210483608275884,0.7271890350759262,-9.052495412065634,12,1.0,0.0,0.0,0.0,2,0.9096591035796054
10:35:43.898,73300,3665,-19.673379435751688,-43.20888521615734,1.4176113298699278,1013.25,0.0,349.99948177481934,1.2711003035304822,-0.15920242128440565,-9.178104668030993,12,1.0,0.0,0.0,0.0,2,0.926707325372528
10:35:44.106,73400,3670,-19.673378916540308,-43.20888093407211,0.5612314093868025,1013.25,0.0,349.99948177481934,-1.3044109958755943,1.0337874487044152,-8.82808727950352,12,1.0,0.0,0.0,0.0,2,0.8983614503627804
10:35:44.323,73500,3675,-19.673370925149584,-43.20887421235901,-0.4586887343094985,1013.25,0.0,349.99948177481934,0.34284995921269923,0.6913789885370685,-9.030641272415377,12,1.0,0.0,0.0,0.0,2,0.9063555196024059
10:35:44.540,73600,3680,-19.67336456519017,-43.208865539008094,1.8204995255931409,1013.25,0.0,349.99948177481934,0.2345306256485613,-0.41244046167444237,-9.4931225560124,12,1.0,0.0,0.0,0.0,2,0.9504971731271207
10:35:44.746,73700,3685,-19.673367822359783,-43.20886231124594,0.9231610201742351,1013.25,0.0,349.99948177481934,-1.0765461953175706,0.5892755520955228,-9.970011139244663,12,1.0,0.0,0.0,0.0,2,1.0045263535797002
10:35:44.964,73800,3690,-19.67336192461966,-43.20885965510694,-1.5892712512643032,1013.25,0.0,349.99948177481934,0.03241977963694698,0.4581982907148956,-8.505314531203112,12,1.0,0.0,0.0,0.0,2,0.851770931591473
10:35:45.172,73900,3695,-19.673356547193535,-43.20885699365321,0.30203890239416165,1013.25,0.0,349.99948177481934,0.8451406811170497,0.06388974150197457,-9.04543258654501,12,1.0,0.0,0.0,0.0,2,0.9085053403677853
10:35:45.380,74000,3700,-19.673346786671,-43.208850192026034,-0.10571472580446173,1013.25,0.0,349.99948177481934,-1.232474676430665,0.1540499647806326,-8.328999828872877,12,1.0,0.0,0.0,0.0,2,0.8421102265680913
10:35:45.588,74100,3705,-19.673347509036418,-43.20884615267192,-0.24644735673767926,1013.25,0.0,349.99948177481934,0.4035082487883066,-0.9903790279280001,-8.648910105135291,12,1.0,0.0,0.0,0.0,2,0.8714775701790103
10:35:45.797,74200,3710,-19.67334756339652,-43.20884199229424,-1.6536078907904246,1013.25,0.0,349.99948177481934,-0.03536996835879225,-1.4893546742729242,-9.540773388895655,12,1.0,0.0,0.0,0.0,2,0.9656385723380141
10:35:46.015,74300,3715,-19.673340984834788,-43.208836753680956,-0.3217370221782483,1013.25,0.0,349.99948177481934,0.06420954714539917,-1.1915611055279849,-8.113918224470885,12,1.0,0.0,0.0,0.0,2,0.8201195625489763
10:35:46.225,74400,3720,-19.67333485837566,-43.208830607994116,-0.7604610173860462,1013.25,0.0,349.99948177481934,-0.8646262895217676,-1.362447563378529,-9.502853234423293,12,1.0,0.0,0.0,0.0,2,0.9638882797216569
10:35:46.433,74500,3725,-19.67332560648594,-43.20882789716835,-1.2095433821072432,1013.25,0.0,349.99948177481934,1.032044044689644,-1.049434241014405,-8.684649851612328,12,1.0,0.0,0.0,0.0,2,0.8808494206247902
10:35:46.641,74600,3730,-19.673323832182433,-43.208829208359774,0.1341070188842277,1013.25,0.0,349.99948177481934,-0.8603432060460025,-1.4586119055373636,-8.544870557116099,12,1.0,0.0,0.0,0.0,2,0.8711059175613173
10:35:46.855,74700,3735,-19.673323709600037,-43.208823219506506,0.22834282063892264,1013.25,0.0,349.99948177481934,-1.2499208360335128,0.5569701671151361,-8.936749614421549,12,1.0,0.0,0.0,0.0,2,0.9040907672035519
10:35:47.072,74800,3740,-19.673316951440153,-43.208820694974726,-1.0610399493946474,1013.25,0.0,349.99948177481934,0.962342971543162,0.2768246163789163,-8.109431257511273,12,1.0,0.0,0.0,0.0,2,0.8171022652239603
10:35:47.282,74900,3745,-19.673317679254918,-43.20881666198309,0.5843270621924415,1013.25,0.0,349.99948177481934,-0.9425470394023404,-1.4021719713113,-8.986544953097644,12,1.0,0.0,0.0,0.0,2,0.9143985528896131
10:35:47.492,75000,3750,-19.673305377447544,-43.20881186475463,-0.8647035596815442,1013.25,0.0,349.99948177481934,0.3879204535373848,-1.1679111472920276,-8.799200619347356,12,1.0,0.0,0.0,0.0,2,0.888484272600053
10:35:47.707,75100,3755,-19.673301059583387,-43.20880501233472,1.6023483510953125,1013.25,0.0,349.99948177481934,-0.47644335845926244,0.6684636386386602,-8.714112090181057,12,1.0,0.0,0.0,0.0,2,0.8752690525218041
10:35:47.924,75200,3760,-19.67329961429351,-43.20879932926706,1.397788170606725,1013.25,0.0,349.99948177481934,-0.3960243164708577,1.3527593867696512,-8.700059997127067,12,1.0,0.0,0.0,0.0,2,0.88135031157503
10:35:48.131,75300,3765,-19.67329192414161,-43.20879677842886,1.9822766816218245,1013.25,0.0,349.99948177481934,-0.20670244606935162,-0.6428150757828166,-8.259854346385298,12,1.0,0.0,0.0,0.0,2,0.8287407975137029
10:35:48.341,75400,3770,-19.673295007858794,-43.20878758114863,0.8970943536518341,1013.25,0.0,349.99948177481934,1.4457152430475855,0.7344435301966525,-9.40300842772566,12,1.0,0.0,0.0,0.0,2,0.9541806294140939
10:35:48.557,75500,3775,-19.673291902862978,-43.2087911452274,0.195981942283741,1013.25,0.0,349.99948177481934,-1.3709696707541572,0.9972025880703668,-8.7444713582066,12,1.0,0.0,0.0,0.0,2,0.8907286352996494
10:35:48.766,75600,3780,-19.673282852027924,-43.208786042592656,-1.6398969856185404,1013.25,0.0,349.99948177481934,0.8450813362632683,-1.1167614701055633,-9.29926739972866,12,1.0,0.0,0.0,0.0,2,0.9404131688660526
10:35:48.973,75700,3785,-19.673278798336803,-43.20877920009936,-0.8503365062831141,1013.25,0.0,349.99948177481934,-0.1286832534600264,-0.5535547027560526,-9.752166983345132,12,1.0,0.0,0.0,0.0,2,0.9768712456598939
10:35:49.188,75800,3790,-19.673276502379352,-43.20877467711105,-1.869978506813573,1013.25,0.0,349.99948177481934,-0.2974481491074963,-1.249805318232994,-9.485586138847228,12,1.0,0.0,0.0,0.0,2,0.9572190613040551
10:35:49.404,75900,3795,-19.673269616710716,-43.208769885813616,0.6031940609714956,1013.25,0.0,349.99948177481934,0.3169419487838223,-0.39025485803386584,-9.520248382116398,12,1.0,0.0,0.0,0.0,2,0.9533513534385305
10:35:49.620,76000,3800,-19.673261817450488,-43.20876678127827,-0.749452600055935,1013.25,0.0,349.99948177481934,0.6112000257198127,-0.3813431354321333,-8.111399740911702,12,1.0,0.0,0.0,0.0,2,0.8143328178038973
10:35:49.830,76100,3805,-19.673257097392007,-43.20876138015159,-1.4327775585487457,1013.25,0.0,349.99948177481934,1.234056565294002,0.9816082832617736,-8.617591038757544,12,1.0,0.0,0.0,0.0,2,0.8760669251797358
10:35:50.044,76200,3810,-19.673252771967523,-43.20875341764512,-1.1275393418329993,1013.25,0.0,349.99948177481934,-0.7751726115574963,-0.4755514815239832,-9.985596793564849,12,1.0,0.0,0.0,0.0,2,1.0026923013215028
10:35:50.261,76300,3815,-19.673252335140866,-43.20875598644948,-1.3235642293823897,1013.25,0.0,349.99948177481934,-1.2983868783986536,-0.7211823363840946,-8.36577435107313,12,1.0,0.0,0.0,0.0,2,0.8496593019639299
10:35:50.477,76400,3820,-19.673249162958832,-43.20875046656709,-1.1434803249500431,1013.25,0.0,349.99948177481934,-0.7146066034315331,-1.0009614574085615,-9.499453712935653,12,1.0,0.0,0.0,0.0,2,0.9578737248776186
10:35:50.684,76500,3825,-19.673249305919956,-43.20874697284515,1.3746332249658244,1013.25,0.0,349.99948177481934,-1.2604628465025018,-0.4186138440010221,-8.771658360360952,12,1.0,0.0,0.0,0.0,2,0.8871639900756382
10:35:50.894,76600,3830,-19.673242506941214,-43.20873916765559,-1.3422220623965355,1013.25,0.0,349.99948177481934,0.9078135855454779,0.07036612794262465,-9.426638945074638,12,1.0,0.0,0.0,0.0,2,0.9470512061069374
10:35:51.109,76700,3835,-19.67323959100087,-43.20873442696789,-1.5257259943907115,1013.25,0.0,349.99948177481934,-0.3586929078133889,0.7515724613297579,-8.884998641551313,12,1.0,0.0,0.0,0.0,2,0.8923940980705418
10:35:51.322,76800,3840,-19.673233384557193,-43.20872740567971,1.9428351840207472,1013.25,0.0,349.99948177481934,0.5498370443548453,1.2973646444120837,-9.179824070391353,12,1.0,0.0,0.0,0.0,2,0.9287337926405599
10:35:51.536,76900,3845,-19.673231295592785,-43.208731273060486,0.5253176236648214,1013.25,0.0,349.99948177481934,0.1285763802664408,-1.4824852689250436,-9.057922264401995,12,1.0,0.0,0.0,0.0,2,0.9179338222665703
10:35:51.751,77000,3850,-19.673227837866328,-43.20872490851358,-0.2235322988640953,1013.25,0.0,349.99948177481934,-0.9699769369642702,-0.19825071766648605,-8.312690937706893,12,1.0,0.0,0.0,0.0,2,0.8371438898488848
10:35:51.959,77100,3855,-19.673222005097916,-43.208718289956046,0.17089961134787268,1013.25,0.0,349.99948177481934,1.066591114138662,-0.41071843266467356,-9.114816561641689,12,1.0,0.0,0.0,0.0,2,0.9186195468640307
10:35:52.175,77200,3860,-19.673213365925168,-43.20871253380322,0.07717515681607212,1013.25,0.0,349.99948177481934,1.3122482322256164,-0.6011022601472258,-9.917337444075818,12,1.0,0.0,0.0,0.0,2,1.0021821258124775
10:35:52.383,77300,3865,-19.67321088623743,-43.208715395056316,-0.03262451189382087,1013.25,0.0,349.99948177481934,0.9859914762277984,-0.35439171218836707,-8.70442044490278,12,1.0,0.0,0.0,0.0,2,0.8767252018648899
10:35:52.598,77400,3870,-19.67321084270561,-43.208703731026986,0.11441572872588734,1013.25,0.0,349.99948177481934,-0.2711642125983498,-1.4020925103439867,-8.976277031580075,12,1.0,0.0,0.0,0.0,2,0.9089166231587404
10:35:52.813,77500,3875,-19.673203105692856,-43.20870546191643,-0.9399377690704744,1013.25,0.0,349.99948177481934,1.0151782521882424,0.6504136187371108,-8.212597033369859,12,1.0,0.0,0.0,0.0,2,0.8300624963921095
10:35:53.027,77600,3880,-19.67320215859406,-43.20869530295141,-0.3516175985549985,1013.25,0.0,349.99948177481934,-0.4576031610112157,-0.8997881206832682,-9.686242819247473,12,1.0,0.0,0.0,0.0,2,0.9738702134705295
10:35:53.234,77700,3885,-19.673190208045725,-43.208691496304326,-0.9479947348618829,1013.25,0.0,349.99948177481934,1.4601162616817538,0.33827318493913294,-9.461163096104807,12,1.0,0.0,0.0,0.0,2,0.9579142726589466
10:35:53.447,77800,3890,-19.673194532892342,-43.20869325597789,-0.9891345457350145,1013.25,0.0,349.99948177481934,-0.24719301020368611,-0.7831829300789853,-9.418774882018203,12,1.0,0.0,0.0,0.0,2,0.9454512158985132
10:35:53.654,77900,3895,-19.67318958854984,-43.20868555210553,-0.15778439372991837,1013.25,0.0,349.99948177481934,-1.046993444530927,1.451511566622453,-8.399150150113494,12,1.0,0.0,0.0,0.0,2,0.8587712404655913
10:35:53.862,78000,3900,-19.67317934428132,-43.20867825692054,-1.9025309518511269,1013.25,0.0,349.99948177481934,-0.8317325169136487,-1.244906289362404,-9.119037371698228,12,1.0,0.0,0.0,0.0,2,0.9241126188696621
10:35:54.070,78100,3905,-19.673172903972926,-43.20868201051286,0.734893323159918,1013.25,0.0,349.99948177481934,0.3650136701151643,0.33218831667960624,-8.092140972755766,12,1.0,0.0,0.0,0.0,2,0.8107177658104083
10:35:54.285,78200,3910,-19.673173619866652,-43.20867272319295,-0.7415021150380787,1013.25,0.0,349.99948177481934,-0.3140361864011205,0.2924569320095869,-9.097690840517396,12,1.0,0.0,0.0,0.0,2,0.9107805905545198
10:35:54.498,78300,3915,-19.67316683624651,-43.2086643305746,0.4344990411538179,1013.25,0.0,349.99948177481934,0.8569437173893806,0.7549244314970758,-9.073421565771163,12,1.0,0.0,0.0,0.0,2,0.9145011883111226
10:35:54.710,78400,3920,-19.673169340759145,-43.20866231376791,-0.23139393743832182,1013.25,0.0,349.99948177481934,-0.5567158934953135,-0.34711110327212236,-9.473798874915826,12,1.0,0.0,0.0,0.0,2,0.9496487973268931
10:35:54.918,78500,3925,-19.67316258194864,-43.20866305820814,-0.7374184501798888,1013.25,0.0,349.99948177481934,-0.9763581011921781,-1.4974706609851427,-8.66406839125085,12,1.0,0.0,0.0,0.0,2,0.88465685217799
10:35:55.134,78600,3930,-19.673156243877955,-43.20865658606356,0.6996506942747271,1013.25,0.0,349.99948177481934,-0.6872705063034192,1.3210317181490923,-8.622613490562923,12,1.0,0.0,0.0,0.0,2,0.8750253079587369
10:35:55.344,78700,3935,-19.673148864923863,-43.208650967293224,1.0914737835649042,1013.25,0.0,349.99948177481934,0.341122317880759,-1.1056894598713254,-9.322982843021752,12,1.0,0.0,0.0,0.0,2,0.939451556540862
10:35:55.552,78800,3940,-19.673150928002674,-43.20865004554977,1.4361192005111754,1013.25,0.0,349.99948177481934,-0.10693452464827513,-0.9447102130116642,-8.948049705615086,12,1.0,0.0,0.0,0.0,2,0.8998416855941301
10:35:55.772,78900,3945,-19.673140165900552,-43.20864553810874,-0.41422616965257886,1013.25,0.0,349.99948177481934,-0.5368737879908353,-1.376527659298532,-9.388640395320165,12,1.0,0.0,0.0,0.0,2,0.9504190146124135
10:35:55.986,79000,3950,-19.67314013537929,-43.20864121400832,-1.9560138899215724,1013.25,0.0,349.99948177481934,-1.4570250783156267,-0.4908575095270571,-8.72249609044539,12,1.0,0.0,0.0,0.0,2,0.8856963431184239
10:35:56.197,79100,3955,-19.673130132700788,-43.20863918972276,-1.1715476808748506,1013.25,0.0,349.99948177481934,-0.059494986068330924,-1.192666351701003,-8.534089599022993,12,1.0,0.0,0.0,0.0,2,0.8617231455867916
10:35:56.404,79200,3960,-19.673128320292562,-43.208626805523416,-0.20775115949842116,1013.25,0.0,349.99948177481934,-0.09624208868909667,1.0249370771422397,-9.592323847285442,12,1.0,0.0,0.0,0.0,2,0.9647405627573514
10:35:56.612,79300,3965,-19.673126355147637,-43.20862767579781,-0.8472287459928856,1013.25,0.0,349.99948177481934,1.2209364001450327,-0.6031025272716108,-9.655272156182328,12,1.0,0.0,0.0,0.0,2,0.9750830670335233
10:35:56.827,79400,3970,-19.67312215538581,-43.208626073699456,0.05873778901164517,1013.25,0.0,349.99948177481934,-1.2047758983972598,-1.0468796918183654,-8.148650332575725,12,1.0,0.0,0.0,0.0,2,0.8303489886613165
10:35:57.037,79500,3975,-19.67312189880892,-43.20861830836893,1.3270248903991386,1013.25,0.0,349.99948177481934,-0.9806002050303056,0.578561670955104,-9.070099745192103,12,1.0,0.0,0.0,0.0,2,0.9141281078543515
10:35:57.245,79600,3980,-19.673111897023077,-43.208610847335216,-0.2818708341564409,1013.25,0.0,349.99948177481934,-0.6704529511593224,0.03018460448211413,-8.049100790793647,12,1.0,0.0,0.0,0.0,2,0.8077031745042289
10:35:57.458,79700,3985,-19.673113732904223,-43.20860982185618,1.2109013902738615,1013.25,0.0,349.99948177481934,-1.0152983761041634,1.0078711777938567,-8.706234040381453,12,1.0,0.0,0.0,0.0,2,0.8822989644641099
10:35:57.673,79800,3990,-19.67310048123035,-43.208603550860936,-1.8806577678724699,1013.25,0.0,349.99948177481934,0.19019940213126274,-0.4734837695699985,-8.091502884877592,12,1.0,0.0,0.0,0.0,2,0.8107575570329252
10:35:57.880,79900,3995,-19.67310170947259,-43.20860354515982,0.6920189509508101,1013.25,0.0,349.99948177481934,-0.2167194016475893,0.8311659486139344,-8.221034337824817,12,1.0,0.0,0.0,0.0,2,0.8265785486986733
10:35:58.087,80000,4000,-19.673098939353302,-43.208600994907115,1.605209680254109,1013.25,0.0,349.99948177481934,0.6242413134081533,-1.3073347905314823,-8.330096167976361,12,1.0,0.0,0.0,0.0,2,0.845513474993947
10:35:58.299,80100,4005,-19.673089388485028,-43.20859442301274,1.3020913010303117,1013.25,0.0,349.99948177481934,-1.4802344789199726,-1.2539142656702698,-9.823869651888131,12,1.0,0.0,0.0,0.0,2,1.0013581279218915
10:35:58.506,80200,4010,-19.673092242915473,-43.208591388697485,-1.5733624272931692,1013.25,0.0,349.99948177481934,-0.9479935599935607,-0.8605852483861057,-9.53646583720148,12,1.0,0.0,0.0,0.0,2,0.96220309406923
10:35:58.717,80300,4015,-19.673088248630922,-43.208580548523756,-0.2843312498967019,1013.25,0.0,349.99948177481934,1.4900411449042612,0.957959825907627,-9.082697928025983,12,1.0,0.0,0.0,0.0,2,0.9253826845869121
10:35:58.925,80400,4020,-19.673077986633196,-43.20857711383034,-1.9325555232259926,1013.25,0.0,349.99948177481934,-0.11966828120753581,1.263745836683388,-9.626727646857628,12,1.0,0.0,0.0,0.0,2,0.9710059692094316
10:35:59.142,80500,4025,-19.673077167671252,-43.2085721871666,-1.056314267180321,1013.25,0.0,349.99948177481934,0.10134716237524466,0.44105237219415816,-9.016782422885454,12,1.0,0.0,0.0,0.0,2,0.9028131794784328
10:35:59.349,80600,4030,-19.67307269571667,-43.20857595927265,0.3400024807030295,1013.25,0.0,349.99948177481934,-0.5279383055290529,0.07295360110940496,-9.568966514619497,12,1.0,0.0,0.0,0.0,2,0.9583796807125501
10:35:59.564,80700,4035,-19.6730634765484,-43.208571536278626,1.02131562783488,1013.25,0.0,349.99948177481934,-0.015536501430712057,0.2456840071872004,-8.895902133529283,12,1.0,0.0,0.0,0.0,2,0.8899307657542531
10:35:59.772,80800,4040,-19.6730634262969,-43.20856344167057,0.8756904842276203,1013.25,0.0,349.99948177481934,0.3669582086924108,0.8842881809541776,-8.430816846698024,12,1.0,0.0,0.0,0.0,2,0.848500422017981
10:35:59.983,80900,4045,-19.673061168585384,-43.20855776135772,-0.8984936898309983,1013.25,0.0,349.99948177481934,0.09502384318460222,-1.3053090123153086,-9.48249528063081,12,1.0,0.0,0.0,0.0,2,0.9572386217427227
10:36:00.194,81000,4050,-19.67305032529643,-43.20855887921163,0.6306426331837649,1013.25,0.0,349.99948177481934,-0.41169983512685393,-0.794299615609896,-8.053810417331304,12,1.0,0.0,0.0,0.0,2,0.8103349361339159
10:36:00.409,81100,4055,-19.673054425607933,-43.2085487880138,0.10015873596815039,1013.25,0.0,349.99948177481934,0.9114663332613508,0.7323884027814769,-8.91452419600217,12,1.0,0.0,0.0,0.0,2,0.8990879005431328
10:36:00.619,81200,4060,-19.67304575791309,-43.20854346131057,-0.8009006943481669,1013.25,0.0,349.99948177481934,0.75644108420079,0.7138251806344247,-9.71321812342913,12,1.0,0.0,0.0,0.0,2,0.976874381973889
10:36:00.829,81300,4065,-19.67304182711638,-43.208546576091294,0.11595426708431811,1013.25,0.0,349.99948177481934,-0.6954404970155913,1.0515275867580272,-9.785718230017364,12,1.0,0.0,0.0,0.0,2,0.9866591560812511
10:36:01.039,81400,4070,-19.67304284292036,-43.20854147576118,-0.5454921405879731,1013.25,0.0,349.99948177481934,1.4640146626975459,1.3773355265186629,-9.935886087354115,12,1.0,0.0,0.0,0.0,2,1.01371704348936
10:36:01.257,81500,4075,-19.67303251342029,-43.208528989819335,1.4961581890239315,1013.25,0.0,349.99948177481934,-0.20268190925707197,-0.06193863428707891,-9.985333379930424,12,1.0,0.0,0.0,0.0,2,0.9987582242920965
10:36:01.475,81600,4080,-19.673030383631602,-43.20852848368808,0.9324330721823868,1013.25,0.0,349.99948177481934,-0.8062256523362074,-0.7142859171333924,-8.856800118569328,12,1.0,0.0,0.0,0.0,2,0.8922057639030904
10:36:01.688,81700,4085,-19.673021698354503,-43.20852927660749,1.2607322959681486,1013.25,0.0,349.99948177481934,-0.5954318724921656,0.08108922234463556,-9.81376355114632,12,1.0,0.0,0.0,0.0,2,0.983214471082317
10:36:01.902,81800,4090,-19.673023250095348,-43.208524586036624,-1.3899605000553579,1013.25,0.0,349.99948177481934,-0.013252980151163385,-0.013089761548748413,-9.448287487998783,12,1.0,0.0,0.0,0.0,2,0.9448305850215406
10:36:02.118,81900,4095,-19.67301862630234,-43.20851639571049,-1.0322763842039975,1013.25,0.0,349.99948177481934,1.2511934155871733,1.3357532521516928,-8.866448127891486,12,1.0,0.0,0.0,0.0,2,0.9053376393281843
10:36:02.333,82000,4100,-19.673012324343855,-43.20850871445443,-1.0954697087659784,1013.25,0.0,349.99948177481934,-1.2773860972547915,-1.059648466889547,-8.804704448004777,12,1.0,0.0,0.0,0.0,2,0.8959765093547727
10:36:02.548,82100,4105,-19.673008198645103,-43.20850714089248,-0.05499982026807393,1013.25,0.0,349.99948177481934,-0.11191502002929488,0.6944903129574729,-8.759907689481668,12,1.0,0.0,0.0,0.0,2,0.878810699153919
10:36:02.760,82200,4110,-19.673000803894947,-43.208504300880755,0.2963845310894584,1013.25,0.0,349.99948177481934,-0.15385265679073434,-1.0907638226046545,-9.753404116637391,12,1.0,0.0,0.0,0.0,2,0.9815412789034597
10:36:02.977,82300,4115,-19.67299512510194,-43.20850144694756,-0.490093018260783,1013.25,0.0,349.99948177481934,-0.23340369412188622,-0.30028133084886255,-8.212263196025111,12,1.0,0.0,0.0,0.0,2,0.8221065196364439
10:36:03.185,82400,4120,-19.67299717577595,-43.20849661687381,0.7936876947279567,1013.25,0.0,349.99948177481934,-1.159756181728802,-0.9706948980492618,-9.021640691102846,12,1.0,0.0,0.0,0.0,2,0.9147528832724151
10:36:03.401,82500,4125,-19.67299334697856,-43.208486867713546,1.3628731634337243,1013.25,0.0,349.99948177481934,-1.0076299506663127,-0.39215286431202667,-9.460041208214777,12,1.0,0.0,0.0,0.0,2,0.9521632299537178
10:36:03.621,82600,4130,-19.67298848915003,-43.20848488175955,0.07649955452252355,1013.25,0.0,349.99948177481934,0.7619170401138957,-0.5852815527814907,-8.01585557744897,12,1.0,0.0,0.0,0.0,2,0.8073228146817233
10:36:03.829,82700,4135,-19.672978440275898,-43.20847892571337,0.26587777928974354,1013.25,0.0,349.99948177481934,-0.6360918796897943,0.4509503804160633,-8.589423052572235,12,1.0,0.0,0.0,0.0,2,0.8624741010666002
10:36:04.037,82800,4140,-19.67298239754212,-43.20847972494472,-0.4189420752941668,1013.25,0.0,349.99948177481934,-1.040186841450761,-0.8583178082451546,-8.48843855409931,12,1.0,0.0,0.0,0.0,2,0.859489890643268
10:36:04.252,82900,4145,-19.67297578760821,-43.2084732409419,0.9206355170710556,1013.25,0.0,349.99948177481934,0.5967984262338795,0.6768702802642754,-9.899575456531768,12,1.0,0.0,0.0,0.0,2,0.9940619495656517
10:36:04.468,83000,4150,-19.672971773670596,-43.20846726861932,-1.4292119052460492,1013.25,0.0,349.99948177481934,0.8537608652446149,1.0002155122916552,-9.386446928800092,12,1.0,0.0,0.0,0.0,2,0.9478118201058309
10:36:04.676,83100,4155,-19.67296903432807,-43.20846247194182,1.2219918917480408,1013.25,0.0,349.99948177481934,-0.9819104977040501,-1.0883555354189896,-8.83270200292958,12,1.0,0.0,0.0,0.0,2,0.8953507171468328
10:36:04.886,83200,4160,-19.67296553776507,-43.20845790644082,-1.8593078695974237,1013.25,0.0,349.99948177481934,-0.7902589571831338,-1.352261216192331,-8.409016984254205,12,1.0,0.0,0.0,0.0,2,0.8553635850192702
10:36:05.096,83300,4165,-19.67295490919292,-43.20845325859734,0.9873789732749754,1013.25,0.0,349.99948177481934,1.0801697788501698,1.260240714647852,-8.332722247268242,12,1.0,0.0,0.0,0.0,2,0.8496424745745497
10:36:05.302,83400,4170,-19.672951106008686,-43.20844765790745,0.6837516742773828,1013.25,0.0,349.99948177481934,-0.4163304429264474,-0.4799872918469541,-8.960112543201225,12,1.0,0.0,0.0,0.0,2,0.8982612961987946
10:36:05.511,83500,4175,-19.672952116639983,-43.208453074748256,0.9923459555274801,1013.25,0.0,349.99948177481934,1.336894050364382,-0.7290028069592367,-9.558339865831655,12,1.0,0.0,0.0,0.0,2,0.9678873477073705
10:36:05.721,83600,4180,-19.67294697677036,-43.20844369805282,0.21872605101208498,1013.25,0.0,349.99948177481934,-0.26106364418906836,1.443125096485057,-9.85950342862822,12,1.0,0.0,0.0,0.0,2,0.9967977333920554
10:36:05.928,83700,4185,-19.672935483451138,-43.20843662353692,1.2151913732753594,1013.25,0.0,349.99948177481934,1.0832344527046662,-0.21339102739995885,-8.768820326812001,12,1.0,0.0,0.0,0.0,2,0.8838050833414149
10:36:06.135,83800,4190,-19.67293672213381,-43.208431132231155,1.7675570717995575,1013.25,0.0,349.99948177481934,-0.30765072608768906,-0.17990404877537802,-9.208291330798346,12,1.0,0.0,0.0,0.0,2,0.9215185492917874
10:36:06.345,83900,4195,-19.672935720261503,-43.20843498731308,-1.1984692989616588,1013.25,0.0,349.99948177481934,-0.9846381834023538,-1.1009272973223265,-9.686822214509698,12,1.0,0.0,0.0,0.0,2,0.9798779407748799
10:36:06.561,84000,4200,-19.672927919850228,-43.20842491284573,-1.580408673344028,1013.25,0.0,349.99948177481934,0.8825358189450658,-0.08695924254340559,-9.261464039043467,12,1.0,0.0,0.0,0.0,2,0.9303824349593027
10:36:06.776,84100,4205,-19.67292731521051,-43.208427578365075,-0.9426041203725637,1013.25,0.0,349.99948177481934,0.11857275022347502,-0.13428229665875469,-8.932614764294998,12,1.0,0.0,0.0,0.0,2,0.8934410879268566
10:36:06.984,84200,4210,-19.672919035183508,-43.20841432932437,-1.3642963366233083,1013.25,0.0,349.99948177481934,0.5449739434878094,-1.2193328565891521,-9.430957505955906,12,1.0,0.0,0.0,0.0,2,0.9525057936484406
10:36:07.192,84300,4215,-19.672911457723817,-43.2084192613362,1.987728778671653,1013.25,0.0,349.99948177481934,-1.0735746364243441,-1.4169439016200909,-9.28990768647823,12,1.0,0.0,0.0,0.0,2,0.9458471194839012
10:36:07.405,84400,4220,-19.672907749027978,-43.208414888309086,1.5853362421112163,1013.25,0.0,349.99948177481934,1.0249418661243488,0.7053181926812062,-8.377657518473258,12,1.0,0.0,0.0,0.0,2,0.8469541019364217
10:36:07.619,84500,4225,-19.672905389856638,-43.20840853426263,-0.4477135785167743,1013.25,0.0,349.99948177481934,1.0999564874337442,0.6540260323881562,-8.04734563149208,12,1.0,0.0,0.0,0.0,2,0.8148461574922203
10:36:07.835,84600,4230,-19.672901664436253,-43.20839701308257,0.5807441186688118,1013.25,0.0,349.99948177481934,1.0025768381500981,-0.3505562911967093,-8.379497086017183,12,1.0,0.0,0.0,0.0,2,0.8446539021650413
10:36:08.043,84700,4235,-19.672900445260826,-43.20840273687095,-0.01166403622565415,1013.25,0.0,349.99948177481934,0.5768323331663052,0.7858226244963813,-8.390345288039125,12,1.0,0.0,0.0,0.0,2,0.8446783221456369
10:36:08.258,84800,4240,-19.67289049310448,-43.20839430654091,1.899339218775928,1013.25,0.0,349.99948177481934,1.420375151776219,-1.3424432113750222,-8.372485666894022,12,1.0,0.0,0.0,0.0,2,0.8597565678137973
10:36:08.469,84900,4245,-19.67288731644583,-43.2083846482579,-0.92963175828922,1013.25,0.0,349.99948177481934,-0.612276224218808,0.5526201441059801,-8.39141688133353,12,1.0,0.0,0.0,0.0,2,0.84318532052417
10:36:08.679,85000,4250,-19.672885426258755,-43.208384148248584,-1.8927675758711464,1013.25,0.0,349.99948177481934,0.92621112571012,1.4848794560939358,-9.363746071825025,12,1.0,0.0,0.0,0.0,2,0.9525884449547855
10:36:08.887,85100,4255,-19.67287854834481,-43.2083786029053,-0.7650478903285216,1013.25,0.0,349.99948177481934,1.2734870551072213,-1.4921384648151514,-9.433693986600781,12,1.0,0.0,0.0,0.0,2,0.9635498363371472
10:36:09.095,85200,4260,-19.672876169956826,-43.20837462554476,-1.626927295945312,1013.25,0.0,349.99948177481934,-1.3032111436063012,-0.8571726133759886,-8.83311340416583,12,1.0,0.0,0.0,0.0,2,0.8969782415688551
10:36:09.310,85300,4265,-19.672873867280188,-43.208376725773114,0.6085607740693275,1013.25,0.0,349.99948177481934,-0.9462895011906928,-0.9861706999140935,-8.071123381730716,12,1.0,0.0,0.0,0.0,2,0.8186026454425437
10:36:09.524,85400,4270,-19.672868725828078,-43.20836729681371,1.7565187605847496,1013.25,0.0,349.99948177481934,-1.4500440205530012,-0.5205578406941586,-8.660822798018465,12,1.0,0.0,0.0,0.0,2,0.8796786894413556
10:36:09.733,85500,4275,-19.672865761160867,-43.20835905060132,-1.2603130018670323,1013.25,0.0,349.99948177481934,-1.1424004178139888,-1.296510945389254,-8.212327402825883,12,1.0,0.0,0.0,0.0,2,0.8392159478783792
10:36:09.941,85600,4280,-19.672860105764805,-43.208364776696975,1.3376086721336478,1013.25,0.0,349.99948177481934,0.5715858511822907,-0.21414211793365046,-9.875614837725854,12,1.0,0.0,0.0,0.0,2,0.989445984655332
10:36:10.153,85700,4285,-19.672856042832247,-43.2083535713208,-0.15603550304675906,1013.25,0.0,349.99948177481934,0.30526584731863005,0.43283278868730424,-9.872848175847516,12,1.0,0.0,0.0,0.0,2,0.9887045188722342
10:36:10.367,85800,4290,-19.67285346477707,-43.20834789108445,1.966955905046075,1013.25,0.0,349.99948177481934,1.1725323459413417,-0.562114822594325,-9.213024626916557,12,1.0,0.0,0.0,0.0,2,0.9304333826353712
10:36:10.577,85900,4295,-19.672851537698794,-43.208345013278674,-0.5084213287678954,1013.25,0.0,349.99948177481934,1.2325778851752407,-1.2729111168479872,-8.822328997010503,12,1.0,0.0,0.0,0.0,2,0.8998502091232219
10:36:10.793,86000,4300,-19.672842075321316,-43.20834578404408,-1.034284971180802,1013.25,0.0,349.99948177481934,-0.0887795632405659,1.4547888240103362,-9.369539085782108,12,1.0,0.0,0.0,0.0,2,0.9482223105016735
10:36:11.009,86100,4305,-19.67283366975574,-43.20833863772456,0.8008277672831792,1013.25,0.0,349.99948177481934,1.0227098686143807,0.3133454784775933,-8.617006944311344,12,1.0,0.0,0.0,0.0,2,0.8683140534538959
10:36:11.219,86200,4310,-19.67283360485613,-43.208337998189435,-1.4663761342477475,1013.25,0.0,349.99948177481934,-0.656712418845004,1.1984530864142116,-8.169276724225583,12,1.0,0.0,0.0,0.0,2,0.8282791992943856
10:36:11.428,86300,4315,-19.672828743966296,-43.20832560609628,1.1255829615145765,1013.25,0.0,349.99948177481934,0.8195839450456104,0.8771395558174135,-9.349192266631363,12,1.0,0.0,0.0,0.0,2,0.9425947574742595
10:36:11.642,86400,4320,-19.67282408046628,-43.2083279729964,-1.0658999671992166,1013.25,0.0,349.99948177481934,-0.7947993073595734,-1.0883671274839206,-8.998498337370359,12,1.0,0.0,0.0,0.0,2,0.9098858239956483
10:36:11.857,86500,4325,-19.672817321577984,-43.20832072188993,-1.4676650049365887,1013.25,0.0,349.99948177481934,-0.08592264675931172,0.8839046976845535,-9.38427305838494,12,1.0,0.0,0.0,0.0,2,0.9426200244538855
10:36:12.075,86600,4330,-19.672812211274042,-43.20831670369979,1.4658429071059786,1013.25,0.0,349.99948177481934,1.2119938759101965,-0.3188546220577768,-9.09444279535246,12,1.0,0.0,0.0,0.0,2,0.9180386004040882
10:36:12.283,86700,4335,-19.672812703229358,-43.208309844913266,-1.4360600061635282,1013.25,0.0,349.99948177481934,0.06125047839772835,0.9892787432672532,-8.51922403638832,12,1.0,0.0,0.0,0.0,2,0.8576689468271594
10:36:12.496,86800,4340,-19.672813549719937,-43.20831062516163,-0.1439089507921456,1013.25,0.0,349.99948177481934,0.6051263286823207,-0.1510245241647179,-8.399289588332552,12,1.0,0.0,0.0,0.0,2,0.8422413660539082
10:36:12.706,86900,4345,-19.672806167376272,-43.208301457893505,-1.839075129063151,1013.25,0.0,349.99948177481934,-0.9511474217226782,-1.0052831399569175,-9.271080599611835,12,1.0,0.0,0.0,0.0,2,0.9373804515447839
10:36:12.916,87000,4350,-19.672795672994468,-43.208295705470924,1.3111903480924307,1013.25,0.0,349.99948177481934,0.4786302343314368,0.35669725139652675,-9.825829965312579,12,1.0,0.0,0.0,0.0,2,0.9843945059660003
10:36:13.123,87100,4355,-19.672799747456626,-43.20830033557206,-1.2434936320944843,1013.25,0.0,349.99948177481934,-0.08907916663502302,-0.19664933012209662,-9.589924182825007,12,1.0,0.0,0.0,0.0,2,0.9592353824234057
10:36:13.335,87200,4360,-19.672786958180502,-43.20829652406335,1.4507424388852512,1013.25,0.0,349.99948177481934,0.16474697334226596,1.0649196565632293,-9.503079649065096,12,1.0,0.0,0.0,0.0,2,0.9563980251790328
10:36:13.552,87300,4365,-19.67278310650491,-43.20828858548894,0.6468834366397522,1013.25,0.0,349.99948177481934,-1.3273876391752752,0.589334593670455,-8.1431640587607,12,1.0,0.0,0.0,0.0,2,0.8271662112043991
10:36:13.764,87400,4370,-19.672784469940822,-43.20827971765084,1.685785631561135,1013.25,0.0,349.99948177481934,-1.0980512101959827,0.12653557814539074,-9.35603432020552,12,1.0,0.0,0.0,0.0,2,0.942109897589517
10:36:13.971,87500,4375,-19.672778154062925,-43.20828165461911,-1.6719452382697049,1013.25,0.0,349.99948177481934,0.3923143864044232,-1.3054350182855519,-8.994218531444849,12,1.0,0.0,0.0,0.0,2,0.9096924653757006
10:36:14.188,87600,4380,-19.67277714325419,-43.20827665408918,-1.7672081021212813,1013.25,0.0,349.99948177481934,0.6747405761792895,-1.075879977548165,-8.077514031996971,12,1.0,0.0,0.0,0.0,2,0.8176736849644837
10:36:14.407,87700,4385,-19.67277401704187,-43.208269753880025,-1.0850353614119754,1013.25,0.0,349.99948177481934,0.685606461372406,0.9841549586969438,-9.775416309429822,12,1.0,0.0,0.0,0.0,2,0.9848724852754794
10:36:14.619,87800,4390,-19.67276467594517,-43.20826302651577,-0.08490957042694003,1013.25,0.0,349.99948177481934,-0.01363110654409505,-1.4176850555973814,-9.01172084263935,12,1.0,0.0,0.0,0.0,2,0.9122561551975972
10:36:14.826,87900,4395,-19.67276294951915,-43.208265722642004,-1.528510573372177,1013.25,0.0,349.99948177481934,-0.5362294310136151,-0.17814766853858677,-9.28156941224698,12,1.0,0.0,0.0,0.0,2,0.9298753107210112
10:36:15.040,88000,4400,-19.672761117094577,-43.20825828397408,-1.7927111585735394,1013.25,0.0,349.99948177481934,-0.42813833445550653,-1.3772458631684819,-8.263238062567451,12,1.0,0.0,0.0,0.0,2,0.8388159028041167
10:36:15.251,88100,4405,-19.67274941579266,-43.20824918366236,-0.2708611756031014,1013.25,0.0,349.99948177481934,1.3856268317845766,-0.5641454653737297,-9.779131224390047,12,1.0,0.0,0.0,0.0,2,0.9892908031863205
10:36:15.468,88200,4410,-19.672744921463043,-43.20825212071074,1.8366024397109841,1013.25,0.0,349.99948177481934,0.7578158737602649,0.142384438360033,-9.59033150302784,12,1.0,0.0,0.0,0.0,2,0.9621279362162727
10:36:15.675,88300,4415,-19.672744745962007,-43.20824732080587,-0.6831461323211596,1013.25,0.0,349.99948177481934,-0.7310032273633517,-0.07219922803798484,-9.299265268833643,12,1.0,0.0,0.0,0.0,2,0.932823203973189
10:36:15.890,88400,4420,-19.672742010136382,-43.20823944944954,-1.0126508123302833,1013.25,0.0,349.99948177481934,0.164302187002483,0.08711256365376929,-8.689006324131947,12,1.0,0.0,0.0,0.0,2,0.8690996186180563
10:36:16.102,88500,4425,-19.67273699066099,-43.20823788233365,-1.6056540642939092,1013.25,0.0,349.99948177481934,-0.6036597764671163,0.8989042297349332,-9.284716784600683,12,1.0,0.0,0.0,0.0,2,0.9347641398246156
10:36:16.309,88600,4430,-19.672730684659243,-43.208231127151606,-0.22761986523470767,1013.25,0.0,349.99948177481934,-1.0879892221590395,0.9401945520855159,-9.873573699933191,12,1.0,0.0,0.0,0.0,2,0.997773240527716
10:36:16.518,88700,4435,-19.672726721261164,-43.208226590108346,1.5776272997759806,1013.25,0.0,349.99948177481934,0.9041089980510799,-0.15192697502260488,-9.590239609090242,12,1.0,0.0,0.0,0.0,2,0.9633960278403676
10:36:16.725,88800,4440,-19.672721027546338,-43.20822415078199,-1.7137403450177264,1013.25,0.0,349.99948177481934,1.4696919536293054,-0.8427084304433928,-9.855046651992456,12,1.0,0.0,0.0,0.0,2,0.9999604814703971
10:36:16.935,88900,4445,-19.672716448498498,-43.208217425360054,-0.42541998588781027,1013.25,0.0,349.99948177481934,-0.2319311876623018,0.9491861320812589,-8.519860064445256,12,1.0,0.0,0.0,0.0,2,0.8575707662162636
10:36:17.144,89000,4450,-19.672711477551218,-43.20821149126805,0.8699798488404169,1013.25,0.0,349.99948177481934,0.9450720378544757,1.2865002931191278,-8.219806960019257,12,1.0,0.0,0.0,0.0,2,0.8373378686104614
10:36:17.352,89100,4455,-19.672709294855817,-43.20821103089415,0.6824305744873249,1013.25,0.0,349.99948177481934,-0.045402499744912284,-0.01250091455784963,-8.173758531038443,12,1.0,0.0,0.0,0.0,2,0.8173894187201814
10:36:17.566,89200,4460,-19.67271000833768,-43.20821132895644,-1.9377395090729994,1013.25,0.0,349.99948177481934,0.17070046882460188,-0.30852500148926376,-8.480913650396982,12,1.0,0.0,0.0,0.0,2,0.848824025767949
10:36:17.782,89300,4465,-19.6726984561278,-43.20820385254723,1.6001277386814134,1013.25,0.0,349.99948177481934,0.7583414981435577,0.6121896940737148,-8.005417615488126,12,1.0,0.0,0.0,0.0,2,0.8064525357868514
10:36:17.991,89400,4470,-19.672701345138563,-43.208203081713876,1.2749680343089929,1013.25,0.0,349.99948177481934,-1.1476298547528807,-0.8393327057944275,-8.593923472488857,12,1.0,0.0,0.0,0.0,2,0.8710743614957983
10:36:18.205,89500,4475,-19.67269316490639,-43.2081966881494,1.8885523619718403,1013.25,0.0,349.99948177481934,0.3042883612626901,1.4286562127337348,-9.418708307755653,12,1.0,0.0,0.0,0.0,2,0.9531301913567106
10:36:18.418,89600,4480,-19.67269154368858,-43.20819301920895,0.01424846296764537,1013.25,0.0,349.99948177481934,-0.1767931434207406,1.1444940501410454,-9.351931211735241,12,1.0,0.0,0.0,0.0,2,0.9423361387286207
10:36:18.625,89700,4485,-19.672682238633055,-43.20818291544825,-0.8107466580700269,1013.25,0.0,349.99948177481934,-0.7308142995623986,0.7533715852257159,-9.431771667567723,12,1.0,0.0,0.0,0.0,2,0.9489993418069563
10:36:18.832,89800,4490,-19.67268184992622,-43.208185066215016,-1.1294774645075187,1013.25,0.0,349.99948177481934,1.2784599440219955,-1.2308340689799269,-8.994340622899701,12,1.0,0.0,0.0,0.0,2,0.9167746482891759
10:36:19.039,89900,4495,-19.67268235498334,-43.20818045916418,-1.17031626219383,1013.25,0.0,349.99948177481934,-0.718396142007067,-1.2114458548636131,-9.98038472251771,12,1.0,0.0,0.0,0.0,2,1.0079274442418054
10:36:19.249,90000,4500,-19.672671779153212,-43.208177714628135,-0.6473287262174039,1013.25,0.0,349.99948177481934,-0.5052339316487504,0.41422876597147074,-8.873433061145047,12,1.0,0.0,0.0,0.0,2,0.8897452505457362
10:36:19.460,90100,4505,-19.672673493823023,-43.208170431253116,-1.2559994578159017,1013.25,0.0,349.99948177481934,-1.0996124645495327,-1.2702497583361456,-8.205994893147526,12,1.0,0.0,0.0,0.0,2,0.8376218371503278
10:36:19.668,90200,4510,-19.672668455946663,-43.208167112197565,-0.7195052430576108,1013.25,0.0,349.99948177481934,-1.499556361262984,-0.5466005191933001,-9.187651842675894,12,1.0,0.0,0.0,0.0,2,0.9325255374005178
10:36:19.875,90300,4515,-19.67266430254331,-43.208163716663094,1.130658376209186,1013.25,0.0,349.99948177481934,-1.2337722237660464,0.5357074606144994,-8.186585577910378,12,1.0,0.0,0.0,0.0,2,0.8296346172137758
10:36:20.082,90400,4520,-19.672656593355445,-43.208152980182334,-0.32550437415785316,1013.25,0.0,349.99948177481934,1.4539427899239348,-0.1820171861954687,-8.87709206908278,12,1.0,0.0,0.0,0.0,2,0.8997213096032276
10:36:20.297,90500,4525,-19.672656922447697,-43.208153612721425,0.42157249118923934,1013.25,0.0,349.99948177481934,0.7984529081074094,-0.748634758282504,-9.012419557253386,12,1.0,0.0,0.0,0.0,2,0.9078639067819427
10:36:20.506,90600,4530,-19.672644967627466,-43.20815306418338,-0.29392187796536895,1013.25,0.0,349.99948177481934,0.9990904923615673,-0.9658701909915006,-8.949872074809765,12,1.0,0.0,0.0,0.0,2,0.9057113071681995
10:36:20.723,90700,4535,-19.67264520121772,-43.20814701309767,-0.3046144234978292,1013.25,0.0,349.99948177481934,1.0662048253054008,0.22284431910762725,-9.496625931126838,12,1.0,0.0,0.0,0.0,2,0.95588888682636
10:36:20.934,90800,4540,-19.672635044709494,-43.20813654316797,-1.7821156050877605,1013.25,0.0,349.99948177481934,0.4957390275881415,0.4426939962536296,-9.884938920977831,12,1.0,0.0,0.0,0.0,2,0.9907257573579855
10:36:21.148,90900,4545,-19.67263992968241,-43.20813920439887,1.6168460700548786,1013.25,0.0,349.99948177481934,0.1927476483523347,-0.24853130677434176,-8.605837090389231,12,1.0,0.0,0.0,0.0,2,0.8611582403525575
10:36:21.357,91000,4550,-19.67263504189384,-43.208133729150916,-0.7708288016575251,1013.25,0.0,349.99948177481934,-1.2989942405428052,-0.8369759864537073,-8.840512511729006,12,1.0,0.0,0.0,0.0,2,0.8974551593751112
10:36:21.569,91100,4555,-19.67262688708294,-43.20812390588756,-1.2743982181803917,1013.25,0.0,349.99948177481934,0.9369488077354116,0.9082501014188487,-8.37067675807353,12,1.0,0.0,0.0,0.0,2,0.8471777895058189
10:36:21.787,91200,4560,-19.67262388191797,-43.20812424673431,1.2655203014299854,1013.25,0.0,349.99948177481934,-0.27371213047914456,-1.192576604647372,-9.268794946508429,12,1.0,0.0,0.0,0.0,2,0.9349209434425131
10:36:22.000,91300,4565,-19.672613676541992,-43.20812145382302,1.4407642261694904,1013.25,0.0,349.99948177481934,1.311491244037854,0.26330470827794716,-9.269854626749929,12,1.0,0.0,0.0,0.0,2,0.9365871206335605
10:36:22.208,91400,4570,-19.672616860056728,-43.208111701998305,0.29186274402172696,1013.25,0.0,349.99948177481934,-1.3703255779049317,-1.093651247574333,-8.83894495690141,12,1.0,0.0,0.0,0.0,2,0.9011149382399243
10:36:22.424,91500,4575,-19.67260643502994,-43.2081145076256,0.44751726306417083,1013.25,0.0,349.99948177481934,0.7837112417196757,-0.9535302286084719,-8.125425442527197,12,1.0,0.0,0.0,0.0,2,0.8218635034440709
10:36:22.638,91600,4580,-19.67260299657499,-43.20810967246531,1.313160962373081,1013.25,0.0,349.99948177481934,-1.0130599660056274,-0.01954459258905228,-9.647680921140722,12,1.0,0.0,0.0,0.0,2,0.9700743252038242
10:36:22.850,91700,4585,-19.67260456941292,-43.20810545171712,0.6585416471745922,1013.25,0.0,349.99948177481934,1.1911631079378613,-1.3223862704007905,-8.606585909864974,12,1.0,0.0,0.0,0.0,2,0.878867999313566
10:36:23.057,91800,4590,-19.67259967998368,-43.20809406671151,-0.5420684602656709,1013.25,0.0,349.99948177481934,-1.1167547404935716,1.414177160284888,-8.819093184246729,12,1.0,0.0,0.0,0.0,2,0.9001302282642962
10:36:23.270,91900,4595,-19.672589399772562,-43.2080899126301,-1.681669264912991,1013.25,0.0,349.99948177481934,0.3635494709721776,0.34203502880742165,-9.303904745133703,12,1.0,0.0,0.0,0.0,2,0.931728499538878
10:36:23.485,92000,4600,-19.672588068874365,-43.20809287435508,-0.10608917080735702,1013.25,0.0,349.99948177481934,1.0174660291626516,-0.8691006365415417,-9.768292702579837,12,1.0,0.0,0.0,0.0,2,0.9859519022762288
10:36:23.693,92100,4605,-19.67258155640753,-43.208087820412466,-0.7361611556825176,1013.25,0.0,349.99948177481934,-0.3912723002376741,1.2196088228245618,-9.835163098527978,12,1.0,0.0,0.0,0.0,2,0.9918214197540366
10:36:23.902,92200,4610,-19.672585198847333,-43.20808350825793,-0.39306826513754123,1013.25,0.0,349.99948177481934,0.8851934416848857,-0.5060535532157122,-8.004095203485875,12,1.0,0.0,0.0,0.0,2,0.8068779192318364
10:36:24.113,92300,4615,-19.67257531979192,-43.20808131649157,1.6826384551058098,1013.25,0.0,349.99948177481934,-0.3340021631386132,0.5571116022214802,-8.384228054336306,12,1.0,0.0,0.0,0.0,2,0.8409352582061893
10:36:24.328,92400,4620,-19.672574342614105,-43.20807338373217,0.11447933626755535,1013.25,0.0,349.99948177481934,0.9381353497790847,0.7967917105226809,-8.023868434141969,12,1.0,0.0,0.0,0.0,2,0.8117723795059959
10:36:24.537,92500,4625,-19.672568082072193,-43.20806936410959,-1.0722955619168362,1013.25,0.0,349.99948177481934,-1.0175841575555062,-0.5062620864277145,-8.993515038041082,12,1.0,0.0,0.0,0.0,2,0.906504779674841
10:36:24.746,92600,4630,-19.672564307188917,-43.20806558234192,0.23698504490212224,1013.25,0.0,349.99948177481934,-1.1521951220285724,1.4153756109945856,-9.834765676427944,12,1.0,0.0,0.0,0.0,2,1.0002672524364173
10:36:24.952,92700,4635,-19.672561908680475,-43.20805809345907,-1.7143691129999508,1013.25,0.0,349.99948177481934,-0.25847897887941906,1.4927345840734314,-9.55792382919202,12,1.0,0.0,0.0,0.0,2,0.9677240094450902
10:36:25.160,92800,4640,-19.672551965475982,-43.20805073548662,-1.0464042986258266,1013.25,0.0,349.99948177481934,0.2568160652324698,1.3195960071001709,-8.350374627941683,12,1.0,0.0,0.0,0.0,2,0.8457898352444797
10:36:25.371,92900,4645,-19.67254921590534,-43.20804842052783,-1.7757088210841596,1013.25,0.0,349.99948177481934,0.6800354315657113,-1.4903021918347354,-9.902666802170721,12,1.0,0.0,0.0,0.0,2,1.0037243576101273
10:36:25.579,93000,4650,-19.67254733724758,-43.208049081779215,1.348574372536897,1013.25,0.0,349.99948177481934,-0.8700153211136462,1.3796308071320968,-8.809414984945764,12,1.0,0.0,0.0,0.0,2,0.8959135014048368
10:36:25.792,93100,4655,-19.67254664366387,-43.208042848877014,1.8833856151184172,1013.25,0.0,349.99948177481934,0.37166690573792294,0.447117474579926,-8.02580493573602,12,1.0,0.0,0.0,0.0,2,0.8046837589474525
10:36:26.009,93200,4660,-19.672542206145103,-43.208043454592776,0.1465639614098322,1013.25,0.0,349.99948177481934,1.284014572343553,0.09123248731293687,-8.225284634975162,12,1.0,0.0,0.0,0.0,2,0.8325402339532332
10:36:26.218,93300,4665,-19.67253678519595,-43.20803498630032,0.09757770438023838,1013.25,0.0,349.99948177481934,1.0368878117695575,1.0933191071580262,-8.052939699426346,12,1.0,0.0,0.0,0.0,2,0.8192699238155273
10:36:26.427,93400,4670,-19.672530847372496,-43.20803240690148,-1.5027225501449655,1013.25,0.0,349.99948177481934,-1.0456744383849101,0.20338580206703427,-8.036058069046257,12,1.0,0.0,0.0,0.0,2,0.8106357388165014
10:36:26.644,93500,4675,-19.67252984683011,-43.208029982283385,0.3907552155698135,1013.25,0.0,349.99948177481934,-1.0914500214311402,1.3302052736808032,-8.137544668138345,12,1.0,0.0,0.0,0.0,2,0.8317472118700313
10:36:26.857,93600,4680,-19.67252594452821,-43.20801863353067,-1.9213509132105462,1013.25,0.0,349.99948177481934,-1.0798513713293936,-0.8616732434567873,-9.22498564871198,12,1.0,0.0,0.0,0.0,2,0.9327857202036989
10:36:27.071,93700,4685,-19.67252076829499,-43.20801974445739,0.12225704775344814,1013.25,0.0,349.99948177481934,-1.0266606617519338,0.6718923279820967,-8.192410837478754,12,1.0,0.0,0.0,0.0,2,0.8283783359361196
10:36:27.280,93800,4690,-19.672513636193244,-43.20801105208695,1.1247813587629598,1013.25,0.0,349.99948177481934,-0.6497433121331887,-0.7041965403099043,-8.941595109454447,12,1.0,0.0,0.0,0.0,2,0.899278501024382
10:36:27.496,93900,4695,-19.67251060302,-43.20801313140701,0.5876533084835303,1013.25,0.0,349.99948177481934,0.025701861282255045,0.2519496954402962,-8.830112183154345,12,1.0,0.0,0.0,0.0,2,0.8833743283670668
10:36:27.709,94000,4700,-19.672506414649135,-43.20800094126837,-0.16208977738434838,1013.25,0.0,349.99948177481934,0.2640414830405917,1.3798665874476885,-9.568509818294443,12,1.0,0.0,0.0,0.0,2,0.9671097654698662
10:36:27.918,94100,4705,-19.67249575601388,-43.20799690576046,1.019457292246695,1013.25,0.0,349.99948177481934,-0.5988911171482761,-1.1589924827613425,-8.891340497659513,12,1.0,0.0,0.0,0.0,2,0.8986538265128377
10:36:28.125,94200,4710,-19.672494413224616,-43.20799144129004,1.2718283025812123,1013.25,0.0,349.99948177481934,0.618246126106397,-0.09273892035448927,-8.571657888096897,12,1.0,0.0,0.0,0.0,2,0.8594425386863735
10:36:28.343,94300,4715,-19.672487905275787,-43.20799331475482,-1.2795026361711304,1013.25,0.0,349.99948177481934,-0.5404617639004345,0.2918740298164708,-8.421883599735557,12,1.0,0.0,0.0,0.0,2,0.8444253237262276
10:36:28.558,94400,4720,-19.672490817317247,-43.20798896251707,0.3692276596850159,1013.25,0.0,349.99948177481934,1.2393391977772352,-0.6184568731244484,-9.767914649767732,12,1.0,0.0,0.0,0.0,2,0.9865627560181314
10:36:28.770,94500,4725,-19.67248785527703,-43.207983061860034,-0.6118736916468785,1013.25,0.0,349.99948177481934,1.0292324716216994,-0.7178581238235927,-9.920737106403532,12,1.0,0.0,0.0,0.0,2,0.9999783222697979
10:36:28.977,94600,4730,-19.6724833073598,-43.20798255012434,-0.31352190346534137,1013.25,0.0,349.99948177481934,-0.7215203438067523,0.9085110214566812,-8.783900620180574,12,1.0,0.0,0.0,0.0,2,0.8860185889011808
10:36:29.190,94700,4735,-19.672470480497694,-43.20797274007203,-1.2781781061421431,1013.25,0.0,349.99948177481934,-0.7003081795610433,0.38563315502798257,-9.164188395003741,12,1.0,0.0,0.0,0.0,2,0.9198994152391781
10:36:29.401,94800,4740,-19.672466931521534,-43.20797219556097,-1.0173233408741376,1013.25,0.0,349.99948177481934,1.0812372886886594,0.517872338671399,-9.567704674305777,12,1.0,0.0,0.0,0.0,2,0.9642522417310961
10:36:29.608,94900,4745,-19.672470563432746,-43.207966077316115,-1.1327597537037275,1013.25,0.0,349.99948177481934,1.0271885248675363,0.6310062982426281,-9.343974614085704,12,1.0,0.0,0.0,0.0,2,0.9421419574709509
10:36:29.814,95000,4750,-19.672458471366934,-43.2079605681379,-1.8462687652356733,1013.25,0.0,349.99948177481934,-0.6368905211109518,0.21457224680908205,-9.530711469291273,12,1.0,0.0,0.0,0.0,2,0.955437762995905
10:36:30.022,95100,4755,-19.67245758400344,-43.20795321654139,1.3468303128229127,1013.25,0.0,349.99948177481934,0.8545458690745549,-1.2659814884419573,-8.374743566139577,12,1.0,0.0,0.0,0.0,2,0.851288949593652
10:36:30.232,95200,4760,-19.67245042224107,-43.20795253233685,0.4270655806464423,1013.25,0.0,349.99948177481934,1.1842258505095442,0.23232816126375644,-9.202808469940326,12,1.0,0.0,0.0,0.0,2,0.9281597436537347
10:36:30.440,95300,4765,-19.672454454923322,-43.20794866381703,0.3148573046482399,1013.25,0.0,349.99948177481934,1.066325111572854,-0.6958427457038695,-8.966500905548864,12,1.0,0.0,0.0,0.0,2,0.9056455424697246
10:36:30.652,95400,4770,-19.672449385825928,-43.20794958931368,-1.680133769289728,1013.25,0.0,349.99948177481934,1.0905452737490529,-0.2242332360356556,-8.787856341493484,12,1.0,0.0,0.0,0.0,2,0.8858102992004929
10:36:30.869,95500,4775,-19.67244426393717,-43.207939263188024,0.600410058854854,1013.25,0.0,349.99948177481934,-1.2168282277684073,-1.356405014188515,-9.557425024399143,12,1.0,0.0,0.0,0.0,2,0.9729587791649794
10:36:31.083,95600,4780,-19.672441221039573,-43.20793711805595,-1.4421150228337818,1013.25,0.0,349.99948177481934,0.591935797170791,0.035899138227516,-9.405487518025273,12,1.0,0.0,0.0,0.0,2,0.9424164269993756
10:36:31.292,95700,4785,-19.672435109352442,-43.20793253245355,-0.4270257743826744,1013.25,0.0,349.99948177481934,0.8935307339622591,1.1593097364675407,-9.225508329824436,12,1.0,0.0,0.0,0.0,2,0.9340899324008562
10:36:31.503,95800,4790,-19.67242608548409,-43.20792442599919,-0.6753410639002637,1013.25,0.0,349.99948177481934,-0.4687064290994405,0.8005952051587606,-9.043735658340577,12,1.0,0.0,0.0,0.0,2,0.909119315915921
10:36:31.714,95900,4795,-19.672420190784173,-43.20792197704988,1.8680526866551626,1013.25,0.0,349.99948177481934,-0.6362014949327744,-1.2791457194533702,-9.745262048754986,12,1.0,0.0,0.0,0.0,2,0.9849421227293247
10:36:31.927,96000,4800,-19.672419716134684,-43.20792247738541,-1.9079585977405316,1013.25,0.0,349.99948177481934,1.198702116048604,0.6906548232444503,-9.386088967868258,12,1.0,0.0,0.0,0.0,2,0.9487494767357104
10:36:32.135,96100,4805,-19.672420042227678,-43.207919536905166,-0.1805141201389482,1013.25,0.0,349.99948177481934,0.8699919930732025,-0.40952586094406707,-9.941543889211445,12,1.0,0.0,0.0,0.0,2,0.9987937344612796
10:36:32.355,96200,4810,-19.672415682662663,-43.20791145491398,0.48321753145157853,1013.25,0.0,349.99948177481934,1.2838081423705412,-1.317425849333584,-9.352858615801187,12,1.0,0.0,0.0,0.0,2,0.9532037479053245
10:36:32.566,96300,4815,-19.672408645591556,-43.20790261306683,-1.212595125483813,1013.25,0.0,349.99948177481934,1.2943968245852902,-0.4382386759931851,-8.34204804883022,12,1.0,0.0,0.0,0.0,2,0.8453240912550927
10:36:32.787,96400,4820,-19.672403722390055,-43.207903234457426,-0.15235787622967356,1013.25,0.0,349.99948177481934,-1.4882152240270203,0.4789009463849285,-9.129224458759978,12,1.0,0.0,0.0,0.0,2,0.9262120161598834
10:36:32.995,96500,4825,-19.672396389327183,-43.207896977146895,1.1935868975181156,1013.25,0.0,349.99948177481934,1.2513584107963354,0.7555669768230757,-9.083050811025704,12,1.0,0.0,0.0,0.0,2,0.9199923443399461
10:36:33.209,96600,4830,-19.67239125966689,-43.20789740184628,0.41309655444259885,1013.25,0.0,349.99948177481934,0.4182106255783835,-1.069196982399545,-9.289205608485807,12,1.0,0.0,0.0,0.0,2,0.9359883714621839
10:36:33.421,96700,4835,-19.67239111997803,-43.20789161685739,1.1999863512376487,1013.25,0.0,349.99948177481934,-0.7947120182875562,1.1677814919170886,-8.791606057033748,12,1.0,0.0,0.0,0.0,2,0.8904359486619309
10:36:33.632,96800,4840,-19.67238359653612,-43.207886604899535,-1.7721225205286433,1013.25,0.0,349.99948177481934,-0.21139202854973327,-1.2965280955080045,-8.061260664400885,12,1.0,0.0,0.0,0.0,2,0.8167594210757105
10:36:33.840,96900,4845,-19.672384840428766,-43.207879451651976,0.18613089554804763,1013.25,0.0,349.99948177481934,0.7000350912529041,-1.2076039684903441,-9.70387804611189,12,1.0,0.0,0.0,0.0,2,0.9803754668876176
10:36:34.060,97000,4850,-19.672375971687707,-43.20787952259941,-1.957280137677404,1013.25,0.0,349.99948177481934,0.6812399420418531,1.1975369606182742,-8.352695831049838,12,1.0,0.0,0.0,0.0,2,0.8465560245885524
10:36:34.271,97100,4855,-19.67237064126245,-43.20787393555941,0.5205970679339784,1013.25,0.0,349.99948177481934,0.9690727566363426,-0.4989402043633486,-9.994125576124357,12,1.0,0.0,0.0,0.0,2,1.0053386959951751
10:36:34.481,97200,4860,-19.672372967720875,-43.2078660997154,-0.8377222595775806,1013.25,0.0,349.99948177481934,-0.5050471621950963,1.078687851344318,-9.225464579062836,12,1.0,0.0,0.0,0.0,2,0.9302034015000276
10:36:34.688,97300,4865,-19.67236892475673,-43.207861284473445,1.7092636125685194,1013.25,0.0,349.99948177481934,1.431339849574286,1.3959167209590406,-8.361140133004456,12,1.0,0.0,0.0,0.0,2,0.8596858820555922
10:36:34.900,97400,4870,-19.6723578548841,-43.20786429511738,0.4739272769920646,1013.25,0.0,349.99948177481934,-0.37241575290725537,-0.039952032295356155,-8.73305440398178,12,1.0,0.0,0.0,0.0,2,0.874108282084111
10:36:35.108,97500,4875,-19.672360797385494,-43.207853328934256,1.9470222934521866,1013.25,0.0,349.99948177481934,-0.6044602773809287,-0.2504977933045631,-8.226187550513735,12,1.0,0.0,0.0,0.0,2,0.8252168380953523
10:36:35.325,97600,4880,-19.672348389533116,-43.20785205712849,1.8501297086137805,1013.25,0.0,349.99948177481934,-0.11713367259846352,-1.420156886368755,-9.405093556826605,12,1.0,0.0,0.0,0.0,2,0.9512431376457773
10:36:35.540,97700,4885,-19.672351990551316,-43.20784392568072,-1.9946722353945354,1013.25,0.0,349.99948177481934,0.3542130314109495,-0.23924478999333765,-8.347656645913379,12,1.0,0.0,0.0,0.0,2,0.8358592968868751
10:36:35.756,97800,4890,-19.672339062490366,-43.20783875784792,1.4863464302130183,1013.25,0.0,349.99948177481934,-0.035140862987032895,-0.8112848891010535,-8.543098019711433,12,1.0,0.0,0.0,0.0,2,0.858160485142101
10:36:35.964,97900,4895,-19.672338294619394,-43.20783439091368,-1.5002281684123244,1013.25,0.0,349.99948177481934,0.9595811332100421,0.9143709597500753,-8.082874453775514,12,1.0,0.0,0.0,0.0,2,0.8190832048012201
10:36:36.183,98000,4900,-19.6723345433127,-43.20783560710213,-1.9307499900531626,1013.25,0.0,349.99948177481934,-0.2752253259492652,-0.945242464362714,-9.852314200911213,12,1.0,0.0,0.0,0.0,2,0.990138007602754
10:36:36.391,98100,4905,-19.67233211784019,-43.207828628907684,0.066399354397368,1013.25,0.0,349.99948177481934,-0.9490250211638619,-0.1381708065729108,-9.137235915398945,12,1.0,0.0,0.0,0.0,2,0.9187427269711608
10:36:36.604,98200,4910,-19.672325663408476,-43.20782272987465,1.6376867277817055,1013.25,0.0,349.99948177481934,1.1806828447498545,-0.9740569088872453,-9.789323206958763,12,1.0,0.0,0.0,0.0,2,0.9908261587783147
10:36:36.819,98300,4915,-19.672319158800764,-43.20782468498917,-0.21699065066646428,1013.25,0.0,349.99948177481934,-0.3307012593625087,-1.2991258275414197,-9.428206574505968,12,1.0,0.0,0.0,0.0,2,0.9523033678943211
10:36:37.029,98400,4920,-19.672314743969263,-43.2078219913828,-1.1930163726203769,1013.25,0.0,349.99948177481934,0.1745382246227125,-0.6234249369913232,-8.978657049123687,12,1.0,0.0,0.0,0.0,2,0.9001966710097054
10:36:37.238,98500,4925,-19.672315091924755,-43.20781308863501,-1.0295273021876477,1013.25,0.0,349.99948177481934,1.0216654072029963,0.799358289060975,-8.456945010525668,12,1.0,0.0,0.0,0.0,2,0.8555857221203541
10:36:37.446,98600,4930,-19.672313989161427,-43.20781139531814,1.7594705013889098,1013.25,0.0,349.99948177481934,-0.18676977992787647,0.007948470978929478,-9.505321980236575,12,1.0,0.0,0.0,0.0,2,0.950716004266541
10:36:37.664,98700,4935,-19.672307909867218,-43.20781024055148,1.9692919313233084,1013.25,0.0,349.99948177481934,-1.3933051877032987,-1.0069622998287782,-9.817836666563146,12,1.0,0.0,0.0,0.0,2,0.9967205688189099
10:36:37.873,98800,4940,-19.672303616641194,-43.20780336604593,0.3731176595291754,1013.25,0.0,349.99948177481934,1.2928938731195747,0.6796974550835744,-9.313205528077358,12,1.0,0.0,0.0,0.0,2,0.9427054704721295
10:36:38.080,98900,4945,-19.672294114189377,-43.20779780205801,-0.08807610670805133,1013.25,0.0,349.99948177481934,-0.8195859598217673,0.950364143263903,-9.586478977838356,12,1.0,0.0,0.0,0.0,2,0.9668272459073308
10:36:38.288,99000,4950,-19.672288750354696,-43.207787947304034,-1.386957022505602,1013.25,0.0,349.99948177481934,-0.43798411951410765,1.0046825942180821,-8.649633623822984,12,1.0,0.0,0.0,0.0,2,0.8718794585861078
10:36:38.502,99100,4955,-19.672285770584914,-43.20778648963996,-1.9202053782031432,1013.25,0.0,349.99948177481934,0.8222866483682401,0.14574885944362403,-9.678241225807804,12,1.0,0.0,0.0,0.0,2,0.9714203584805063
10:36:38.713,99200,4960,-19.67228760103109,-43.20778919569219,1.3149985576547194,1013.25,0.0,349.99948177481934,1.0784143664758203,0.8511127378242649,-9.4462768473086,12,1.0,0.0,0.0,0.0,2,0.95456543366239
10:36:38.922,99300,4965,-19.672284491399893,-43.20778383489322,1.9766274076401715,1013.25,0.0,349.99948177481934,-1.4492594684822115,0.9072383251844256,-8.574016418822842,12,1.0,0.0,0.0,0.0,2,0.8742836606955002
10:36:39.132,99400,4970,-19.6722760647404,-43.20778039930211,0.3872490960060033,1013.25,0.0,349.99948177481934,0.3556708028786355,-0.5140088771749671,-9.337169788579676,12,1.0,0.0,0.0,0.0,2,0.9358068524359076
10:36:39.344,99500,4975,-19.67227199591387,-43.207769895058725,0.658258730401359,1013.25,0.0,349.99948177481934,-0.6176028567251564,1.0173623599404373,-9.796693587747285,12,1.0,0.0,0.0,0.0,2,0.9868721533829365
10:36:39.554,99600,4980,-19.67226453565991,-43.20776697080028,1.3090469189055742,1013.25,0.0,349.99948177481934,1.3361453632416125,1.0084680480710064,-8.320910656719764,12,1.0,0.0,0.0,0.0,2,0.8487629020686799
10:36:39.762,99700,4985,-19.672267816684553,-43.2077596481704,0.09506280757850583,1013.25,0.0,349.99948177481934,0.31163454908014443,-1.4372838553179543,-9.83529787662258,12,1.0,0.0,0.0,0.0,2,0.9944646061818121
10:36:39.977,99800,4990,-19.672261540355745,-43.2077606153443,-0.5876729348723866,1013.25,0.0,349.99948177481934,-1.222873248476787,0.3088954735587235,-9.059539634478377,12,1.0,0.0,0.0,0.0,2,0.9146917173786471
10:36:40.193,99900,4995,-19.67225321702758,-43.20775420284063,-0.1707509539277714,1013.25,0.0,349.99948177481934,0.8669352700490438,0.44572896268191164,-9.536033514214585,12,1.0,0.0,0.0,0.0,2,0.9585728258971891
10:36:40.400,100000,5000,-19.67225507187979,-43.207754050271895,-1.810449002372808,1013.25,0.0,349.99948177481934,1.110370594212677,-0.347329183388291,-9.49021591093315,12,1.0,0.0,0.0,0.0,2,0.9561263433995223
10:36:40.608,100100,5005,-19.672249012730433,-43.207746891610405,-0.37890422188211303,1013.25,0.0,349.99948177481934,-0.2957873346874136,1.048108991546643,-9.915055779505515,12,1.0,0.0,0.0,0.0,2,0.9974685644982909
10:36:40.820,100200,5010,-19.67224290475351,-43.207741305877896,-1.3390202488944452,1013.25,0.0,349.99948177481934,0.0749616860888489,-1.0705504268147246,-9.519276350030834,12,1.0,0.0,0.0,0.0,2,0.9579578263106934
10:36:41.037,100300,5015,-19.672235959897286,-43.207737615290384,0.4433212565759015,1013.25,0.0,349.99948177481934,0.44778061763915256,0.30996699873194,-9.018698375304995,12,1.0,0.0,0.0,0.0,2,0.9035126308279544
10:36:41.244,100400,5020,-19.672229783333325,-43.207729963433394,0.32053187962803387,1013.25,0.0,349.99948177481934,-0.953545108207285,0.484335331274544,-8.80467775849538,12,1.0,0.0,0.0,0.0,2,0.8869395662470476
10:36:41.458,100500,5025,-19.672228028970373,-43.20772812127597,1.4487069044136462,1013.25,0.0,349.99948177481934,0.27399389086227477,1.1988360738648307,-9.866613654617712,12,1.0,0.0,0.0,0.0,2,0.9942954570635338
10:36:41.674,100600,5030,-19.6722233829525,-43.20772216838526,0.9986292980357812,1013.25,0.0,349.99948177481934,-0.18020160791172968,-0.12088907597638165,-9.483415383643049,12,1.0,0.0,0.0,0.0,2,0.9485897644762041
10:36:41.892,100700,5035,-19.67221976022931,-43.20772554960682,1.0249788517291325,1013.25,0.0,349.99948177481934,-0.5087908091582436,-0.5753739862271214,-9.358393321612336,12,1.0,0.0,0.0,0.0,2,0.9389858831394069
10:36:42.100,100800,5040,-19.672218086961838,-43.20771701086441,-0.07408219883757061,1013.25,0.0,349.99948177481934,-1.1737163058604299,-0.04008582169043029,-9.64324065058155,12,1.0,0.0,0.0,0.0,2,0.9714489543191229
10:36:42.309,100900,5045,-19.672211656001572,-43.207710876776034,1.0861476708918696,1013.25,0.0,349.99948177481934,0.0168435923418091,0.39237143373101,-9.181165100413512,12,1.0,0.0,0.0,0.0,2,0.9189561015068247
10:36:42.518,101000,5050,-19.672209163847207,-43.20770386057669,0.5259292686246932,1013.25,0.0,349.99948177481934,0.6316230937198632,-1.1561340404753437,-8.117817807656436,12,1.0,0.0,0.0,0.0,2,0.8224023322581839
10:36:42.738,101100,5055,-19.67220606379889,-43.20769939352948,-0.823199464568761,1013.25,0.0,349.99948177481934,-1.4609330470417365,-0.7617778542994763,-9.086561683083914,12,1.0,0.0,0.0,0.0,2,0.9234729778814783
10:36:42.946,101200,5060,-19.672197972842735,-43.20769816419599,-1.0327877237177203,1013.25,0.0,349.99948177481934,-0.27671338289740377,-0.964540985597358,-8.575482570392246,12,1.0,0.0,0.0,0.0,2,0.8633991598575531
10:36:43.154,101300,5065,-19.672197913966283,-43.20769827344414,-0.31549343158517296,1013.25,0.0,349.99948177481934,0.8732916392404269,-1.246754417199485,-9.042906269059166,12,1.0,0.0,0.0,0.0,2,0.9170124789497864
10:36:43.364,101400,5070,-19.672193611965156,-43.207695912278304,-1.9789135278222276,1013.25,0.0,349.99948177481934,1.4339636028858322,-1.1314038448590797,-8.75737473020106,12,1.0,0.0,0.0,0.0,2,0.8945833579925758
10:36:43.578,101500,5075,-19.672188583310813,-43.20768231826618,0.9449218772418324,1013.25,0.0,349.99948177481934,-0.4948641289901059,1.4191586739758146,-8.534434797710885,12,1.0,0.0,0.0,0.0,2,0.8665764776663418
10:36:43.788,101600,5080,-19.672180006787812,-43.20768247834916,0.21853789944787083,1013.25,0.0,349.99948177481934,1.1579661850014467,-1.2008450931970367,-9.603207073993186,12,1.0,0.0,0.0,0.0,2,0.9747025224623921
10:36:43.999,101700,5085,-19.67217584554066,-43.20767524581532,-1.2007238997559924,1013.25,0.0,349.99948177481934,-1.0640414697341767,0.5463405003642685,-9.698203508918276,12,1.0,0.0,0.0,0.0,2,0.9771684782679346
10:36:44.211,101800,5090,-19.67217846848706,-43.20767477448466,1.0490844389822156,1013.25,0.0,349.99948177481934,-1.2051223409037282,-0.09144382403883933,-9.694355363904947,12,1.0,0.0,0.0,0.0,2,0.9769401606606863
10:36:44.425,101900,5095,-19.672171438924604,-43.20767130468047,-0.5149943439256082,1013.25,0.0,349.99948177481934,-0.6601411550657922,1.3939095779333477,-8.021084318717413,12,1.0,0.0,0.0,0.0,2,0.8168020807027876
10:36:44.633,102000,5100,-19.672167115788017,-43.207664711126526,-1.2615784664748073,1013.25,0.0,349.99948177481934,0.47987393635332354,-1.0993412174427712,-9.36967771302669,12,1.0,0.0,0.0,0.0,2,0.9446146862776846
10:36:44.851,102100,5105,-19.672157914462087,-43.207658409664084,0.32798653614190565,1013.25,0.0,349.99948177481934,-0.8974393704742848,-1.0379847220923342,-8.891934423850385,12,1.0,0.0,0.0,0.0,2,0.899718330951581
10:36:45.067,102200,5110,-19.672161177807407,-43.20765991771613,1.9075922993298722,1013.25,0.0,349.99948177481934,1.4266992662940337,-0.21431795697321698,-8.119457571651735,12,1.0,0.0,0.0,0.0,2,0.824663532848263
10:36:45.275,102300,5115,-19.672155576910367,-43.20765424319117,-0.1794001271346044,1013.25,0.0,349.99948177481934,0.623292783790399,1.3462138080185166,-8.357042474745551,12,1.0,0.0,0.0,0.0,2,0.8487693705355192
10:36:45.485,102400,5120,-19.672144640351334,-43.20764553288026,-0.5702672278727712,1013.25,0.0,349.99948177481934,-0.5039495119769158,-0.682378360946986,-8.362719009273704,12,1.0,0.0,0.0,0.0,2,0.8405633501775951
10:36:45.701,102500,5125,-19.672146083681664,-43.20764913234858,1.1049634803493067,1013.25,0.0,349.99948177481934,1.3097589571235742,0.7139537907566398,-9.902640842174055,12,1.0,0.0,0.0,0.0,2,1.0014364392720834
10:36:45.915,102600,5130,-19.672139795848747,-43.207640671910504,0.9859021169627047,1013.25,0.0,349.99948177481934,0.17183101869926398,-0.2935351671306259,-8.239975380692306,12,1.0,0.0,0.0,0.0,2,0.8246992364962207
10:36:46.125,102700,5135,-19.672138844836763,-43.20763127311787,-0.599526131694732,1013.25,0.0,349.99948177481934,0.1711841467639359,1.328137512885145,-9.79494422975031,12,1.0,0.0,0.0,0.0,2,0.9886060172240252
10:36:46.336,102800,5140,-19.672135892729983,-43.20763006281113,-0.7214123408629005,1013.25,0.0,349.99948177481934,-0.5246372704966814,0.12959377499555336,-9.989137597860049,12,1.0,0.0,0.0,0.0,2,1.000374473690193
10:36:46.550,102900,5145,-19.672124715608234,-43.207631979234165,1.3360345815745043,1013.25,0.0,349.99948177481934,0.16623808369883664,-0.8262419736779892,-9.393797469661022,12,1.0,0.0,0.0,0.0,2,0.9431529133738018
10:36:46.758,103000,5150,-19.672122144579607,-43.20762133079338,0.5466373341655864,1013.25,0.0,349.99948177481934,0.5151251462296198,-0.9551850192337472,-9.969164592902493,12,1.0,0.0,0.0,0.0,2,1.0028059384428645
10:36:46.973,103100,5155,-19.67211595078942,-43.20762006764355,1.6644330451980465,1013.25,0.0,349.99948177481934,0.18704853137033428,-0.29898715578183666,-8.001466773341985,12,1.0,0.0,0.0,0.0,2,0.8009235356593418
10:36:47.181,103200,5160,-19.672118368801115,-43.20761570017448,-1.1205012130167962,1013.25,0.0,349.99948177481934,-1.0390836231330045,1.266876050879811,-8.30697906896287,12,1.0,0.0,0.0,0.0,2,0.8467028460820434
10:36:47.392,103300,5165,-19.67211533222136,-43.207609386344764,-0.15972882686283763,1013.25,0.0,349.99948177481934,0.6773046166393963,-0.7267475650225296,-8.40600952341482,12,1.0,0.0,0.0,0.0,2,0.8464508235847363
10:36:47.600,103400,5170,-19.672103919164414,-43.207611213057966,-0.5805721353597697,1013.25,0.0,349.99948177481934,0.729517670764992,-0.6896994097385996,-9.932076232642462,12,1.0,0.0,0.0,0.0,2,0.9982685991193625
10:36:47.809,103500,5175,-19.672102710193705,-43.20760448501718,-1.4307292446634938,1013.25,0.0,349.99948177481934,-0.9252974205156669,0.8773288560611983,-8.71909074744806,12,1.0,0.0,0.0,0.0,2,0.8811834355020809
10:36:48.017,103600,5180,-19.672094972798813,-43.2075985633651,-1.497890818788711,1013.25,0.0,349.99948177481934,-0.19935563950966184,-1.029666728508444,-8.460137787777565,12,1.0,0.0,0.0,0.0,2,0.8524898100914959
10:36:48.230,103700,5185,-19.672096644792145,-43.20759255356891,1.653196224165245,1013.25,0.0,349.99948177481934,-0.6870076437633226,-0.15273021310639168,-8.135912506897807,12,1.0,0.0,0.0,0.0,2,0.8166295264101152
10:36:48.447,103800,5190,-19.67208648115473,-43.2075902501776,-0.7013996065864716,1013.25,0.0,349.99948177481934,0.20492177308395187,0.681272760794803,-9.092931070375833,12,1.0,0.0,0.0,0.0,2,0.9120719322415916
10:36:48.654,103900,5195,-19.672085529043326,-43.207581698764834,-0.10002450202348134,1013.25,0.0,349.99948177481934,-0.5425258451986498,-1.4968150686580994,-8.384902181385161,12,1.0,0.0,0.0,0.0,2,0.8534715826192931
10:36:48.862,104000,5200,-19.67207808925141,-43.20758091416133,1.5894874121256497,1013.25,0.0,349.99948177481934,1.0378345746404158,0.5118818279763873,-9.099730533769323,12,1.0,0.0,0.0,0.0,2,0.9173015828905193
10:36:49.077,104100,5205,-19.672078831899167,-43.20757506152801,0.9590273993405405,1013.25,0.0,349.99948177481934,-1.334321062427886,1.3601029259595618,-9.470609093198824,12,1.0,0.0,0.0,0.0,2,0.9660369002425462
10:36:49.289,104200,5210,-19.67207341196789,-43.20757732460378,1.0618025040317196,1013.25,0.0,349.99948177481934,-1.1812265167697715,-0.8701078900634607,-9.939752635066965,12,1.0,0.0,0.0,0.0,2,1.0047440782139072
10:36:49.497,104300,5215,-19.672065549782488,-43.20757337425357,-0.36554537333094217,1013.25,0.0,349.99948177481934,-0.06892877500628458,0.7418432855976174,-9.843478876106017,12,1.0,0.0,0.0,0.0,2,0.9871634060314206
10:36:49.704,104400,5220,-19.67206771986858,-43.20756165316375,-0.3265773096250224,1013.25,0.0,349.99948177481934,-0.12670575659856276,0.8325630077081891,-8.51739038609677,12,1.0,0.0,0.0,0.0,2,0.8558922508104218
10:36:49.912,104500,5225,-19.672057805054187,-43.207556231654664,1.8693446859384282,1013.25,0.0,349.99948177481934,-0.3652214561055773,-0.001416015856745556,-9.102831324006608,12,1.0,0.0,0.0,0.0,2,0.9110155148537082
10:36:50.125,104600,5230,-19.672052935139988,-43.20755748834988,0.2947250609975889,1013.25,0.0,349.99948177481934,0.7684079483017077,0.6871108500073015,-8.091138299811014,12,1.0,0.0,0.0,0.0,2,0.8156536708792506
10:36:50.335,104700,5235,-19.67205575258663,-43.20754694732174,-1.2460432021419865,1013.25,0.0,349.99948177481934,-0.7064764567458696,-1.0208642721391161,-8.785373687737394,12,1.0,0.0,0.0,0.0,2,0.8872658208183998
10:36:50.543,104800,5240,-19.672046671624088,-43.20755114183813,-1.1772088350630945,1013.25,0.0,349.99948177481934,0.8684243055658256,0.7071475355541308,-8.855435165500438,12,1.0,0.0,0.0,0.0,2,0.8925970556859323
10:36:50.755,104900,5245,-19.67204012391069,-43.207547917530206,-1.9228430468701259,1013.25,0.0,349.99948177481934,-1.257652288562799,-0.6866278646312011,-8.84406562468525,12,1.0,0.0,0.0,0.0,2,0.895938858835549
10:36:50.972,105000,5250,-19.672035568258217,-43.20753811054915,-1.0066245057270828,1013.25,0.0,349.99948177481934,0.1447721013890333,0.955786024432665,-8.038240116547728,12,1.0,0.0,0.0,0.0,2,0.8096158969358163
10:36:51.180,105100,5255,-19.672037672705734,-43.20753460872117,-1.4230687152397379,1013.25,0.0,349.99948177481934,-0.2199445509200766,-0.7503223481555328,-9.703768358623488,12,1.0,0.0,0.0,0.0,2,0.9735218517806544
10:36:51.396,105200,5260,-19.67203219725369,-43.207531291975336,1.7321806231190084,1013.25,0.0,349.99948177481934,0.42029039249308764,-0.025589966991800495,-8.10652463118434,12,1.0,0.0,0.0,0.0,2,0.8117452830563971
10:36:51.610,105300,5265,-19.67202430685278,-43.20752776280605,0.3891473198475697,1013.25,0.0,349.99948177481934,0.790913017216949,0.08184468153326074,-9.020138612691204,12,1.0,0.0,0.0,0.0,2,0.9055116926073418
10:36:51.817,105400,5270,-19.67202445685638,-43.20752412853049,-1.3779404408269307,1013.25,0.0,349.99948177481934,0.13331279818136466,-0.7059362774945136,-9.026573296250819,12,1.0,0.0,0.0,0.0,2,0.905511699552414
10:36:52.026,105500,5275,-19.67201717128996,-43.20751595569288,1.1501239308712692,1013.25,0.0,349.99948177481934,0.7939976913136246,-0.05591525231061367,-8.483416364238153,12,1.0,0.0,0.0,0.0,2,0.8520675563491196
10:36:52.233,105600,5280,-19.672016514813297,-43.20751365469284,-1.6188126623028745,1013.25,0.0,349.99948177481934,0.3186422004236531,-0.12294353294500304,-9.536074478562377,12,1.0,0.0,0.0,0.0,2,0.9542188660096411
10:36:52.446,105700,5285,-19.672011190478553,-43.20750941164688,-1.3575821627552895,1013.25,0.0,349.99948177481934,0.5027924307525984,-1.3136005168207028,-8.09211945541729,12,1.0,0.0,0.0,0.0,2,0.8213448960513285
10:36:52.663,105800,5290,-19.67200806094267,-43.20751037855378,-0.251699487943426,1013.25,0.0,349.99948177481934,-0.9297105864929198,0.43346839355841293,-9.918163706815955,12,1.0,0.0,0.0,0.0,2,0.9971069548350985
10:36:52.871,105900,5295,-19.67199891660049,-43.20750455544115,-0.5659885003362612,1013.25,0.0,349.99948177481934,1.0820158310030394,-1.0215563073502656,-9.271693244484032,12,1.0,0.0,0.0,0.0,2,0.9390347766054202
10:36:53.081,106000,5300,-19.671998189564075,-43.20749469232235,1.9591881939946,1013.25,0.0,349.99948177481934,-0.5630306861879223,0.02921505802678004,-8.798159283873536,12,1.0,0.0,0.0,0.0,2,0.8816204617499235
10:36:53.294,106100,5305,-19.671992018586245,-43.20749590977473,0.3658190208795422,1013.25,0.0,349.99948177481934,-0.8660484256850168,-1.4754168036692574,-8.999770915866835,12,1.0,0.0,0.0,0.0,2,0.916093724234937
10:36:53.510,106200,5310,-19.671992041870272,-43.20748782506331,-0.4199819205186759,1013.25,0.0,349.99948177481934,-1.464536126208316,-1.0847096121276154,-8.239049944766055,12,1.0,0.0,0.0,0.0,2,0.8438211007077321
10:36:53.718,106300,5315,-19.671985714899176,-43.20748108486311,1.9096742881481514,1013.25,0.0,349.99948177481934,0.26933474773440125,0.006483791830761865,-9.910325322996789,12,1.0,0.0,0.0,0.0,2,0.9913986647838753
10:36:53.934,106400,5320,-19.67197937880655,-43.20748010561769,0.8924376336155673,1013.25,0.0,349.99948177481934,-0.5550678034938054,-0.24204615268858776,-9.420943432631042,12,1.0,0.0,0.0,0.0,2,0.9440384619672058
10:36:54.152,106500,5325,-19.671973212254244,-43.20747980500846,0.8760942375075897,1013.25,0.0,349.99948177481934,-0.9808578959257661,-0.8610483285344558,-9.275939883459014,12,1.0,0.0,0.0,0.0,2,0.9367312696692554
10:36:54.368,106600,5330,-19.671975701917088,-43.20746812363823,0.18123559429501102,1013.25,0.0,349.99948177481934,-1.3194052671324892,-0.07159739372297613,-9.107538499716192,12,1.0,0.0,0.0,0.0,2,0.9202891609137724
10:36:54.575,106700,5335,-19.67197157120301,-43.20746417397916,0.12638259692615872,1013.25,0.0,349.99948177481934,0.282057027516845,-0.7255876872104241,-9.360341309167906,12,1.0,0.0,0.0,0.0,2,0.9392657934936104
10:36:54.790,106800,5340,-19.67196238130287,-43.20746302953847,1.5468819521361432,1013.25,0.0,349.99948177481934,-0.5826499304985439,1.0906068215682931,-8.848706765928249,12,1.0,0.0,0.0,0.0,2,0.8934680498492693
10:36:55.006,106900,5345,-19.671963448283527,-43.20745647061082,0.433250636369245,1013.25,0.0,349.99948177481934,-0.7285353020806031,1.3270766037859207,-8.155373504695097,12,1.0,0.0,0.0,0.0,2,0.8294697884780158
10:36:55.216,107000,5350,-19.671957520409077,-43.20745728223503,1.848819381796194,1013.25,0.0,349.99948177481934,0.07421933808789793,-0.8796076986397927,-9.770333095689459,12,1.0,0.0,0.0,0.0,2,0.9810128797033063
10:36:55.424,107100,5355,-19.67195187739568,-43.20745254524896,1.9618767690016892,1013.25,0.0,349.99948177481934,-0.37829353227228824,1.0909102256123662,-9.923124141183052,12,1.0,0.0,0.0,0.0,2,0.9990074265901859
10:36:55.641,107200,5360,-19.6719424706346,-43.20744399215939,-1.3165906578631366,1013.25,0.0,349.99948177481934,-0.13697862193262322,0.5920023044596014,-9.508265001760464,12,1.0,0.0,0.0,0.0,2,0.9527661476724231
10:36:55.857,107300,5365,-19.671942799807233,-43.20743993951934,1.063522514613894,1013.25,0.0,349.99948177481934,0.7881569164630324,0.32458704346814793,-8.461729559255563,12,1.0,0.0,0.0,0.0,2,0.8504552616553985
10:36:56.064,107400,5370,-19.6719330713458,-43.20743736834915,0.34571361330701533,1013.25,0.0,349.99948177481934,-1.1901325689737134,0.5519164734894915,-8.461363318091099,12,1.0,0.0,0.0,0.0,2,0.8562458556172908
10:36:56.272,107500,5375,-19.671930968166837,-43.20743096952661,-1.157425084185205,1013.25,0.0,349.99948177481934,0.3214513724918471,1.3126560856266742,-8.299724711844188,12,1.0,0.0,0.0,0.0,2,0.8409032481588279
10:36:56.491,107600,5380,-19.671924499392993,-43.20742942570345,-1.3403090068701822,1013.25,0.0,349.99948177481934,0.31096904003017856,0.49553380536227754,-8.216532033346924,12,1.0,0.0,0.0,0.0,2,0.8237332951333839
10:36:56.705,107700,5385,-19.67192224173358,-43.20742766556708,-0.3126309008871253,1013.25,0.0,349.99948177481934,-0.2973834118862393,1.1951151378967513,-9.081704296803116,12,1.0,0.0,0.0,0.0,2,0.9164828968456926
10:36:56.918,107800,5390,-19.671924695797014,-43.20742309068092,0.03298262116343986,1013.25,0.0,349.99948177481934,-0.14136319972126543,1.366529131507674,-8.060274424309519,12,1.0,0.0,0.0,0.0,2,0.8176515713717715
10:36:57.129,107900,5395,-19.671915171717444,-43.20741274116504,1.8815261511274022,1013.25,0.0,349.99948177481934,-1.3440314174870165,-0.4964397585974776,-8.109939836716464,12,1.0,0.0,0.0,0.0,2,0.8235532589958536
10:36:57.343,108000,5400,-19.67190828145103,-43.20740849460833,-1.921532966114257,1013.25,0.0,349.99948177481934,-0.789953899335159,-0.06011224766049583,-8.51725901590624,12,1.0,0.0,0.0,0.0,2,0.8554024888286785
10:36:57.550,108100,5405,-19.671905148874906,-43.2074062078982,0.5397980316180351,1013.25,0.0,349.99948177481934,0.9873842367377175,-0.7839118998104629,-8.943986217846971,12,1.0,0.0,0.0,0.0,2,0.9032404716500427
10:36:57.758,108200,5410,-19.671902326627556,-43.20740719016938,1.4971633314095683,1013.25,0.0,349.99948177481934,0.8327648512939718,-0.9741987601597768,-8.93759552271175,12,1.0,0.0,0.0,0.0,2,0.9029018454375017
10:36:57.966,108300,5415,-19.67190306089104,-43.20739538876581,-0.9286388821835603,1013.25,0.0,349.99948177481934,-0.9604147807031522,0.7606026117289084,-8.930897796656168,12,1.0,0.0,0.0,0.0,2,0.9014535392258435
10:36:58.174,108400,5420,-19.671898542271943,-43.20739870217526,1.2985002863933546,1013.25,0.0,349.99948177481934,-1.4291533559469924,-0.07989883938877451,-9.151055336765122,12,1.0,0.0,0.0,0.0,2,0.9262325675330555
10:36:58.390,108500,5425,-19.671893273818753,-43.20739215012643,1.6536305214867086,1013.25,0.0,349.99948177481934,1.1736440281658553,-0.023602967033403033,-9.776117461465102,12,1.0,0.0,0.0,0.0,2,0.984634297723094
10:36:58.600,108600,5430,-19.671883019597185,-43.20738472495944,-1.0753997820626884,1013.25,0.0,349.99948177481934,1.2880221278135204,-1.1772912905193682,-9.758179684926121,12,1.0,0.0,0.0,0.0,2,0.9912975665650294
10:36:58.807,108700,5435,-19.671885385009354,-43.20738628127682,1.5451655212477085,1013.25,0.0,349.99948177481934,0.07362257287568008,0.6008834383312598,-9.826374882692459,12,1.0,0.0,0.0,0.0,2,0.9845005054590215
10:36:59.020,108800,5440,-19.671877585669307,-43.20737467530038,-0.27775241838280174,1013.25,0.0,349.99948177481934,1.1012479625637503,-1.239863653328603,-9.777168550921065,12,1.0,0.0,0.0,0.0,2,0.9916805626158864
10:36:59.231,108900,5445,-19.67187019605066,-43.20737783685221,0.9424053563640249,1013.25,0.0,349.99948177481934,-0.8119404513711432,0.6425440404477647,-9.569374464124124,12,1.0,0.0,0.0,0.0,2,0.9625229232341357
10:36:59.437,109000,5450,-19.671872900941104,-43.207367069947466,0.6227410012681887,1013.25,0.0,349.99948177481934,-0.5934192986314388,0.008642401513368814,-8.42313149642237,12,1.0,0.0,0.0,0.0,2,0.8444013581296202
10:36:59.644,109100,5455,-19.67186741673492,-43.207369426028286,0.4210770106444741,1013.25,0.0,349.99948177481934,-0.7406059026915826,1.1341175483077146,-8.823361885623978,12,1.0,0.0,0.0,0.0,2,0.8926725865689114
10:36:59.853,109200,5460,-19.671856862596318,-43.207359029842976,0.00046671336416048703,1013.25,0.0,349.99948177481934,1.46213816614038,-0.5414538302340492,-8.985630723648793,12,1.0,0.0,0.0,0.0,2,0.9119900206084527
10:37:00.063,109300,5465,-19.67185358305363,-43.20735243049579,1.3385612629791956,1013.25,0.0,349.99948177481934,1.2649494574458213,0.37936073571858997,-8.125180583531773,12,1.0,0.0,0.0,0.0,2,0.8231802427943662
10:37:00.277,109400,5470,-19.67185029923978,-43.207353257429325,-0.4191061216468843,1013.25,0.0,349.99948177481934,0.15790804075548137,-1.4685962195204134,-8.243403261653391,12,1.0,0.0,0.0,0.0,2,0.8374688480150332
10:37:00.486,109500,5475,-19.671853848812653,-43.207353619119615,-1.5683982904283216,1013.25,0.0,349.99948177481934,0.9649883103960897,-0.9816159857975518,-8.211103082403126,12,1.0,0.0,0.0,0.0,2,0.8325682327150402
10:37:00.698,109600,5480,-19.671843626763412,-43.2073467825919,-0.9497800449012916,1013.25,0.0,349.99948177481934,0.034490023750099574,0.28273661448254117,-9.4989189231787,12,1.0,0.0,0.0,0.0,2,0.9503188426208844
10:37:00.908,109700,5485,-19.67183864087572,-43.20734023744473,-1.4249776119763702,1013.25,0.0,349.99948177481934,1.2682375945392295,0.9644844787013205,-9.246073233482504,12,1.0,0.0,0.0,0.0,2,0.9382351898366421
10:37:01.116,109800,5490,-19.671832707179636,-43.20733648047436,1.6200557447436625,1013.25,0.0,349.99948177481934,-0.4584729521560411,0.4694452738594328,-8.995617827782983,12,1.0,0.0,0.0,0.0,2,0.9019518635522336
10:37:01.331,109900,5495,-19.671830980011737,-43.207335712899045,1.2677202929891327,1013.25,0.0,349.99948177481934,-0.9014416450647547,1.2468776360764404,-9.158831678948324,12,1.0,0.0,0.0,0.0,2,0.9287168492178444
10:37:01.546,110000,5500,-19.671831514832984,-43.20733012223281,-1.3192865608398168,1013.25,0.0,349.99948177481934,-1.3238078407991205,-0.5292760935058594,-9.734728102298767,12,1.0,0.0,0.0,0.0,2,0.9838573657202727
10:37:01.756,110100,5505,-19.671823839456,-43.207323893573154,-1.642668922756544,1013.25,0.0,349.99948177481934,0.06631657836741534,-0.13851593023406616,-8.343154549125792,12,1.0,0.0,0.0,0.0,2,0.8344567836748251
10:37:01.965,110200,5510,-19.671816139474466,-43.20732316293973,0.9252896008235294,1013.25,0.0,349.99948177481934,0.8465035183476983,-0.24495383637127732,-8.651488863690876,12,1.0,0.0,0.0,0.0,2,0.8696253799602176
10:37:02.179,110300,5515,-19.67181045296084,-43.207317955850144,1.802563841495751,1013.25,0.0,349.99948177481934,-1.3998495844336387,0.7529282745785859,-8.711464974930847,12,1.0,0.0,0.0,0.0,2,0.885528666137612
10:37:02.388,110400,5520,-19.671811162478274,-43.20731486279602,0.5588769172987158,1013.25,0.0,349.99948177481934,-0.8222733001859137,-0.7026197344436012,-8.606767158748136,12,1.0,0.0,0.0,0.0,2,0.8674459567969275
10:37:02.610,110500,5525,-19.671803462580495,-43.20730463918756,-0.10054031448361034,1013.25,0.0,349.99948177481934,-0.8139246178423083,1.161331588501505,-9.417522090139878,12,1.0,0.0,0.0,0.0,2,0.9523701310953308
10:37:02.818,110600,5530,-19.671806870356026,-43.20729807680287,-1.9006288489320773,1013.25,0.0,349.99948177481934,0.8687965884407061,0.8471746539181062,-9.072544611434342,12,1.0,0.0,0.0,0.0,2,0.9153336994385916
10:37:03.030,110700,5535,-19.67180293415259,-43.207296164113025,-0.10721183831174663,1013.25,0.0,349.99948177481934,1.1878823264848388,-0.46144646926116883,-9.226414742368464,12,1.0,0.0,0.0,0.0,2,0.9314006992898533
10:37:03.242,110800,5540,-19.671796736334784,-43.20728945560333,-0.5472182999135025,1013.25,0.0,349.99948177481934,1.4378364854657186,-0.8228933889314497,-8.536239234086008,12,1.0,0.0,0.0,0.0,2,0.869551076993369
10:37:03.454,110900,5545,-19.671784633844183,-43.207292136494225,1.39951118847602,1013.25,0.0,349.99948177481934,-0.8808963739550726,-1.2381522812365808,-9.52907729498288,12,1.0,0.0,0.0,0.0,2,0.9649472192142782
10:37:03.662,111000,5550,-19.671783535935912,-43.20728439277592,1.1737690923198008,1013.25,0.0,349.99948177481934,0.04811839426514042,0.7169576000191618,-8.525186870017135,12,1.0,0.0,0.0,0.0,2,0.8555416690541989
10:37:03.879,111100,5555,-19.671780077818205,-43.207276592596,0.25096131768385055,1013.25,0.0,349.99948177481934,0.9816640443833413,0.2018177200356357,-9.364498151846304,12,1.0,0.0,0.0,0.0,2,0.9417973259894524
10:37:04.095,111200,5560,-19.671778455795515,-43.20727624095826,-0.40165511092515294,1013.25,0.0,349.99948177481934,1.3737073818292873,-1.1162654828935092,-9.182272595415117,12,1.0,0.0,0.0,0.0,2,0.9351323468670263
10:37:04.304,111300,5565,-19.671773052224616,-43.20727405585854,-0.8663714705268348,1013.25,0.0,349.99948177481934,0.2240293239811486,0.7738548787026827,-9.18713923957375,12,1.0,0.0,0.0,0.0,2,0.922239491231053
10:37:04.510,111400,5570,-19.671773179177993,-43.20727210573666,1.6506766707888274,1013.25,0.0,349.99948177481934,-0.4334544758181993,0.5250869891898402,-9.661748955199354,12,1.0,0.0,0.0,0.0,2,0.968571071228741
10:37:04.719,111500,5575,-19.67176193364276,-43.20726053147542,1.2069005145022027,1013.25,0.0,349.99948177481934,0.5297740409491185,-0.8134965026102575,-9.513353142298282,12,1.0,0.0,0.0,0.0,2,0.956275719153735
10:37:04.933,111600,5580,-19.67176265735853,-43.20726282632274,0.6973954596436487,1013.25,0.0,349.99948177481934,1.1939975736767936,-0.20803501748546083,-8.766537529090652,12,1.0,0.0,0.0,0.0,2,0.8849920283448945
10:37:05.145,111700,5585,-19.671760390300708,-43.2072576637412,-1.3967845437023954,1013.25,0.0,349.99948177481934,0.8816945642001914,0.921059587038862,-9.142793871214687,12,1.0,0.0,0.0,0.0,2,0.9231273792870474
10:37:05.353,111800,5590,-19.671751793040556,-43.20725559104975,-1.9280165585466467,1013.25,0.0,349.99948177481934,-1.1372982557965483,-0.0692894041108656,-9.312806645013461,12,1.0,0.0,0.0,0.0,2,0.9382250047380256
10:37:05.567,111900,5595,-19.671742651590073,-43.207243037202055,-0.4174522284557711,1013.25,0.0,349.99948177481934,0.28616912613455936,-1.125878335269116,-8.392496456459646,12,1.0,0.0,0.0,0.0,2,0.8472513887050802
10:37:05.790,112000,5600,-19.671745891532584,-43.20724108977579,0.6981692664099408,1013.25,0.0,349.99948177481934,0.2087009310063057,-0.4001495358124978,-9.452799790281153,12,1.0,0.0,0.0,0.0,2,0.9463566959912804
10:37:06.002,112100,5605,-19.671733913080182,-43.20723397578044,-0.7738376835401763,1013.25,0.0,349.99948177481934,0.4863940795180093,-0.4842035833675453,-8.56084379339653,12,1.0,0.0,0.0,0.0,2,0.8588310588565835
10:37:06.216,112200,5610,-19.671734152922156,-43.20723678093015,0.44438394865096464,1013.25,0.0,349.99948177481934,-0.954332823220195,-0.0479832730554115,-9.255994890697743,12,1.0,0.0,0.0,0.0,2,0.9305186454262551
10:37:06.431,112300,5615,-19.671726375292046,-43.207228474233624,1.6906498439526811,1013.25,0.0,349.99948177481934,0.2235057358279131,-0.9018314125501483,-9.913032497113004,12,1.0,0.0,0.0,0.0,2,0.9956478694770992
10:37:06.645,112400,5620,-19.67172995682639,-43.2072282454587,0.44613458622780566,1013.25,0.0,349.99948177481934,1.346636750759803,-1.4774374367119683,-8.388642252350529,12,1.0,0.0,0.0,0.0,2,0.8623547457735449
10:37:06.853,112500,5625,-19.671718903830154,-43.20722638861081,-0.3657061009635525,1013.25,0.0,349.99948177481934,0.27667648567840963,1.4033808696809387,-8.061142414857773,12,1.0,0.0,0.0,0.0,2,0.8187065699976568
10:37:07.061,112600,5630,-19.671713870021478,-43.207220818000934,0.2687567042989851,1013.25,0.0,349.99948177481934,-0.7594243220142266,-0.17350590409715982,-8.631530968650313,12,1.0,0.0,0.0,0.0,2,0.8666611590604067
10:37:07.275,112700,5635,-19.671715351418257,-43.20721303201942,1.235648392549403,1013.25,0.0,349.99948177481934,1.310557997683028,0.43292740783547745,-8.011617475837049,12,1.0,0.0,0.0,0.0,2,0.8129637321854137
10:37:07.486,112800,5640,-19.671708757864735,-43.207206799598055,0.31039491119036144,1013.25,0.0,349.99948177481934,-1.1063482918642156,-1.1154575534883917,-9.536074300760738,12,1.0,0.0,0.0,0.0,2,0.9664624419302315
10:37:07.693,112900,5645,-19.671709433509942,-43.20720013421434,0.03205029629814016,1013.25,0.0,349.99948177481934,-0.6961565924327363,0.07099341281474914,-9.675919219893276,12,1.0,0.0,0.0,0.0,2,0.970118996905796
10:37:07.901,113000,5650,-19.67170365105388,-43.2072001924669,-0.619400489205181,1013.25,0.0,349.99948177481934,-0.002666880585013187,-1.434352477527147,-9.991331664024127,12,1.0,0.0,0.0,0.0,2,1.009376453869276
10:37:08.109,113100,5655,-19.671697979836196,-43.207200469903256,0.6245162041234398,1013.25,0.0,349.99948177481934,-0.608252469413101,-1.101559500047446,-8.973654621844743,12,1.0,0.0,0.0,0.0,2,0.9061450307254764
10:37:08.322,113200,5660,-19.67169640639634,-43.20718782617595,-1.4911098869022874,1013.25,0.0,349.99948177481934,-0.6851524211861351,1.057007287908438,-8.532744883949555,12,1.0,0.0,0.0,0.0,2,0.8625220779870859
10:37:08.530,113300,5665,-19.671684597389675,-43.20718742840384,0.3599550469392203,1013.25,0.0,349.99948177481934,-0.5131251633052453,1.0054123759513933,-8.00870783299489,12,1.0,0.0,0.0,0.0,2,0.8087864528613654
10:37:08.738,113400,5670,-19.671683836006604,-43.20718855167194,-0.35152836181696223,1013.25,0.0,349.99948177481934,0.502135735426771,0.2304098630412863,-8.402016598875168,12,1.0,0.0,0.0,0.0,2,0.8420161039407331
10:37:08.946,113500,5675,-19.671682332713832,-43.20718247625404,0.10250185608809259,1013.25,0.0,349.99948177481934,0.753857683069187,-0.7179236384770227,-9.773179745536487,12,1.0,0.0,0.0,0.0,2,0.9828466721496856
10:37:09.157,113600,5680,-19.671677805268782,-43.20717143474828,0.6372611793425191,1013.25,0.0,349.99948177481934,1.4862401377888093,0.7355134407973596,-8.494794589326837,12,1.0,0.0,0.0,0.0,2,0.8655138640346819
10:37:09.364,113700,5685,-19.67166788753613,-43.20716721162998,1.0949968622732817,1013.25,0.0,349.99948177481934,-0.6842013626922626,0.49141357656892515,-8.45075226261679,12,1.0,0.0,0.0,0.0,2,0.8492634020848245
10:37:09.572,113800,5690,-19.671668691731973,-43.20717022326259,-0.552884540031235,1013.25,0.0,349.99948177481934,-0.840509253801659,0.41779238986597234,-8.71793588673032,12,1.0,0.0,0.0,0.0,2,0.8768318676456538
10:37:09.786,113900,5695,-19.671659005815915,-43.207162948116235,-1.1737856070818822,1013.25,0.0,349.99948177481934,-0.8591894673060456,-0.05785105859532669,-8.13736932183724,12,1.0,0.0,0.0,0.0,2,0.8182807144598248
10:37:10.003,114000,5700,-19.671661308579882,-43.207163028593314,-1.0674113235898508,1013.25,0.0,349.99948177481934,-1.3720623848837388,-0.9897457350619555,-9.194014518090334,12,1.0,0.0,0.0,0.0,2,0.934837177089904
10:37:10.212,114100,5705,-19.67165331594387,-43.20715599200536,1.1850464820522006,1013.25,0.0,349.99948177481934,0.16390685084623025,1.4758539216247528,-8.54645075327069,12,1.0,0.0,0.0,0.0,2,0.8674493110943754
10:37:10.419,114200,5710,-19.671647124064265,-43.207150330330755,1.0526247389813062,1013.25,0.0,349.99948177481934,0.7105751357887096,0.6170154763709581,-8.789644795713933,12,1.0,0.0,0.0,0.0,2,0.8839880132473712
10:37:10.633,114300,5715,-19.67164627727275,-43.20714225631875,-0.9033897003118905,1013.25,0.0,349.99948177481934,-1.2645085639303049,-0.2965514413652408,-9.700267556203402,12,1.0,0.0,0.0,0.0,2,0.9786833774391042
10:37:10.849,114400,5720,-19.67163851251919,-43.20714539353029,-1.3407366604109847,1013.25,0.0,349.99948177481934,-0.8607812447665898,0.15474666602040843,-9.9880008766476,12,1.0,0.0,0.0,0.0,2,1.0026218249863683
10:37:11.055,114500,5725,-19.67163304872844,-43.20713639515114,-0.7106783332191657,1013.25,0.0,349.99948177481934,-0.8953306349927596,0.06016850570172583,-8.821670887253061,12,1.0,0.0,0.0,0.0,2,0.8867193154434111
10:37:11.266,114600,5730,-19.6716377011663,-43.20712895183089,-1.0584059032748505,1013.25,0.0,349.99948177481934,0.31902389862041325,-0.495020319727149,-8.28240843103445,12,1.0,0.0,0.0,0.0,2,0.8303319262999843
10:37:11.482,114700,5735,-19.671629403130705,-43.20713019486798,-0.8017356691666913,1013.25,0.0,349.99948177481934,0.4150758840515847,-1.0328629307517816,-9.940633168680497,12,1.0,0.0,0.0,0.0,2,1.0002763698974062
10:37:11.696,114800,5740,-19.671625661538734,-43.207124250649656,1.529768855163491,1013.25,0.0,349.99948177481934,-0.8284541309651117,0.9214672892485094,-8.913982916612897,12,1.0,0.0,0.0,0.0,2,0.8999696086531741
10:37:11.903,114900,5745,-19.671616948948532,-43.20712169648709,1.6418791036309477,1013.25,0.0,349.99948177481934,0.3627215735190106,-1.1979344906267264,-9.494522405545258,12,1.0,0.0,0.0,0.0,2,0.9576667984906344
10:37:12.117,115000,5750,-19.671611467600368,-43.207116101938176,-1.560537781251269,1013.25,0.0,349.99948177481934,0.5346443600144752,1.0286212723029458,-8.04034538511416,12,1.0,0.0,0.0,0.0,2,0.8123488180914402
10:37:12.324,115100,5755,-19.67160998233525,-43.20711364599477,0.33782248422807326,1013.25,0.0,349.99948177481934,-1.2922076891122165,1.202673675551332,-9.214189370523476,12,1.0,0.0,0.0,0.0,2,0.9381764782679893
10:37:12.532,115200,5760,-19.671604612345067,-43.207103440321234,0.5484549353866814,1013.25,0.0,349.99948177481934,1.2958289053487553,-0.18442347080077526,-9.201709935708635,12,1.0,0.0,0.0,0.0,2,0.9294334312334508
10:37:12.739,115300,5765,-19.671601022798484,-43.20710619409599,-0.8146927189820947,1013.25,0.0,349.99948177481934,-0.7620516586952238,0.7024877819599396,-9.881514812986616,12,1.0,0.0,0.0,0.0,2,0.9935720749578112
10:37:12.953,115400,5770,-19.671601956681958,-43.20709659369825,0.8062113157010784,1013.25,0.0,349.99948177481934,-1.4585396854736215,1.4526056775985001,-9.623326296539451,12,1.0,0.0,0.0,0.0,2,0.9841026891456024
10:37:13.168,115500,5775,-19.671590683757973,-43.20709608476478,-0.9940349892312734,1013.25,0.0,349.99948177481934,1.458228879662924,-0.894696530647683,-9.455515317093528,12,1.0,0.0,0.0,0.0,2,0.9609041745107902
10:37:13.383,115600,5780,-19.671595308959656,-43.20708993312241,-1.0046663515448717,1013.25,0.0,349.99948177481934,0.4884840036556093,0.7763690575025293,-9.76054676208688,12,1.0,0.0,0.0,0.0,2,0.9803552347499322
10:37:13.591,115700,5785,-19.67158730012046,-43.207089097956946,-1.7667596558158474,1013.25,0.0,349.99948177481934,-0.369153043331897,0.989178418075054,-9.577773627510313,12,1.0,0.0,0.0,0.0,2,0.9635792420554665
10:37:13.800,115800,5790,-19.671577765197817,-43.20708041344087,1.4726132463112762,1013.25,0.0,349.99948177481934,0.6419585603798375,1.4234140490109786,-9.686744910895417,12,1.0,0.0,0.0,0.0,2,0.9811791137041445
10:37:14.016,115900,5795,-19.67157842525567,-43.20707336657122,1.6566670104702967,1013.25,0.0,349.99948177481934,-0.8359520627798052,0.9210298913398622,-9.327535959253723,12,1.0,0.0,0.0,0.0,2,0.9410103027235069
10:37:14.227,116000,5800,-19.671570817990492,-43.20707197584533,1.401854091255471,1013.25,0.0,349.99948177481934,0.8104813134525282,-1.3036564595441646,-9.9842042324901,12,1.0,0.0,0.0,0.0,2,1.0101521384427208
10:37:14.435,116100,5805,-19.671567105492993,-43.207074188287535,-0.6998148765391434,1013.25,0.0,349.99948177481934,-1.3819270967078479,-0.34462146838263497,-8.058459585399186,12,1.0,0.0,0.0,0.0,2,0.8183352451568834
10:37:14.648,116200,5810,-19.67156254780938,-43.207068498872694,-0.007506227236112384,1013.25,0.0,349.99948177481934,0.8764706164321523,0.7396499256963165,-8.05549166587348,12,1.0,0.0,0.0,0.0,2,0.8136721006216732
10:37:14.859,116300,5815,-19.671557680388435,-43.20706163467096,-0.6800904755405517,1013.25,0.0,349.99948177481934,1.0445019087578191,-0.30607742632007096,-8.572759166042431,12,1.0,0.0,0.0,0.0,2,0.8641577827414735
10:37:15.073,116400,5820,-19.671554906042733,-43.20705758443026,0.37098511928198974,1013.25,0.0,349.99948177481934,1.220363636884477,0.38968680710587433,-9.39579982394679,12,1.0,0.0,0.0,0.0,2,0.9482731544525598
10:37:15.281,116500,5825,-19.67155119649952,-43.20705751217662,-1.553647617956373,1013.25,0.0,349.99948177481934,0.7295463997058995,0.8755259934400801,-9.656235343128396,12,1.0,0.0,0.0,0.0,2,0.9723253813225029
10:37:15.489,116600,5830,-19.671549339925086,-43.207046213102274,1.2759400714356235,1013.25,0.0,349.99948177481934,1.375581260814911,0.33353211412453065,-9.181571246308799,12,1.0,0.0,0.0,0.0,2,0.9290033262981464
10:37:15.704,116700,5835,-19.6715456493859,-43.20703963560775,-0.9341950980286233,1013.25,0.0,349.99948177481934,-9.114819737043867e-05,1.142498725673784,-8.104627499235535,12,1.0,0.0,0.0,0.0,2,0.8184759632868828
10:37:15.912,116800,5840,-19.67153872724452,-43.20703926575122,1.8138773524838276,1013.25,0.0,349.99948177481934,0.38422258521479247,0.47482642296210686,-9.986362814391867,12,1.0,0.0,0.0,0.0,2,1.00050252067449
10:37:16.120,116900,5845,-19.671539092116202,-43.207038528563864,-0.8341382453743775,1013.25,0.0,349.99948177481934,-0.17483905839135327,0.46439588908802953,-8.990426652953236,12,1.0,0.0,0.0,0.0,2,0.9004110374727365
10:37:16.336,117000,5850,-19.67153136504123,-43.20703191246411,1.8005143137857296,1013.25,0.0,349.99948177481934,-0.590264798655875,-1.2378745052172362,-8.998131710884186,12,1.0,0.0,0.0,0.0,2,0.9102039337951613
10:37:16.548,117100,5855,-19.6715303597889,-43.20702834242345,1.9435472507892633,1013.25,0.0,349.99948177481934,-0.5981970394983616,0.5222800524902329,-9.88072397279111,12,1.0,0.0,0.0,0.0,2,0.9912584041398225
10:37:16.756,117200,5860,-19.671519947776783,-43.20702674883618,1.8499289569647206,1013.25,0.0,349.99948177481934,-1.3366370839253423,-0.964446815380356,-9.35673583578032,12,1.0,0.0,0.0,0.0,2,0.9500803221538556
10:37:16.964,117300,5865,-19.67151946935542,-43.207018666441776,1.794977882002362,1013.25,0.0,349.99948177481934,-0.07935880513308091,-0.5255346753325774,-8.654108606428753,12,1.0,0.0,0.0,0.0,2,0.8670414078162202
10:37:17.181,117400,5870,-19.671514123270118,-43.207020019110004,1.7206213138045818,1013.25,0.0,349.99948177481934,-0.6734703333712202,-0.23898156413861305,-8.47522257840124,12,1.0,0.0,0.0,0.0,2,0.8505296716245205
10:37:17.401,117500,5875,-19.6715089644616,-43.207013863324754,0.8028385962489959,1013.25,0.0,349.99948177481934,1.2732854465694072,0.01792902975615429,-8.6635126039889,12,1.0,0.0,0.0,0.0,2,0.8756599106846675
10:37:17.611,117600,5880,-19.67150521842743,-43.20700838533183,-0.6687766836437739,1013.25,0.0,349.99948177481934,-0.7491225834823096,-0.25303177091315177,-8.990649615925298,12,1.0,0.0,0.0,0.0,2,0.9025352637903539
10:37:17.818,117700,5885,-19.67150261405225,-43.20699982394445,-0.4172810726667531,1013.25,0.0,349.99948177481934,1.26956001000319,-0.12582578518084198,-9.666956160257604,12,1.0,0.0,0.0,0.0,2,0.9750777207564436
10:37:18.026,117800,5890,-19.67150239100014,-43.20700252215968,1.9749931659090403,1013.25,0.0,349.99948177481934,1.0921780850949165,-0.44492153212236873,-8.653370597165129,12,1.0,0.0,0.0,0.0,2,0.8733363088248975
10:37:18.234,117900,5895,-19.67149514920253,-43.206998322355,-0.15224085223024586,1013.25,0.0,349.99948177481934,0.908585840890332,0.9514818971725529,-8.394503604928609,12,1.0,0.0,0.0,0.0,2,0.8496972213916725
10:37:18.442,118000,5900,-19.671485868920815,-43.206992695181754,-0.107892841567641,1013.25,0.0,349.99948177481934,0.7950159303874575,0.8685922240832165,-8.547459704638953,12,1.0,0.0,0.0,0.0,2,0.8628184640104447
10:37:18.653,118100,5905,-19.671481067639245,-43.206985829710234,1.7903585610291564,1013.25,0.0,349.99948177481934,-0.7367678989770047,1.2305047854489355,-9.91399781796535,12,1.0,0.0,0.0,0.0,2,1.001720129070977
10:37:18.863,118200,5910,-19.671478075965283,-43.20698464945693,0.7678193519857679,1013.25,0.0,349.99948177481934,-0.39369543240781324,0.5685497480766308,-8.972868088079926,12,1.0,0.0,0.0,0.0,2,0.8999478131292942
10:37:19.084,118300,5915,-19.67147371447602,-43.206972782713805,-1.6583296863231642,1013.25,0.0,349.99948177481934,-0.5390000317871652,0.6754951507579063,-9.716833417541832,12,1.0,0.0,0.0,0.0,2,0.9755186640819421
10:37:19.297,118400,5920,-19.671470910445002,-43.206974504377456,0.8850389987555491,1013.25,0.0,349.99948177481934,-0.24249080743449314,0.20478192467498912,-9.039128329104173,12,1.0,0.0,0.0,0.0,2,0.904469891032186
10:37:19.505,118500,5925,-19.671467098823225,-43.206964021370304,0.2324468274175433,1013.25,0.0,349.99948177481934,1.3536523347793912,-1.0209707645769923,-8.894489224270533,12,1.0,0.0,0.0,0.0,2,0.9054650435342011
10:37:19.718,118600,5930,-19.671460919786195,-43.206959295494606,0.3077093439539418,1013.25,0.0,349.99948177481934,-1.2813377422394354,0.014788267169284719,-8.988328041219956,12,1.0,0.0,0.0,0.0,2,0.9079211754283194
10:37:19.933,118700,5935,-19.671459357583018,-43.20696382190718,1.1085443742699814,1013.25,0.0,349.99948177481934,-0.752835534931934,1.1842831650969239,-9.72352283768549,12,1.0,0.0,0.0,0.0,2,0.9824265078507376
10:37:20.140,118800,5940,-19.67146078007199,-43.20695643942467,-1.1665358465715365,1013.25,0.0,349.99948177481934,-0.9103191980671297,-1.1076230072564992,-9.958230129132977,12,1.0,0.0,0.0,0.0,2,1.0060907368291654
10:37:20.347,118900,5945,-19.671454270237845,-43.20695570464802,-1.2740661477813555,1013.25,0.0,349.99948177481934,-0.771279424550312,-0.4430327459102297,-9.796971698198222,12,1.0,0.0,0.0,0.0,2,0.9837266104969427
10:37:20.562,119000,5950,-19.671449412862653,-43.20694355909472,-0.031243341234283406,1013.25,0.0,349.99948177481934,-0.7145101153937149,-0.870966023936947,-9.887231961248753,12,1.0,0.0,0.0,0.0,2,0.9951204066613816
10:37:20.770,119100,5955,-19.671439518247563,-43.20694190990748,-1.4886994787003185,1013.25,0.0,349.99948177481934,-1.2525330575069273,-1.0062117374061055,-8.206827266576873,12,1.0,0.0,0.0,0.0,2,0.8362614119046216
10:37:20.979,119200,5960,-19.67143710137866,-43.20693833220046,-0.2321466284898528,1013.25,0.0,349.99948177481934,-1.3949124872628893,0.13132935231470166,-9.55343856536516,12,1.0,0.0,0.0,0.0,2,0.965563134487371
10:37:21.185,119300,5965,-19.671438231993033,-43.206933671749624,-0.576122920876152,1013.25,0.0,349.99948177481934,-0.3639812571741725,1.0520553751628396,-9.991948758596603,12,1.0,0.0,0.0,0.0,2,1.0053772568663135
10:37:21.401,119400,5970,-19.671432463355288,-43.20693175101727,-0.9095279721679272,1013.25,0.0,349.99948177481934,-1.2136173534670975,-1.0074491643845178,-9.936253437387638,12,1.0,0.0,0.0,0.0,2,1.0060663659592899
10:37:21.612,119500,5975,-19.671424553602794,-43.20692204286635,-0.11741617053356812,1013.25,0.0,349.99948177481934,0.38456582797898253,-0.6638356268408653,-9.567188443074606,12,1.0,0.0,0.0,0.0,2,0.9597898901364437
10:37:21.820,119600,5980,-19.671419634032233,-43.20692090168524,1.911817402612603,1013.25,0.0,349.99948177481934,-0.10915565200801547,-0.4915435648017912,-8.954536427333496,12,1.0,0.0,0.0,0.0,2,0.8968681768292701
10:37:22.035,119700,5985,-19.671413212752334,-43.20692110429237,0.34170390476894363,1013.25,0.0,349.99948177481934,-0.33728969561957656,-0.09156196196840227,-8.414355788496904,12,1.0,0.0,0.0,0.0,2,0.842161096626186
10:37:22.250,119800,5990,-19.671409013583723,-43.20691408283534,-0.7938884887442303,1013.25,0.0,349.99948177481934,0.7010917836927151,1.267329909668471,-8.359045945436556,12,1.0,0.0,0.0,0.0,2,0.8483590272226792
10:37:22.462,119900,5995,-19.671407362553936,-43.2069143504442,-0.4989399516508324,1013.25,0.0,349.99948177481934,0.7101322511276571,-0.3444681060579704,-8.647901919735835,12,1.0,0.0,0.0,0.0,2,0.8683844408069133
10:37:22.669,120000,6000,-19.671403149289965,-43.2069075101036,-1.1641500911027207,1013.25,0.0,349.99948177481934,1.0765636702112644,-0.10171575702670799,-9.512974509502238,12,1.0,0.0,0.0,0.0,2,0.9574237277699233
10:37:22.878,120100,6005,-19.671402951714754,-43.206904968396884,-1.2895504079887883,1013.25,0.0,349.99948177481934,0.9150603368144496,-0.4468032109122153,-9.708202317662003,12,1.0,0.0,0.0,0.0,2,0.9761463044541547
10:37:23.089,120200,6010,-19.671400328086566,-43.20689213699025,-0.074664276211303,1013.25,0.0,349.99948177481934,0.25304344648901655,1.2357674322581462,-8.975331202392578,12,1.0,0.0,0.0,0.0,2,0.9063538068827356
10:37:23.308,120300,6015,-19.671388292052207,-43.206893917670804,1.5434413079241658,1013.25,0.0,349.99948177481934,0.3636919606904021,-1.3361638681065322,-9.60032042373415,12,1.0,0.0,0.0,0.0,2,0.9699678240182573
10:37:23.515,120400,6020,-19.671384377844554,-43.20688821414194,0.27914344435375504,1013.25,0.0,349.99948177481934,-1.0213363781256097,-0.76998036718179,-8.311816915637408,12,1.0,0.0,0.0,0.0,2,0.840965505845539
10:37:23.723,120500,6025,-19.671381735644626,-43.206886656976984,-1.1121765651887316,1013.25,0.0,349.99948177481934,0.36030926366904703,0.7934639928125251,-9.612905840527572,12,1.0,0.0,0.0,0.0,2,0.9652324412918623
10:37:23.939,120600,6030,-19.6713778413753,-43.206883876188165,1.4273424869252183,1013.25,0.0,349.99948177481934,-1.4426448634474802,-0.4646392576886593,-9.349208450505785,12,1.0,0.0,0.0,0.0,2,0.9471262455070373
10:37:24.148,120700,6035,-19.67137442724888,-43.20687362495052,1.2399136074958763,1013.25,0.0,349.99948177481934,-0.055782165500631864,-0.3430409807937078,-9.368487907010476,12,1.0,0.0,0.0,0.0,2,0.9374932235930742
10:37:24.355,120800,6040,-19.6713741944406,-43.206867477531404,-1.1129555825769244,1013.25,0.0,349.99948177481934,-0.5028356016132827,0.6585744424746975,-8.999216609212986,12,1.0,0.0,0.0,0.0,2,0.9037281865586883
10:37:24.573,120900,6045,-19.671369233373554,-43.20686517243218,-1.2854260197890612,1013.25,0.0,349.99948177481934,-1.1002924388433644,-1.3686290206913205,-8.065693312023866,12,1.0,0.0,0.0,0.0,2,0.825464702158008
10:37:24.788,121000,6050,-19.671367144467705,-43.20685918421895,-0.9685097435427723,1013.25,0.0,349.99948177481934,-1.4131784347655731,1.2752950022179248,-8.690704379057415,12,1.0,0.0,0.0,0.0,2,0.8896729356080032
10:37:25.001,121100,6055,-19.671356602212924,-43.206856072866614,0.8417383797608511,1013.25,0.0,349.99948177481934,0.7841500325023598,0.7630345951735249,-9.899163840645503,12,1.0,0.0,0.0,0.0,2,0.9959445657808899
10:37:25.208,121200,6060,-19.671353130992717,-43.20685710314895,-0.46937681840681034,1013.25,0.0,349.99948177481934,0.768427940893404,-0.6023578418976602,-9.558691367071473,12,1.0,0.0,0.0,0.0,2,0.9608428441788388
10:37:25.424,121300,6065,-19.671353205904452,-43.20685124281407,1.5341198708307822,1013.25,0.0,349.99948177481934,0.307154493050217,-1.219646119436396,-9.991508622062168,12,1.0,0.0,0.0,0.0,2,1.0070358736609133
10:37:25.631,121400,6070,-19.671348711003215,-43.206841417245215,0.14132859678880472,1013.25,0.0,349.99948177481934,-0.9746296057119029,-1.2311978600690878,-9.860080502663296,12,1.0,0.0,0.0,0.0,2,0.9984334657751097
10:37:25.840,121500,6075,-19.671339810415965,-43.20684111755312,-1.2411202648596458,1013.25,0.0,349.99948177481934,-0.7812556152162675,0.5037964521125242,-8.386155593946345,12,1.0,0.0,0.0,0.0,2,0.8437521961295608
10:37:26.049,121600,6080,-19.671338627488247,-43.20683588636554,-1.598315100624537,1013.25,0.0,349.99948177481934,0.3024934143749134,0.10939631629679969,-8.905294972155717,12,1.0,0.0,0.0,0.0,2,0.8911102533405245
10:37:26.259,121700,6085,-19.671335207936927,-43.206838246585555,1.8032352670051437,1013.25,0.0,349.99948177481934,0.486712572122584,-1.2012754546520004,-8.779103580152444,12,1.0,0.0,0.0,0.0,2,0.8874266815735091
10:37:26.473,121800,6090,-19.6713311193496,-43.20683088199886,-1.1288393819250215,1013.25,0.0,349.99948177481934,-1.2853688643007468,-1.4797554990389814,-8.49937507330253,12,1.0,0.0,0.0,0.0,2,0.8722455278814922
10:37:26.680,121900,6095,-19.671323295612208,-43.20682325836091,0.4575664809875235,1013.25,0.0,349.99948177481934,-0.8767152986662499,-0.3832301624786505,-8.898266066960977,12,1.0,0.0,0.0,0.0,2,0.8949560551824768
10:37:26.893,122000,6100,-19.671318663974315,-43.20681892585926,1.692907805477327,1013.25,0.0,349.99948177481934,-0.5185614721415975,-1.2687444905018026,-8.171509435669291,12,1.0,0.0,0.0,0.0,2,0.8285661412331584
10:37:27.106,122100,6105,-19.671320093988385,-43.20681695642977,0.43552272675204184,1013.25,0.0,349.99948177481934,0.40823839617936786,-0.08805138925206535,-8.839294170272149,12,1.0,0.0,0.0,0.0,2,0.8849154369987651
10:37:27.314,122200,6110,-19.671312201826836,-43.20681588712885,0.6429046267777556,1013.25,0.0,349.99948177481934,0.3439443688495807,-1.4945521810935376,-9.07432839578295,12,1.0,0.0,0.0,0.0,2,0.9203011451986115
10:37:27.522,122300,6115,-19.67130648917805,-43.206806947766374,1.4384039155249733,1013.25,0.0,349.99948177481934,-1.455164113111065,-0.5080471378601938,-9.990019585131996,12,1.0,0.0,0.0,0.0,2,1.010821971475171
10:37:27.730,122400,6120,-19.67130451352594,-43.206800900119426,-0.5015393314305823,1013.25,0.0,349.99948177481934,1.2490411004619366,1.2211253941078595,-8.272742179750752,12,1.0,0.0,0.0,0.0,2,0.8455147193952656
10:37:27.938,122500,6125,-19.671304245889697,-43.20679646804853,-0.8630915729984374,1013.25,0.0,349.99948177481934,-0.8462599339429736,0.3066530803723124,-9.395495908428607,12,1.0,0.0,0.0,0.0,2,0.9438513407989508
10:37:28.157,122600,6130,-19.671298274988835,-43.2067976631499,-1.9530709052857005,1013.25,0.0,349.99948177481934,0.7466371670044669,-0.1540937701752818,-8.258967299170635,12,1.0,0.0,0.0,0.0,2,0.8294079382181556
10:37:28.364,122700,6135,-19.67128689803507,-43.20678710099056,0.5347427423941515,1013.25,0.0,349.99948177481934,0.1849673862614445,-1.458994065815613,-9.800718753177096,12,1.0,0.0,0.0,0.0,2,0.9910447250096374
10:37:28.572,122800,6140,-19.671289679815526,-43.206785231500135,1.5033226629464966,1013.25,0.0,349.99948177481934,-0.18802226769523633,-1.4532612263946427,-9.17397971257007,12,1.0,0.0,0.0,0.0,2,0.929027579418063
10:37:28.781,122900,6145,-19.67128119214298,-43.20678110892826,-1.0139763669270248,1013.25,0.0,349.99948177481934,-0.7364177318340316,-0.3308634665822592,-9.18829879838339,12,1.0,0.0,0.0,0.0,2,0.9223698635452703
10:37:28.990,123000,6150,-19.6712817809664,-43.20677435898886,-1.7687809512842145,1013.25,0.0,349.99948177481934,0.521498346216859,-0.7098162010379653,-8.349343721909161,12,1.0,0.0,0.0,0.0,2,0.8395673894985847
10:37:29.199,123100,6155,-19.671279620775206,-43.20677402867231,-1.0807691815302065,1013.25,0.0,349.99948177481934,-1.1604575803692614,-0.8879753461505469,-9.58705251282186,12,1.0,0.0,0.0,0.0,2,0.9697769738182672
10:37:29.406,123200,6160,-19.671273000755992,-43.206771551235924,-0.43563823041223015,1013.25,0.0,349.99948177481934,-0.1447720002619457,0.9963488989844702,-8.763295567127928,12,1.0,0.0,0.0,0.0,2,0.8820942084460788
10:37:29.617,123300,6165,-19.6712677710568,-43.20676722263785,-1.1530349206972677,1013.25,0.0,349.99948177481934,-0.10438251141016996,0.41363208889784087,-9.581755096411191,12,1.0,0.0,0.0,0.0,2,0.9591246944024334
10:37:29.827,123400,6170,-19.67125809196286,-43.20675731267425,1.8983590759708941,1013.25,0.0,349.99948177481934,-1.2855587836141678,0.16378064918672797,-8.018354879417634,12,1.0,0.0,0.0,0.0,2,0.8122407306916846
10:37:30.038,123500,6175,-19.671258159131423,-43.20675830027291,-1.8488655250384212,1013.25,0.0,349.99948177481934,-0.9339636774539458,-0.4741503112671215,-9.472379804951455,12,1.0,0.0,0.0,0.0,2,0.9530114681247555
10:37:30.248,123600,6180,-19.671257756898015,-43.206757299979536,-0.3552954249123781,1013.25,0.0,349.99948177481934,-1.0030793855407398,0.3792072647590645,-8.118471085304481,12,1.0,0.0,0.0,0.0,2,0.8188988897676426
10:37:30.462,123700,6185,-19.671252310850587,-43.206751261040324,1.5964056378269995,1013.25,0.0,349.99948177481934,-0.8499930772589932,0.31114760223856197,-8.983248098199418,12,1.0,0.0,0.0,0.0,2,0.9028734543421382
10:37:30.675,123800,6190,-19.67124884235088,-43.20674935101518,-0.808476742994666,1013.25,0.0,349.99948177481934,0.7283299536398489,-0.050461400140249246,-9.1333469170179,12,1.0,0.0,0.0,0.0,2,0.9162479837951815
10:37:30.882,123900,6195,-19.671245122595842,-43.20673881353373,0.8693327299267959,1013.25,0.0,349.99948177481934,1.0954141690363053,-0.303207188730398,-8.309703968359232,12,1.0,0.0,0.0,0.0,2,0.8387076179622339
10:37:31.091,124000,6200,-19.671235835325888,-43.20673667625476,-0.5783644941643344,1013.25,0.0,349.99948177481934,0.4065619517270611,-1.2275708438196,-9.895246003354714,12,1.0,0.0,0.0,0.0,2,0.9979384563393453
10:37:31.306,124100,6205,-19.671230280460396,-43.206733695058276,1.9416571647676286,1013.25,0.0,349.99948177481934,-1.1006452348167666,1.3030657490457411,-9.11714670260838,12,1.0,0.0,0.0,0.0,2,0.9275330952378135
10:37:31.517,124200,6210,-19.671227189622687,-43.20673192801849,-1.1007297367097637,1013.25,0.0,349.99948177481934,-1.4439824811276,-1.3102579489922848,-8.616508228285683,12,1.0,0.0,0.0,0.0,2,0.8834368984076666
10:37:31.725,124300,6215,-19.671223804759467,-43.20672244220577,-0.05847163199672023,1013.25,0.0,349.99948177481934,1.4729215926001147,-0.279374532794463,-9.1203367215357,12,1.0,0.0,0.0,0.0,2,0.924273174238625
10:37:31.938,124400,6220,-19.671221745743658,-43.20671955495167,1.7580847244835156,1013.25,0.0,349.99948177481934,0.9824231278031186,0.28897457078840016,-8.793319196802308,12,1.0,0.0,0.0,0.0,2,0.8852746692493624
10:37:32.153,124500,6225,-19.67121088617026,-43.206710771937935,-0.3492934312015179,1013.25,0.0,349.99948177481934,-1.342489559860196,0.24224887500295456,-9.6289775864303,12,1.0,0.0,0.0,0.0,2,0.9725130955198029
10:37:32.366,124600,6230,-19.671214222197463,-43.20671300924919,-0.9074189509404063,1013.25,0.0,349.99948177481934,-0.48089888379714774,-0.6119479377632775,-8.410322842233192,12,1.0,0.0,0.0,0.0,2,0.8446258007281063
10:37:32.574,124700,6235,-19.671205601495966,-43.20670517882491,0.31548688510508205,1013.25,0.0,349.99948177481934,-1.0164890805113787,0.04425916513288408,-8.33594494471246,12,1.0,0.0,0.0,0.0,2,0.8397808466842666
10:37:32.794,124800,6240,-19.67120719443702,-43.206707277786265,0.00497667724262385,1013.25,0.0,349.99948177481934,-0.03812885603688798,-0.5483820660854305,-8.525160314769236,12,1.0,0.0,0.0,0.0,2,0.8542864571827362
10:37:33.003,124900,6245,-19.67119686920278,-43.206696884718504,-0.09598914095887068,1013.25,0.0,349.99948177481934,0.03802471911850036,0.26154879685366095,-8.592824622776158,12,1.0,0.0,0.0,0.0,2,0.859688831206896
10:37:33.217,125000,6250,-19.67119412851181,-43.20669781727628,-0.5190133515265396,1013.25,0.0,349.99948177481934,-1.4035100385761172,1.2626045953528457,-9.522165321259187,12,1.0,0.0,0.0,0.0,2,0.9707504478390991
10:37:33.425,125100,6255,-19.67119250177865,-43.20668513658826,-0.12609506013612526,1013.25,0.0,349.99948177481934,-1.252710929579404,0.4395353008955607,-9.52210628571443,12,1.0,0.0,0.0,0.0,2,0.9614207407283418
10:37:33.633,125200,6260,-19.671187621166137,-43.20668611271396,0.043285826730971255,1013.25,0.0,349.99948177481934,0.9897776311844946,-1.4525586125797443,-9.271040919868863,12,1.0,0.0,0.0,0.0,2,0.9436195526802932
10:37:33.845,125300,6265,-19.671183054922917,-43.20667957331163,-0.25708962623359843,1013.25,0.0,349.99948177481934,-1.3874078960265277,-0.027072192003048556,-9.725841118745016,12,1.0,0.0,0.0,0.0,2,0.9824338096818936
10:37:34.057,125400,6270,-19.67117901915648,-43.206679124272654,1.6503313583484163,1013.25,0.0,349.99948177481934,0.07331843671478167,-0.5775402536738902,-8.257980413367465,12,1.0,0.0,0.0,0.0,2,0.8278476239341193
10:37:34.264,125500,6275,-19.671176044957093,-43.2066742348843,0.919020332887178,1013.25,0.0,349.99948177481934,0.24997198150409883,0.6984832606672655,-9.520317192641109,12,1.0,0.0,0.0,0.0,2,0.9549178200529476
10:37:34.479,125600,6280,-19.67117319963885,-43.206671939849,0.577222919205687,1013.25,0.0,349.99948177481934,1.147421341471762,0.47954429508823515,-9.589798604824129,12,1.0,0.0,0.0,0.0,2,0.9670096987461053
10:37:34.693,125700,6285,-19.671162444310138,-43.206662635347,-0.22001940986429958,1013.25,0.0,349.99948177481934,1.1593248407993562,-1.3411616029422913,-9.194222956988874,12,1.0,0.0,0.0,0.0,2,0.9363572198393219
10:37:34.907,125800,6290,-19.671158022303313,-43.20665580091023,0.5798448629263291,1013.25,0.0,349.99948177481934,-1.2272808174979923,-1.059308921763214,-8.830936407984256,12,1.0,0.0,0.0,0.0,2,0.8978518332029376
10:37:35.116,125900,6295,-19.67115717131735,-43.2066593201005,-1.3548491223064132,1013.25,0.0,349.99948177481934,0.650120426229944,-0.7099058757815481,-9.47325945607586,12,1.0,0.0,0.0,0.0,2,0.9522041148997481
10:37:35.330,126000,6300,-19.671155155613526,-43.20664875563811,1.9555412372631502,1013.25,0.0,349.99948177481934,-1.3252896566104404,-0.8015865040417544,-9.681501266465006,12,1.0,0.0,0.0,0.0,2,0.980461117892719
10:37:35.538,126100,6305,-19.671148037000638,-43.20664501051939,-0.5755439332103216,1013.25,0.0,349.99948177481934,-0.6926702051918553,-0.09392175446902451,-9.059874775862408,12,1.0,0.0,0.0,0.0,2,0.9086800551537982
10:37:35.751,126200,6310,-19.67114046637951,-43.20664573661452,-0.2119057470601602,1013.25,0.0,349.99948177481934,-0.4868235510512071,-0.872047396965046,-8.43893898456918,12,1.0,0.0,0.0,0.0,2,0.8497832371710632
10:37:35.959,126300,6315,-19.671141515911415,-43.20663832307528,0.7362540464545164,1013.25,0.0,349.99948177481934,-0.29051688452891433,-1.4334346399547444,-8.795635198390844,12,1.0,0.0,0.0,0.0,2,0.8916408103625054
10:37:36.181,126400,6320,-19.67113465107886,-43.20663357245429,1.049634183527683,1013.25,0.0,349.99948177481934,-1.4259073311667778,0.2241404094561017,-8.45657631195966,12,1.0,0.0,0.0,0.0,2,0.8578877173629634
10:37:36.392,126500,6325,-19.671134445750774,-43.20663349229996,1.0048853198858905,1013.25,0.0,349.99948177481934,0.32363137565866795,1.1104418680356996,-9.003833676874628,12,1.0,0.0,0.0,0.0,2,0.9077821285441735
10:37:36.601,126600,6330,-19.671126435244346,-43.206624723193485,0.7652769164106688,1013.25,0.0,349.99948177481934,1.050146391325911,0.44002310636220265,-8.367717746011643,12,1.0,0.0,0.0,0.0,2,0.8444828479860655
10:37:36.808,126700,6335,-19.671121838453804,-43.20661959180292,0.0008817807060226279,1013.25,0.0,349.99948177481934,1.3603210776305121,0.8451796074531943,-8.31836392150239,12,1.0,0.0,0.0,0.0,2,0.8471126273032011
10:37:37.016,126800,6340,-19.671118516268816,-43.206614046550726,-1.1024940148579563,1013.25,0.0,349.99948177481934,1.1293395913594502,0.4275850464311226,-9.420273053039514,12,1.0,0.0,0.0,0.0,2,0.9497356541604924
10:37:37.227,126900,6345,-19.67111085193495,-43.206614428719355,0.09034884024163858,1013.25,0.0,349.99948177481934,0.40232126273764246,-0.7735686555463132,-8.190469598145652,12,1.0,0.0,0.0,0.0,2,0.8236750761158356
10:37:37.438,127000,6350,-19.671112720866848,-43.206608042506964,0.2732093479713176,1013.25,0.0,349.99948177481934,0.3809782926017158,0.6029876949759663,-9.765392584368112,12,1.0,0.0,0.0,0.0,2,0.979140597394255
10:37:37.645,127100,6355,-19.67110745537835,-43.20660526872094,1.1816537372512887,1013.25,0.0,349.99948177481934,0.48382969796021635,-0.2270068422072451,-9.118497453964157,12,1.0,0.0,0.0,0.0,2,0.9134145778395919
10:37:37.864,127200,6360,-19.671104041398163,-43.2065989924759,1.0217481320951625,1013.25,0.0,349.99948177481934,-0.30804700413567865,-1.0236516563054368,-9.952661492317878,12,1.0,0.0,0.0,0.0,2,1.0009906415690457
10:37:38.072,127300,6365,-19.67109807338224,-43.20659413758477,-1.3492682868734054,1013.25,0.0,349.99948177481934,-1.0524015226131938,-0.964714437031085,-9.108410761834651,12,1.0,0.0,0.0,0.0,2,0.9219618729433452
10:37:38.281,127400,6370,-19.67109758158391,-43.206596822582455,1.2951784972722304,1013.25,0.0,349.99948177481934,0.849790024197314,0.5507358629165733,-8.096114459963625,12,1.0,0.0,0.0,0.0,2,0.8159198638638469
10:37:38.488,127500,6375,-19.671090212024062,-43.20659170396686,-0.2749817104561143,1013.25,0.0,349.99948177481934,0.6319104639666913,-1.4973929236511543,-9.472887468818811,12,1.0,0.0,0.0,0.0,2,0.9611300297003296
10:37:38.699,127600,6380,-19.67108086595491,-43.20658847344742,0.001151715666684261,1013.25,0.0,349.99948177481934,0.10563396453174745,-0.008884372230214765,-8.857772438815832,12,1.0,0.0,0.0,0.0,2,0.8858406744126056
10:37:38.914,127700,6385,-19.671084174669506,-43.20658096089395,0.9869389737730914,1013.25,0.0,349.99948177481934,-0.6848506210268664,-1.0986702487139954,-8.037523403369466,12,1.0,0.0,0.0,0.0,2,0.8141122720377212
10:37:39.124,127800,6390,-19.671071199844107,-43.20657878456925,-1.5545337378431756,1013.25,0.0,349.99948177481934,-0.6521862590867405,-0.70928620840436,-9.04830497582485,12,1.0,0.0,0.0,0.0,2,0.9099464642357316
10:37:39.331,127900,6395,-19.671073680958568,-43.20657086529333,-0.9830180495567724,1013.25,0.0,349.99948177481934,0.5714771828450056,0.1285017848811978,-8.265804494631057,12,1.0,0.0,0.0,0.0,2,0.8286532617608713
10:37:39.546,128000,6400,-19.67107132548254,-43.20656417351152,-1.8846432365893575,1013.25,0.0,349.99948177481934,1.2214661052752969,0.7981902616325671,-9.052250340170055,12,1.0,0.0,0.0,0.0,2,0.9169096103826722
10:37:39.756,128100,6405,-19.671063948770698,-43.20656817182464,-0.6857915951008011,1013.25,0.0,349.99948177481934,-0.8324026444661263,-0.446829003150492,-9.20289248534321,12,1.0,0.0,0.0,0.0,2,0.9251258315351333
10:37:39.965,128200,6410,-19.671058966265527,-43.20655870255333,0.7278084044642035,1013.25,0.0,349.99948177481934,1.0179781833214054,-0.3312341275732156,-9.103452461165546,12,1.0,0.0,0.0,0.0,2,0.9166179266285849
10:37:40.179,128300,6415,-19.67105193513404,-43.206550276799184,-0.5401417578208694,1013.25,0.0,349.99948177481934,-1.196839229154683,1.225439216358807,-9.335817063783965,12,1.0,0.0,0.0,0.0,2,0.9491659794886957
10:37:40.400,128400,6420,-19.67105137369218,-43.206548085074274,-0.36848501962438895,1013.25,0.0,349.99948177481934,-1.1377840854618626,0.23546829753504417,-8.69794437194221,12,1.0,0.0,0.0,0.0,2,0.8775205652386474
10:37:40.612,128500,6425,-19.671047816872566,-43.206542997421664,0.707690136304242,1013.25,0.0,349.99948177481934,0.5514736657420025,-0.11523799137152535,-9.578822086889016,12,1.0,0.0,0.0,0.0,2,0.9595375738913777
10:37:40.819,128600,6430,-19.67104493894962,-43.20654050674122,1.332836067265263,1013.25,0.0,349.99948177481934,0.43825381288525644,1.1942821623089253,-8.207106612854485,12,1.0,0.0,0.0,0.0,2,0.8305117412925453
10:37:41.026,128700,6435,-19.671035756712953,-43.20653620417558,0.3862111927467633,1013.25,0.0,349.99948177481934,-1.1944825383442383,-0.8655221272858082,-9.554454752618692,12,1.0,0.0,0.0,0.0,2,0.9667653422990947
10:37:41.237,128800,6440,-19.671030237800593,-43.20653093054924,0.7170499404999382,1013.25,0.0,349.99948177481934,-0.9061867742983349,1.0138104082531543,-9.599977779645743,12,1.0,0.0,0.0,0.0,2,0.9695801121283772
10:37:41.455,128900,6445,-19.671030464551848,-43.206533644594735,-1.6072179643753097,1013.25,0.0,349.99948177481934,-0.3244376146352781,0.7751492868256431,-8.975337798635415,12,1.0,0.0,0.0,0.0,2,0.901458844220135
10:37:41.663,129000,6450,-19.671026560609317,-43.20652307716568,1.3556903578140949,1013.25,0.0,349.99948177481934,0.9889172298293585,0.7723650488341254,-9.899207828231962,12,1.0,0.0,0.0,0.0,2,0.99784177444444
10:37:41.872,129100,6455,-19.671016958803737,-43.206519088470586,-1.580662639332561,1013.25,0.0,349.99948177481934,0.3242631238714666,-0.4462241253577486,-9.197576999031272,12,1.0,0.0,0.0,0.0,2,0.9214102517156149
10:37:42.087,129200,6460,-19.67101238788165,-43.20651785449029,1.9028767441892311,1013.25,0.0,349.99948177481934,-0.26793500580828056,0.7654509530112237,-8.918495459095713,12,1.0,0.0,0.0,0.0,2,0.8955292601736368
10:37:42.298,129300,6465,-19.671012914384086,-43.20651452434139,1.7374951476450637,1013.25,0.0,349.99948177481934,0.7235474076326951,1.0958865859235947,-9.411149930316915,12,1.0,0.0,0.0,0.0,2,0.9502327676480292
10:37:42.505,129400,6470,-19.671013222665277,-43.20650473833355,-1.412257714690874,1013.25,0.0,349.99948177481934,-1.0172007982253852,1.1766355728681077,-8.695157427264743,12,1.0,0.0,0.0,0.0,2,0.8833172217282206
10:37:42.715,129500,6475,-19.67100122464564,-43.206502503190684,1.4394906901380646,1013.25,0.0,349.99948177481934,1.1415557700468173,-0.5884717194860138,-8.368468026818238,12,1.0,0.0,0.0,0.0,2,0.8466445869232327
10:37:42.932,129600,6480,-19.67100266744061,-43.206502404216664,1.0827318955930982,1013.25,0.0,349.99948177481934,-1.3309139973510646,-0.9829712622396896,-8.679338179169896,12,1.0,0.0,0.0,0.0,2,0.8835636694609523
10:37:43.147,129700,6485,-19.670997432282206,-43.206494022629556,1.8721815327450493,1013.25,0.0,349.99948177481934,1.0325703541899385,1.4043271084751803,-8.069889157673183,12,1.0,0.0,0.0,0.0,2,0.8255994620945523
10:37:43.359,129800,6490,-19.67098786076856,-43.20648892334261,-0.9102100194481171,1013.25,0.0,349.99948177481934,-1.2645199426096942,-0.9200634600696794,-8.192688134815462,12,1.0,0.0,0.0,0.0,2,0.8340603475178464
10:37:43.573,129900,6495,-19.670990263156497,-43.20648488375952,-0.12476547132406113,1013.25,0.0,349.99948177481934,1.3280543242941216,-1.1545666097557785,-8.733732173256337,12,1.0,0.0,0.0,0.0,2,0.890925530102332
10:37:43.788,130000,6500,-19.67097891990681,-43.20648004958653,0.6245863957940472,1013.25,0.0,349.99948177481934,0.9826231092257558,1.1767645666868631,-8.250930111271565,12,1.0,0.0,0.0,0.0,2,0.8392149350510989
10:37:44.002,130100,6505,-19.670981674972897,-43.20647782184299,-0.6889041938287779,1013.25,0.0,349.99948177481934,-1.0017998446604741,-0.7479635571499536,-9.440179219042424,12,1.0,0.0,0.0,0.0,2,0.9522606581142927
10:37:44.209,130200,6510,-19.67097927129611,-43.20647201547339,1.5880203264945374,1013.25,0.0,349.99948177481934,0.5754772565559021,1.2196693152627147,-9.91430236011577,12,1.0,0.0,0.0,0.0,2,1.000560635839746
10:37:44.417,130300,6515,-19.670975085700935,-43.20647377171657,0.06600892108074996,1013.25,0.0,349.99948177481934,1.4846586308087026,-0.31610909701504175,-8.885082564335738,12,1.0,0.0,0.0,0.0,2,0.90138131989915
10:37:44.636,130400,6520,-19.670962436994202,-43.206462694250696,0.7527108873660291,1013.25,0.0,349.99948177481934,-1.195088617386272,1.1326304915488534,-9.151917046874036,12,1.0,0.0,0.0,0.0,2,0.9298853384512308
10:37:44.848,130500,6525,-19.670957325692566,-43.20645760730676,0.6633513330081691,1013.25,0.0,349.99948177481934,1.359635796748155,-0.5883174063438534,-9.44289353754781,12,1.0,0.0,0.0,0.0,2,0.9558397628884685
10:37:45.060,130600,6530,-19.67095875022153,-43.20645449650119,-1.3962293854186902,1013.25,0.0,349.99948177481934,-0.37864171614605757,-0.9115855976567705,-8.82058126406471,12,1.0,0.0,0.0,0.0,2,0.8875641480311759
10:37:45.275,130700,6535,-19.670954951151234,-43.206455686363675,-0.16092757734114782,1013.25,0.0,349.99948177481934,1.2505462594619634,0.7778264015447554,-9.708351760599076,12,1.0,0.0,0.0,0.0,2,0.9819418198932234
10:37:45.483,130800,6540,-19.670947433184907,-43.2064446866758,-1.6133878752875015,1013.25,0.0,349.99948177481934,-0.31018589777633876,-0.5495609332774491,-8.985318149225867,12,1.0,0.0,0.0,0.0,2,0.9007451068608248
10:37:45.691,130900,6545,-19.670944218170817,-43.20644897791678,1.0529380714377372,1013.25,0.0,349.99948177481934,1.0871440257321079,-0.9888462717322358,-8.863423316293664,12,1.0,0.0,0.0,0.0,2,0.8984429417921982
10:37:45.899,131000,6550,-19.670937452470778,-43.20643652265031,1.359113936350803,1013.25,0.0,349.99948177481934,1.4061906004773315,1.1250660957776208,-8.509029133545479,12,1.0,0.0,0.0,0.0,2,0.8697512432889349
10:37:46.115,131100,6555,-19.67093401520215,-43.20644049832891,1.37736091257538,1013.25,0.0,349.99948177481934,-1.2314872944627804,-0.1748596682805288,-8.317137268910193,12,1.0,0.0,0.0,0.0,2,0.8409631930703587
10:37:46.323,131200,6560,-19.670936426251576,-43.20642859041982,-1.561377792468821,1013.25,0.0,349.99948177481934,0.29467306015885963,-0.030700972711754426,-8.733721475011272,12,1.0,0.0,0.0,0.0,2,0.8738745079539849
10:37:46.530,131300,6565,-19.670927316247976,-43.20643133380382,-0.049221161863335805,1013.25,0.0,349.99948177481934,-0.43900149479503403,1.120283883152306,-9.066443375131652,12,1.0,0.0,0.0,0.0,2,0.9145936461934977
10:37:46.738,131400,6570,-19.67092294885856,-43.20642611317829,1.9272738786644181,1013.25,0.0,349.99948177481934,-1.4124100780336626,0.9352864446808478,-9.7008431372984,12,1.0,0.0,0.0,0.0,2,0.9847640353739785
10:37:46.953,131500,6575,-19.6709155066501,-43.20642005675698,-1.945335510837197,1013.25,0.0,349.99948177481934,-0.966575821226987,-1.300614866856438,-9.504663898113208,12,1.0,0.0,0.0,0.0,2,0.9641810186171743
10:37:47.171,131600,6580,-19.67091696396842,-43.20641948440999,-1.2119195351185907,1013.25,0.0,349.99948177481934,-0.06525816114485394,-0.8268049362196213,-9.960075428331333,12,1.0,0.0,0.0,0.0,2,0.999454689159057
10:37:47.382,131700,6585,-19.670913670436832,-43.20641257194293,-1.8116468689209584,1013.25,0.0,349.99948177481934,1.1970136338366855,0.8045795015478108,-8.350940890070712,12,1.0,0.0,0.0,0.0,2,0.8474573945830954
10:37:47.590,131800,6590,-19.67091071809355,-43.20640923069329,-1.0006713768986994,1013.25,0.0,349.99948177481934,-0.564875285909071,1.433914799682909,-9.910372409317684,12,1.0,0.0,0.0,0.0,2,1.0029490367548382
10:37:47.806,131900,6595,-19.670900991372676,-43.206403336282634,0.29578828277042923,1013.25,0.0,349.99948177481934,-1.0218791806103384,0.5805501322436726,-8.884632662707181,12,1.0,0.0,0.0,0.0,2,0.8962029517193989
10:37:48.016,132000,6600,-19.670902093150687,-43.206399237481584,0.9993473557880916,1013.25,0.0,349.99948177481934,-1.2736267786229116,-1.3380611396180546,-9.7132905505703,12,1.0,0.0,0.0,0.0,2,0.9887393291681059
10:37:48.224,132100,6605,-19.67089892823946,-43.206393112408634,1.252230710997377,1013.25,0.0,349.99948177481934,-1.4144104943004914,0.907961057332956,-9.282510131157602,12,1.0,0.0,0.0,0.0,2,0.9433448185211178
10:37:48.432,132200,6610,-19.670893642633423,-43.20638697882644,-1.6502344805745195,1013.25,0.0,349.99948177481934,0.5900981949831885,0.06193595930453499,-9.357898902343395,12,1.0,0.0,0.0,0.0,2,0.937669045075378
10:37:48.648,132300,6615,-19.670884876473124,-43.2063823659851,-0.25001224190030014,1013.25,0.0,349.99948177481934,1.3540510191940505,1.2482289537692584,-8.98162679388642,12,1.0,0.0,0.0,0.0,2,0.9168486764361217
10:37:48.865,132400,6620,-19.67087976504323,-43.20638508195288,0.4064639758540074,1013.25,0.0,349.99948177481934,-0.35154240282110893,1.159550863727493,-8.685218162288086,12,1.0,0.0,0.0,0.0,2,0.8769330350322724
10:37:49.072,132500,6625,-19.67087926959202,-43.20638127976313,-1.9665870104951355,1013.25,0.0,349.99948177481934,-0.4927270860537414,0.5155498461252628,-9.499349965535037,12,1.0,0.0,0.0,0.0,2,0.9526081114124596
10:37:49.287,132600,6630,-19.670872903411453,-43.206371455505234,0.21455126176221873,1013.25,0.0,349.99948177481934,0.7248585822851368,0.5316676648698087,-8.031084762761829,12,1.0,0.0,0.0,0.0,2,0.8081238329417451
10:37:49.497,132700,6635,-19.670867036162456,-43.206364440450756,0.3214631029003381,1013.25,0.0,349.99948177481934,0.7142064246204178,1.4843476252442893,-8.085412651465088,12,1.0,0.0,0.0,0.0,2,0.8251501465430953
10:37:49.704,132800,6640,-19.670864307188502,-43.20636952679788,-0.27052201102513296,1013.25,0.0,349.99948177481934,0.6440490931760525,1.2316824339194978,-9.524978947873809,12,1.0,0.0,0.0,0.0,2,0.9625853978213362
10:37:49.912,132900,6645,-19.67085811714987,-43.20636513509931,1.7111773728431103,1013.25,0.0,349.99948177481934,1.4254355001826196,0.6519160925338516,-9.051870336938759,12,1.0,0.0,0.0,0.0,2,0.9186578119933302
10:37:50.121,133000,6650,-19.67085538477678,-43.20635728647933,0.04947390546196884,1013.25,0.0,349.99948177481934,-0.5120840376683734,0.5368235745643841,-9.541645096419021,12,1.0,0.0,0.0,0.0,2,0.9570444125423855
10:37:50.339,133100,6655,-19.670848884354083,-43.2063558724123,-0.6765055224846304,1013.25,0.0,349.99948177481934,-0.6382591728809078,0.8897681162522169,-9.010251500475533,12,1.0,0.0,0.0,0.0,2,0.9076546379228567
10:37:50.553,133200,6660,-19.670848333535012,-43.206350494918944,0.6464173251026071,1013.25,0.0,349.99948177481934,0.48908536240853784,0.8195669302433899,-8.721796644817971,12,1.0,0.0,0.0,0.0,2,0.8773860675804516
10:37:50.761,133300,6665,-19.670843815322833,-43.20634689002155,-0.13744127825872843,1013.25,0.0,349.99948177481934,0.2535438806613646,0.007566654392620276,-9.11155921882179,12,1.0,0.0,0.0,0.0,2,0.9115089311234196
10:37:50.969,133400,6670,-19.67083573600464,-43.20634302326867,-0.3971458799057124,1013.25,0.0,349.99948177481934,-1.010966756442012,0.1784764616725365,-9.4115841207481,12,1.0,0.0,0.0,0.0,2,0.946740847813803
10:37:51.186,133500,6675,-19.670836872337517,-43.20633505864165,-1.53684269336736,1013.25,0.0,349.99948177481934,-0.7972240373346658,-1.3784852228651934,-8.420478658186097,12,1.0,0.0,0.0,0.0,2,0.8569728613458505
10:37:51.409,133600,6680,-19.67082672883076,-43.20633240740486,0.057165456890743815,1013.25,0.0,349.99948177481934,-0.8570915652898768,0.9757974157267473,-8.83885040276061,12,1.0,0.0,0.0,0.0,2,0.893375973430064
10:37:51.616,133700,6685,-19.6708230659393,-43.2063308421858,1.8385395945203502,1013.25,0.0,349.99948177481934,1.1223590745319294,0.9312419989177698,-8.654221762226388,12,1.0,0.0,0.0,0.0,2,0.8776243835635228
10:37:51.824,133800,6690,-19.670820289021712,-43.206319382992596,-0.03980055628646051,1013.25,0.0,349.99948177481934,-1.1853396182827611,0.5267526142425143,-9.773319902114666,12,1.0,0.0,0.0,0.0,2,0.985902024728384
10:37:52.035,133900,6695,-19.670817077308612,-43.20632052327131,0.22302181843547508,1013.25,0.0,349.99948177481934,0.633147744576279,-0.401963975024195,-9.893193520220862,12,1.0,0.0,0.0,0.0,2,0.9921578963663965
10:37:52.246,134000,6700,-19.670813633253896,-43.20631203576508,-0.4607800919419742,1013.25,0.0,349.99948177481934,0.9616903561243282,-0.6147820945445586,-8.954462650141949,12,1.0,0.0,0.0,0.0,2,0.9026915681317862
10:37:52.453,134100,6705,-19.670810257923108,-43.206305266436146,-1.5199192050453174,1013.25,0.0,349.99948177481934,-0.32918034251589323,-0.4015434995728717,-9.140741478410241,12,1.0,0.0,0.0,0.0,2,0.9155476593551948
10:37:52.663,134200,6710,-19.670803258787572,-43.206310300645654,-0.44325980599003234,1013.25,0.0,349.99948177481934,-1.062564294863833,-0.035788450938257554,-9.284016910832927,12,1.0,0.0,0.0,0.0,2,0.934469334406281
10:37:52.876,134300,6715,-19.670796888395255,-43.20630058869594,-0.12291195365227203,1013.25,0.0,349.99948177481934,-1.4470431900719132,0.22799283518864333,-9.665099777570553,12,1.0,0.0,0.0,0.0,2,0.9775483028332934
10:37:53.088,134400,6720,-19.67079427433933,-43.20629786861432,1.053315564233861,1013.25,0.0,349.99948177481934,1.3591312795784205,0.8549198232064876,-8.024068460033323,12,1.0,0.0,0.0,0.0,2,0.8183141230025388
10:37:53.303,134500,6725,-19.670796578561582,-43.20628924872626,-1.8260421068967383,1013.25,0.0,349.99948177481934,-1.0023453280027557,-0.49066471864485783,-9.895961744942362,12,1.0,0.0,0.0,0.0,2,0.995869001827321
10:37:53.513,134600,6730,-19.670785524689805,-43.20628922451283,-1.6579281257097493,1013.25,0.0,349.99948177481934,0.4655775404091136,1.498732858830106,-8.667902156742846,12,1.0,0.0,0.0,0.0,2,0.8808830253055042
10:37:53.721,134700,6735,-19.67078031185239,-43.20628623221197,0.8327403520075172,1013.25,0.0,349.99948177481934,0.8183358672313497,1.449053974535882,-9.106990585352793,12,1.0,0.0,0.0,0.0,2,0.9257791774198637
10:37:53.928,134800,6740,-19.67077957165334,-43.206284484524225,-1.5366443704154218,1013.25,0.0,349.99948177481934,0.6256864969581608,-1.0877228309977471,-8.286844262600628,12,1.0,0.0,0.0,0.0,2,0.8381313285049455
10:37:54.136,134900,6745,-19.670776977272627,-43.206276945294825,-0.2648953219760588,1013.25,0.0,349.99948177481934,0.1524031360829161,-1.0484452672657603,-8.837927880785454,12,1.0,0.0,0.0,0.0,2,0.8901204043291264
10:37:54.351,135000,6750,-19.670774025429303,-43.20626945998094,-1.9688160299934911,1013.25,0.0,349.99948177481934,1.4958394485726934,-0.807308305020948,-9.043461836581162,12,1.0,0.0,0.0,0.0,2,0.9201819621409778
10:37:54.566,135100,6755,-19.67077100741237,-43.20627029849571,0.3062030662542017,1013.25,0.0,349.99948177481934,1.3600552019409848,-1.162252753069982,-8.146329462384447,12,1.0,0.0,0.0,0.0,2,0.8340459539141615
10:37:54.774,135200,6760,-19.67076232386787,-43.206261607722354,-0.8595908439450777,1013.25,0.0,349.99948177481934,1.2656667882522648,0.08955241387372759,-8.137320145231943,12,1.0,0.0,0.0,0.0,2,0.8235648802596733
10:37:54.982,135300,6765,-19.670763504089177,-43.206263549605005,-0.8521378558873653,1013.25,0.0,349.99948177481934,1.1793931061452443,0.03247659626174393,-8.657562721448222,12,1.0,0.0,0.0,0.0,2,0.8737586343146351
10:37:55.196,135400,6770,-19.670756422647212,-43.20625729094461,0.867259472424168,1013.25,0.0,349.99948177481934,1.2618078963828783,0.42201457605701154,-9.716309376660927,12,1.0,0.0,0.0,0.0,2,0.9806983398210065
10:37:55.407,135500,6775,-19.67074729971764,-43.206254374917336,-1.6885604997530104,1013.25,0.0,349.99948177481934,0.7613734861583601,-0.7781891473444307,-8.908007300783167,12,1.0,0.0,0.0,0.0,2,0.8974288941485883
10:37:55.615,135600,6780,-19.67074670405561,-43.20624873899023,1.85980072505911,1013.25,0.0,349.99948177481934,-0.6893725734559951,0.26830474917356484,-9.188815535542954,12,1.0,0.0,0.0,0.0,2,0.9218543970155916
10:37:55.823,135700,6785,-19.670743153414364,-43.206241116871425,0.4829614525586199,1013.25,0.0,349.99948177481934,-0.4894862333157799,-1.2822567873810282,-8.398262981898682,12,1.0,0.0,0.0,0.0,2,0.8509676865458531
10:37:56.036,135800,6790,-19.67073309614436,-43.20624253411234,-0.9656706818000433,1013.25,0.0,349.99948177481934,0.342047694773832,-0.44608106083652066,-9.744679796621396,12,1.0,0.0,0.0,0.0,2,0.9760879533987619
10:37:56.252,135900,6795,-19.670736820167683,-43.20623492425058,0.6403321161645743,1013.25,0.0,349.99948177481934,-1.3647695242731994,0.43877062509858367,-8.850913888899633,12,1.0,0.0,0.0,0.0,2,0.8966258538797036
10:37:56.459,136000,6800,-19.670731391400544,-43.206229812235165,1.3267452308269312,1013.25,0.0,349.99948177481934,0.7743487383746701,0.9486526224268346,-8.150270031507883,12,1.0,0.0,0.0,0.0,2,0.8241750988300682
10:37:56.672,136100,6805,-19.670723641810227,-43.20622973301918,-1.5624687947746265,1013.25,0.0,349.99948177481934,-1.3162108303666424,0.6555248446010729,-9.059124151023418,12,1.0,0.0,0.0,0.0,2,0.9177682395655206
10:37:56.889,136200,6810,-19.67072406433642,-43.206218049106226,-1.6977165950394344,1013.25,0.0,349.99948177481934,0.8305938771803101,1.4071817897699144,-9.896738569748962,12,1.0,0.0,0.0,0.0,2,1.0030726847852365
10:37:57.104,136300,6815,-19.67072068309249,-43.2062153876219,0.27567127700719984,1013.25,0.0,349.99948177481934,1.1706223982651207,0.9082750270850992,-8.161628132279175,12,1.0,0.0,0.0,0.0,2,0.8295028275645434
10:37:57.312,136400,6820,-19.670711810912923,-43.206212397454614,-0.4020158794797699,1013.25,0.0,349.99948177481934,0.9025473533611543,0.5205120707493767,-9.10671114792324,12,1.0,0.0,0.0,0.0,2,0.9166117633576631
10:37:57.521,136500,6825,-19.67071063793555,-43.206211536437614,-1.6278350473896714,1013.25,0.0,349.99948177481934,0.24034894516149063,0.14106089161546032,-8.819165013191988,12,1.0,0.0,0.0,0.0,2,0.8823567153962917
10:37:57.730,136600,6830,-19.67070653477487,-43.206204033894565,1.0339063457570012,1013.25,0.0,349.99948177481934,0.08931789931257583,-1.154830974760655,-8.502700150518042,12,1.0,0.0,0.0,0.0,2,0.8581230804320775
10:37:57.944,136700,6835,-19.670696536709965,-43.20620318654449,-1.5715254316965126,1013.25,0.0,349.99948177481934,-0.891530270794555,1.21315443161284,-9.61638813163111,12,1.0,0.0,0.0,0.0,2,0.9733524058472377
10:37:58.152,136800,6840,-19.670691672876202,-43.20619255209611,-0.0859212090685868,1013.25,0.0,349.99948177481934,-1.1758281871780722,0.850791200251491,-8.148028533938499,12,1.0,0.0,0.0,0.0,2,0.8276278546669622
10:37:58.369,136900,6845,-19.670693239482677,-43.20618903882883,-0.44606571833387854,1013.25,0.0,349.99948177481934,-0.29508238211709736,0.30226428149600815,-9.10697736822077,12,1.0,0.0,0.0,0.0,2,0.9116768840624924
10:37:58.585,137000,6850,-19.67068980320243,-43.20619058963224,1.205213294362467,1013.25,0.0,349.99948177481934,-1.2556878428405103,0.005785521574664276,-8.049611164399415,12,1.0,0.0,0.0,0.0,2,0.8146964178695095
10:37:58.792,137100,6855,-19.670681236071555,-43.20618428778132,0.21406966062261912,1013.25,0.0,349.99948177481934,1.1518371222269415,-0.2767101937713443,-8.537600385536916,12,1.0,0.0,0.0,0.0,2,0.8619391952486968
10:37:58.999,137200,6860,-19.670674588171472,-43.20617714121507,1.38065456997262,1013.25,0.0,349.99948177481934,-0.3947800800445518,0.763556011971239,-9.818138951436266,12,1.0,0.0,0.0,0.0,2,0.9855694879851316
10:37:59.210,137300,6865,-19.67067382144948,-43.206175410286505,0.8944350508039141,1013.25,0.0,349.99948177481934,0.7950164144719603,-1.0958923469987158,-8.10235218611121,12,1.0,0.0,0.0,0.0,2,0.8214690626144805
10:37:59.420,137400,6870,-19.670667801390138,-43.20616608514853,-0.08484825076250813,1013.25,0.0,349.99948177481934,-1.4357648586790632,1.4130757666300733,-9.35203722179628,12,1.0,0.0,0.0,0.0,2,0.9566546087774729
10:37:59.627,137500,6875,-19.670663305790725,-43.20616232405931,0.4808889847311173,1013.25,0.0,349.99948177481934,1.0536543988908393,0.5284714527214902,-8.877386717894293,12,1.0,0.0,0.0,0.0,2,0.8955303713871999
10:37:59.835,137600,6880,-19.670658794467457,-43.20615858284525,1.1037360932696587,1013.25,0.0,349.99948177481934,-0.9781437579407987,0.015110165256697616,-9.081790581895136,12,1.0,0.0,0.0,0.0,2,0.913432612192557
10:38:00.042,137700,6885,-19.670660594190668,-43.20615572091114,0.11781431391382213,1013.25,0.0,349.99948177481934,-1.299833053832658,-0.15763376018635933,-8.737816769345113,12,1.0,0.0,0.0,0.0,2,0.8835375275834926
10:38:00.252,137800,6890,-19.670649169393556,-43.20615630697861,-1.9275520118245488,1013.25,0.0,349.99948177481934,1.4544660147513113,0.04133436855455974,-9.84589465203184,12,1.0,0.0,0.0,0.0,2,0.9952829819553811
10:38:00.462,137900,6895,-19.670645120818254,-43.206153532410795,0.7214694649187461,1013.25,0.0,349.99948177481934,-1.3947136536191802,-1.3705776680870598,-9.571341170850964,12,1.0,0.0,0.0,0.0,2,0.9769047094198975
10:38:00.672,138000,6900,-19.670647162792015,-43.206142000616744,0.13704955572194422,1013.25,0.0,349.99948177481934,-0.7513602920791218,0.8222065137228203,-9.484471673286828,12,1.0,0.0,0.0,0.0,2,0.954964757261239
10:38:00.889,138100,6905,-19.67064128945001,-43.20613910639094,-1.4600278062521013,1013.25,0.0,349.99948177481934,-1.4206611649492522,0.20095974647487447,-8.939976174810129,12,1.0,0.0,0.0,0.0,2,0.9054382197117093
10:38:01.102,138200,6910,-19.670637678470687,-43.20613305461855,-1.6614249711910993,1013.25,0.0,349.99948177481934,-0.39000866283092783,1.0395073796379064,-9.996746950160055,12,1.0,0.0,0.0,0.0,2,1.0058212163945401
10:38:01.311,138300,6915,-19.670630797611153,-43.20613496612584,-0.7069135526345809,1013.25,0.0,349.99948177481934,0.2838422230305806,1.028289022843496,-8.323011616741773,12,1.0,0.0,0.0,0.0,2,0.8391094511116765
10:38:01.518,138400,6920,-19.670630753345087,-43.20613101910921,-0.46299571513324267,1013.25,0.0,349.99948177481934,0.8436089804834404,0.60977284809747,-8.761404472029428,12,1.0,0.0,0.0,0.0,2,0.8823021441701617
10:38:01.732,138500,6925,-19.67061966151005,-43.20611981797275,1.26617322655897,1013.25,0.0,349.99948177481934,-1.2355148902486381,1.4778526454886158,-9.867391000362776,12,1.0,0.0,0.0,0.0,2,1.0053653596570955
10:38:01.948,138600,6930,-19.670618318866428,-43.20611899654636,-1.017196071506922,1013.25,0.0,349.99948177481934,-0.3681097879968016,-1.0649136571697544,-8.427559014881705,12,1.0,0.0,0.0,0.0,2,0.8502546492819643
10:38:02.155,138700,6935,-19.670619046040205,-43.2061131840495,-1.8203330353683551,1013.25,0.0,349.99948177481934,-0.0858949787161829,1.2891915613322618,-8.851985471255322,12,1.0,0.0,0.0,0.0,2,0.8945783342586288
10:38:02.362,138800,6940,-19.670614661504885,-43.206113167721696,1.632300315610244,1013.25,0.0,349.99948177481934,0.704556358027983,-1.1924116374753715,-8.892743113830356,12,1.0,0.0,0.0,0.0,2,0.8999951403391109
10:38:02.571,138900,6945,-19.670607170101686,-43.20610733701906,-1.0625540392017676,1013.25,0.0,349.99948177481934,-0.53091041744935,0.2304788312089432,-9.00499368089783,12,1.0,0.0,0.0,0.0,2,0.9023574544270222
10:38:02.786,139000,6950,-19.670603497968596,-43.20609917119418,0.2607792355739771,1013.25,0.0,349.99948177481934,0.8762667389745467,-0.4635345755046729,-9.694008268673574,12,1.0,0.0,0.0,0.0,2,0.97445627923285
10:38:02.994,139100,6955,-19.67059997280882,-43.20610242069221,1.3336740040307364,1013.25,0.0,349.99948177481934,-1.0538852779013563,0.4470872278543494,-9.938042531925337,12,1.0,0.0,0.0,0.0,2,1.000376181916806
10:38:03.202,139200,6960,-19.670595787614964,-43.20609731090393,1.9942300228525545,1013.25,0.0,349.99948177481934,0.5462861151674763,0.8041039585213619,-9.819402432315322,12,1.0,0.0,0.0,0.0,2,0.9867404715703849
10:38:03.410,139300,6965,-19.67059490592557,-43.206089471669,-1.4049946745395379,1013.25,0.0,349.99948177481934,0.2520583690640361,1.1822412756702203,-8.509094451725243,12,1.0,0.0,0.0,0.0,2,0.859452827348278
10:38:03.627,139400,6970,-19.67058231155542,-43.20608552200779,0.2606204808011925,1013.25,0.0,349.99948177481934,-0.949588624232925,-0.30115235278390484,-9.697394610436577,12,1.0,0.0,0.0,0.0,2,0.9748429285037885
10:38:03.834,139500,6975,-19.670580258278456,-43.20608029846563,0.7740177563297652,1013.25,0.0,349.99948177481934,1.4520881471779092,-0.12195392947868422,-9.590827137080048,12,1.0,0.0,0.0,0.0,2,0.9700896758621904
10:38:04.042,139600,6980,-19.670581717053743,-43.206081516539065,-0.9399133587086728,1013.25,0.0,349.99948177481934,1.302896374190257,0.8510700184832878,-9.077750346044567,12,1.0,0.0,0.0,0.0,2,0.9210179720469711
10:38:04.256,139700,6985,-19.67056960077049,-43.206068653980935,0.2618639350246701,1013.25,0.0,349.99948177481934,0.886647428043319,-0.3935363586765641,-8.604721219636772,12,1.0,0.0,0.0,0.0,2,0.8659228706699205
10:38:04.469,139800,6990,-19.67057218648612,-43.20606766447569,-1.1993350593472463,1013.25,0.0,349.99948177481934,-1.0067149860261564,0.15692171009147948,-8.333688353985417,12,1.0,0.0,0.0,0.0,2,0.8395740650326202
10:38:04.677,139900,6995,-19.670568508737514,-43.20606770690895,-1.4650770322910214,1013.25,0.0,349.99948177481934,0.3949747245976687,-0.15570095102860604,-9.609718327464847,12,1.0,0.0,0.0,0.0,2,0.9619092168829447
10:38:04.885,140000,7000,-19.670565581486766,-43.206060318102274,1.6578152066512546,1013.25,0.0,349.99948177481934,1.3238961005180117,0.638190906019469,-8.674951879471026,12,1.0,0.0,0.0,0.0,2,0.8798566850836029
10:38:05.092,140100,7005,-19.67055211680188,-43.20605808744538,-0.4252480731929631,1013.25,0.0,349.99948177481934,-1.209983293562258,-1.1803203270740426,-9.237160354543747,12,1.0,0.0,0.0,0.0,2,0.9390545621036017
10:38:05.307,140200,7010,-19.67055221142462,-43.2060513271275,-0.16247955988966511,1013.25,0.0,349.99948177481934,1.144145854095541,0.13174221219722204,-8.564355147912414,12,1.0,0.0,0.0,0.0,2,0.8641446918513849
10:38:05.514,140300,7015,-19.670548145076076,-43.20604783445958,0.9883514491004317,1013.25,0.0,349.99948177481934,-0.5362825367935686,0.7465598038399612,-8.818059974824664,12,1.0,0.0,0.0,0.0,2,0.8865840750858548
10:38:05.725,140400,7020,-19.67053948187278,-43.20604514513952,0.9670471541344638,1013.25,0.0,349.99948177481934,1.2686038790680252,-1.1993766969249404,-8.331958898212672,12,1.0,0.0,0.0,0.0,2,0.8512896060954719
10:38:05.944,140500,7025,-19.670541357170894,-43.20603558145052,-1.4259625745230728,1013.25,0.0,349.99948177481934,-1.135670307943947,0.1734805270730606,-9.581437176152113,12,1.0,0.0,0.0,0.0,2,0.9650066367759801
10:38:06.151,140600,7030,-19.67053480120863,-43.20603232335553,-0.0005555591161976459,1013.25,0.0,349.99948177481934,1.10747102132167,0.4164713192356373,-9.863305257356433,12,1.0,0.0,0.0,0.0,2,0.9934018875692163
10:38:06.360,140700,7035,-19.670530623143378,-43.20602830495246,0.5337048859976772,1013.25,0.0,349.99948177481934,-0.16362068460004942,-0.3139161338047871,-8.695579279117979,12,1.0,0.0,0.0,0.0,2,0.8702781972847412
10:38:06.567,140800,7040,-19.670529362479975,-43.20603164203625,-0.034646431546822676,1013.25,0.0,349.99948177481934,-0.6257101635418808,1.055691207217956,-9.893838155474143,12,1.0,0.0,0.0,0.0,2,0.9969655489557946
10:38:06.775,140900,7045,-19.670526761647487,-43.20602418125488,0.4365579143271683,1013.25,0.0,349.99948177481934,-0.051215540580294316,-0.9442561432266716,-9.186476550648699,12,1.0,0.0,0.0,0.0,2,0.9235019984344195
10:38:06.983,141000,7050,-19.67051779106468,-43.206017603376594,1.1132170556850962,1013.25,0.0,349.99948177481934,-0.7688365365378997,1.0666297214134088,-9.245261472324836,12,1.0,0.0,0.0,0.0,2,0.9338290436379245
10:38:07.191,141100,7055,-19.67051573491659,-43.2060167392353,-0.16077418186892745,1013.25,0.0,349.99948177481934,0.6532521846691104,0.8823112912891489,-9.945743108360562,12,1.0,0.0,0.0,0.0,2,1.0006148989946777
10:38:07.399,141200,7060,-19.670506134971774,-43.20601445461171,1.0140756998560616,1013.25,0.0,349.99948177481934,-0.23185249201514502,-0.6674372042498004,-9.836639421549368,12,1.0,0.0,0.0,0.0,2,0.9861982716941331
10:38:07.615,141300,7065,-19.670508351415105,-43.20600915585088,0.10272408598110294,1013.25,0.0,349.99948177481934,-1.3704726173664357,0.5057695383591572,-9.767698084902513,12,1.0,0.0,0.0,0.0,2,0.9876331500040462
10:38:07.832,141400,7070,-19.6704983667224,-43.20600468500613,1.4685788290345276,1013.25,0.0,349.99948177481934,1.1322611375882938,-0.5803277830077788,-8.183603316653603,12,1.0,0.0,0.0,0.0,2,0.8281917583734297
10:38:08.040,141500,7075,-19.670501811428167,-43.205994335565514,-1.260211293547885,1013.25,0.0,349.99948177481934,0.9279454952694177,0.3076019589340353,-8.449505352200699,12,1.0,0.0,0.0,0.0,2,0.8505871060873139
10:38:08.248,141600,7080,-19.670494678272572,-43.20599663007524,1.071066347112581,1013.25,0.0,349.99948177481934,1.2020847724492536,0.4473730630718027,-9.071996658062917,12,1.0,0.0,0.0,0.0,2,0.9162219917772186
10:38:08.459,141700,7085,-19.670492810229568,-43.20599387323766,-0.17967520072832777,1013.25,0.0,349.99948177481934,0.7613902947280264,0.3823811925930214,-9.63298879721363,12,1.0,0.0,0.0,0.0,2,0.9670594796836345
10:38:08.675,141800,7090,-19.670483386460116,-43.20598089560586,1.9049396961252176,1013.25,0.0,349.99948177481934,-0.8671333684007673,-0.8394087907070205,-9.97423517050495,12,1.0,0.0,0.0,0.0,2,1.004698435517087
10:38:08.883,141900,7095,-19.67048102990958,-43.20598111314927,1.3266576080702315,1013.25,0.0,349.99948177481934,1.1128228987416953,0.7573757270069876,-9.015050476311576,12,1.0,0.0,0.0,0.0,2,0.9114994672860144
10:38:09.091,142000,7100,-19.670479835751973,-43.20597195416628,-0.12814658361607645,1013.25,0.0,349.99948177481934,1.1860539277892665,-0.3004595245720201,-8.343644716294538,12,1.0,0.0,0.0,0.0,2,0.8432876555320856
10:38:09.308,142100,7105,-19.670477399798447,-43.20597174443714,-0.5349994099709066,1013.25,0.0,349.99948177481934,0.5526616268189275,-1.2898931272333927,-9.087807994764434,12,1.0,0.0,0.0,0.0,2,0.9195515934581726
10:38:09.524,142200,7110,-19.67047058598059,-43.205970253225345,-1.1224939197949584,1013.25,0.0,349.99948177481934,-0.020287778709683124,0.20539669680025385,-9.311970028434363,12,1.0,0.0,0.0,0.0,2,0.9314257093696808
10:38:09.736,142300,7115,-19.67046006228294,-43.20596284429953,-1.5458529813508517,1013.25,0.0,349.99948177481934,-0.8039994276605525,0.8206981275209366,-9.403046754127054,12,1.0,0.0,0.0,0.0,2,0.9472974651950369
10:38:09.944,142400,7120,-19.670456234395385,-43.20596179629241,-1.8643205417180422,1013.25,0.0,349.99948177481934,-1.4992937456673565,-1.060419280231521,-9.804260313298396,12,1.0,0.0,0.0,0.0,2,0.9974762707784178
10:38:10.152,142500,7125,-19.670460563689353,-43.20595149831101,-0.8114331402985071,1013.25,0.0,349.99948177481934,-0.9043641159663665,-1.3214137110637076,-9.464056311736286,12,1.0,0.0,0.0,0.0,2,0.9598560856802973
10:38:10.362,142600,7130,-19.670448510824272,-43.20595239567274,0.48215516553318727,1013.25,0.0,349.99948177481934,-0.9180776641113022,-0.3947175060863519,-8.392880158577178,12,1.0,0.0,0.0,0.0,2,0.8452165749864916
10:38:10.570,142700,7135,-19.67045173673619,-43.20595122124059,1.4338791598182854,1013.25,0.0,349.99948177481934,0.3609750489049648,-1.193562803815566,-8.266912234287451,12,1.0,0.0,0.0,0.0,2,0.8360426606459479
10:38:10.778,142800,7140,-19.670440475457653,-43.20594427513987,0.6230951190309963,1013.25,0.0,349.99948177481934,1.4635831006616744,0.360874049182095,-9.749921393425174,12,1.0,0.0,0.0,0.0,2,0.9865762654244498
10:38:10.989,142900,7145,-19.670435696390538,-43.205935241969335,0.03321449621058692,1013.25,0.0,349.99948177481934,-1.0914973357941837,-0.0789402776548993,-8.897573189678209,12,1.0,0.0,0.0,0.0,2,0.8964619716818025
10:38:11.201,143000,7150,-19.6704360114657,-43.205934058978364,-0.0597172637887331,1013.25,0.0,349.99948177481934,-1.4524812846380384,0.9293699634482278,-8.428159298827604,12,1.0,0.0,0.0,0.0,2,0.8602749535909885
10:38:11.411,143100,7155,-19.670428154332246,-43.20593341945181,0.8133333082832661,1013.25,0.0,349.99948177481934,1.3311967465953538,-0.970828617991712,-8.904852185070721,12,1.0,0.0,0.0,0.0,2,0.905599168626035
10:38:11.621,143200,7160,-19.670429280610758,-43.20592757696616,-0.437163993841565,1013.25,0.0,349.99948177481934,0.4231986740793978,-0.8555708285370508,-9.184747269431742,12,1.0,0.0,0.0,0.0,2,0.9234212525371073
10:38:11.828,143300,7165,-19.670420361639863,-43.20592065980115,0.6047790044986696,1013.25,0.0,349.99948177481934,-1.1299462961551583,-0.013113628073799344,-9.805550663946597,12,1.0,0.0,0.0,0.0,2,0.9870449555246182
10:38:12.041,143400,7170,-19.670416428931578,-43.205916461183925,-1.904095958971697,1013.25,0.0,349.99948177481934,0.3520290633006864,1.2853888888798477,-9.333845127830166,12,1.0,0.0,0.0,0.0,2,0.9428510695087695
10:38:12.257,143500,7175,-19.67041812795435,-43.20591391924314,-0.7627057730726396,1013.25,0.0,349.99948177481934,1.1120055701111977,-1.1515839155231737,-9.821807322953537,12,1.0,0.0,0.0,0.0,2,0.9951412009944808
10:38:12.468,143600,7180,-19.670404903555305,-43.205907330838706,0.7658116940720938,1013.25,0.0,349.99948177481934,1.487008155661782,-0.619952739651543,-9.473496780278058,12,1.0,0.0,0.0,0.0,2,0.9609509659724833
10:38:12.675,143700,7185,-19.670407221231276,-43.20590057819371,-1.3864874122831417,1013.25,0.0,349.99948177481934,-0.726702593538297,-1.3160133945928076,-9.667631135196284,12,1.0,0.0,0.0,0.0,2,0.9783817234618581
10:38:12.883,143800,7190,-19.67039849687805,-43.205897557420506,-1.4254851678370044,1013.25,0.0,349.99948177481934,-0.21371049398783626,-0.272459098050037,-8.826962842677037,12,1.0,0.0,0.0,0.0,2,0.8833752269638983
10:38:13.095,143900,7195,-19.670396897502098,-43.205900441829556,0.16702486040462095,1013.25,0.0,349.99948177481934,0.2337686580566034,-0.8847469543468628,-8.31351009938151,12,1.0,0.0,0.0,0.0,2,0.8363723759859241
10:38:13.309,144000,7200,-19.670396458802998,-43.20589196948416,-1.085083198681985,1013.25,0.0,349.99948177481934,1.1665239481356648,0.9044707084316723,-9.084839222149341,12,1.0,0.0,0.0,0.0,2,0.9203974634704724
10:38:13.516,144100,7205,-19.67039041276795,-43.205883694522704,-0.2859477766509606,1013.25,0.0,349.99948177481934,-1.2362612758078644,1.365960923335514,-9.143504955536315,12,1.0,0.0,0.0,0.0,2,0.9327265089942435
10:38:13.725,144200,7210,-19.670383255067513,-43.20588465892354,-0.43454882890210333,1013.25,0.0,349.99948177481934,-0.28417079092380226,0.5228679938932346,-8.672207115526618,12,1.0,0.0,0.0,0.0,2,0.8692601465156603
10:38:13.934,144300,7215,-19.670376750095905,-43.20588347280028,0.6331078379927595,1013.25,0.0,349.99948177481934,1.1556637568715549,0.963379116259758,-8.39278837143625,12,1.0,0.0,0.0,0.0,2,0.8526579307571556
10:38:14.149,144400,7220,-19.670377354123115,-43.20587549350014,-0.5142112271467885,1013.25,0.0,349.99948177481934,-0.2330302255212715,-0.5483206308039121,-8.872299806172615,12,1.0,0.0,0.0,0.0,2,0.8892281060042037
10:38:14.357,144500,7225,-19.670370338380394,-43.205876030305696,-0.6946922410402872,1013.25,0.0,349.99948177481934,-1.2847651156018887,1.339223253999458,-9.928659195304315,12,1.0,0.0,0.0,0.0,2,1.0100614523028852
10:38:14.565,144600,7230,-19.670364582542593,-43.20587064878751,-1.456432886713655,1013.25,0.0,349.99948177481934,1.332613097924765,1.3819354439761389,-9.736582599259116,12,1.0,0.0,0.0,0.0,2,0.9924043729865037
10:38:14.779,144700,7235,-19.67036717271809,-43.20586485402098,-1.0438372481075109,1013.25,0.0,349.99948177481934,1.4562797712546072,0.659571927407617,-8.828612529562486,12,1.0,0.0,0.0,0.0,2,0.8972189537495142
10:38:14.997,144800,7240,-19.670354864421903,-43.20586309330174,0.017106607606892865,1013.25,0.0,349.99948177481934,0.6002182210751852,1.490172531852894,-8.05643806708674,12,1.0,0.0,0.0,0.0,2,0.8215051455493376
10:38:15.205,144900,7245,-19.670356014706762,-43.20585540857738,-1.8335491275970326,1013.25,0.0,349.99948177481934,1.2183106344326875,0.817328795514122,-9.982066106606139,12,1.0,0.0,0.0,0.0,2,1.0089298831861577
10:38:15.412,145000,7250,-19.67034882032502,-43.20585033039925,0.1182663859194566,1013.25,0.0,349.99948177481934,1.1276635816897111,0.47560016488974877,-9.853657084730274,12,1.0,0.0,0.0,0.0,2,0.9929369497292744
10:38:15.628,145100,7255,-19.670341705375645,-43.20584492806444,1.3445757499583437,1013.25,0.0,349.99948177481934,0.7740759930576289,-1.4744168977130396,-9.03085614014331,12,1.0,0.0,0.0,0.0,2,0.9183107396478278
10:38:15.839,145200,7260,-19.670346658661114,-43.20583826106757,0.57192824022369,1013.25,0.0,349.99948177481934,1.1075578760895106,-0.9921150026197282,-8.829970952012046,12,1.0,0.0,0.0,0.0,2,0.8954293028524787
10:38:16.047,145300,7265,-19.670333944264367,-43.20583616892129,-1.906271907570376,1013.25,0.0,349.99948177481934,-0.585821307493971,1.0857089407697846,-8.159617274255766,12,1.0,0.0,0.0,0.0,2,0.8252351457052378
10:38:16.255,145400,7270,-19.670328767713297,-43.20583575129174,-1.2247035857350514,1013.25,0.0,349.99948177481934,-0.991314879099003,-0.800226846259859,-9.230688787526711,12,1.0,0.0,0.0,0.0,2,0.9318191009373517
10:38:16.471,145500,7275,-19.670330980544847,-43.20583418088316,0.5403678518667601,1013.25,0.0,349.99948177481934,0.9268221389933355,0.6402279295119389,-9.029261873400346,12,1.0,0.0,0.0,0.0,2,0.9099256071652037
10:38:16.678,145600,7280,-19.670325816838012,-43.2058295049032,1.6997718535629516,1013.25,0.0,349.99948177481934,-1.1411918064652036,-0.35080134476337843,-8.965322453073826,12,1.0,0.0,0.0,0.0,2,0.9044467204331099
10:38:16.885,145700,7285,-19.670323052568985,-43.20581744734732,-0.07551943221669433,1013.25,0.0,349.99948177481934,-1.3095430687679763,-0.509265533371847,-9.24422041749092,12,1.0,0.0,0.0,0.0,2,0.935039387189624
10:38:17.094,145800,7290,-19.670313109806635,-43.20581285308841,-0.31267453393446276,1013.25,0.0,349.99948177481934,1.3945630083999578,-0.509927418347359,-9.666907097799555,12,1.0,0.0,0.0,0.0,2,0.9780282449595584
10:38:17.311,145900,7295,-19.67031080699987,-43.20580802657157,-1.695424818546475,1013.25,0.0,349.99948177481934,-0.9384705236674591,-0.30509343715658455,-9.378685195881088,12,1.0,0.0,0.0,0.0,2,0.9430458362806539
10:38:17.523,146000,7300,-19.670305085193114,-43.205810221626706,1.1132766767748214,1013.25,0.0,349.99948177481934,-1.169239545044031,-1.2432651826313545,-9.217085467965731,12,1.0,0.0,0.0,0.0,2,0.9373766262918188
10:38:17.730,146100,7305,-19.670302912821974,-43.2058012821366,-0.2626206919818097,1013.25,0.0,349.99948177481934,0.23064522818281707,-0.7588103192079692,-9.70601348244972,12,1.0,0.0,0.0,0.0,2,0.9738361671416591
10:38:17.937,146200,7310,-19.67029538876399,-43.20580382794946,0.1189724485772552,1013.25,0.0,349.99948177481934,0.8477877137637284,0.19855690278343396,-9.727365114803312,12,1.0,0.0,0.0,0.0,2,0.9766258286976858
10:38:18.144,146300,7315,-19.67029845282839,-43.205795205364986,0.1485421081632996,1013.25,0.0,349.99948177481934,0.09669840400405283,-0.38067795519842784,-9.805896748634048,12,1.0,0.0,0.0,0.0,2,0.9813759592112636
10:38:18.358,146400,7320,-19.670293433038534,-43.20579164538133,1.129235239642313,1013.25,0.0,349.99948177481934,1.163258682364929,0.875387584976377,-9.998167640461881,12,1.0,0.0,0.0,0.0,2,1.0103604819707037
10:38:18.566,146500,7325,-19.67028887234743,-43.20578990105751,-1.8944553294166249,1013.25,0.0,349.99948177481934,0.7958154147536516,0.5011649507035267,-8.417354204633835,12,1.0,0.0,0.0,0.0,2,0.8469730827389976
10:38:18.774,146600,7330,-19.670278171244814,-43.205780698021684,-1.2291530753041022,1013.25,0.0,349.99948177481934,-0.62909229887742,0.5008950698013739,-9.052692206678266,12,1.0,0.0,0.0,0.0,2,0.9088338086818273
10:38:18.993,146700,7335,-19.670280639282833,-43.205774637058596,1.868486754590002,1013.25,0.0,349.99948177481934,1.1789371392553774,1.3989314275196554,-9.771785992007185,12,1.0,0.0,0.0,0.0,2,0.9941564433770256
10:38:19.206,146800,7340,-19.670276280668936,-43.20577870288563,-0.5949825709124648,1013.25,0.0,349.99948177481934,1.240003954937737,0.3744942211431872,-8.117529631897265,12,1.0,0.0,0.0,0.0,2,0.8220227676570828
10:38:19.414,146900,7345,-19.67026866316694,-43.20577191077197,1.656340272112931,1013.25,0.0,349.99948177481934,1.0223522226991726,-0.9285085511940978,-8.58808495836658,12,1.0,0.0,0.0,0.0,2,0.8698421434319032
10:38:19.629,147000,7350,-19.670262654731296,-43.20576432334128,-1.8173429561365526,1013.25,0.0,349.99948177481934,0.7477186997766769,0.6094023641905677,-9.702070381651154,12,1.0,0.0,0.0,0.0,2,0.9749903803935163
10:38:19.845,147100,7355,-19.670261434845873,-43.205763723684484,1.8025009507564849,1013.25,0.0,349.99948177481934,-0.2067650490199191,1.2677839878113173,-8.90907478872326,12,1.0,0.0,0.0,0.0,2,0.900120223171946
10:38:20.053,147200,7360,-19.670261109600638,-43.205754255799235,1.2925296433670646,1013.25,0.0,349.99948177481934,-1.2217160774422093,-0.727084955165446,-9.789030608297649,12,1.0,0.0,0.0,0.0,2,0.9891732050358875
10:38:20.263,147300,7365,-19.67025700168525,-43.20574872954956,1.0325013982868807,1013.25,0.0,349.99948177481934,-0.28639822313634355,-0.6079910160176576,-8.314215739760416,12,1.0,0.0,0.0,0.0,2,0.8341334448699063
10:38:20.472,147400,7370,-19.670249274621067,-43.205747664162125,0.6523351315469306,1013.25,0.0,349.99948177481934,0.21431856055831933,-0.7307558300579808,-8.972313588387513,12,1.0,0.0,0.0,0.0,2,0.9004573707673602
10:38:20.686,147500,7375,-19.67024875692879,-43.205749786256185,1.6479207634652338,1013.25,0.0,349.99948177481934,0.4123917305004805,-1.3937396222834848,-9.307048178794942,12,1.0,0.0,0.0,0.0,2,0.9419857901078887
10:38:20.894,147600,7380,-19.670236952931884,-43.20574441792795,0.46439751844572985,1013.25,0.0,349.99948177481934,-0.5103218860904544,-1.1145676883475795,-8.650226565661903,12,1.0,0.0,0.0,0.0,2,0.8736653203407716
10:38:21.101,147700,7385,-19.67023587617062,-43.2057407853432,-0.16397622966433234,1013.25,0.0,349.99948177481934,-1.027848520557193,-0.8867692935564301,-9.322354259193382,12,1.0,0.0,0.0,0.0,2,0.9420675203779567
10:38:21.315,147800,7390,-19.670235274764764,-43.20573297068579,-0.10468376636408605,1013.25,0.0,349.99948177481934,1.1472795727604348,0.09002980257497262,-9.88227152582946,12,1.0,0.0,0.0,0.0,2,0.9949052532459799
10:38:21.524,147900,7395,-19.670231057752424,-43.20573214268086,0.6350842680097513,1013.25,0.0,349.99948177481934,0.5567618746876564,-1.3511487658557353,-8.13250392568661,12,1.0,0.0,0.0,0.0,2,0.8262760245455953
10:38:21.731,148000,7400,-19.67022760016825,-43.2057196123595,1.6649394140694396,1013.25,0.0,349.99948177481934,0.31016729816284494,-0.7595709826513893,-8.777152902241395,12,1.0,0.0,0.0,0.0,2,0.8815416320280068
10:38:21.939,148100,7405,-19.67021806679099,-43.205722099020406,-0.33156138133983815,1013.25,0.0,349.99948177481934,-0.2726471512490092,-0.9561552468277026,-8.336403696308519,12,1.0,0.0,0.0,0.0,2,0.8395486639435901
10:38:22.149,148200,7410,-19.67021531013635,-43.205717498349856,1.1831401151289196,1013.25,0.0,349.99948177481934,-0.9249951273511137,0.6775575333349209,-8.435923535813302,12,1.0,0.0,0.0,0.0,2,0.8513489654582955
10:38:22.357,148300,7415,-19.670206672658004,-43.20570862533486,-1.1858015527697416,1013.25,0.0,349.99948177481934,1.0512940930706667,-0.9900254630273562,-8.609147610475612,12,1.0,0.0,0.0,0.0,2,0.8729421072816097
10:38:22.566,148400,7420,-19.670209430977543,-43.20570405494994,-1.7926776712965489,1013.25,0.0,349.99948177481934,0.6676742850483155,-0.1521254180800442,-9.012303573611792,12,1.0,0.0,0.0,0.0,2,0.9038282292375952
10:38:22.773,148500,7425,-19.67020775017789,-43.20570737913498,-0.8682437298538805,1013.25,0.0,349.99948177481934,0.7256128329701861,-1.1440026954113995,-9.9810966907533,12,1.0,0.0,0.0,0.0,2,1.0072613727362232
10:38:22.990,148600,7430,-19.670193967793967,-43.20570129714286,-1.3232068926999805,1013.25,0.0,349.99948177481934,-1.0277527093362422,0.21498939086220403,-9.683238248846937,12,1.0,0.0,0.0,0.0,2,0.9739999951420102
10:38:23.204,148700,7435,-19.67019914502788,-43.20569475856545,0.9593916647622072,1013.25,0.0,349.99948177481934,0.1658524425328074,1.1641230100918865,-8.28313723553795,12,1.0,0.0,0.0,0.0,2,0.8366185025331125
10:38:23.412,148800,7440,-19.67019423761774,-43.205693649575565,0.24510714706767844,1013.25,0.0,349.99948177481934,-0.5945831098172274,-1.0198827720442472,-9.113505879228597,12,1.0,0.0,0.0,0.0,2,0.918965066550012
10:38:23.622,148900,7445,-19.670184816704236,-43.20568852215216,1.739639256200924,1013.25,0.0,349.99948177481934,-0.4687932045615324,1.0481016169133923,-8.722484631611952,12,1.0,0.0,0.0,0.0,2,0.8797728241809145
10:38:23.835,149000,7450,-19.67017776498108,-43.20567892255216,-1.482192080377989,1013.25,0.0,349.99948177481934,0.15576294634986487,0.25050728575136794,-8.293939853899973,12,1.0,0.0,0.0,0.0,2,0.8299183953605344
10:38:24.043,149100,7455,-19.67018010087076,-43.20567569297475,0.3356226393229478,1013.25,0.0,349.99948177481934,-0.643329946065258,1.229105222719122,-8.677457580522047,12,1.0,0.0,0.0,0.0,2,0.8787652879454178
10:38:24.252,149200,7460,-19.67016956163949,-43.205677373613945,-1.6464309554863026,1013.25,0.0,349.99948177481934,1.44391121974046,-0.5878823294604653,-9.763033086380192,12,1.0,0.0,0.0,0.0,2,0.9886723435473382
10:38:24.462,149300,7465,-19.67016940961098,-43.20566909187618,-0.8518317752622373,1013.25,0.0,349.99948177481934,-1.3727087890850724,1.3713908501516148,-9.110483257973566,12,1.0,0.0,0.0,0.0,2,0.9314824071195743
10:38:24.672,149400,7470,-19.6701631907204,-43.20566960490582,-1.6977697430991667,1013.25,0.0,349.99948177481934,0.4142512964565297,0.752250129127384,-8.31266879160232,12,1.0,0.0,0.0,0.0,2,0.8356910124697242
10:38:24.880,149500,7475,-19.67015766848329,-43.20566194065527,-1.5839292329428019,1013.25,0.0,349.99948177481934,-0.34289699594898093,-0.7373979534542742,-9.592406565865756,12,1.0,0.0,0.0,0.0,2,0.9626816598255825
10:38:25.087,149600,7480,-19.6701591638636,-43.20565402813852,0.3444913682922346,1013.25,0.0,349.99948177481934,1.201008632311642,-0.6107842121752968,-9.201265397439546,12,1.0,0.0,0.0,0.0,2,0.9299395894510998
10:38:25.301,149700,7485,-19.670156528273477,-43.20565521055888,-0.7376722070085897,1013.25,0.0,349.99948177481934,0.9236222069960855,-0.8107664911944973,-8.792818796854537,12,1.0,0.0,0.0,0.0,2,0.8878292779516714
10:38:25.508,149800,7490,-19.670146343779734,-43.205647302144314,-1.1825934397198243,1013.25,0.0,349.99948177481934,-0.39351037564299074,0.92164509695316,-9.95188346911191,12,1.0,0.0,0.0,0.0,2,1.000221298929689
10:38:25.716,149900,7495,-19.670145248571792,-43.20564610113957,-1.7616008175889526,1013.25,0.0,349.99948177481934,0.5423252165357182,0.4288999265224658,-8.369497663863635,12,1.0,0.0,0.0,0.0,2,0.8398009462538152
10:38:25.925,150000,7500,-19.67013858218983,-43.2056402361635,-0.4025318262758155,1013.25,0.0,349.99948177481934,1.3549653292837642,-0.28867514366639835,-8.872474411036015,12,1.0,0.0,0.0,0.0,2,0.8979981434091094
10:38:26.142,150100,7505,-19.670135693982807,-43.20563953336858,-0.18946006626468037,1013.25,0.0,349.99948177481934,1.398917665591601,1.2054612110443914,-8.201888942322864,12,1.0,0.0,0.0,0.0,2,0.8407204623930294
10:38:26.361,150200,7510,-19.670132367076636,-43.20562973116291,0.23302157309157145,1013.25,0.0,349.99948177481934,0.14926404558703066,-0.8758365693934799,-8.7051695560456,12,1.0,0.0,0.0,0.0,2,0.8750391217031105
10:38:26.569,150300,7515,-19.670131249500066,-43.205623934929584,0.8211845795105917,1013.25,0.0,349.99948177481934,-0.5211936475237392,-0.3491716916898109,-8.072337106913604,12,1.0,0.0,0.0,0.0,2,0.8096677717196784
10:38:26.776,150400,7520,-19.670125235675293,-43.205625651357174,0.8099698377218032,1013.25,0.0,349.99948177481934,0.1778843807342223,-1.4176982109252219,-8.882114258755115,12,1.0,0.0,0.0,0.0,2,0.8996302839264066
10:38:26.988,150500,7525,-19.6701195842977,-43.20561601254581,0.516327470162369,1013.25,0.0,349.99948177481934,0.39114545837090775,-1.2359003483855369,-9.28441331158038,12,1.0,0.0,0.0,0.0,2,0.9374474650933493
10:38:27.201,150600,7530,-19.670110707563964,-43.205617811210246,0.20767717080662518,1013.25,0.0,349.99948177481934,0.021002078250550227,1.4589297625389261,-8.348216836479729,12,1.0,0.0,0.0,0.0,2,0.8474764981295726
10:38:27.408,150700,7535,-19.670108401367568,-43.20560838786848,-1.51826458445157,1013.25,0.0,349.99948177481934,0.5614994954550001,-1.264086177786084,-8.275534827236523,12,1.0,0.0,0.0,0.0,2,0.8390332068820083
10:38:27.616,150800,7540,-19.670103093720208,-43.205609146343704,0.8230587276482049,1013.25,0.0,349.99948177481934,1.2723455284810274,-0.13537544427242376,-9.195834599774294,12,1.0,0.0,0.0,0.0,2,0.9284425864918288
10:38:27.830,150900,7545,-19.670100534141902,-43.20560414456151,-1.894937724557713,1013.25,0.0,349.99948177481934,0.9477222247455073,1.3451833232941168,-8.61818129112472,12,1.0,0.0,0.0,0.0,2,0.8773867126600297
10:38:28.042,151000,7550,-19.67009609892603,-43.20559527159681,1.0460389926624476,1013.25,0.0,349.99948177481934,-0.8043962337173569,1.047278598341411,-8.081096995224812,12,1.0,0.0,0.0,0.0,2,0.8188282750955422
10:38:28.249,151100,7555,-19.670096853670277,-43.20559799081351,0.7911840978949827,1013.25,0.0,349.99948177481934,-0.7008287710509065,0.8859795647810444,-9.666272411488164,12,1.0,0.0,0.0,0.0,2,0.9732057495136346
10:38:28.458,151200,7560,-19.670087650053016,-43.20558617640675,-0.6093103751076825,1013.25,0.0,349.99948177481934,-0.6733766924827232,-0.32127206499204153,-8.231365722969224,12,1.0,0.0,0.0,0.0,2,0.826510941095131
10:38:28.668,151300,7565,-19.670085934287968,-43.20558926155099,0.009912514746535539,1013.25,0.0,349.99948177481934,-1.4796739408083623,1.1925269601537316,-9.233097845888995,12,1.0,0.0,0.0,0.0,2,0.9426645816702826
10:38:28.881,151400,7570,-19.670081110283444,-43.205584722302895,-0.9011584556043002,1013.25,0.0,349.99948177481934,0.9064974741194374,-1.2445468112823268,-9.159684648730856,12,1.0,0.0,0.0,0.0,2,0.9288189129225011
10:38:29.088,151500,7575,-19.670075189891133,-43.20557396243595,-0.747556901547449,1013.25,0.0,349.99948177481934,1.2005200629677297,1.1239582634610237,-8.925460894990557,12,1.0,0.0,0.0,0.0,2,0.9075702881187552
10:38:29.297,151600,7580,-19.67006967911592,-43.20557399700736,0.7824610646706667,1013.25,0.0,349.99948177481934,0.4831019072348286,0.8303517554889672,-8.45730084822522,12,1.0,0.0,0.0,0.0,2,0.8511686620641563
10:38:29.511,151700,7585,-19.670068313189425,-43.20557038085307,-1.919061366539756,1013.25,0.0,349.99948177481934,0.761407901040843,0.027693748564622922,-9.215763918619873,12,1.0,0.0,0.0,0.0,2,0.9247205715199208
10:38:29.726,151800,7590,-19.670065121744035,-43.20556846427026,-0.5077414872980683,1013.25,0.0,349.99948177481934,-1.0281020794652853,0.522182716195549,-9.53700657405611,12,1.0,0.0,0.0,0.0,2,0.9606464649832613
10:38:29.936,151900,7595,-19.670063315757208,-43.20556444597907,1.4106333502411172,1013.25,0.0,349.99948177481934,1.1890824837020393,-1.3205515907897536,-9.517603915676379,12,1.0,0.0,0.0,0.0,2,0.9682074052220563
10:38:30.145,152000,7600,-19.670059151332385,-43.2055579815565,1.7615797926215282,1013.25,0.0,349.99948177481934,0.9215917122192465,1.4293571283642192,-9.40311541157339,12,1.0,0.0,0.0,0.0,2,0.955567750229181
10:38:30.359,152100,7605,-19.670049382818743,-43.20555345664704,-1.174713091830919,1013.25,0.0,349.99948177481934,-1.1882351195878655,0.571432752265038,-8.49290027176979,12,1.0,0.0,0.0,0.0,2,0.8594637462744461
10:38:30.573,152200,7610,-19.67004614137446,-43.205544618954896,-0.5544263196885577,1013.25,0.0,349.99948177481934,-1.1063497166378446,-0.3746113149463086,-8.26016786927501,12,1.0,0.0,0.0,0.0,2,0.8342344787971406
10:38:30.780,152300,7615,-19.670042314313115,-43.2055400907553,0.03862246839685701,1013.25,0.0,349.99948177481934,-0.732770085235094,-1.3296720803846838,-8.311061004730723,12,1.0,0.0,0.0,0.0,2,0.8448592478249003
10:38:30.997,152400,7620,-19.670039101685997,-43.205535661466314,-0.21974218994072459,1013.25,0.0,349.99948177481934,-1.2912634277915467,-0.5177271467984614,-9.387579851836396,12,1.0,0.0,0.0,0.0,2,0.9490103166619882
10:38:31.206,152500,7625,-19.670030542472503,-43.20553805564952,1.8770334806203262,1013.25,0.0,349.99948177481934,-0.7760147799618019,-0.24750694213555136,-9.666952513350456,12,1.0,0.0,0.0,0.0,2,0.9701207632068141
10:38:31.418,152600,7630,-19.670026090095668,-43.205531748612756,0.7638783645924385,1013.25,0.0,349.99948177481934,0.9253713586021299,-1.3048238060949244,-8.426853993737875,12,1.0,0.0,0.0,0.0,2,0.8577339071533152
10:38:31.625,152700,7635,-19.670023111954414,-43.20552646940759,0.8378340164124571,1013.25,0.0,349.99948177481934,1.1954120945351892,-0.3028929571426493,-8.413960017512634,12,1.0,0.0,0.0,0.0,2,0.8503850739256236
10:38:31.833,152800,7640,-19.670023838436823,-43.205520036284426,-1.3454722421359442,1013.25,0.0,349.99948177481934,1.313690724731985,-0.20104164804749325,-8.58177755179881,12,1.0,0.0,0.0,0.0,2,0.86840720294718
10:38:32.047,152900,7645,-19.670017866824576,-43.20552196232871,-1.768225703197459,1013.25,0.0,349.99948177481934,0.6598162913898324,1.0827769046604376,-9.266695449380515,12,1.0,0.0,0.0,0.0,2,0.935304270893804
10:38:32.261,153000,7650,-19.67000998608395,-43.20551095492765,1.4085198923016211,1013.25,0.0,349.99948177481934,0.8715582475209711,0.21107399181864395,-8.344478905302068,12,1.0,0.0,0.0,0.0,2,0.8392526092296365
10:38:32.468,153100,7655,-19.670005926665578,-43.2055124022756,-0.5907651619493106,1013.25,0.0,349.99948177481934,-1.3201067113577198,0.19405920802193122,-9.649269375100683,12,1.0,0.0,0.0,0.0,2,0.9741085164335939
10:38:32.676,153200,7660,-19.670000816948413,-43.20550558812808,1.0743500931543153,1013.25,0.0,349.99948177481934,1.1791510398596676,-0.11858023651819405,-9.855748602663322,12,1.0,0.0,0.0,0.0,2,0.9926743623474663
10:38:32.895,153300,7665,-19.670001259316738,-43.20550234691659,0.11674610114247352,1013.25,0.0,349.99948177481934,0.8194657534899781,-0.9402274629686642,-9.093744432003154,12,1.0,0.0,0.0,0.0,2,0.9178874636787004
10:38:33.108,153400,7670,-19.670001004540637,-43.20549730730218,-0.5754872577272447,1013.25,0.0,349.99948177481934,-0.5113798621995491,-1.363233531989425,-8.986379145633691,12,1.0,0.0,0.0,0.0,2,0.9103566618380056
10:38:33.316,153500,7675,-19.66999460347386,-43.205493288994674,1.1785460431720427,1013.25,0.0,349.99948177481934,1.4581767840007216,-1.3958222504278526,-9.439016412611013,12,1.0,0.0,0.0,0.0,2,0.9652441666528125
10:38:33.530,153600,7680,-19.66998941785031,-43.205483355197174,0.7805307749996446,1013.25,0.0,349.99948177481934,1.4867514053190871,-1.420187561982429,-9.358267575055029,12,1.0,0.0,0.0,0.0,2,0.9581468283032315
10:38:33.744,153700,7685,-19.66998269143391,-43.20548177739672,-1.6291446716013978,1013.25,0.0,349.99948177481934,-0.35970121089818075,0.24369883644816226,-8.689799220647755,12,1.0,0.0,0.0,0.0,2,0.8700654261558619
10:38:33.955,153800,7690,-19.669979392076698,-43.20547978236715,-0.2499727088390653,1013.25,0.0,349.99948177481934,-0.13313079171205344,0.8598874767834577,-9.04920304839627,12,1.0,0.0,0.0,0.0,2,0.9090940880433402
10:38:34.163,153900,7695,-19.66997709046117,-43.20547795939545,-0.4830986742615635,1013.25,0.0,349.99948177481934,-0.697688245232134,0.595903546568576,-8.782465725652663,12,1.0,0.0,0.0,0.0,2,0.8830264670246972
10:38:34.370,154000,7700,-19.669967643080266,-43.205468202658835,-1.9329653729716223,1013.25,0.0,349.99948177481934,0.5618638559540954,0.21977328525744255,-8.771959162290194,12,1.0,0.0,0.0,0.0,2,0.8792682118354294
10:38:34.581,154100,7705,-19.66997161548675,-43.20546554837441,-0.09066360276602925,1013.25,0.0,349.99948177481934,-0.15721131559842627,0.7258021272481452,-8.406634796815641,12,1.0,0.0,0.0,0.0,2,0.843937276891486
10:38:34.792,154200,7710,-19.669958419278558,-43.20546392341064,-0.681078204463049,1013.25,0.0,349.99948177481934,-0.3817780234999093,0.06626778891345797,-8.524799923862574,12,1.0,0.0,0.0,0.0,2,0.8533601796484431
10:38:35.000,154300,7715,-19.669963220218246,-43.20545663500365,-1.9769357606462075,1013.25,0.0,349.99948177481934,1.4858882021995186,1.4584073772016866,-9.937110999676596,12,1.0,0.0,0.0,0.0,2,1.0152880913672022
10:38:35.211,154400,7720,-19.669958934896073,-43.20545495712293,-1.6067321616216876,1013.25,0.0,349.99948177481934,0.8549588570987048,0.7971821545284179,-8.009980487036714,12,1.0,0.0,0.0,0.0,2,0.8094828067200626
10:38:35.421,154500,7725,-19.66994860364192,-43.205451260669086,1.307954351766976,1013.25,0.0,349.99948177481934,0.14083544936354597,-1.0977598568174525,-9.994480559895235,12,1.0,0.0,0.0,0.0,2,1.0055573230261967
10:38:35.629,154600,7730,-19.669949446014655,-43.2054489078354,-0.40900992562286076,1013.25,0.0,349.99948177481934,-0.810771378784495,1.1892683554487737,-9.151834074485718,12,1.0,0.0,0.0,0.0,2,0.9264328166512983
10:38:35.836,154700,7735,-19.669937822556026,-43.2054407715971,1.21544286371484,1013.25,0.0,349.99948177481934,0.32491778058882703,-0.0044116576923936,-8.880884378798019,12,1.0,0.0,0.0,0.0,2,0.8886827239034472
10:38:36.044,154800,7740,-19.66993313474885,-43.205439217225695,-1.0548923937858365,1013.25,0.0,349.99948177481934,-1.2825516411273061,1.3945122846014106,-9.420870135908073,12,1.0,0.0,0.0,0.0,2,0.9609495165809033
10:38:36.264,154900,7745,-19.66993668845862,-43.20543831755667,1.5525908251050167,1013.25,0.0,349.99948177481934,-0.5201173292061311,-0.4047831635447592,-8.369716534056362,12,1.0,0.0,0.0,0.0,2,0.83956254267378
10:38:36.474,155000,7750,-19.66993286780662,-43.20543292975751,-0.3697642981077607,1013.25,0.0,349.99948177481934,0.24084827927361574,-1.358267445793024,-8.078147553915159,12,1.0,0.0,0.0,0.0,2,0.8195081833072543
10:38:36.685,155100,7755,-19.669921035995127,-43.20542388529901,-0.285321460246696,1013.25,0.0,349.99948177481934,-0.17499728148024696,-0.7048762786282751,-8.558289717479463,12,1.0,0.0,0.0,0.0,2,0.8589051024706573
10:38:36.900,155200,7760,-19.669920984996953,-43.205423391135824,1.3910581299654492,1013.25,0.0,349.99948177481934,-1.121087726023259,-0.052143070236547295,-9.565775893756701,12,1.0,0.0,0.0,0.0,2,0.9631387492920764
10:38:37.112,155300,7765,-19.66991303650842,-43.20541933743736,-1.2691638519737465,1013.25,0.0,349.99948177481934,0.7281108200538751,0.5196714716475426,-8.855664605372027,12,1.0,0.0,0.0,0.0,2,0.8900730273834994
10:38:37.323,155400,7770,-19.669917172132884,-43.20540787088723,-1.3797476613285573,1013.25,0.0,349.99948177481934,1.1502223806775764,1.4684898533950426,-8.198589470792387,12,1.0,0.0,0.0,0.0,2,0.8408111755032968
10:38:37.532,155500,7775,-19.669911789659825,-43.20540923706715,-1.6330778049136145,1013.25,0.0,349.99948177481934,-0.23994023429020128,1.342522874705237,-8.980231584358991,12,1.0,0.0,0.0,0.0,2,0.9083198681844235
10:38:37.745,155600,7780,-19.669902567330908,-43.20539919025537,1.8889410453068791,1013.25,0.0,349.99948177481934,1.1678188031299346,-1.4260942959910283,-8.47230667444404,12,1.0,0.0,0.0,0.0,2,0.8670497453077938
10:38:37.958,155700,7785,-19.66990114418896,-43.20539472184584,-0.12134690093968548,1013.25,0.0,349.99948177481934,1.2824707627840901,1.0581078511457793,-9.694609648363535,12,1.0,0.0,0.0,0.0,2,0.9836146588791552
10:38:38.166,155800,7790,-19.669891376127364,-43.20539711903252,1.0877531461257943,1013.25,0.0,349.99948177481934,-0.22697705266500812,1.4158260828960687,-8.88444204608269,12,1.0,0.0,0.0,0.0,2,0.8999410677908154
10:38:38.373,155900,7795,-19.669891547342395,-43.20538648920794,-1.5708198039130106,1013.25,0.0,349.99948177481934,-1.1829785920836744,0.5939230263989987,-8.63366143508345,12,1.0,0.0,0.0,0.0,2,0.873454593475027
10:38:38.582,156000,7800,-19.669884990754294,-43.205386957335115,-1.0261474085866529,1013.25,0.0,349.99948177481934,0.2018225202516164,-0.8535789551112689,-9.569100098874474,12,1.0,0.0,0.0,0.0,2,0.9609214643485129
10:38:38.803,156100,7805,-19.669885006951077,-43.205381582004044,-1.6869835789061765,1013.25,0.0,349.99948177481934,-0.3388948099190259,0.9036557063308148,-8.505355678170666,12,1.0,0.0,0.0,0.0,2,0.8559936830372307
10:38:39.012,156200,7810,-19.669878084437165,-43.205379541191526,-1.6568563646450212,1013.25,0.0,349.99948177481934,-0.152993459471906,-0.684494693837229,-8.410548520134816,12,1.0,0.0,0.0,0.0,2,0.8439743265886377
10:38:39.225,156300,7815,-19.669874515664464,-43.20537384373699,1.5596285031919148,1013.25,0.0,349.99948177481934,-0.04836720047666798,1.3837511474147477,-9.61212259510782,12,1.0,0.0,0.0,0.0,2,0.9711333966424793
10:38:39.433,156400,7820,-19.669869810795575,-43.20537149345563,0.0023996776684716004,1013.25,0.0,349.99948177481934,-0.4769709775161197,-1.0820416138248286,-9.346702724241823,12,1.0,0.0,0.0,0.0,2,0.9421208371689421
10:38:39.641,156500,7825,-19.66986999083266,-43.205361707057826,-0.64529003181572,1013.25,0.0,349.99948177481934,0.47608252041972365,-0.7202362706268766,-8.521816588758417,12,1.0,0.0,0.0,0.0,2,0.8565439441395513
10:38:39.848,156600,7830,-19.66986273774776,-43.20536314958788,0.5063194343680606,1013.25,0.0,349.99948177481934,-1.2343444321830088,-0.930445326746476,-8.904132208931655,12,1.0,0.0,0.0,0.0,2,0.9037306295432267
10:38:40.057,156700,7835,-19.669859986626754,-43.2053587793628,1.3975439970221561,1013.25,0.0,349.99948177481934,0.4334089727909005,0.35424872597029333,-9.021926799890542,12,1.0,0.0,0.0,0.0,2,0.9039275340431359
10:38:40.268,156800,7840,-19.669857314327754,-43.20535480654382,1.1856897837025229,1013.25,0.0,349.99948177481934,0.7317546430495243,0.40847224150532124,-9.83152141307071,12,1.0,0.0,0.0,0.0,2,0.986717425230612
10:38:40.483,156900,7845,-19.66984711985911,-43.205345069621245,-1.5394872562853794,1013.25,0.0,349.99948177481934,-0.6543846141235217,-1.18808078086768,-9.593491100173564,12,1.0,0.0,0.0,0.0,2,0.9688902241955903
10:38:40.691,157000,7850,-19.669849231178464,-43.20534703224563,-0.4565441691424241,1013.25,0.0,349.99948177481934,-0.06835060886122424,-0.2614754372038415,-9.965405426893183,12,1.0,0.0,0.0,0.0,2,0.9969069491800364
10:38:40.901,157100,7855,-19.669841313214107,-43.205345411638035,-0.33845296972566175,1013.25,0.0,349.99948177481934,-0.43848072207646016,-0.3070115683278436,-9.046684127201315,12,1.0,0.0,0.0,0.0,2,0.9062506007947031
10:38:41.115,157200,7860,-19.66983385849314,-43.205332888420706,0.5935857582622308,1013.25,0.0,349.99948177481934,0.2016408876401825,0.38513469748635254,-9.582336418388511,12,1.0,0.0,0.0,0.0,2,0.9592192607425635
10:38:41.333,157300,7865,-19.66982917135289,-43.20532955944361,-1.9773444374271683,1013.25,0.0,349.99948177481934,0.30886422494647703,0.9169156005652725,-9.674579084372038,12,1.0,0.0,0.0,0.0,2,0.9722839697731351
10:38:41.542,157400,7870,-19.669829297685503,-43.20532739964102,1.4129131152387924,1013.25,0.0,349.99948177481934,-0.7626344094046199,-1.0106676579616092,-8.970747030309543,12,1.0,0.0,0.0,0.0,2,0.9059655768243351
10:38:41.752,157500,7875,-19.669819655501325,-43.205325386684024,-1.7783101989051509,1013.25,0.0,349.99948177481934,0.4607731326900677,0.7009599785107712,-9.467427452295805,12,1.0,0.0,0.0,0.0,2,0.9504516786021638
10:38:41.966,157600,7880,-19.669820222946257,-43.20531933058631,0.22397234258863286,1013.25,0.0,349.99948177481934,-0.2308112490067824,-1.3079220803951135,-9.55554421327272,12,1.0,0.0,0.0,0.0,2,0.9647401681948509
10:38:42.173,157700,7885,-19.669815825966875,-43.20531346341656,1.9367662493865287,1013.25,0.0,349.99948177481934,-0.5074063506171566,0.45663917869047577,-8.86441230951815,12,1.0,0.0,0.0,0.0,2,0.8890657238770294
10:38:42.381,157800,7890,-19.669812715884483,-43.2053087083332,0.7677162095126806,1013.25,0.0,349.99948177481934,1.0500577504446658,0.9316770529139227,-8.583043805268847,12,1.0,0.0,0.0,0.0,2,0.8697084820407309
10:38:42.590,157900,7895,-19.669803788154216,-43.20530795506487,0.5936040829255171,1013.25,0.0,349.99948177481934,-0.5927215329723742,0.14234410414858556,-8.177102823119801,12,1.0,0.0,0.0,0.0,2,0.8199792146116194
10:38:42.809,158000,7900,-19.669803724418358,-43.20530181311686,-1.3531567216090945,1013.25,0.0,349.99948177481934,-0.2918037968058729,1.4384164532849102,-9.364776744581793,12,1.0,0.0,0.0,0.0,2,0.9479094620519991
10:38:43.025,158100,7905,-19.66979313713959,-43.20530093577826,-0.36192679504730574,1013.25,0.0,349.99948177481934,-1.0914408322618008,0.7322167604507523,-9.418951030561932,12,1.0,0.0,0.0,0.0,2,0.9510206253848388
10:38:43.236,158200,7910,-19.669795743401814,-43.20529403441209,-1.1674774650048665,1013.25,0.0,349.99948177481934,0.5227694919158292,-0.047280224873329946,-8.455996685975311,12,1.0,0.0,0.0,0.0,2,0.8472272618050453
10:38:43.448,158300,7915,-19.669789524674336,-43.20529202021191,1.9392303874244252,1013.25,0.0,349.99948177481934,-1.03064611759874,-0.8991411822283814,-9.447537857847012,12,1.0,0.0,0.0,0.0,2,0.9546028381518301
10:38:43.657,158400,7920,-19.669787843605715,-43.20528531958821,1.271637222223851,1013.25,0.0,349.99948177481934,-0.11700659411978265,-1.1998553485968602,-9.71872377123965,12,1.0,0.0,0.0,0.0,2,0.9793208623443221
10:38:43.866,158500,7925,-19.669783293551664,-43.205281714813154,-1.3139625883797743,1013.25,0.0,349.99948177481934,-1.113914587851059,-1.186691198064333,-9.217387264866614,12,1.0,0.0,0.0,0.0,2,0.9359982355705379
10:38:44.073,158600,7930,-19.669778201318106,-43.205281868419455,0.010765570803096924,1013.25,0.0,349.99948177481934,1.4263611757385632,0.9524885017492437,-8.565917652194752,12,1.0,0.0,0.0,0.0,2,0.87359421800857
10:38:44.282,158700,7935,-19.669776660932563,-43.205274853686944,0.6749260173347147,1013.25,0.0,349.99948177481934,-0.4402488827748079,0.5576276733445686,-9.246736856185343,12,1.0,0.0,0.0,0.0,2,0.9273991060401157
10:38:44.491,158800,7940,-19.669769402577096,-43.20526883678758,0.39517183599973205,1013.25,0.0,349.99948177481934,0.4464743589735898,-1.3089794540478739,-8.66288091359128,12,1.0,0.0,0.0,0.0,2,0.8772586408089945
10:38:44.700,158900,7945,-19.669768698442077,-43.20526475483168,1.96287498902926,1013.25,0.0,349.99948177481934,0.19419234638607463,-0.050251053585100625,-9.39686348206875,12,1.0,0.0,0.0,0.0,2,0.9399004156633755
10:38:44.911,159000,7950,-19.669763433172246,-43.20526529929693,-1.4397791090207384,1013.25,0.0,349.99948177481934,0.9520872101670181,-1.4807365878189553,-9.376736534262703,12,1.0,0.0,0.0,0.0,2,0.9540557579682976
10:38:45.124,159100,7955,-19.669759651218406,-43.20525367674729,1.5979303494826667,1013.25,0.0,349.99948177481934,1.1167495871883144,-0.6461036859319881,-8.72593810027793,12,1.0,0.0,0.0,0.0,2,0.8820803554288134
10:38:45.332,159200,7960,-19.669747956837668,-43.205254841432144,-1.9241166862288295,1013.25,0.0,349.99948177481934,0.529650519615132,0.6885167190522026,-8.70640068134923,12,1.0,0.0,0.0,0.0,2,0.8749628436084662
10:38:45.542,159300,7965,-19.669747152513793,-43.2052451505478,1.3701102684444373,1013.25,0.0,349.99948177481934,1.1868929661650371,0.34808687436390384,-9.419136698703632,12,1.0,0.0,0.0,0.0,2,0.9500000817584282
10:38:45.757,159400,7970,-19.66974445946942,-43.205240164929585,1.3761570428128485,1013.25,0.0,349.99948177481934,1.4452307029040163,0.08980529252833769,-8.782521270175245,12,1.0,0.0,0.0,0.0,2,0.890109187887998
10:38:45.970,159500,7975,-19.66974292742422,-43.205240387932015,1.9379241544440453,1013.25,0.0,349.99948177481934,-1.3203137704372083,-1.1014058862533527,-9.259753358946506,12,1.0,0.0,0.0,0.0,2,0.9418033533981538
10:38:46.177,159600,7980,-19.669738439762693,-43.20523990350317,-0.34813490313521545,1013.25,0.0,349.99948177481934,-1.3847048616735385,0.3992292335572949,-9.846180677545288,12,1.0,0.0,0.0,0.0,2,0.9951083632938439
10:38:46.385,159700,7985,-19.669734324196277,-43.20523488982378,1.525886219772032,1013.25,0.0,349.99948177481934,0.45526823745313183,0.3767023577655735,-9.23750293459511,12,1.0,0.0,0.0,0.0,2,0.9256383435285787
10:38:46.596,159800,7990,-19.66972615684335,-43.20522230093804,1.9321919871013713,1013.25,0.0,349.99948177481934,-0.09232991541300883,0.13277678375659963,-8.9122561031779,12,1.0,0.0,0.0,0.0,2,0.891372331499114
10:38:46.803,159900,7995,-19.669726520287455,-43.20522562831226,0.8623849657351959,1013.25,0.0,349.99948177481934,-0.0428917398010813,-1.2651852751645412,-9.569386515799987,12,1.0,0.0,0.0,0.0,2,0.9652755656837636
10:38:47.011,160000,8000,-19.669714452583076,-43.205214275800635,0.9567535158787641,1013.25,0.0,349.99948177481934,-0.5289955736304728,-0.1887428655993184,-9.631660185706613,12,1.0,0.0,0.0,0.0,2,0.9648022497857331
10:38:47.220,160100,8005,-19.669714228202913,-43.205214548438725,-1.7070759757230465,1013.25,0.0,349.99948177481934,1.32030140538899,-0.11451241075271756,-9.15596241354444,12,1.0,0.0,0.0,0.0,2,0.9251375930721175
10:38:47.432,160200,8010,-19.66970893230621,-43.20521002597187,-1.1302200601577135,1013.25,0.0,349.99948177481934,0.7973063917754515,-0.9576081310660959,-8.479916495929892,12,1.0,0.0,0.0,0.0,2,0.8570979791890411
10:38:47.648,160300,8015,-19.669709709466918,-43.20520602026761,-1.2168151278355857,1013.25,0.0,349.99948177481934,1.0178517796513615,-0.3039247688671125,-9.920842222323435,12,1.0,0.0,0.0,0.0,2,0.9977549945287459
10:38:47.856,160400,8020,-19.669703314034923,-43.205197120508544,-0.09160529354154523,1013.25,0.0,349.99948177481934,-0.8552999273764139,0.2936882880701033,-8.795157214657428,12,1.0,0.0,0.0,0.0,2,0.8841525954656257
10:38:48.062,160500,8025,-19.669701069400677,-43.20519832149398,-0.3344647569146959,1013.25,0.0,349.99948177481934,-0.26199225728522224,-0.23999001810945852,-8.007450281249024,12,1.0,0.0,0.0,0.0,2,0.8015328761713063
10:38:48.269,160600,8030,-19.6696918100038,-43.20519707180964,0.3727835724972568,1013.25,0.0,349.99948177481934,0.06462107342068668,1.218783328127289,-8.31937764368483,12,1.0,0.0,0.0,0.0,2,0.840842750235108
10:38:48.475,160700,8035,-19.66968870518676,-43.205192582330035,1.6135169361376764,1013.25,0.0,349.99948177481934,-0.26313722979576526,-0.9010479396030466,-9.761380053531838,12,1.0,0.0,0.0,0.0,2,0.9806409594783236
10:38:48.684,160800,8040,-19.669687008113755,-43.20518088349258,-0.8729220960429203,1013.25,0.0,349.99948177481934,-1.2236566225094339,1.3249951407222116,-9.404983881903306,12,1.0,0.0,0.0,0.0,2,0.9576359928052498
10:38:48.893,160900,8045,-19.66967734616765,-43.205185019664015,1.5791038791055798,1013.25,0.0,349.99948177481934,0.6553141678862628,-0.27068889025555243,-9.179111002188547,12,1.0,0.0,0.0,0.0,2,0.9206453601927242
10:38:49.100,161000,8050,-19.669672753387697,-43.20517173076115,-0.8945354376642092,1013.25,0.0,349.99948177481934,-0.4176870310623313,1.192183412761779,-9.996912244132274,12,1.0,0.0,0.0,0.0,2,1.0076408991424664
10:38:49.308,161100,8055,-19.669674445495136,-43.20517097432157,-0.2341146869557118,1013.25,0.0,349.99948177481934,0.26552464588555136,-0.45211802868541984,-9.612110265729005,12,1.0,0.0,0.0,0.0,2,0.9626400044147758
10:38:49.516,161200,8060,-19.669665259755845,-43.205171362229734,-1.0618407740608151,1013.25,0.0,349.99948177481934,-1.4597803506391198,-0.18739789925374817,-9.437174433607836,12,1.0,0.0,0.0,0.0,2,0.9551247977887402
10:38:49.724,161300,8065,-19.669660710310055,-43.20516893128324,-1.9449130255914402,1013.25,0.0,349.99948177481934,1.1600549366678847,0.4965520669119179,-8.468448136038896,12,1.0,0.0,0.0,0.0,2,0.8561945178755975
10:38:49.933,161400,8070,-19.66965902029339,-43.20515581116986,-1.2120686714584616,1013.25,0.0,349.99948177481934,0.9119067255516691,-0.6319007081421569,-8.008094234575445,12,1.0,0.0,0.0,0.0,2,0.8084580734391699
10:38:50.140,161500,8075,-19.66966002986539,-43.20515571658392,1.584835045598577,1013.25,0.0,349.99948177481934,0.8660931091526094,-0.9748929825792517,-9.496562539191643,12,1.0,0.0,0.0,0.0,2,0.9585678570762841
10:38:50.348,161600,8080,-19.669656136206275,-43.20515142059524,-1.156818526664904,1013.25,0.0,349.99948177481934,-0.7484661032084255,-0.5239841794600532,-9.427317011175152,12,1.0,0.0,0.0,0.0,2,0.9471487050995151
10:38:50.556,161700,8085,-19.669645886818465,-43.2051452795384,-1.3723627103363305,1013.25,0.0,349.99948177481934,1.1632700615757972,-1.2935419969656188,-9.817748870498765,12,1.0,0.0,0.0,0.0,2,0.9970689094453409
10:38:50.768,161800,8090,-19.669642763734387,-43.20514762572692,1.3660239306193747,1013.25,0.0,349.99948177481934,-0.5673811478434176,-0.6902297314232206,-8.014753914666084,12,1.0,0.0,0.0,0.0,2,0.8064404426969422
10:38:50.977,161900,8095,-19.669637846372613,-43.20513952749815,-1.7775679483258413,1013.25,0.0,349.99948177481934,-1.405155632996066,-1.2230305119284957,-9.596731647833748,12,1.0,0.0,0.0,0.0,2,0.9775864376441732
10:38:51.184,162000,8100,-19.669635432585963,-43.20513191743179,-1.0555295304889216,1013.25,0.0,349.99948177481934,0.1713430136466616,1.4961478326639064,-9.284632828718737,12,1.0,0.0,0.0,0.0,2,0.9405967442513934
10:38:51.392,162100,8105,-19.669630769383183,-43.205127244926736,1.2595654782441077,1013.25,0.0,349.99948177481934,-1.2664938231256149,-1.054218444260893,-9.247264461396021,12,1.0,0.0,0.0,0.0,2,0.9392937940348219
10:38:51.600,162200,8110,-19.669625589453606,-43.20512395043993,-0.23843874717329472,1013.25,0.0,349.99948177481934,0.6656177475449114,1.2693238554719608,-9.532205769840132,12,1.0,0.0,0.0,0.0,2,0.963935562548091
10:38:51.809,162300,8115,-19.669617733634993,-43.20512232907912,0.09324008589815413,1013.25,0.0,349.99948177481934,0.9375556051158052,0.0389941601461572,-9.86658077401593,12,1.0,0.0,0.0,0.0,2,0.9911102220610499
10:38:52.019,162400,8120,-19.669616815271855,-43.20511605057106,1.7373438510449022,1013.25,0.0,349.99948177481934,0.8022693097070603,-0.6319797639107927,-8.485993119234658,12,1.0,0.0,0.0,0.0,2,0.8547228421364936
10:38:52.230,162500,8125,-19.6696149337373,-43.20511737656614,1.0659849867124978,1013.25,0.0,349.99948177481934,-1.0315164012398532,-0.7848486663721557,-8.213796287488705,12,1.0,0.0,0.0,0.0,2,0.8315435224177758
10:38:52.441,162600,8130,-19.669611664849292,-43.20510584267409,1.342751723764406,1013.25,0.0,349.99948177481934,-0.8865677468657506,0.7491932736089777,-8.349640477912208,12,1.0,0.0,0.0,0.0,2,0.8429934106586692
10:38:52.650,162700,8135,-19.669601830524872,-43.2051046619251,-0.34093217286712374,1013.25,0.0,349.99948177481934,-1.2839800812848752,0.925750293516844,-8.406645571634549,12,1.0,0.0,0.0,0.0,2,0.8554373631199751
10:38:52.857,162800,8140,-19.669603969194544,-43.20510129570129,1.4564902859992324,1013.25,0.0,349.99948177481934,-0.06450787516146095,0.6494976239499972,-8.432973324310412,12,1.0,0.0,0.0,0.0,2,0.8458194105008796
10:38:53.066,162900,8145,-19.669599162104863,-43.205096065613745,0.6125351722540886,1013.25,0.0,349.99948177481934,0.9363934585248916,1.2809784188581936,-9.659587778850833,12,1.0,0.0,0.0,0.0,2,0.9789043593532161
10:38:53.274,163000,8150,-19.66959355724962,-43.20509298052257,0.7027589200771822,1013.25,0.0,349.99948177481934,-1.4385371897401944,0.1273902511549112,-8.014427096406255,12,1.0,0.0,0.0,0.0,2,0.8143504111005637
10:38:53.483,163100,8155,-19.66959252870071,-43.20508560375313,0.34927626070542983,1013.25,0.0,349.99948177481934,0.7978045164591281,0.23712824037455027,-9.263444696538288,12,1.0,0.0,0.0,0.0,2,0.9300759619229446
10:38:53.701,163200,8160,-19.66958094310477,-43.20508281342103,-0.7881601515559633,1013.25,0.0,349.99948177481934,-1.1492174639930988,-0.30909410133824533,-8.09094683496971,12,1.0,0.0,0.0,0.0,2,0.8177998571125773
10:38:53.908,163300,8165,-19.66957626241348,-43.205085367277604,1.6164203945645497,1013.25,0.0,349.99948177481934,0.9831005842973992,1.187641454523435,-8.304520187600602,12,1.0,0.0,0.0,0.0,2,0.8446421403743385
10:38:54.115,163400,8170,-19.66958036468672,-43.20507695541385,-1.824587593762431,1013.25,0.0,349.99948177481934,0.4956619570270415,1.4892447518639234,-8.552842108157233,12,1.0,0.0,0.0,0.0,2,0.8695667819878218
10:38:54.331,163500,8175,-19.669574064120724,-43.20507603468869,-0.9585797250133918,1013.25,0.0,349.99948177481934,0.9659489638308751,-0.46635401138848476,-9.654757354324095,12,1.0,0.0,0.0,0.0,2,0.9714158894908982
10:38:54.545,163600,8180,-19.669567793306737,-43.205066509452834,-1.3033711744383507,1013.25,0.0,349.99948177481934,-1.1404345692130717,-0.571072607192638,-9.344469331613086,12,1.0,0.0,0.0,0.0,2,0.9431109267673634
10:38:54.756,163700,8185,-19.66956553216746,-43.205065033678416,-1.9637293134527636,1013.25,0.0,349.99948177481934,-0.9023979294351603,0.6715581469453107,-9.362719099852026,12,1.0,0.0,0.0,0.0,2,0.9430048849847567
10:38:54.964,163800,8190,-19.669558692266527,-43.205056871915566,-1.8037128156520734,1013.25,0.0,349.99948177481934,-1.1526516259585513,0.6416534997405141,-8.194417602077989,12,1.0,0.0,0.0,0.0,2,0.8299928001000956
10:38:55.170,163900,8195,-19.66955640161516,-43.2050558940457,-0.0522487111195824,1013.25,0.0,349.99948177481934,0.28904217789803033,-1.0611395034856441,-9.596829844288175,12,1.0,0.0,0.0,0.0,2,0.9659643134540842
10:38:55.388,164000,8200,-19.66955035129066,-43.20505051850078,-0.31720068923259426,1013.25,0.0,349.99948177481934,-0.8241772092417535,-0.8894509851079938,-8.59071717698783,12,1.0,0.0,0.0,0.0,2,0.8675875330025026
10:38:55.598,164100,8205,-19.66954908201817,-43.2050500587295,-1.314068667710274,1013.25,0.0,349.99948177481934,-0.9088847125939308,-0.7625365428411424,-8.833686785051224,12,1.0,0.0,0.0,0.0,2,0.8912999249205831
10:38:55.806,164200,8210,-19.669542660763945,-43.20504552748053,0.6329724529093874,1013.25,0.0,349.99948177481934,0.4566003972220296,1.198643965595159,-8.02077877269559,12,1.0,0.0,0.0,0.0,2,0.8122691881360833
10:38:56.023,164300,8215,-19.669540469434587,-43.205038405574804,1.2133635408686874,1013.25,0.0,349.99948177481934,-1.448595972573754,-0.870218634277242,-9.65629932654478,12,1.0,0.0,0.0,0.0,2,0.9803051945543766
10:38:56.245,164400,8220,-19.66953537535612,-43.205035475385,-1.4831950318548168,1013.25,0.0,349.99948177481934,0.8453970583198611,0.6043607260637591,-9.240923858833224,12,1.0,0.0,0.0,0.0,2,0.9299173180351966
10:38:56.454,164500,8225,-19.66953080410911,-43.205032530555776,0.9017557377622905,1013.25,0.0,349.99948177481934,-0.5908124995893588,0.09991462595322753,-8.769600799898129,12,1.0,0.0,0.0,0.0,2,0.8790047811685913
10:38:56.662,164600,8230,-19.669524269512756,-43.20502074048513,-0.17124892093308608,1013.25,0.0,349.99948177481934,-0.758266793922206,-0.48069417159576,-9.20216934778494,12,1.0,0.0,0.0,0.0,2,0.924586156735455
10:38:56.872,164700,8235,-19.669516739003697,-43.205017070110664,0.4672932529116429,1013.25,0.0,349.99948177481934,1.4145525753991062,0.767162627300797,-8.58986070399351,12,1.0,0.0,0.0,0.0,2,0.873929084075517
10:38:57.091,164800,8240,-19.66951234274164,-43.20501426127205,-1.2083619204419938,1013.25,0.0,349.99948177481934,0.0938197879985534,-0.5216118391353253,-8.752824352703863,12,1.0,0.0,0.0,0.0,2,0.8768854840435667
10:38:57.298,164900,8245,-19.669515499058914,-43.205016560893064,-0.2222844100089989,1013.25,0.0,349.99948177481934,-1.312945021445275,1.3288314072976077,-9.461348628920007,12,1.0,0.0,0.0,0.0,2,0.9643999969738956
10:38:57.506,165000,8250,-19.669509947133673,-43.2050082472616,1.0469331380282663,1013.25,0.0,349.99948177481934,1.3724434791797933,0.3676100372515607,-8.926405362818093,12,1.0,0.0,0.0,0.0,2,0.9038774858595542
10:38:57.715,165100,8255,-19.669505347641795,-43.2050036126196,-0.9121057193729487,1013.25,0.0,349.99948177481934,-0.25430536802685033,-1.1113828128991812,-9.284197088523017,12,1.0,0.0,0.0,0.0,2,0.9353938130838488
10:38:57.930,165200,8260,-19.669504731230678,-43.205003749404916,-0.35141224467696697,1013.25,0.0,349.99948177481934,1.2069235374713347,-0.01261912501253537,-9.512429613962745,12,1.0,0.0,0.0,0.0,2,0.9588698599299793
10:38:58.143,165300,8265,-19.66949863583994,-43.2049984286362,0.8027988308926455,1013.25,0.0,349.99948177481934,-1.4347134436705078,-0.4777841761862913,-8.911831820027293,12,1.0,0.0,0.0,0.0,2,0.9039216048580423
10:38:58.350,165400,8270,-19.669492963700154,-43.204995817242164,-0.6063239018826221,1013.25,0.0,349.99948177481934,-0.688111195379021,-0.9236751530873595,-8.596762081158763,12,1.0,0.0,0.0,0.0,2,0.867358006164041
10:38:58.558,165500,8275,-19.669486159157,-43.20498757725416,-0.7538908970563112,1013.25,0.0,349.99948177481934,-1.2110474826783273,-1.1417937348842686,-8.76727505497676,12,1.0,0.0,0.0,0.0,2,0.8923869162417177
10:38:58.768,165600,8280,-19.669484815243298,-43.204979622261035,-1.3411460570450529,1013.25,0.0,349.99948177481934,1.0571326578168163,-1.3995865082905734,-9.10256587377135,12,1.0,0.0,0.0,0.0,2,0.9270009565084529
10:38:58.978,165700,8285,-19.669474937457313,-43.20497518847149,1.7372392908237693,1013.25,0.0,349.99948177481934,-0.304818215952662,0.10848596082793005,-8.487213880420882,12,1.0,0.0,0.0,0.0,2,0.849337876233494
10:38:59.188,165800,8290,-19.66947983067294,-43.20497449454931,1.0581447232475174,1013.25,0.0,349.99948177481934,-0.5284881060432483,-0.27657044137924314,-9.349870104387945,12,1.0,0.0,0.0,0.0,2,0.9368877299666236
10:38:59.396,165900,8295,-19.669465939739005,-43.20496794845424,0.6258592779568248,1013.25,0.0,349.99948177481934,-0.9710749265614376,-0.4085585412770363,-9.795123587417892,12,1.0,0.0,0.0,0.0,2,0.9851616755002048
10:38:59.611,166000,8300,-19.669465349168952,-43.20496987259659,-0.999329809510364,1013.25,0.0,349.99948177481934,-0.6228124173675875,1.478909553021428,-8.417379623947944,12,1.0,0.0,0.0,0.0,2,0.8568975931049132
10:38:59.826,166100,8305,-19.669457476518424,-43.20496420713421,0.3698795201986975,1013.25,0.0,349.99948177481934,-1.4122804952099783,0.8507661231432282,-9.836401245833024,12,1.0,0.0,0.0,0.0,2,0.9973621642235289
10:39:00.039,166200,8310,-19.669459041541046,-43.204959732395984,1.4032021757768156,1013.25,0.0,349.99948177481934,-1.1874321636098946,-0.8323196643512579,-9.337644451529833,12,1.0,0.0,0.0,0.0,2,0.9449569041497444
10:39:00.248,166300,8315,-19.669454743840735,-43.20495067199966,0.6443250380695988,1013.25,0.0,349.99948177481934,1.020222466199297,-1.2588271145015901,-9.376164645897038,12,1.0,0.0,0.0,0.0,2,0.951514387971678
10:39:00.455,166400,8320,-19.66945232243509,-43.204947929243104,0.3687247942307792,1013.25,0.0,349.99948177481934,0.5005741327399784,0.743102868393092,-9.072082492870273,12,1.0,0.0,0.0,0.0,2,0.911621945176978
10:39:00.662,166500,8325,-19.66944245481361,-43.20494553491775,1.2872682479184565,1013.25,0.0,349.99948177481934,-0.15509729307440168,-0.0027604422964500053,-8.65163534623896,12,1.0,0.0,0.0,0.0,2,0.8653025884316539
10:39:00.871,166600,8330,-19.669439335229264,-43.20493670903418,-0.4142244706142395,1013.25,0.0,349.99948177481934,-1.2567574895685052,0.38118939135227903,-8.82125224579118,12,1.0,0.0,0.0,0.0,2,0.8918477219993446
10:39:01.085,166700,8335,-19.66943905273724,-43.20493493429976,-1.110642517219326,1013.25,0.0,349.99948177481934,0.9300960678087131,-0.7755970153126949,-8.745402789478492,12,1.0,0.0,0.0,0.0,2,0.8828856062692007
10:39:01.297,166800,8340,-19.669433564804642,-43.20493569824609,0.2158826211795355,1013.25,0.0,349.99948177481934,-1.2340118073078457,0.30893405027759036,-9.53621292748971,12,1.0,0.0,0.0,0.0,2,0.9620685130821921
10:39:01.504,166900,8345,-19.669423944113642,-43.204925021647526,-0.9090929097315366,1013.25,0.0,349.99948177481934,-0.8852410194815535,-0.10592142680550487,-9.757048428134599,12,1.0,0.0,0.0,0.0,2,0.9797696925308167
10:39:01.725,167000,8350,-19.669424308152365,-43.20492837204571,-1.7932770946815069,1013.25,0.0,349.99948177481934,-1.2418788148601287,1.0677824329800822,-9.54242940380366,12,1.0,0.0,0.0,0.0,2,0.968196164222705
10:39:01.943,167100,8355,-19.669419956476172,-43.204921541927476,-0.902331816551992,1013.25,0.0,349.99948177481934,-0.5910759117590556,0.7732174190315635,-8.433998167755728,12,1.0,0.0,0.0,0.0,2,0.848996825696437
10:39:02.150,167200,8360,-19.66942036041634,-43.2049180602926,1.6414099196359668,1013.25,0.0,349.99948177481934,-0.3648980592089397,-1.4588065918591218,-8.14410034461574,12,1.0,0.0,0.0,0.0,2,0.8281765372747304
10:39:02.364,167300,8365,-19.66941411236657,-43.20490937819668,0.5688407931767787,1013.25,0.0,349.99948177481934,1.4630399864233206,-0.7721372349285697,-8.32950627464055,12,1.0,0.0,0.0,0.0,2,0.8492193867942076
10:39:02.584,167400,8370,-19.66940283850065,-43.20490563669206,-1.2969083071164818,1013.25,0.0,349.99948177481934,-1.4774636454315655,1.1977998966512846,-8.114348283231248,12,1.0,0.0,0.0,0.0,2,0.8334282901219976
10:39:02.792,167500,8375,-19.66940533636084,-43.20489795667504,-0.8126874514010978,1013.25,0.0,349.99948177481934,-0.7668090797787657,0.3541518592834725,-8.06756497821053,12,1.0,0.0,0.0,0.0,2,0.8111659779719201
10:39:02.999,167600,8380,-19.669403436870468,-43.204900439412945,1.793436489218478,1013.25,0.0,349.99948177481934,0.9984131084358352,-0.013321066182183872,-9.057009230538302,12,1.0,0.0,0.0,0.0,2,0.9111883580684993
10:39:03.210,167700,8385,-19.669393302693052,-43.2048969725988,0.12326148532863268,1013.25,0.0,349.99948177481934,-1.2908929750650775,0.9086500183032191,-8.832142921221582,12,1.0,0.0,0.0,0.0,2,0.8972112243486441
10:39:03.425,167800,8390,-19.669387655005757,-43.20489091428863,0.1595372675707738,1013.25,0.0,349.99948177481934,-1.479339620956667,-0.5948772827052834,-9.23451354468284,12,1.0,0.0,0.0,0.0,2,0.9371156017404785
10:39:03.635,167900,8395,-19.669386523259227,-43.2048856992661,-0.730508654577982,1013.25,0.0,349.99948177481934,-0.5341288504307898,-0.8999699942281503,-8.555715696433921,12,1.0,0.0,0.0,0.0,2,0.8619484363787623
10:39:03.842,168000,8400,-19.669383512856776,-43.20487964640304,-0.8639478754492624,1013.25,0.0,349.99948177481934,-0.9791047705172793,-0.231113228222513,-8.692766547536099,12,1.0,0.0,0.0,0.0,2,0.875078566334885
10:39:04.052,168100,8405,-19.669374056801058,-43.204878703618654,-1.042139357737994,1013.25,0.0,349.99948177481934,1.3119243128058864,0.1684144507400691,-8.074924980658835,12,1.0,0.0,0.0,0.0,2,0.8182537642627583
10:39:04.262,168200,8410,-19.66937640201749,-43.20487174325189,1.432267996064423,1013.25,0.0,349.99948177481934,-1.4435926025550065,0.3304430615698841,-9.409278313999648,12,1.0,0.0,0.0,0.0,2,0.952510738046534
10:39:04.471,168300,8415,-19.66936601657148,-43.204873122977865,-0.0485305390350792,1013.25,0.0,349.99948177481934,-0.6382031208852252,-0.23271254244185569,-8.867834820870168,12,1.0,0.0,0.0,0.0,2,0.8893815422030911
10:39:04.681,168400,8420,-19.669365543483078,-43.204864606378386,-1.3273196497458395,1013.25,0.0,349.99948177481934,0.73668298083467,-0.473158369542775,-9.848153317529174,12,1.0,0.0,0.0,0.0,2,0.988699673422019
10:39:04.888,168500,8425,-19.66936154589611,-43.20486362814575,1.847336987367397,1013.25,0.0,349.99948177481934,-0.3538532007157942,0.989107808518205,-9.994530854169307,12,1.0,0.0,0.0,0.0,2,1.004958672480967
10:39:05.098,168600,8430,-19.669360896840157,-43.2048558198403,0.9868853752801203,1013.25,0.0,349.99948177481934,-0.7249990513689111,0.5638284564828862,-9.832773957178556,12,1.0,0.0,0.0,0.0,2,0.9875574405865946
10:39:05.315,168700,8435,-19.66935252973384,-43.2048493957495,-0.5004875849997807,1013.25,0.0,349.99948177481934,0.911599596175634,-0.7572864480559719,-8.828619047981586,12,1.0,0.0,0.0,0.0,2,0.8907806176749701
10:39:05.524,168800,8440,-19.669344293440915,-43.20484338665565,-0.8707237076936365,1013.25,0.0,349.99948177481934,0.8664839979353802,-0.38588898249847836,-9.717150264722038,12,1.0,0.0,0.0,0.0,2,0.9763335193092542
10:39:05.732,168900,8445,-19.669343836550503,-43.20484552693278,-0.8243276543547031,1013.25,0.0,349.99948177481934,0.003553142471905524,0.16611086023791444,-8.994408072903111,12,1.0,0.0,0.0,0.0,2,0.8995942531197889
10:39:05.940,169000,8450,-19.669339005399305,-43.20484075685875,0.07512864155509735,1013.25,0.0,349.99948177481934,1.1376306160226037,-1.4844617623024696,-9.150251222904368,12,1.0,0.0,0.0,0.0,2,0.9339428654072637
10:39:06.148,169100,8455,-19.669338754242048,-43.204831894153415,-0.8941286933272723,1013.25,0.0,349.99948177481934,1.1857437938605249,1.3081721931943426,-8.182012106363628,12,1.0,0.0,0.0,0.0,2,0.8370341984674617
10:39:06.360,169200,8460,-19.66933593936614,-43.204834341257346,1.7692161702227582,1013.25,0.0,349.99948177481934,-1.3932296693952704,1.1943657325831865,-8.878670119065566,12,1.0,0.0,0.0,0.0,2,0.9066332306839409
10:39:06.576,169300,8465,-19.669324414660938,-43.20482652778557,-0.13494463644495358,1013.25,0.0,349.99948177481934,-0.4579482137920876,1.0876939496106561,-9.297816988304984,12,1.0,0.0,0.0,0.0,2,0.9372416734361941
10:39:06.783,169400,8470,-19.669323810019154,-43.20482694149885,0.5015184587355819,1013.25,0.0,349.99948177481934,1.1926925896255214,-0.15914814979386183,-8.255737471819108,12,1.0,0.0,0.0,0.0,2,0.8342963798946308
10:39:06.991,169500,8475,-19.66932298344466,-43.20481971213453,-0.17910093212370626,1013.25,0.0,349.99948177481934,-0.12070590532391634,1.1417041283750997,-9.853473292572646,12,1.0,0.0,0.0,0.0,2,0.9920130753159015
10:39:07.200,169600,8480,-19.669315882038255,-43.20481404613627,1.789441078614448,1013.25,0.0,349.99948177481934,-1.3669592676742033,-0.5496003809707394,-8.997485995642318,12,1.0,0.0,0.0,0.0,2,0.9117312787220982
10:39:07.408,169700,8485,-19.66930551041632,-43.20481443206196,1.6199646286348082,1013.25,0.0,349.99948177481934,-0.9867336491026985,-0.8514042043148974,-9.749881319304267,12,1.0,0.0,0.0,0.0,2,0.9836600945139277
10:39:07.620,169800,8490,-19.669306744688388,-43.20480354785017,1.822000320891775,1013.25,0.0,349.99948177481934,0.6984532254266989,0.5316558830039488,-8.635447517584815,12,1.0,0.0,0.0,0.0,2,0.8679945202304185
10:39:07.827,169900,8495,-19.66929959521652,-43.20480508976008,-0.14168782903229982,1013.25,0.0,349.99948177481934,0.23994026039249894,-1.1672265646893258,-9.294296404193918,12,1.0,0.0,0.0,0.0,2,0.9370375383669839
10:39:08.035,170000,8500,-19.669292949636453,-43.20479532434759,-1.5346439937049334,1013.25,0.0,349.99948177481934,1.411070772687026,0.6198359246160923,-9.334190596382623,12,1.0,0.0,0.0,0.0,2,0.946057246621863
10:39:08.245,170100,8505,-19.669297484404904,-43.20479559505214,0.657254164819649,1013.25,0.0,349.99948177481934,-0.657588217700234,0.11202044664317823,-8.749392257296197,12,1.0,0.0,0.0,0.0,2,0.8774784083757216
10:39:08.452,170200,8510,-19.669291223960336,-43.20478668599396,-1.0444770232974818,1013.25,0.0,349.99948177481934,0.9044808737338843,-0.7811721211666427,-8.15246025210204,12,1.0,0.0,0.0,0.0,2,0.8239594874503361
10:39:08.660,170300,8515,-19.669289220671555,-43.204789581915215,0.6626815218673023,1013.25,0.0,349.99948177481934,0.20794917344695296,-1.3835814289889985,-9.949364042967398,12,1.0,0.0,0.0,0.0,2,1.0047257600403858
10:39:08.870,170400,8520,-19.66928305723622,-43.20478613283294,0.6698287537602208,1013.25,0.0,349.99948177481934,0.6844599700228624,0.2259700760586134,-9.266406267495904,12,1.0,0.0,0.0,0.0,2,0.9294397938550136
10:39:09.078,170500,8525,-19.669278750221885,-43.204780000831335,-1.8925292512892185,1013.25,0.0,349.99948177481934,-0.30977710246767254,0.4563469585966766,-8.216576357453253,12,1.0,0.0,0.0,0.0,2,0.8235067785859048
10:39:09.288,170600,8530,-19.669272864260837,-43.20477642602041,-0.8842681067594502,1013.25,0.0,349.99948177481934,1.4840124233226786,0.46366244217314945,-8.91245797007338,12,1.0,0.0,0.0,0.0,2,0.9047053818850783
10:39:09.497,170700,8535,-19.669268168129744,-43.204767409920365,-0.2545237572766217,1013.25,0.0,349.99948177481934,-0.7114247274215596,0.6660883562689417,-8.418058413288962,12,1.0,0.0,0.0,0.0,2,0.8474285001738435
10:39:09.715,170800,8540,-19.66926173054247,-43.20476010941452,1.372564571919285,1013.25,0.0,349.99948177481934,-0.5643875416083881,-0.8391309107315928,-9.892260494440489,12,1.0,0.0,0.0,0.0,2,0.994381675577019
10:39:09.930,170900,8545,-19.669258416776362,-43.20475991398828,0.29277937503980134,1013.25,0.0,349.99948177481934,-0.24910143134705076,-0.6338223366858811,-9.365176923263949,12,1.0,0.0,0.0,0.0,2,0.9389905275433652
10:39:10.138,171000,8550,-19.6692552776783,-43.20475719736312,0.679696595361059,1013.25,0.0,349.99948177481934,-1.2864859928607384,1.2055544798709432,-9.42380160734584,12,1.0,0.0,0.0,0.0,2,0.9587306428209011
10:39:10.345,171100,8555,-19.669254821421944,-43.20475064278647,1.9306533997773978,1013.25,0.0,349.99948177481934,-1.3236615462613384,-0.5085872895293456,-9.327746642602513,12,1.0,0.0,0.0,0.0,2,0.9434913796569856
10:39:10.553,171200,8560,-19.669247252535797,-43.2047475598949,1.574717512661397,1013.25,0.0,349.99948177481934,1.3347580042409293,-1.248884661515404,-8.50385683136406,12,1.0,0.0,0.0,0.0,2,0.8698095931638767
10:39:10.761,171300,8565,-19.66924209358129,-43.204743526639625,-0.20630271200689076,1013.25,0.0,349.99948177481934,1.396839806866951,-0.07730797446602056,-8.993975857340027,12,1.0,0.0,0.0,0.0,2,0.9102128305587623
10:39:10.975,171400,8570,-19.669242877472666,-43.204743722541664,-1.4252517715832385,1013.25,0.0,349.99948177481934,0.45545800542665305,0.41496671330435797,-9.944862464661337,12,1.0,0.0,0.0,0.0,2,0.9963931393224655
10:39:11.184,171500,8575,-19.669237580782816,-43.20473072937763,-1.688087724786019,1013.25,0.0,349.99948177481934,0.38203942779727473,0.09215137559562758,-8.377381982011684,12,1.0,0.0,0.0,0.0,2,0.8386594951048361
10:39:11.392,171600,8580,-19.669230767100892,-43.20473548624089,1.2910419989924034,1013.25,0.0,349.99948177481934,0.07410082615411762,0.1584284098596207,-9.814738894231489,12,1.0,0.0,0.0,0.0,2,0.9816297166214343
10:39:11.607,171700,8585,-19.66922850885826,-43.20472282787162,-0.3821029566518179,1013.25,0.0,349.99948177481934,1.0675843885663308,0.7657482353441316,-8.843263596990528,12,1.0,0.0,0.0,0.0,2,0.894032537620981
10:39:11.818,171800,8590,-19.66922488114301,-43.20471876592301,-0.5122789004514576,1013.25,0.0,349.99948177481934,0.4999701026476666,-1.0786741828901232,-8.912496523663247,12,1.0,0.0,0.0,0.0,2,0.8991446067273309
10:39:12.025,171900,8595,-19.669216156324822,-43.20471327859754,-0.8242397641939494,1013.25,0.0,349.99948177481934,1.4083381075516526,0.8681064786815726,-9.113039337532756,12,1.0,0.0,0.0,0.0,2,0.9261992822871898
10:39:12.233,172000,8600,-19.6692106338289,-43.204718950810104,0.7044244347200532,1013.25,0.0,349.99948177481934,0.1502830296317581,1.169664777013402,-8.86484061993476,12,1.0,0.0,0.0,0.0,2,0.894293575379061
10:39:12.449,172100,8605,-19.669213868206224,-43.204706676530485,-0.21721748897660254,1013.25,0.0,349.99948177481934,1.3503865860326951,0.1992577594639624,-9.21838360701667,12,1.0,0.0,0.0,0.0,2,0.9318897140357184
10:39:12.656,172200,8610,-19.66920280940819,-43.20470507448073,0.8712940966326164,1013.25,0.0,349.99948177481934,-1.0313729578265236,-0.4095014955441947,-8.86932856446329,12,1.0,0.0,0.0,0.0,2,0.8938479223972791
10:39:12.864,172300,8615,-19.669200424424588,-43.20470202295164,-0.8170684982995087,1013.25,0.0,349.99948177481934,0.05761850538385094,0.21381193170751756,-9.672792922553398,12,1.0,0.0,0.0,0.0,2,0.9675327299730085
10:39:13.073,172400,8620,-19.66919231194634,-43.204701250376594,-1.463282025453656,1013.25,0.0,349.99948177481934,0.6603086373422067,-0.6242390564075606,-8.093402622949469,12,1.0,0.0,0.0,0.0,2,0.8144252446557552
10:39:13.283,172500,8625,-19.669197909879365,-43.20469513383296,1.2380303588348567,1013.25,0.0,349.99948177481934,-0.7304607634199092,1.440697983300312,-9.624871444610399,12,1.0,0.0,0.0,0.0,2,0.9759474060176514
10:39:13.491,172600,8630,-19.66919242634488,-43.20468567104625,1.7593585821652011,1013.25,0.0,349.99948177481934,-0.002307594690593273,-0.11120890403122985,-8.356818894717383,12,1.0,0.0,0.0,0.0,2,0.8357559140349207
10:39:13.699,172700,8635,-19.6691866422818,-43.20468326552769,0.8428553800974758,1013.25,0.0,349.99948177481934,0.5214993589059689,-0.7505099074151466,-9.608815588621866,12,1.0,0.0,0.0,0.0,2,0.9652179221223061
10:39:13.909,172800,8640,-19.66917953163325,-43.20468230377545,1.8868615335335557,1013.25,0.0,349.99948177481934,-0.6165664310651282,0.9503980314471683,-9.01536780176049,12,1.0,0.0,0.0,0.0,2,0.9086268055869517
10:39:14.121,172900,8645,-19.66917596663295,-43.204680605874316,0.2713511688996788,1013.25,0.0,349.99948177481934,-0.39257954608847956,0.8841312781916977,-8.856418584305509,12,1.0,0.0,0.0,0.0,2,0.8909094059303444
10:39:14.331,173000,8650,-19.669174109538254,-43.20467403820922,0.018921656655325858,1013.25,0.0,349.99948177481934,0.2105843043136868,0.9292223218847058,-9.661734983079404,12,1.0,0.0,0.0,0.0,2,0.9708600452999004
10:39:14.539,173100,8655,-19.66917116515819,-43.20466845768671,1.3608543560411404,1013.25,0.0,349.99948177481934,-0.3146210812869874,0.9108085004037356,-8.718153054514046,12,1.0,0.0,0.0,0.0,2,0.8771245705778083
10:39:14.747,173200,8660,-19.669166435113972,-43.204660342866454,-0.5755401169189875,1013.25,0.0,349.99948177481934,0.47628875745642074,-1.2484229692276283,-8.317750209448052,12,1.0,0.0,0.0,0.0,2,0.8424391932795365
10:39:14.960,173300,8665,-19.669155546385458,-43.204662598507255,1.2734525742478002,1013.25,0.0,349.99948177481934,1.3052785314957922,0.7358018699392876,-8.252258795195415,12,1.0,0.0,0.0,0.0,2,0.8387188543216975
10:39:15.167,173400,8670,-19.669152356547546,-43.20465284259142,-0.43521202607886167,1013.25,0.0,349.99948177481934,0.2265870855481995,0.7299000883724145,-8.934141700740204,12,1.0,0.0,0.0,0.0,2,0.8966771089709404
10:39:15.375,173500,8675,-19.669149421343516,-43.204649537283636,-1.66347285859176,1013.25,0.0,349.99948177481934,-0.9335726606817178,-0.6451219113112783,-9.300236898190693,12,1.0,0.0,0.0,0.0,2,0.9369212696683425
10:39:15.582,173600,8680,-19.669151661925422,-43.20465081757541,0.25073984804162386,1013.25,0.0,349.99948177481934,-0.40823648007208413,-0.815873497744377,-8.61710263434327,12,1.0,0.0,0.0,0.0,2,0.8665261934805492
10:39:15.791,173700,8685,-19.669142122590788,-43.20463875853105,-0.45642638986506956,1013.25,0.0,349.99948177481934,-0.31156302031326266,-1.3709876757049733,-9.243321103888993,12,1.0,0.0,0.0,0.0,2,0.9349634418102201
10:39:15.999,173800,8690,-19.669135173664053,-43.20464306464623,-1.3824219314350592,1013.25,0.0,349.99948177481934,-0.9486175767849956,-0.47233794563234954,-9.308810609729825,12,1.0,0.0,0.0,0.0,2,0.9368934486359065
10:39:16.207,173900,8695,-19.669137796391063,-43.20463916245745,-0.8287932868202685,1013.25,0.0,349.99948177481934,-0.1556898143083414,-0.03139166815213423,-8.27715378808215,12,1.0,0.0,0.0,0.0,2,0.827867740564104
10:39:16.415,174000,8700,-19.669131637956884,-43.20463091167277,1.5486192738723252,1013.25,0.0,349.99948177481934,-0.41520463630047577,-1.3347504943250255,-9.505548411146862,12,1.0,0.0,0.0,0.0,2,0.960777832637509
10:39:16.623,174100,8705,-19.669127967299712,-43.20462198452461,-1.367403604974955,1013.25,0.0,349.99948177481934,-1.4908350320381496,0.641389145384883,-9.0263981342372,12,1.0,0.0,0.0,0.0,2,0.9171141281559811
10:39:16.833,174200,8710,-19.66912444755456,-43.204625937836816,-0.15064372429478468,1013.25,0.0,349.99948177481934,0.014486123068405243,-1.2103770174093567,-9.167100564913872,12,1.0,0.0,0.0,0.0,2,0.924667265232627
10:39:17.040,174300,8715,-19.66912057269282,-43.20461381913421,0.27121355885144105,1013.25,0.0,349.99948177481934,-1.3849225334981041,1.2020305021632458,-9.86777563856438,12,1.0,0.0,0.0,0.0,2,1.0036726747549038
10:39:17.247,174400,8720,-19.669117288653904,-43.20461213489532,-0.8787352765528182,1013.25,0.0,349.99948177481934,0.9949684119508211,0.8673318713417149,-9.542272441184664,12,1.0,0.0,0.0,0.0,2,0.9633129816296331
10:39:17.456,174500,8725,-19.669109584009725,-43.204606248590345,1.46072947108803,1013.25,0.0,349.99948177481934,-1.4770650390441082,1.1686534493986365,-8.940444993228873,12,1.0,0.0,0.0,0.0,2,0.9136685870232649
10:39:17.663,174600,8730,-19.669106848721494,-43.204600838820234,-1.6433168516313086,1013.25,0.0,349.99948177481934,-1.0227799480740356,-0.9996476699418184,-8.592813281503956,12,1.0,0.0,0.0,0.0,2,0.8711016839439195
10:39:17.875,174700,8735,-19.66909979665368,-43.20460605705345,-0.76236948930595,1013.25,0.0,349.99948177481934,-0.42804915204341576,0.09840830700609793,-8.247031117166816,12,1.0,0.0,0.0,0.0,2,0.8258718576084951
10:39:18.085,174800,8740,-19.669098169326645,-43.20459195625866,0.8583452152125304,1013.25,0.0,349.99948177481934,0.12834079039259083,-1.2976629307355125,-9.76977439226638,12,1.0,0.0,0.0,0.0,2,0.9856413755320319
10:39:18.296,174900,8745,-19.669093807152542,-43.20459654111099,1.7319674194671628,1013.25,0.0,349.99948177481934,0.77885675231142,-0.7692264492023445,-9.082756733395321,12,1.0,0.0,0.0,0.0,2,0.9148486052282726
10:39:18.504,175000,8750,-19.669088234813707,-43.20458825645596,0.2593523704144789,1013.25,0.0,349.99948177481934,-0.8976298737732589,0.8863210419940293,-9.31018868595164,12,1.0,0.0,0.0,0.0,2,0.9395260387439697
10:39:18.711,175100,8755,-19.66908548866782,-43.20458879211361,0.7275743581677654,1013.25,0.0,349.99948177481934,1.344656564290072,1.0703789427532295,-9.651551831141768,12,1.0,0.0,0.0,0.0,2,0.9803380289787494
10:39:18.919,175200,8760,-19.669077103932256,-43.20457830463004,1.1852875963812926,1013.25,0.0,349.99948177481934,0.4253321870297393,-1.4581195958444697,-9.337953238043553,12,1.0,0.0,0.0,0.0,2,0.9460676027694703
10:39:19.128,175300,8765,-19.66907618950073,-43.204578016474514,0.031110069291342857,1013.25,0.0,349.99948177481934,1.4486923580656872,1.312770790031871,-8.93539894187363,12,1.0,0.0,0.0,0.0,2,0.9146771613302435
10:39:19.340,175400,8770,-19.66906941500012,-43.204568431725306,1.059153951075798,1013.25,0.0,349.99948177481934,0.8604049467145733,-1.0452972084152097,-8.979784738626698,12,1.0,0.0,0.0,0.0,2,0.9081270664302683
10:39:19.554,175500,8775,-19.669072041390965,-43.204564837563495,-0.18833560113594894,1013.25,0.0,349.99948177481934,-0.7392092980383498,-0.03097064888488621,-8.071359379351598,12,1.0,0.0,0.0,0.0,2,0.8105197825966108
10:39:19.762,175600,8780,-19.669064712372517,-43.204565790013746,1.2918109934445479,1013.25,0.0,349.99948177481934,-1.3064678141653103,0.5481438496386009,-9.276064404546387,12,1.0,0.0,0.0,0.0,2,0.938363952134986
10:39:19.970,175700,8785,-19.66905683991529,-43.20455581553277,0.24024207708864953,1013.25,0.0,349.99948177481934,0.361575408390407,-0.7746621339665292,-8.12443146902473,12,1.0,0.0,0.0,0.0,2,0.8169285457898603
10:39:20.184,175800,8790,-19.669055216647145,-43.20455012520234,0.0003064377215551417,1013.25,0.0,349.99948177481934,1.3605835198693512,1.2131408115013254,-9.857478763006998,12,1.0,0.0,0.0,0.0,2,1.0024609005153475
10:39:20.391,175900,8795,-19.669054009681073,-43.20455305390458,0.17120595059645272,1013.25,0.0,349.99948177481934,-0.19095709187614363,-0.3648702624882587,-9.258952252564752,12,1.0,0.0,0.0,0.0,2,0.9268106156851028
10:39:20.598,176000,8800,-19.669049068226784,-43.20454523782677,0.9892541537110255,1013.25,0.0,349.99948177481934,-1.2941216633809978,-0.40127512565393686,-8.89356150517656,12,1.0,0.0,0.0,0.0,2,0.8996177457812788
10:39:20.816,176100,8805,-19.66903753626794,-43.20454488015103,-1.89801802588235,1013.25,0.0,349.99948177481934,0.464205939202488,-1.430190454115476,-9.01426620922858,12,1.0,0.0,0.0,0.0,2,0.9138814320242757
10:39:21.023,176200,8810,-19.669033568503536,-43.204533322374,-0.9717594977109942,1013.25,0.0,349.99948177481934,1.4887263032295825,1.3739557763449146,-9.792155187101919,12,1.0,0.0,0.0,0.0,2,0.9999518172870441
10:39:21.232,176300,8815,-19.66903097467036,-43.204536419786805,-0.5501585164457752,1013.25,0.0,349.99948177481934,0.33622178486146526,-0.3244004751934444,-8.446857017132116,12,1.0,0.0,0.0,0.0,2,0.8459767977007125
10:39:21.440,176400,8820,-19.669034305318725,-43.20452930719895,-1.2653855218414711,1013.25,0.0,349.99948177481934,0.9852624977018509,-1.088490902455932,-8.188413551579128,12,1.0,0.0,0.0,0.0,2,0.8318994598254751
10:39:21.652,176500,8825,-19.669021327975226,-43.20452352035762,-0.19156294453018674,1013.25,0.0,349.99948177481934,0.8870725863486921,-0.9646731415767202,-8.534916827672301,12,1.0,0.0,0.0,0.0,2,0.8634946282335211
10:39:21.860,176600,8830,-19.669023727532565,-43.20451933780124,0.7160975754319585,1013.25,0.0,349.99948177481934,-1.1357999392661258,-1.0162286063297197,-9.342633330175303,12,1.0,0.0,0.0,0.0,2,0.9466126960085749
10:39:22.067,176700,8835,-19.66901469970609,-43.20452167024241,-0.6989061962398888,1013.25,0.0,349.99948177481934,0.5851179126824677,-0.04165554940377003,-8.54871165792897,12,1.0,0.0,0.0,0.0,2,0.8568813754945822
10:39:22.276,176800,8840,-19.66900917395269,-43.20450977913872,1.9743542553023223,1013.25,0.0,349.99948177481934,-1.006720829727645,0.26739651492774996,-8.64539752449754,12,1.0,0.0,0.0,0.0,2,0.870792088169106
10:39:22.484,176900,8845,-19.669006918153045,-43.20450443835737,-0.007506485595382362,1013.25,0.0,349.99948177481934,-1.4268761554142246,0.5248317533450697,-9.558326506898625,12,1.0,0.0,0.0,0.0,2,0.967848281212969
10:39:22.696,177000,8850,-19.669000033593118,-43.20450482886835,-0.7191689806298749,1013.25,0.0,349.99948177481934,-0.17812340357163303,0.92231254511454,-8.755529914408156,12,1.0,0.0,0.0,0.0,2,0.8805776085040528
10:39:22.905,177100,8855,-19.66900379890993,-43.20450482440304,-0.38646450874383875,1013.25,0.0,349.99948177481934,1.102461529854656,-0.685775359774192,-8.426948322774942,12,1.0,0.0,0.0,0.0,2,0.852638066846668
10:39:23.112,177200,8860,-19.668991485694868,-43.204494344157624,1.816446152391265,1013.25,0.0,349.99948177481934,1.3733278115715657,1.4157729562631625,-8.556104056461434,12,1.0,0.0,0.0,0.0,2,0.8780510176904182
10:39:23.320,177300,8865,-19.668990901970524,-43.20449612837182,1.7348131399726303,1013.25,0.0,349.99948177481934,0.2781226225994444,-0.48309384326255733,-8.03026154138906,12,1.0,0.0,0.0,0.0,2,0.8049585845104826
10:39:23.527,177400,8870,-19.668990438573523,-43.20449249463258,0.9675017981351357,1013.25,0.0,349.99948177481934,-0.4636693620670922,1.0907095654510872,-9.283075761553516,12,1.0,0.0,0.0,0.0,2,0.9358425734504099
10:39:23.735,177500,8875,-19.668982833874317,-43.204481620601335,0.3195516537636407,1013.25,0.0,349.99948177481934,-0.6254270529582656,-0.07330163004957102,-8.468624843236727,12,1.0,0.0,0.0,0.0,2,0.8492004407854854
10:39:23.944,177600,8880,-19.668981903346726,-43.20448449451725,0.12262454014089164,1013.25,0.0,349.99948177481934,0.7600845721686076,1.3563264386466511,-8.943314369184975,12,1.0,0.0,0.0,0.0,2,0.9077456795330457
10:39:24.151,177700,8885,-19.668980319353775,-43.2044794314917,0.09618285847791963,1013.25,0.0,349.99948177481934,-0.5493194112071251,0.39500585903520014,-8.613893459449812,12,1.0,0.0,0.0,0.0,2,0.8640424872363242
10:39:24.358,177800,8890,-19.668975181053632,-43.204472672296085,-1.228563822679999,1013.25,0.0,349.99948177481934,0.38913900744453755,0.28935249523195816,-9.931980836158827,12,1.0,0.0,0.0,0.0,2,0.9943812013681579
10:39:24.567,177900,8895,-19.668966956615574,-43.20446324954293,-0.7304939746152246,1013.25,0.0,349.99948177481934,0.8440232603642306,0.7999723354952559,-8.749745785817026,12,1.0,0.0,0.0,0.0,2,0.8826685806009889
10:39:24.783,178000,8900,-19.668967282264855,-43.20446303641957,0.5261914435135977,1013.25,0.0,349.99948177481934,0.002548593140879518,-0.9017278213579157,-8.626904723282184,12,1.0,0.0,0.0,0.0,2,0.8673903657738328
10:39:24.990,178100,8905,-19.66895740728115,-43.204454983969214,-1.5673932315883095,1013.25,0.0,349.99948177481934,-0.507200266984895,0.752685821224615,-8.108312247905129,12,1.0,0.0,0.0,0.0,2,0.8158953092513186
10:39:25.198,178200,8910,-19.668957759354633,-43.204454425178625,-0.9237057738487802,1013.25,0.0,349.99948177481934,-0.6310291646036156,1.0868159333862213,-8.387142060888499,12,1.0,0.0,0.0,0.0,2,0.8480773468803862
10:39:25.407,178300,8915,-19.668951623012898,-43.20445019046225,-1.55728961039208,1013.25,0.0,349.99948177481934,0.38436699552496645,0.4190073578858744,-8.677324114377289,12,1.0,0.0,0.0,0.0,2,0.8695933471408633
10:39:25.621,178400,8920,-19.668941944744827,-43.204446557521926,1.5212655020093506,1013.25,0.0,349.99948177481934,-0.6727854913960819,-0.5028083924774546,-9.419038913555534,12,1.0,0.0,0.0,0.0,2,0.9456413202269254
10:39:25.828,178500,8925,-19.668941266996207,-43.204438751909606,-1.6384916612908094,1013.25,0.0,349.99948177481934,-0.022995951951083615,0.4260556292078439,-8.542492565345785,12,1.0,0.0,0.0,0.0,2,0.8553141612412006
10:39:26.044,178600,8930,-19.668937701493146,-43.20444105069673,0.006438774677321568,1013.25,0.0,349.99948177481934,-0.09936028298954525,1.2812779674308716,-8.287433324252858,12,1.0,0.0,0.0,0.0,2,0.8386482981536201
10:39:26.252,178700,8935,-19.6689355857732,-43.20443674258379,1.7924916507091284,1013.25,0.0,349.99948177481934,1.172944262868009,-1.3852479558990352,-9.381122966427924,12,1.0,0.0,0.0,0.0,2,0.955511267617284
10:39:26.459,178800,8940,-19.6689330347345,-43.20442976469462,-0.1458774138411023,1013.25,0.0,349.99948177481934,0.10575519827642199,-1.3257717740498403,-8.799060018613746,12,1.0,0.0,0.0,0.0,2,0.889900624620506
10:39:26.669,178900,8945,-19.668924450259798,-43.204423277413945,-0.9165733619098995,1013.25,0.0,349.99948177481934,0.626988962789691,-0.16889092599361377,-8.064632268171954,12,1.0,0.0,0.0,0.0,2,0.8090731297304551
10:39:26.876,179000,8950,-19.668921433772244,-43.20442312696742,1.1375392153747406,1013.25,0.0,349.99948177481934,-1.0325812988705592,0.09561892271899719,-9.2644247115942,12,1.0,0.0,0.0,0.0,2,0.9322281499394687
10:39:27.084,179100,8955,-19.66891502969811,-43.204415742340245,-1.9190501396941722,1013.25,0.0,349.99948177481934,-0.9141367675334737,0.33421038386129664,-9.974589677211027,12,1.0,0.0,0.0,0.0,2,1.002196496896502
10:39:27.297,179200,8960,-19.668909611366296,-43.20441190789093,0.013651015987361959,1013.25,0.0,349.99948177481934,1.3638177048642763,0.39997027703238475,-9.116569740432103,12,1.0,0.0,0.0,0.0,2,0.9226690565244555
10:39:27.506,179300,8965,-19.668910861690712,-43.204403949907196,0.8186640321236842,1013.25,0.0,349.99948177481934,0.3425098978676222,-1.1046469713133322,-8.031206749220061,12,1.0,0.0,0.0,0.0,2,0.811405199700414
10:39:27.713,179400,8970,-19.668900580181575,-43.20440701719935,-1.1650752915188365,1013.25,0.0,349.99948177481934,-0.43606313600552027,1.3702421617860194,-9.506607077113193,12,1.0,0.0,0.0,0.0,2,0.9614743509794614
10:39:27.926,179500,8975,-19.668903154972604,-43.20439989636133,0.9868857797573156,1013.25,0.0,349.99948177481934,-1.172428894684614,-1.311439759643077,-8.696054507701554,12,1.0,0.0,0.0,0.0,2,0.8872194077970827
10:39:28.134,179600,8980,-19.66890024119711,-43.2043961181547,0.2244747300793688,1013.25,0.0,349.99948177481934,-1.4561090580358023,-1.316549979558992,-9.53962983490446,12,1.0,0.0,0.0,0.0,2,0.9739512042426459
10:39:28.342,179700,8985,-19.668890911878083,-43.2043884151678,0.7939439444284937,1013.25,0.0,349.99948177481934,-0.15442284235787151,0.9174180722267602,-9.625542576403232,12,1.0,0.0,0.0,0.0,2,0.9670396694223125
10:39:28.549,179800,8990,-19.668889938010828,-43.20438449454546,-0.41851234996419917,1013.25,0.0,349.99948177481934,0.9271723955284492,0.2246940338946728,-8.567500553266514,12,1.0,0.0,0.0,0.0,2,0.8620452528151864
10:39:28.760,179900,8995,-19.66888445916276,-43.204379892316624,0.554931761211567,1013.25,0.0,349.99948177481934,0.02071660901118655,-1.3133930916407048,-9.11633743293904,12,1.0,0.0,0.0,0.0,2,0.9210485263126152
10:39:28.967,180000,9000,-19.668880534531137,-43.20438024709464,0.9673175961503815,1013.25,0.0,349.99948177481934,-0.5128075194237511,0.722766889420857,-9.227633399445054,12,1.0,0.0,0.0,0.0,2,0.9270090705218289
10:39:29.174,180100,9005,-19.668876322384136,-43.20437588035684,1.14873574091079,1013.25,0.0,349.99948177481934,-0.656987406772178,0.3409517121075587,-8.365183802414634,12,1.0,0.0,0.0,0.0,2,0.8397867620463333
10:39:29.382,180200,9010,-19.668868799475888,-43.20437565913071,0.3989333433264375,1013.25,0.0,349.99948177481934,-1.048734451125574,0.8712458163837322,-8.207363423997817,12,1.0,0.0,0.0,0.0,2,0.8319839397195177
10:39:29.596,180300,9015,-19.668863486294462,-43.20436861538445,0.3697768095038776,1013.25,0.0,349.99948177481934,-1.4491379902682275,-1.1371496368791854,-8.823700935326029,12,1.0,0.0,0.0,0.0,2,0.9013923030932012
10:39:29.809,180400,9020,-19.668859662436528,-43.20436057588102,0.9642155673954727,1013.25,0.0,349.99948177481934,0.010489362842492245,0.9509245835431965,-8.246591180221868,12,1.0,0.0,0.0,0.0,2,0.8301242899953762
10:39:30.017,180500,9025,-19.66885470076079,-43.20436009368949,-0.08605193521994936,1013.25,0.0,349.99948177481934,1.2825797750349492,-0.6296388933428113,-9.45087135563091,12,1.0,0.0,0.0,0.0,2,0.9558264769089813
10:39:30.232,180600,9030,-19.668850487857444,-43.20435393704103,0.9204209669633707,1013.25,0.0,349.99948177481934,-0.5035411236857082,1.4077384436627778,-8.931055046391903,12,1.0,0.0,0.0,0.0,2,0.90553313263895
10:39:30.443,180700,9035,-19.668848965225695,-43.20434849254344,0.926241066473771,1013.25,0.0,349.99948177481934,-0.8854463783486706,-0.5375128828171878,-9.841615170603195,12,1.0,0.0,0.0,0.0,2,0.9895975169450062
10:39:30.649,180800,9040,-19.668845507093625,-43.20434215482574,-0.7347472375743873,1013.25,0.0,349.99948177481934,0.5687932945069378,-0.08370658438284706,-9.771608239062445,12,1.0,0.0,0.0,0.0,2,0.9788506534801832
10:39:30.857,180900,9045,-19.66883747859177,-43.204339119551356,-0.9424245742459414,1013.25,0.0,349.99948177481934,0.8029702295331838,1.436553682735469,-8.164531490829994,12,1.0,0.0,0.0,0.0,2,0.8328746732711475
10:39:31.065,181000,9050,-19.6688400785596,-43.20433981343947,0.7197085639788097,1013.25,0.0,349.99948177481934,1.3068783994139999,0.08827897786376049,-8.945799735189386,12,1.0,0.0,0.0,0.0,2,0.9041186715852186
10:39:31.280,181100,9055,-19.668836721780195,-43.20433677182423,-1.3336392920046225,1013.25,0.0,349.99948177481934,-0.8439535599837867,-0.09942783841625102,-9.350884718242781,12,1.0,0.0,0.0,0.0,2,0.9389418966066421
10:39:31.493,181200,9060,-19.668832450688566,-43.204329933957936,1.6576221802276456,1013.25,0.0,349.99948177481934,0.8982697498114742,0.8064674174514259,-8.568076534444621,12,1.0,0.0,0.0,0.0,2,0.8652699794800333
10:39:31.701,181300,9065,-19.668820234518968,-43.204322990653274,-1.9547432100726914,1013.25,0.0,349.99948177481934,0.9312586088721453,0.7212977595556116,-8.69980234521865,12,1.0,0.0,0.0,0.0,2,0.8779184124986238
10:39:31.907,181400,9070,-19.66882238700612,-43.20431560753007,0.06476597185792965,1013.25,0.0,349.99948177481934,-1.2786521150452193,1.324416850602785,-8.69710923119951,12,1.0,0.0,0.0,0.0,2,0.8889811033137092
10:39:32.123,181500,9075,-19.668820948366914,-43.20431198435684,1.864778915894758,1013.25,0.0,349.99948177481934,-0.7581539936765755,0.3563428865097831,-8.132954088309635,12,1.0,0.0,0.0,0.0,2,0.8175984340337638
10:39:32.330,181600,9080,-19.66881672855869,-43.20430714454534,-0.9626960417626935,1013.25,0.0,349.99948177481934,-0.3395061648880038,-0.7901496673740165,-8.03336241737743,12,1.0,0.0,0.0,0.0,2,0.8079264363899749
10:39:32.544,181700,9085,-19.668805812189724,-43.20430944060473,-0.8702649871546342,1013.25,0.0,349.99948177481934,1.239984577294912,1.363785507306674,-9.416322610991429,12,1.0,0.0,0.0,0.0,2,0.9595030181095702
10:39:32.760,181800,9090,-19.668803884922582,-43.20429997318777,1.9877454755947328,1013.25,0.0,349.99948177481934,-0.7529236135771553,-0.07583528883302071,-9.370614861401243,12,1.0,0.0,0.0,0.0,2,0.9401120562976966
10:39:32.967,181900,9095,-19.668803763255344,-43.2042976028266,1.397753725556604,1013.25,0.0,349.99948177481934,-0.7295113735133344,-0.3575352930389133,-8.114419807769973,12,1.0,0.0,0.0,0.0,2,0.8154987869186773
10:39:33.175,182000,9100,-19.668795886966375,-43.204293467748506,-1.290512552312436,1013.25,0.0,349.99948177481934,0.160752444478778,1.1896699994612074,-9.904285649222542,12,1.0,0.0,0.0,0.0,2,0.9976774542777819
10:39:33.383,182100,9105,-19.668791790401407,-43.20428740884655,-0.6180640351014199,1013.25,0.0,349.99948177481934,0.24055920498900774,1.4653507062629236,-9.682362490938411,12,1.0,0.0,0.0,0.0,2,0.9795573736610902
10:39:33.599,182200,9110,-19.66878194449928,-43.204286819564885,-1.6889308466025477,1013.25,0.0,349.99948177481934,-0.4542417745883718,0.5695190002729142,-9.616693866243962,12,1.0,0.0,0.0,0.0,2,0.9644246388313983
10:39:33.816,182300,9115,-19.66877854577748,-43.2042776380244,-0.283574435480479,1013.25,0.0,349.99948177481934,-1.3969957710542715,-0.4046585567934504,-9.704599919063531,12,1.0,0.0,0.0,0.0,2,0.9812981469513615
10:39:34.024,182400,9120,-19.668780494803375,-43.20427366298303,-1.075605891599515,1013.25,0.0,349.99948177481934,-0.9621558917033728,0.08888251379418888,-9.873791329873603,12,1.0,0.0,0.0,0.0,2,0.9920957579139476
10:39:34.233,182500,9125,-19.668770645740267,-43.204275953420655,0.758332839298312,1013.25,0.0,349.99948177481934,0.822969179297119,0.7841131228186171,-8.969965513056573,12,1.0,0.0,0.0,0.0,2,0.9041702990304072
10:39:34.451,182600,9130,-19.668766736601203,-43.20426577309819,1.6396497088730664,1013.25,0.0,349.99948177481934,0.6315628534630258,0.0550508536074088,-9.943643050769563,12,1.0,0.0,0.0,0.0,2,0.9963831559971048
10:39:34.667,182700,9135,-19.668767189075467,-43.20426708133109,-1.1459287673292993,1013.25,0.0,349.99948177481934,-0.3992626691091905,1.2265264497595236,-8.655846743618248,12,1.0,0.0,0.0,0.0,2,0.8751426207191062
10:39:34.875,182800,9140,-19.66876013905942,-43.20425694516644,-0.31999572797813025,1013.25,0.0,349.99948177481934,0.7728462611684144,-0.6349196391812483,-9.51888978396482,12,1.0,0.0,0.0,0.0,2,0.9571294427134183
10:39:35.082,182900,9145,-19.66875965813261,-43.20425888037004,0.705299809331589,1013.25,0.0,349.99948177481934,0.4978411560732072,0.3171981276684739,-8.230607276991266,12,1.0,0.0,0.0,0.0,2,0.8251748700544527
10:39:35.295,183000,9150,-19.66875713242964,-43.20425238226583,0.2930238868473336,1013.25,0.0,349.99948177481934,0.5408181285487617,-0.6694058856096469,-9.102185488827592,12,1.0,0.0,0.0,0.0,2,0.9142776884561901
10:39:35.505,183100,9155,-19.66874762083137,-43.204243947459815,0.49608545494291745,1013.25,0.0,349.99948177481934,0.8340349362228232,0.5683572413802485,-8.074458431563357,12,1.0,0.0,0.0,0.0,2,0.8137292128940325
10:39:35.712,183200,9160,-19.668746528438607,-43.20424631731311,-1.8524544103883187,1013.25,0.0,349.99948177481934,0.4547347529674921,-1.0627036714582458,-9.276208568355408,12,1.0,0.0,0.0,0.0,2,0.9347949945978398
10:39:35.920,183300,9165,-19.668736278685174,-43.20423959273635,-0.9413806141830183,1013.25,0.0,349.99948177481934,-0.7654990850367641,-0.5585518655643361,-8.579783589907343,12,1.0,0.0,0.0,0.0,2,0.863195548444041
10:39:36.136,183400,9170,-19.66873585430688,-43.2042327843363,-0.05717350799663157,1013.25,0.0,349.99948177481934,-0.9302075971334152,-0.08407276917035089,-8.587123581931559,12,1.0,0.0,0.0,0.0,2,0.863776856691853
10:39:36.352,183500,9175,-19.66873173805685,-43.20423537744093,1.0054646526002329,1013.25,0.0,349.99948177481934,0.49421185573718485,-0.556292567847791,-8.032445932760009,12,1.0,0.0,0.0,0.0,2,0.8066839185338127
10:39:36.559,183600,9180,-19.66872376174947,-43.204228953677294,1.9317486132111275,1013.25,0.0,349.99948177481934,0.6299694006754875,-1.1552312516505117,-8.471519045100957,12,1.0,0.0,0.0,0.0,2,0.8573100700568358
10:39:36.773,183700,9185,-19.66872001273705,-43.204225540539234,0.05957536368799232,1013.25,0.0,349.99948177481934,-0.2417084552709543,0.8976430761166685,-9.242281773786635,12,1.0,0.0,0.0,0.0,2,0.9288915892369696
10:39:36.985,183800,9190,-19.668718766400335,-43.20421849891188,0.07643690386582458,1013.25,0.0,349.99948177481934,1.2146503874153773,1.3744171267684262,-9.375120342058567,12,1.0,0.0,0.0,0.0,2,0.955286760245755
10:39:37.193,183900,9195,-19.66871006083514,-43.20421582190736,-0.4355247217688305,1013.25,0.0,349.99948177481934,-0.8381759823574692,0.11302221161752657,-9.90825343989647,12,1.0,0.0,0.0,0.0,2,0.994428475190348
10:39:37.402,184000,9200,-19.668710765242416,-43.20421126288109,-1.7050203484606068,1013.25,0.0,349.99948177481934,0.8386601224291979,1.3571788699266807,-8.360359324523756,12,1.0,0.0,0.0,0.0,2,0.8511221611559631
10:39:37.622,184100,9205,-19.6687053312851,-43.20420977072291,1.471791318765733,1013.25,0.0,349.99948177481934,0.757870281485443,0.834503940127536,-9.188321173694183,12,1.0,0.0,0.0,0.0,2,0.925721395348536
10:39:37.833,184200,9210,-19.668699765166636,-43.20420400277015,1.1307151333991325,1013.25,0.0,349.99948177481934,-1.0136801232780113,0.29626397486922507,-9.584079728580864,12,1.0,0.0,0.0,0.0,2,0.964209022872784
10:39:38.048,184300,9215,-19.668698921724644,-43.204195623736894,-0.9341519838686612,1013.25,0.0,349.99948177481934,0.015356931169046684,1.307956817770862,-9.820409770852205,12,1.0,0.0,0.0,0.0,2,0.99071406036221
10:39:38.255,184400,9220,-19.66869525808878,-43.204191059281136,-0.9403657072659906,1013.25,0.0,349.99948177481934,-1.3650838231480515,0.2866885967733801,-8.971211380695438,12,1.0,0.0,0.0,0.0,2,0.9079002028464349
10:39:38.462,184500,9225,-19.66868812495172,-43.20418655405315,-1.2592366283881025,1013.25,0.0,349.99948177481934,-1.3293901957942615,0.08097180900341083,-9.795848250997054,12,1.0,0.0,0.0,0.0,2,0.9885973785272203
10:39:38.679,184600,9230,-19.668687386552403,-43.204184304949294,-1.541067853875576,1013.25,0.0,349.99948177481934,-0.8582333923792345,0.5791388835560225,-9.093096666137317,12,1.0,0.0,0.0,0.0,2,0.9151850817291488
10:39:38.889,184700,9235,-19.668685706086155,-43.20418543883231,-1.8672616783251264,1013.25,0.0,349.99948177481934,1.1786436528532485,0.448909495198321,-9.834414613541638,12,1.0,0.0,0.0,0.0,2,0.9914959979058504
10:39:39.097,184800,9240,-19.668673844616087,-43.204180467347065,1.9188604774290177,1013.25,0.0,349.99948177481934,0.27131494624936137,-0.7383644933336132,-9.265388226997695,12,1.0,0.0,0.0,0.0,2,0.9298721036898656
10:39:39.305,184900,9245,-19.668673211548246,-43.2041756256728,1.9910731326055395,1013.25,0.0,349.99948177481934,-0.7227466088895186,-0.3314042504559396,-9.17399833831546,12,1.0,0.0,0.0,0.0,2,0.9208389487271722
10:39:39.518,185000,9250,-19.668664812792226,-43.204168986105664,0.5292613401188198,1013.25,0.0,349.99948177481934,-0.012348995040337485,1.450139980554233,-9.580961332076672,12,1.0,0.0,0.0,0.0,2,0.9690091769824924
10:39:39.736,185100,9255,-19.668668578902903,-43.20416616584508,1.9955011521233446,1013.25,0.0,349.99948177481934,1.0283100078101834,0.40481744371760353,-9.142154596323646,12,1.0,0.0,0.0,0.0,2,0.9208707254440344
10:39:39.945,185200,9260,-19.668657557274244,-43.204163913532945,1.7707536378106807,1013.25,0.0,349.99948177481934,0.9947789094530628,0.8167152592232085,-9.866454577142601,12,1.0,0.0,0.0,0.0,2,0.9950052000676121
10:39:40.154,185300,9265,-19.668658488924276,-43.20415577597325,1.121686486593544,1013.25,0.0,349.99948177481934,-1.3105093625779114,0.07479737956914145,-9.993292245513349,12,1.0,0.0,0.0,0.0,2,1.0079132866553155
10:39:40.371,185400,9270,-19.668654016873166,-43.204146352790055,1.0366950075076082,1013.25,0.0,349.99948177481934,-0.9995717323343776,-0.34990671135119755,-9.035191248125349,12,1.0,0.0,0.0,0.0,2,0.909704673204065
10:39:40.578,185500,9275,-19.66864252212653,-43.20415198887798,1.9744400031502778,1013.25,0.0,349.99948177481934,-1.150324451368987,-1.0413356963322573,-9.459018047857798,12,1.0,0.0,0.0,0.0,2,0.9585439416405109
10:39:40.785,185600,9280,-19.668638673972243,-43.204145143915405,0.38936504732356525,1013.25,0.0,349.99948177481934,0.6410900706273566,-0.4573181026747246,-8.943518466780002,12,1.0,0.0,0.0,0.0,2,0.8978121122558212
10:39:40.994,185700,9285,-19.668641939376386,-43.20413836692648,1.7423683820289182,1013.25,0.0,349.99948177481934,-1.2302524025356505,-0.8210052541279749,-8.758251528416984,12,1.0,0.0,0.0,0.0,2,0.8882259872142276
10:39:41.205,185800,9290,-19.66863179331964,-43.20413504603486,-1.0515172871704652,1013.25,0.0,349.99948177481934,1.3998708018637518,0.17756031640415815,-8.98852830537733,12,1.0,0.0,0.0,0.0,2,0.9098615665277969
10:39:41.412,185900,9295,-19.66862625280932,-43.204133457278274,-0.23498172247239468,1013.25,0.0,349.99948177481934,1.1309767858002,0.3009941452426359,-8.330293422779695,12,1.0,0.0,0.0,0.0,2,0.8412104045665147
10:39:41.620,186000,9300,-19.668630909572713,-43.204124842664896,1.5857642821412012,1013.25,0.0,349.99948177481934,0.9715814202770678,-1.4411985480982796,-9.147006299473704,12,1.0,0.0,0.0,0.0,2,0.9310679242347458
10:39:41.833,186100,9305,-19.66862156342873,-43.20412544526894,-1.7991428041944193,1013.25,0.0,349.99948177481934,0.20603528659649406,1.4455754819648057,-8.650199085840354,12,1.0,0.0,0.0,0.0,2,0.8772575633076866
10:39:42.041,186200,9310,-19.668618019624645,-43.204122135083175,1.1269686285103413,1013.25,0.0,349.99948177481934,0.08678686270872693,0.24713135031281785,-8.014276413801749,12,1.0,0.0,0.0,0.0,2,0.801855549963117
10:39:42.249,186300,9315,-19.66860954622048,-43.20411862501185,-1.4788010596992893,1013.25,0.0,349.99948177481934,0.7122111814096286,-0.4120246009596302,-8.159626374485054,12,1.0,0.0,0.0,0.0,2,0.8201006743681714
10:39:42.459,186400,9320,-19.668606893247237,-43.20411245271907,-0.9354863422946944,1013.25,0.0,349.99948177481934,0.6339700921246307,1.2632407855489247,-9.738530226960997,12,1.0,0.0,0.0,0.0,2,0.984056229803032
10:39:42.675,186500,9325,-19.668603625243197,-43.20410301720206,-0.5977042589441743,1013.25,0.0,349.99948177481934,0.5203470843098832,0.4222353527676388,-9.582881105213435,12,1.0,0.0,0.0,0.0,2,0.9606282010118863
10:39:42.890,186600,9330,-19.668605303248555,-43.20410465281268,1.8221539213382845,1013.25,0.0,349.99948177481934,-0.11894713644725896,-0.28761234894038257,-8.001762548756318,12,1.0,0.0,0.0,0.0,2,0.8007813257763395
10:39:43.098,186700,9335,-19.668598380181887,-43.204097397252994,-1.9012238286634209,1013.25,0.0,349.99948177481934,-1.3425303363756433,-0.12915478086414156,-9.635054846114013,12,1.0,0.0,0.0,0.0,2,0.9728995351480754
10:39:43.304,186800,9340,-19.668594272614538,-43.20408849670331,-0.3364003523252026,1013.25,0.0,349.99948177481934,-0.5176076131271443,0.9880509074627666,-8.874033126538038,12,1.0,0.0,0.0,0.0,2,0.8943859690748712
10:39:43.520,186900,9345,-19.668584554253112,-43.20408942487444,-1.9400614900008462,1013.25,0.0,349.99948177481934,-0.0949346421815691,1.3181233982801945,-8.509891387184773,12,1.0,0.0,0.0,0.0,2,0.8611893711667687
10:39:43.734,187000,9350,-19.66858808431809,-43.20408894347686,-1.4711360013629515,1013.25,0.0,349.99948177481934,0.3947006253440084,0.5471062248003813,-9.774274312529489,12,1.0,0.0,0.0,0.0,2,0.9797527858671089
10:39:43.943,187100,9355,-19.66858062784511,-43.20407631566357,0.5490901879285501,1013.25,0.0,349.99948177481934,0.7028759874758128,-1.4366260362927505,-9.693809783733403,12,1.0,0.0,0.0,0.0,2,0.9824860159062306
10:39:44.151,187200,9360,-19.668576924694456,-43.20407881101058,-0.7924459968818183,1013.25,0.0,349.99948177481934,-1.4764301213130144,1.4619263191927052,-8.711646726627489,12,1.0,0.0,0.0,0.0,2,0.895599593319627
10:39:44.370,187300,9365,-19.66856978443123,-43.20407335086973,-1.121778859804273,1013.25,0.0,349.99948177481934,0.8898654564223012,-0.1964384894652471,-9.752955677330698,12,1.0,0.0,0.0,0.0,2,0.9795437359028649
10:39:44.577,187400,9370,-19.66856263656621,-43.20406861930591,0.2747007076322423,1013.25,0.0,349.99948177481934,1.0975112524884185,-0.42176154423723466,-9.69465285692271,12,1.0,0.0,0.0,0.0,2,0.9765690337389148
10:39:44.785,187500,9375,-19.668564892856434,-43.20406730093312,1.517219154291598,1013.25,0.0,349.99948177481934,1.4262678378084694,1.3701927704136585,-8.588789788426443,12,1.0,0.0,0.0,0.0,2,0.8813567847531387
10:39:44.993,187600,9380,-19.66856257039106,-43.20405523391823,-1.0543759314631211,1013.25,0.0,349.99948177481934,-1.2645049849415866,1.1236244899477659,-9.44663500801015,12,1.0,0.0,0.0,0.0,2,0.959689626003717
10:39:45.211,187700,9385,-19.66855206475339,-43.20405418971399,-0.20734509317489236,1013.25,0.0,349.99948177481934,0.7124581735403344,-0.7431782398033955,-8.432464493107762,12,1.0,0.0,0.0,0.0,2,0.8495079044522473
10:39:45.417,187800,9390,-19.668549157597308,-43.2040467607855,-1.4975524025954403,1013.25,0.0,349.99948177481934,0.8111892095821922,-0.14113721910264032,-8.058726548906451,12,1.0,0.0,0.0,0.0,2,0.8100680294790573
10:39:45.625,187900,9395,-19.668544147379155,-43.20404550225455,1.5545685439264112,1013.25,0.0,349.99948177481934,-0.6763879083788591,-0.463526313927338,-8.999359688653687,12,1.0,0.0,0.0,0.0,2,0.9036638315882138
10:39:45.831,188000,9400,-19.668546917330264,-43.20404275289891,-0.3900774830253102,1013.25,0.0,349.99948177481934,1.2446116885842522,1.2032732687482826,-8.231757543549648,12,1.0,0.0,0.0,0.0,2,0.8411822458327995
10:39:46.040,188100,9405,-19.668537029136854,-43.20403695304702,1.0964446048359613,1013.25,0.0,349.99948177481934,0.6621722177587217,-1.3836267246287766,-9.894942858160565,12,1.0,0.0,0.0,0.0,2,1.0013130835325244
10:39:46.251,188200,9410,-19.66853433751536,-43.20403259546809,-1.5144726386743095,1013.25,0.0,349.99948177481934,-0.8474128468269022,0.4093075635089485,-9.560626509886426,12,1.0,0.0,0.0,0.0,2,0.9606831968763481
10:39:46.459,188300,9415,-19.668533286600066,-43.204034115682965,1.2622455240744497,1013.25,0.0,349.99948177481934,-0.8423413387274167,-0.0987837527385449,-8.400643372310679,12,1.0,0.0,0.0,0.0,2,0.8443346861848182
10:39:46.670,188400,9420,-19.66852629548259,-43.204024506184716,-1.987908727352699,1013.25,0.0,349.99948177481934,-1.2122931767964311,-1.2702942670074875,-9.673768162500236,12,1.0,0.0,0.0,0.0,2,0.983184076015791
10:39:46.890,188500,9425,-19.668522523762768,-43.204024581315174,1.7215996517751155,1013.25,0.0,349.99948177481934,0.019519286765803612,-0.4103512981837296,-8.415816425723882,12,1.0,0.0,0.0,0.0,2,0.8425837365031491
10:39:47.107,188600,9430,-19.668516894691212,-43.20401435754712,-0.15515712618313549,1013.25,0.0,349.99948177481934,0.9199321315794853,0.2796296835404313,-9.204043243960443,12,1.0,0.0,0.0,0.0,2,0.9254127723525496
10:39:47.315,188700,9435,-19.668515591806994,-43.20401458549507,-0.8980325777701705,1013.25,0.0,349.99948177481934,-0.15648526635085136,-0.6960491168988234,-9.16844134741538,12,1.0,0.0,0.0,0.0,2,0.9196156194449749
10:39:47.523,188800,9440,-19.66850926502514,-43.20400917855338,0.9060946260577487,1013.25,0.0,349.99948177481934,1.3034353052163556,0.5605267458596983,-9.332149411058879,12,1.0,0.0,0.0,0.0,2,0.9439393331037493
10:39:47.730,188900,9445,-19.6684991743912,-43.204004826578945,0.5015200864183229,1013.25,0.0,349.99948177481934,1.39825492646741,0.6225791628129826,-8.737085898980812,12,1.0,0.0,0.0,0.0,2,0.887014045320189
10:39:47.937,189000,9450,-19.66850217128163,-43.204000505624286,0.9826045877642122,1013.25,0.0,349.99948177481934,1.0126104800011388,0.4569772813219113,-9.17786320733645,12,1.0,0.0,0.0,0.0,2,0.9244857017414203
10:39:48.146,189100,9455,-19.66849462082265,-43.20399668628619,-0.8805166269054072,1013.25,0.0,349.99948177481934,0.9947831673048824,-0.6030445380809039,-9.855508417725174,12,1.0,0.0,0.0,0.0,2,0.9923925757315706
10:39:48.353,189200,9460,-19.6684954881891,-43.2039932259885,1.1199402238149045,1013.25,0.0,349.99948177481934,1.36830239434761,-0.81193956249568,-9.110674569533382,12,1.0,0.0,0.0,0.0,2,0.9248561423673703
10:39:48.568,189300,9465,-19.668485718762206,-43.203984968880135,-1.9891528235313753,1013.25,0.0,349.99948177481934,1.3563957193091891,-0.8624527621551429,-9.354154251602743,12,1.0,0.0,0.0,0.0,2,0.9491250490693365
10:39:48.777,189400,9470,-19.668486384435823,-43.20398213632146,1.572274758705419,1013.25,0.0,349.99948177481934,0.6448287005816926,0.7051874635620168,-9.4410168700821,12,1.0,0.0,0.0,0.0,2,0.9489251443240069
10:39:48.991,189500,9475,-19.668478762038752,-43.203983470079464,-0.4296205336496861,1013.25,0.0,349.99948177481934,-0.10966193898570298,1.4799485928087237,-9.826479594448477,12,1.0,0.0,0.0,0.0,2,0.9937905956404042
10:39:49.200,189600,9480,-19.668470268602032,-43.203977059581085,-1.1540762542551462,1013.25,0.0,349.99948177481934,-0.8992541502616243,-1.1342995518843049,-8.955394035550258,12,1.0,0.0,0.0,0.0,2,0.9071624762529412
10:39:49.408,189700,9485,-19.668470663296105,-43.203971164434094,0.05955514514341509,1013.25,0.0,349.99948177481934,-1.2786115703211678,0.8637924257610323,-9.166158162856739,12,1.0,0.0,0.0,0.0,2,0.9295129927497868
10:39:49.617,189800,9490,-19.668464807362678,-43.20396795298469,-1.7911950642227308,1013.25,0.0,349.99948177481934,-1.3865879077534733,-1.31844578679768,-8.176709163973074,12,1.0,0.0,0.0,0.0,2,0.8397588824826681
10:39:49.824,189900,9495,-19.668464151477796,-43.20396023227154,0.144178315929274,1013.25,0.0,349.99948177481934,-1.029880696510325,-0.6467919726013586,-8.057293478133161,12,1.0,0.0,0.0,0.0,2,0.8148556454835012
10:39:50.031,190000,9500,-19.668455835252754,-43.20395864076153,0.21373446701891563,1013.25,0.0,349.99948177481934,0.037458915400151005,0.46258955376670086,-9.81256522863215,12,1.0,0.0,0.0,0.0,2,0.9823534426659162
10:39:50.241,190100,9505,-19.66845657089861,-43.20395591813805,1.5235107585762653,1013.25,0.0,349.99948177481934,0.07962168718396878,0.8591817137988818,-8.438188951310524,12,1.0,0.0,0.0,0.0,2,0.8482191085351438
10:39:50.449,190200,9510,-19.668445729880645,-43.203947248194815,-0.29647321711371477,1013.25,0.0,349.99948177481934,1.2207780995407802,-0.6004294494380533,-8.063729978319776,12,1.0,0.0,0.0,0.0,2,0.8177686461055104
10:39:50.656,190300,9515,-19.668449043392112,-43.20394827657502,-0.15579617122403855,1013.25,0.0,349.99948177481934,0.5243948975126491,1.1818572560727887,-9.447849991121736,12,1.0,0.0,0.0,0.0,2,0.9535913487286269
10:39:50.876,190400,9520,-19.66844063994485,-43.20394266007967,-0.9449931250319232,1013.25,0.0,349.99948177481934,0.6643172663064645,-0.07523532239056752,-9.27222838946328,12,1.0,0.0,0.0,0.0,2,0.9296300182890875
10:39:51.092,190500,9525,-19.668433740726524,-43.20393647064315,-0.25663740184431694,1013.25,0.0,349.99948177481934,1.4917547822863284,-0.07985963846125577,-9.244793837745089,12,1.0,0.0,0.0,0.0,2,0.9364716920160421
10:39:51.299,190600,9530,-19.66842918345121,-43.20392848851775,0.04926097209245128,1013.25,0.0,349.99948177481934,0.1465258004397607,0.06602599782517382,-8.09643891306091,12,1.0,0.0,0.0,0.0,2,0.8098033854924926
10:39:51.506,190700,9535,-19.668431708603034,-43.20392623100363,0.6261757413448077,1013.25,0.0,349.99948177481934,1.1336735676369916,1.2925245653064037,-8.790367028877858,12,1.0,0.0,0.0,0.0,2,0.895691844398855
10:39:51.714,190800,9540,-19.668422533866124,-43.20392143156437,-0.025049036188752982,1013.25,0.0,349.99948177481934,1.1528266447258404,1.4054583528162086,-8.124559911742315,12,1.0,0.0,0.0,0.0,2,0.8325430692389493
10:39:51.929,190900,9545,-19.668415497838165,-43.203919105574876,0.597963812355299,1013.25,0.0,349.99948177481934,-1.3918671283426658,-1.4799169892936854,-8.968414039121537,12,1.0,0.0,0.0,0.0,2,0.9195645642110902
10:39:52.142,191000,9550,-19.66841734941811,-43.20391250944812,1.1425617901676857,1013.25,0.0,349.99948177481934,0.6170392620727192,1.090753767788733,-8.584010445800677,12,1.0,0.0,0.0,0.0,2,0.8675005277606447
10:39:52.349,191100,9555,-19.668414261541642,-43.20390835030731,-1.2611158735861308,1013.25,0.0,349.99948177481934,0.08242980486730023,0.5012303712035422,-9.417774214794395,12,1.0,0.0,0.0,0.0,2,0.9431463180153623
10:39:52.562,191200,9560,-19.668408369545734,-43.20390450906794,0.21883695297063,1013.25,0.0,349.99948177481934,1.3714277985483996,1.4150624670103062,-8.565217903086372,12,1.0,0.0,0.0,0.0,2,0.8788980243436888
10:39:52.771,191300,9565,-19.66840596148327,-43.203903174636835,-0.6368459984717427,1013.25,0.0,349.99948177481934,-0.6890346016815051,-1.4417071942262998,-8.420202022518879,12,1.0,0.0,0.0,0.0,2,0.8570477840600796
10:39:52.979,191400,9570,-19.668401891366194,-43.2038941315714,-1.6569858958936674,1013.25,0.0,349.99948177481934,1.247048663681019,0.8621787705215356,-9.40189641996616,12,1.0,0.0,0.0,0.0,2,0.9523347042594801
10:39:53.189,191500,9575,-19.668393376253,-43.203898796990444,-0.29882159460115343,1013.25,0.0,349.99948177481934,-0.9873427945053745,1.1838038886293614,-9.969601709327659,12,1.0,0.0,0.0,0.0,2,1.008807195073591
10:39:53.407,191600,9580,-19.668392691382753,-43.20388922213386,-1.7916596870664834,1013.25,0.0,349.99948177481934,0.16463650817927,0.3739546175799082,-8.990331470309483,12,1.0,0.0,0.0,0.0,2,0.8999611501718943
10:39:53.620,191700,9585,-19.668389983802477,-43.20388565471074,1.3477648351522569,1013.25,0.0,349.99948177481934,-0.6531611407429848,-0.06976629503686604,-9.026828238827324,12,1.0,0.0,0.0,0.0,2,0.905069692703221
10:39:53.827,191800,9590,-19.66838530283209,-43.20387903075293,1.1643675399042475,1013.25,0.0,349.99948177481934,-1.4667883116723506,-0.47291872304319416,-8.577221101274056,12,1.0,0.0,0.0,0.0,2,0.8714576403360312
10:39:54.035,191900,9595,-19.66837759711369,-43.203879774967405,-1.1855758838948582,1013.25,0.0,349.99948177481934,-0.8317952697273241,-0.8050355297337604,-9.733675729272274,12,1.0,0.0,0.0,0.0,2,0.9802265492094091
10:39:54.245,192000,9600,-19.668378137041284,-43.20387376735582,-0.03177641608619908,1013.25,0.0,349.99948177481934,-0.15094181366460235,-0.5017464039646585,-9.089239864552717,12,1.0,0.0,0.0,0.0,2,0.9104329420686519
10:39:54.454,192100,9605,-19.668371672297557,-43.20387142567824,0.28901099546476106,1013.25,0.0,349.99948177481934,0.029579645519452136,-0.3142671005616411,-8.365561991569427,12,1.0,0.0,0.0,0.0,2,0.8371515167561695
10:39:54.664,192200,9610,-19.6683676466468,-43.20386841442485,-1.5317946507447329,1013.25,0.0,349.99948177481934,1.4099964086634884,-1.4030636069361768,-9.466526312205179,12,1.0,0.0,0.0,0.0,2,0.9673251665144751
10:39:54.872,192300,9615,-19.66836124426926,-43.20386143616979,-1.0279883611645642,1013.25,0.0,349.99948177481934,0.026226438370781757,-0.7786694825733644,-8.596732112525626,12,1.0,0.0,0.0,0.0,2,0.8631964840271883
10:39:55.084,192400,9620,-19.66835386886879,-43.20385517830311,-1.443858587688163,1013.25,0.0,349.99948177481934,0.10961922792684997,-1.1383441662464029,-9.152605854910668,12,1.0,0.0,0.0,0.0,2,0.922377567763351
10:39:55.292,192500,9625,-19.66834902635807,-43.20385264029341,-1.2821570216254798,1013.25,0.0,349.99948177481934,-0.31762963993531645,-0.6518622918273291,-9.595454235483578,12,1.0,0.0,0.0,0.0,2,0.9622814298370905
10:39:55.501,192600,9630,-19.668346654969426,-43.20384433054806,0.0018204131589079076,1013.25,0.0,349.99948177481934,-0.04809452131234182,-1.3732371389351496,-8.459481086279887,12,1.0,0.0,0.0,0.0,2,0.8570350842985262
10:39:55.710,192700,9635,-19.668345006604568,-43.203841670989696,-1.6340533728583062,1013.25,0.0,349.99948177481934,0.11120179749571601,-1.3477614096264854,-9.285053985968274,12,1.0,0.0,0.0,0.0,2,0.9383019459608404
10:39:55.927,192800,9640,-19.668344761486335,-43.203840528605795,-0.45595544529691256,1013.25,0.0,349.99948177481934,-0.6430300312191036,0.0617740671333058,-9.851783081259537,12,1.0,0.0,0.0,0.0,2,0.987293945776087
10:39:56.143,192900,9645,-19.66833249516192,-43.20383409648977,0.4907833450800396,1013.25,0.0,349.99948177481934,-0.15293738492481768,-1.3703661450616882,-9.25017112683452,12,1.0,0.0,0.0,0.0,2,0.9352377189301226
10:39:56.352,193000,9650,-19.668334664093667,-43.20383215511167,-0.5854587245813652,1013.25,0.0,349.99948177481934,-0.753338235387252,-1.2276586605415734,-9.881071214761693,12,1.0,0.0,0.0,0.0,2,0.998550112086976
10:39:56.560,193100,9655,-19.668327493047233,-43.20382946463221,-1.0773246587003946,1013.25,0.0,349.99948177481934,1.154245535501889,0.4342154839152701,-8.897440148707549,12,1.0,0.0,0.0,0.0,2,0.8982497817563377
10:39:56.771,193200,9660,-19.668319521199216,-43.20382426333709,0.7199314583559664,1013.25,0.0,349.99948177481934,-0.3721268829851936,-0.5465444313587946,-9.009978360599668,12,1.0,0.0,0.0,0.0,2,0.9034207175561332
10:39:56.985,193300,9665,-19.668319430023917,-43.203817313233245,-1.9335694683986215,1013.25,0.0,349.99948177481934,1.4399478281481803,0.6400832651823509,-9.459966730936598,12,1.0,0.0,0.0,0.0,2,0.9590314222411194
10:39:57.196,193400,9670,-19.668312507932313,-43.20381478167243,1.338957920191291,1013.25,0.0,349.99948177481934,0.11707450923265039,-1.414376163865324,-9.97818845934099,12,1.0,0.0,0.0,0.0,2,1.007861157619184
10:39:57.405,193500,9675,-19.668305951890463,-43.20381321842509,-1.790136390626853,1013.25,0.0,349.99948177481934,-1.0683377472995657,-0.5082994321741087,-9.779276378040418,12,1.0,0.0,0.0,0.0,2,0.9850581725621739
10:39:57.613,193600,9680,-19.668308222607482,-43.20380395209247,-0.9327035914878921,1013.25,0.0,349.99948177481934,0.2751645261214437,-0.9555787379939126,-9.321618597064656,12,1.0,0.0,0.0,0.0,2,0.9374509027681575
10:39:57.820,193700,9685,-19.668303973827495,-43.20380372167998,0.22251651948716944,1013.25,0.0,349.99948177481934,-0.2541604516839906,0.13758043057336744,-8.547900604441967,12,1.0,0.0,0.0,0.0,2,0.8552784964764186
10:39:58.028,193800,9690,-19.668298679818943,-43.203795841245636,-1.0409254644445136,1013.25,0.0,349.99948177481934,-0.1963576660164923,-1.1930027300749089,-9.849905445813324,12,1.0,0.0,0.0,0.0,2,0.9923832381617125
10:39:58.237,193900,9695,-19.668293049417926,-43.20379079673962,1.1242303601711439,1013.25,0.0,349.99948177481934,1.0501432798560715,-0.24788398652693466,-9.18031578303922,12,1.0,0.0,0.0,0.0,2,0.924350827637009
10:39:58.452,194000,9700,-19.668288641938553,-43.20378596810722,1.5934484736163146,1013.25,0.0,349.99948177481934,0.9362165219883245,-0.653461168521851,-9.487027294105712,12,1.0,0.0,0.0,0.0,2,0.9555480090184721
10:39:58.661,194100,9705,-19.668285070797335,-43.20378548622992,1.3007004942219518,1013.25,0.0,349.99948177481934,0.14502223485759247,-0.8856735898374445,-8.700776225696499,12,1.0,0.0,0.0,0.0,2,0.8746939812642136
10:39:58.869,194200,9710,-19.66828343611643,-43.20377889588677,1.4874704195614235,1013.25,0.0,349.99948177481934,-0.2425433415836613,-1.0108947351682533,-8.88766779043873,12,1.0,0.0,0.0,0.0,2,0.8948260959054531
10:39:59.075,194300,9715,-19.668275965461902,-43.20377753680361,0.07247126150636563,1013.25,0.0,349.99948177481934,0.9230031326067376,1.2586075821743004,-8.120648725049058,12,1.0,0.0,0.0,0.0,2,0.826927829646272
10:39:59.286,194400,9720,-19.66827540522043,-43.20377384942568,-1.1935787090056063,1013.25,0.0,349.99948177481934,-0.24864964303912207,-0.3482405732448248,-9.491189098004199,12,1.0,0.0,0.0,0.0,2,0.9500829891957393
10:39:59.497,194500,9725,-19.668266061446253,-43.203767119346665,-0.013140906452240753,1013.25,0.0,349.99948177481934,0.43495096447344306,0.8887694585404189,-8.274644512868706,12,1.0,0.0,0.0,0.0,2,0.8333596780879118
10:39:59.707,194600,9730,-19.66826552656419,-43.203760328837724,-1.3654303075383933,1013.25,0.0,349.99948177481934,0.6335001072580773,-0.33254787442397093,-9.976265883522062,12,1.0,0.0,0.0,0.0,2,1.0001889394179788
10:39:59.916,194700,9735,-19.668260213104844,-43.20375782613478,-0.6258641463474679,1013.25,0.0,349.99948177481934,0.9091843602570058,1.4233330209718122,-8.070721671105565,12,1.0,0.0,0.0,0.0,2,0.8245546760644663
10:40:00.128,194800,9740,-19.668257666093375,-43.20375679056667,-1.5966812612261467,1013.25,0.0,349.99948177481934,-1.0302592912976527,0.2552603084040359,-9.599158616656881,12,1.0,0.0,0.0,0.0,2,0.9657662148785788
10:40:00.339,194900,9745,-19.66825652124466,-43.20375171731326,0.22134182816423698,1013.25,0.0,349.99948177481934,0.960719792908463,0.10641781038574338,-9.516129629516833,12,1.0,0.0,0.0,0.0,2,0.9565094374684526
10:40:00.548,195000,9750,-19.668249332848674,-43.203749108158924,0.5025753347495696,1013.25,0.0,349.99948177481934,-0.25852622062967345,0.31699580317601583,-8.144134707534324,12,1.0,0.0,0.0,0.0,2,0.8154400792237863
10:40:00.757,195100,9755,-19.66824083790205,-43.20374728375706,0.37054137647937635,1013.25,0.0,349.99948177481934,-0.9479818830711304,-1.0495135984704806,-8.768098727913097,12,1.0,0.0,0.0,0.0,2,0.8881424646217341
10:40:00.975,195200,9760,-19.668243758601502,-43.20374197335522,-1.7706102563091117,1013.25,0.0,349.99948177481934,-0.825065526924697,1.3346293564650122,-8.808565421044099,12,1.0,0.0,0.0,0.0,2,0.8947222665144281
10:40:01.182,195300,9765,-19.668234690203445,-43.20373615398058,1.6102769507482764,1013.25,0.0,349.99948177481934,0.4779173040817295,1.0110079778360297,-8.430923074210558,12,1.0,0.0,0.0,0.0,2,0.8504763721823485
10:40:01.389,195400,9770,-19.6682306990352,-43.203731957239924,-0.7967771687647911,1013.25,0.0,349.99948177481934,1.0837118009517237,0.47915371776219606,-8.580650423603881,12,1.0,0.0,0.0,0.0,2,0.866207718996205
10:40:01.597,195500,9775,-19.668229328060885,-43.203726442919226,-1.8296971807335298,1013.25,0.0,349.99948177481934,-0.365571425598193,-0.7879617011954514,-8.081524437454139,12,1.0,0.0,0.0,0.0,2,0.8128072547838952
10:40:01.811,195600,9780,-19.668224339903585,-43.20372195024676,-0.5813709471527062,1013.25,0.0,349.99948177481934,-0.48749743217965014,-1.3419107170810893,-9.302169909028907,12,1.0,0.0,0.0,0.0,2,0.9411096808313136
10:40:02.019,195700,9785,-19.66822297735486,-43.203719242162016,-0.8818580165243604,1013.25,0.0,349.99948177481934,0.20358629394746264,-1.2495590812503607,-9.715407427154885,12,1.0,0.0,0.0,0.0,2,0.9797550038261342
10:40:02.226,195800,9790,-19.668212327955278,-43.203715363101004,0.927865580720511,1013.25,0.0,349.99948177481934,-0.28315069928750525,0.49655169443824443,-9.58971959452492,12,1.0,0.0,0.0,0.0,2,0.9606740331942553
10:40:02.435,195900,9795,-19.668213913360248,-43.20371165832622,-0.5906384434540959,1013.25,0.0,349.99948177481934,-0.9617379451371874,-1.468936146776422,-8.859258894790202,12,1.0,0.0,0.0,0.0,2,0.9031565835631293
10:40:02.646,196000,9800,-19.6682027775787,-43.2037103935657,-1.707758385580283,1013.25,0.0,349.99948177481934,0.9112979249011479,1.2347668362308024,-9.319727851699039,12,1.0,0.0,0.0,0.0,2,0.9445233733345054
10:40:02.857,196100,9805,-19.668198931444483,-43.20370076377523,-1.1597136761657052,1013.25,0.0,349.99948177481934,1.17530629082633,0.9607645450072968,-8.76653582624083,12,1.0,0.0,0.0,0.0,2,0.8896997458747699
10:40:03.065,196200,9810,-19.668199707911203,-43.20369601317838,0.34434202623967725,1013.25,0.0,349.99948177481934,0.0002010011654594024,1.013799414111927,-9.711993313083232,12,1.0,0.0,0.0,0.0,2,0.976476335636602
10:40:03.281,196300,9815,-19.668188237092046,-43.203692446139684,0.034383580222549615,1013.25,0.0,349.99948177481934,0.5152358932572159,0.05993306075972793,-9.030070318455783,12,1.0,0.0,0.0,0.0,2,0.9044956050403381
10:40:03.500,196400,9820,-19.668192960957963,-43.20369091047445,0.25086626901085607,1013.25,0.0,349.99948177481934,1.0215627170809651,-1.015494213326172,-9.474653099060218,12,1.0,0.0,0.0,0.0,2,0.9583520763777797
10:40:03.707,196500,9825,-19.668181182990793,-43.20368585923879,0.11597791931469192,1013.25,0.0,349.99948177481934,1.365159733242903,0.6124979757176643,-9.449304450805789,12,1.0,0.0,0.0,0.0,2,0.9567035563409606
10:40:03.916,196600,9830,-19.66818515461968,-43.20367813167614,0.1388777222949482,1013.25,0.0,349.99948177481934,0.959946177666612,0.39778774963535124,-8.174542265891604,12,1.0,0.0,0.0,0.0,2,0.8240319958267698
10:40:04.122,196700,9835,-19.668180530621314,-43.20367775296193,1.863240110702674,1013.25,0.0,349.99948177481934,-0.29641759813495616,0.6099072943897546,-9.600228201034529,12,1.0,0.0,0.0,0.0,2,0.9624148368150431
10:40:04.334,196800,9840,-19.66817431191237,-43.20367359387726,0.8249463621960427,1013.25,0.0,349.99948177481934,-0.3959508927238695,-1.399835256321344,-8.057315498026378,12,1.0,0.0,0.0,0.0,2,0.818759115302084
10:40:04.543,196900,9845,-19.668170004326075,-43.203667458126844,1.869089571836147,1013.25,0.0,349.99948177481934,-1.0444555760564311,0.5349193782617236,-8.205748038226202,12,1.0,0.0,0.0,0.0,2,0.8289229581719187
10:40:04.751,197000,9850,-19.6681675025243,-43.203659372695476,-0.2954873957514663,1013.25,0.0,349.99948177481934,-0.9419494428401646,0.0022128928284992355,-8.311058496711023,12,1.0,0.0,0.0,0.0,2,0.8364267271286473
10:40:04.960,197100,9855,-19.668155299912495,-43.20365758898879,-1.9003260808465599,1013.25,0.0,349.99948177481934,0.9539093847154474,0.4602402621193722,-8.030129752173387,12,1.0,0.0,0.0,0.0,2,0.809967579905913
10:40:05.168,197200,9860,-19.668150762972708,-43.20365548567409,1.0549306630891326,1013.25,0.0,349.99948177481934,-0.7039041693092596,-0.3940862699076162,-8.659392056756069,12,1.0,0.0,0.0,0.0,2,0.8696887711147636
10:40:05.377,197300,9865,-19.668146702209736,-43.203652866365786,-0.14477139633582414,1013.25,0.0,349.99948177481934,0.6059084101044916,-0.742818654048974,-9.55927316128988,12,1.0,0.0,0.0,0.0,2,0.9607216450481144
10:40:05.585,197400,9870,-19.66814207441881,-43.20365033565947,0.8123722154579598,1013.25,0.0,349.99948177481934,-1.1109484915299306,1.081547883412255,-9.117165536206263,12,1.0,0.0,0.0,0.0,2,0.9248062488409851
10:40:05.800,197500,9875,-19.668137878808857,-43.203640465457745,0.7361608492601532,1013.25,0.0,349.99948177481934,0.43862413455792426,-0.7598255149730936,-8.91337214378182,12,1.0,0.0,0.0,0.0,2,0.8956446221474593
10:40:06.011,197600,9880,-19.66813782597496,-43.20364307815127,0.45532905821371905,1013.25,0.0,349.99948177481934,1.4781998464641286,0.546679781432605,-8.525585452657973,12,1.0,0.0,0.0,0.0,2,0.8670036959557152
10:40:06.219,197700,9885,-19.668132376755874,-43.203631602698955,-0.6372724682292237,1013.25,0.0,349.99948177481934,0.4378945651683641,-1.1330453438517025,-9.846975053604465,12,1.0,0.0,0.0,0.0,2,0.9921615851651215
10:40:06.427,197800,9890,-19.66813449806163,-43.20363390547417,-1.3174138972689287,1013.25,0.0,349.99948177481934,0.2095094672704696,-1.1653513743171882,-9.998981327427668,12,1.0,0.0,0.0,0.0,2,1.0068841325035671
10:40:06.642,197900,9895,-19.668125861448598,-43.20362565686766,-1.7372480839908788,1013.25,0.0,349.99948177481934,0.5615664479580187,-0.1516683064869646,-9.475698622429519,12,1.0,0.0,0.0,0.0,2,0.9493535934191091
10:40:06.850,198000,9900,-19.66812341161245,-43.20361919853028,-0.980429990328096,1013.25,0.0,349.99948177481934,1.2297933374117895,0.29761364371298127,-9.80520356358595,12,1.0,0.0,0.0,0.0,2,0.9886505067870301
10:40:07.057,198100,9905,-19.66811845767152,-43.20361542348361,1.476829904352353,1013.25,0.0,349.99948177481934,0.5382683694056167,-0.5586962802916025,-8.185276241903061,12,1.0,0.0,0.0,0.0,2,0.8221959713315127
10:40:07.265,198200,9910,-19.668116243698492,-43.20361389547962,1.4171613947057828,1013.25,0.0,349.99948177481934,-0.6467657432830876,-0.677607143132698,-8.840136365820026,12,1.0,0.0,0.0,0.0,2,0.8889627007552268
10:40:07.477,198300,9915,-19.668105476495242,-43.20360584534379,-1.9259174427631551,1013.25,0.0,349.99948177481934,0.35282778205443743,-0.6154861609536892,-9.544385379517507,12,1.0,0.0,0.0,0.0,2,0.9570715904824598
10:40:07.693,198400,9920,-19.66810137965996,-43.203600074033524,-0.28054540891999125,1013.25,0.0,349.99948177481934,-0.36699582940795183,1.4550485594314368,-9.625242803499992,12,1.0,0.0,0.0,0.0,2,0.9741516887807296
10:40:07.900,198500,9925,-19.668101371748907,-43.20360287168851,1.9434895682239435,1013.25,0.0,349.99948177481934,-0.5671093493459476,-1.035766775268018,-9.450956564523656,12,1.0,0.0,0.0,0.0,2,0.9524442545964436
10:40:08.107,198600,9930,-19.66809705574035,-43.20359281183547,-1.4145920341505565,1013.25,0.0,349.99948177481934,1.2454362217349546,-0.7267319828199517,-8.784214825160618,12,1.0,0.0,0.0,0.0,2,0.8901779645207718
10:40:08.323,198700,9935,-19.66809636281577,-43.20359650677344,0.023916174902460785,1013.25,0.0,349.99948177481934,0.9913624069445461,0.08736773748403559,-9.263694861734411,12,1.0,0.0,0.0,0.0,2,0.9316999250551676
10:40:08.530,198800,9940,-19.6680929617167,-43.20358721184619,0.5244212568454047,1013.25,0.0,349.99948177481934,0.11054320095225023,0.8222642894694467,-8.670504897649552,12,1.0,0.0,0.0,0.0,2,0.8710108698585703
10:40:08.738,198900,9945,-19.668085190443573,-43.20358146295728,-1.304815663860011,1013.25,0.0,349.99948177481934,-1.1938188666665674,0.7449210611798192,-8.064311998345145,12,1.0,0.0,0.0,0.0,2,0.8186161425262256
10:40:08.945,199000,9950,-19.668078276848536,-43.20357645458697,-0.04650408427950525,1013.25,0.0,349.99948177481934,0.19676244461906922,0.3839042972823945,-9.516184539975743,12,1.0,0.0,0.0,0.0,2,0.9525957493499417
10:40:09.163,199100,9955,-19.668075708638575,-43.20357457112131,1.6553141610178717,1013.25,0.0,349.99948177481934,0.39018254312216105,0.2083683382337882,-9.524846985572488,12,1.0,0.0,0.0,0.0,2,0.9535112473374654
10:40:09.375,199200,9960,-19.668072904316652,-43.20357592205204,1.1078494102490781,1013.25,0.0,349.99948177481934,0.6629520924338101,0.41770862172029166,-8.018243154338302,12,1.0,0.0,0.0,0.0,2,0.805643899322864
10:40:09.583,199300,9965,-19.66807009731168,-43.20356239369858,1.9161944655091192,1013.25,0.0,349.99948177481934,-0.5654553965530345,-0.9639651532241562,-8.232902841963522,12,1.0,0.0,0.0,0.0,2,0.8308408862551991
10:40:09.791,199400,9970,-19.668060093933814,-43.20356145588681,0.09787081459186187,1013.25,0.0,349.99948177481934,-0.21233583496467556,0.04852466757540297,-9.871903014479734,12,1.0,0.0,0.0,0.0,2,0.9874305559251625
10:40:10.001,199500,9975,-19.668060258129437,-43.20355613753857,-0.1472253101622747,1013.25,0.0,349.99948177481934,-0.5450478029285738,0.21450611861612012,-8.846085326599843,12,1.0,0.0,0.0,0.0,2,0.886545631018991
10:40:10.208,199600,9980,-19.66805613813884,-43.20355617629714,0.8108596225975946,1013.25,0.0,349.99948177481934,0.29199442926604613,0.8184006836474609,-8.807926227655095,12,1.0,0.0,0.0,0.0,2,0.8850683863834002
10:40:10.416,199700,9985,-19.668045352838405,-43.20355242522501,-0.4830764630731248,1013.25,0.0,349.99948177481934,-1.0296425187793745,-0.45313741453676437,-8.850273978805133,12,1.0,0.0,0.0,0.0,2,0.8921482317016978
10:40:10.627,199800,9990,-19.668045642720237,-43.20354642293088,1.5869932241277018,1013.25,0.0,349.99948177481934,-0.1529926974901108,0.5684492773208829,-8.591222390632499,12,1.0,0.0,0.0,0.0,2,0.86113671104928
10:40:10.836,199900,9995,-19.66804055858431,-43.2035451666624,0.6608826206043266,1013.25,0.0,349.99948177481934,-1.2972695980538045,-0.35760100525476046,-9.41942591788163,12,1.0,0.0,0.0,0.0,2,0.9515060247389613
10:40:11.045,200000,10000,-19.66803509555819,-43.203534754737206,-0.03552479183759605,1013.25,0.0,349.99948177481934,0.11848851122238968,1.1580079347843744,-9.438865464749416,12,1.0,0.0,0.0,0.0,2,0.9510373450393758
10:40:11.252,200100,10005,-19.66803755513397,-43.20353509238382,-0.4973043054748585,1013.25,0.0,349.99948177481934,-0.8107979341039288,0.2988350006654603,-8.757918319004382,12,1.0,0.0,0.0,0.0,2,0.8800444814321744
10:40:11.460,200200,10010,-19.66803375029111,-43.20353111666076,0.2872145182896704,1013.25,0.0,349.99948177481934,-0.919628160068143,-0.7074587590405156,-9.142021661849618,12,1.0,0.0,0.0,0.0,2,0.9215355333043926
10:40:11.674,200300,10015,-19.66802634544852,-43.20352948667718,-1.2959727324996808,1013.25,0.0,349.99948177481934,-1.1232398084914124,-1.146236212610979,-9.446061681561924,12,1.0,0.0,0.0,0.0,2,0.9581419853777051
10:40:11.885,200400,10020,-19.66802169577578,-43.203520528365004,0.2438970814734378,1013.25,0.0,349.99948177481934,-0.35417716531006116,-0.20148445831194373,-9.032314050305434,12,1.0,0.0,0.0,0.0,2,0.9041500680457493
10:40:12.093,200500,10025,-19.668011908126804,-43.20351761504655,-1.7046582042897689,1013.25,0.0,349.99948177481934,-1.2402377944493148,-0.24532868526353058,-9.62254846667057,12,1.0,0.0,0.0,0.0,2,0.9705246773988686
10:40:12.300,200600,10030,-19.668014780959904,-43.203514877625935,-0.687251563764959,1013.25,0.0,349.99948177481934,0.07159986873581725,0.6945209209681051,-8.328537604759184,12,1.0,0.0,0.0,0.0,2,0.8357752358424675
10:40:12.509,200700,10035,-19.668010025654365,-43.203508801656795,0.6105709812781521,1013.25,0.0,349.99948177481934,1.395056923546326,0.46182120990154285,-9.654007695502255,12,1.0,0.0,0.0,0.0,2,0.9765210045598929
10:40:12.719,200800,10040,-19.66800821094936,-43.20350310081872,-0.9191511253181535,1013.25,0.0,349.99948177481934,0.23633346922776455,0.28378069452413257,-8.32603631839767,12,1.0,0.0,0.0,0.0,2,0.8334222565214997
10:40:12.925,200900,10045,-19.668004768912315,-43.20349908952081,0.10879258622526189,1013.25,0.0,349.99948177481934,0.610570682310307,1.492858674183223,-9.294292897747782,12,1.0,0.0,0.0,0.0,2,0.9433202216019003
10:40:13.134,201000,10050,-19.66799330782563,-43.203499346455224,-0.06819827170177328,1013.25,0.0,349.99948177481934,-0.6867324300185672,-1.1201474696531675,-9.553748640545818,12,1.0,0.0,0.0,0.0,2,0.9643673826449165
10:40:13.341,201100,10055,-19.66799525760073,-43.20349156299708,-0.3393619937355581,1013.25,0.0,349.99948177481934,0.5414313940888817,1.3118560906150214,-9.604470159941703,12,1.0,0.0,0.0,0.0,2,0.9708756944645354
10:40:13.549,201200,10060,-19.66798952135884,-43.20349050137754,-1.5880003782161567,1013.25,0.0,349.99948177481934,-1.0964431631395404,0.6878297780352445,-9.71600506815291,12,1.0,0.0,0.0,0.0,2,0.9801839209960573
10:40:13.758,201300,10065,-19.667987827299857,-43.20348046729214,0.8629164081394887,1013.25,0.0,349.99948177481934,0.6609791968693459,0.11282956400666322,-8.914328845739062,12,1.0,0.0,0.0,0.0,2,0.8939512446391218
10:40:13.967,201400,10070,-19.66797632847397,-43.20347471489778,-1.084969477482216,1013.25,0.0,349.99948177481934,-0.553784714658219,0.6060392187067105,-8.573653071022367,12,1.0,0.0,0.0,0.0,2,0.8612867584437311
10:40:14.175,201500,10075,-19.667972182239428,-43.203475329490615,-1.3932150809032064,1013.25,0.0,349.99948177481934,1.1104389364305844,-0.17264484514379075,-8.493101784963896,12,1.0,0.0,0.0,0.0,2,0.856712663638473
10:40:14.384,201600,10080,-19.667974247638227,-43.20347497546109,1.1290345596027507,1013.25,0.0,349.99948177481934,-1.429094608014259,0.08033925600451486,-8.589343603238701,12,1.0,0.0,0.0,0.0,2,0.8707789003484662
10:40:14.592,201700,10085,-19.667966392324747,-43.20346589298476,-1.4730753721790126,1013.25,0.0,349.99948177481934,-0.19641292966898982,-0.8851053413199375,-8.669371798057549,12,1.0,0.0,0.0,0.0,2,0.8716650553803899
10:40:14.800,201800,10090,-19.667957646883835,-43.20346577972994,-0.20926448176875478,1013.25,0.0,349.99948177481934,-1.4537483288810356,-0.8767981688578395,-8.3859875955985,12,1.0,0.0,0.0,0.0,2,0.8556105842389329
10:40:15.008,201900,10095,-19.667962361836377,-43.2034593053338,1.012959828358055,1013.25,0.0,349.99948177481934,-1.4588588637435942,-0.6603434748071405,-9.628834457840249,12,1.0,0.0,0.0,0.0,2,0.9761084760698235
10:40:15.216,202000,10100,-19.66795376765612,-43.20345542864895,0.1551082118868603,1013.25,0.0,349.99948177481934,-0.4649425244677112,0.2024244728912319,-9.313698633705549,12,1.0,0.0,0.0,0.0,2,0.9327493203308825
10:40:15.423,202100,10105,-19.667953959885576,-43.20344763472644,1.8467421137206093,1013.25,0.0,349.99948177481934,-1.4797309842106148,0.39061280133789467,-8.08871845852161,12,1.0,0.0,0.0,0.0,2,0.8232226214544287
10:40:15.632,202200,10110,-19.667946591670052,-43.20344297138282,0.864365750334624,1013.25,0.0,349.99948177481934,-1.0416408959303673,-0.7447737159633411,-9.749635236692175,12,1.0,0.0,0.0,0.0,2,0.9833366203524312
10:40:15.840,202300,10115,-19.667938149337523,-43.20343710442443,1.3487496418955947,1013.25,0.0,349.99948177481934,1.3962822877090075,-0.11668508334238203,-8.58780642862757,12,1.0,0.0,0.0,0.0,2,0.8701358450909924
10:40:16.049,202400,10120,-19.667939100601718,-43.20343854527186,1.8262351229010392,1013.25,0.0,349.99948177481934,0.5234172844312712,0.9237732649958588,-8.489232166933832,12,1.0,0.0,0.0,0.0,2,0.855537173259389
10:40:16.257,202500,10125,-19.66793597935483,-43.20343449833462,0.7764906707665613,1013.25,0.0,349.99948177481934,0.5314478515866625,1.0615315144533968,-8.389680371319256,12,1.0,0.0,0.0,0.0,2,0.8473253372113536
10:40:16.464,202600,10130,-19.667927714536635,-43.20342905055119,-0.005359288789086314,1013.25,0.0,349.99948177481934,0.7662060271755502,0.5824364595596121,-8.261434312405147,12,1.0,0.0,0.0,0.0,2,0.831730730487275
10:40:16.672,202700,10135,-19.667920998819923,-43.2034242823601,1.702795748547342,1013.25,0.0,349.99948177481934,-0.479171496450314,0.04329411078660916,-8.794292710347408,12,1.0,0.0,0.0,0.0,2,0.8807443668755923
10:40:16.881,202800,10140,-19.667916747549725,-43.20342217334438,-1.0445096428298264,1013.25,0.0,349.99948177481934,-1.1101351343619492,-0.43657079272437205,-9.168162884608446,12,1.0,0.0,0.0,0.0,2,0.9245442377318496
10:40:17.089,202900,10145,-19.667917587941638,-43.20341850148032,-0.4421082872570725,1013.25,0.0,349.99948177481934,1.1310104127396436,0.1685908561147622,-9.875780365839939,12,1.0,0.0,0.0,0.0,2,0.9941762683991237
10:40:17.296,203000,10150,-19.667913870464794,-43.203410842085646,1.2691022564949872,1013.25,0.0,349.99948177481934,0.044596410025943056,1.4339787257353729,-8.36230270220393,12,1.0,0.0,0.0,0.0,2,0.8484479377600961
10:40:17.504,203100,10155,-19.667912988162975,-43.203408737233865,-1.2600025967449375,1013.25,0.0,349.99948177481934,-0.11104571369223137,-0.1990640916823332,-9.231932606371494,12,1.0,0.0,0.0,0.0,2,0.9234746196388501
10:40:17.712,203200,10160,-19.667901144185592,-43.203402928245666,0.044569411880234,1013.25,0.0,349.99948177481934,1.0761847135769478,-0.784744238811777,-9.371030467371694,12,1.0,0.0,0.0,0.0,2,0.9465210461394588
10:40:17.921,203300,10165,-19.66789906241175,-43.203396443433284,-0.21846388329827793,1013.25,0.0,349.99948177481934,0.30250384184269463,0.39928734182350123,-9.223371972352464,12,1.0,0.0,0.0,0.0,2,0.9236965383503775
10:40:18.129,203400,10170,-19.667895123158395,-43.203399284407226,-1.830144714013067,1013.25,0.0,349.99948177481934,-1.25590375853345,-1.226816513223771,-8.193657062896147,12,1.0,0.0,0.0,0.0,2,0.8379641345079447
10:40:18.337,203500,10175,-19.6678937421053,-43.20339109526622,0.8285113558918655,1013.25,0.0,349.99948177481934,0.8334763082666741,0.20977781107213556,-8.282677177454428,12,1.0,0.0,0.0,0.0,2,0.8327150215553009
10:40:18.547,203600,10180,-19.667887616294056,-43.203383937253,-0.36588152369127247,1013.25,0.0,349.99948177481934,-1.05718744835566,-1.178033011845152,-8.916658788605762,12,1.0,0.0,0.0,0.0,2,0.9056059354397921
10:40:18.759,203700,10185,-19.6678785431957,-43.20338485308778,-0.6049410099465815,1013.25,0.0,349.99948177481934,-0.7113011720857101,-1.006106543022204,-8.90661948599687,12,1.0,0.0,0.0,0.0,2,0.8991444288970586
10:40:18.968,203800,10190,-19.667881396413293,-43.203381918654095,-1.70234378055286,1013.25,0.0,349.99948177481934,-0.03324988862605682,0.02377415377827541,-9.397793728407596,12,1.0,0.0,0.0,0.0,2,0.9397882619355205
10:40:19.175,203900,10195,-19.667879250957906,-43.20337606660917,0.3899239436118904,1013.25,0.0,349.99948177481934,-1.2584795239113247,1.0955902354939528,-9.786878210926263,12,1.0,0.0,0.0,0.0,2,0.992809517438854
10:40:19.384,204000,10200,-19.667872999565073,-43.20336701227661,0.030952386455897152,1013.25,0.0,349.99948177481934,-0.7543814649283107,0.6405519281942968,-9.260312025154557,12,1.0,0.0,0.0,0.0,2,0.931304337853974
10:40:19.593,204100,10205,-19.667865376924134,-43.20336769101901,0.7342557649547841,1013.25,0.0,349.99948177481934,-1.1871368642704745,0.7919929776180452,-8.42150368422287,12,1.0,0.0,0.0,0.0,2,0.8541561397922841
10:40:19.801,204200,10210,-19.66786716091908,-43.20336683083776,1.754681946126167,1013.25,0.0,349.99948177481934,-0.6429515511241133,1.0360598891173152,-8.566639527401263,12,1.0,0.0,0.0,0.0,2,0.8652983276498599
10:40:20.011,204300,10215,-19.667857417017096,-43.203354221715486,-1.8933105410442814,1013.25,0.0,349.99948177481934,0.47640318479390276,0.33944704006947113,-8.351474871757329,12,1.0,0.0,0.0,0.0,2,0.8371936264753082
10:40:20.219,204400,10220,-19.66785397913593,-43.2033569991782,-0.15610740127293488,1013.25,0.0,349.99948177481934,0.7375113833022797,-1.4045092150050245,-8.952659972790364,12,1.0,0.0,0.0,0.0,2,0.9092122401504352
10:40:20.427,204500,10225,-19.667852881538966,-43.20335251022334,-1.094452933497334,1013.25,0.0,349.99948177481934,0.6062832151251953,-1.08026172024467,-9.558180443521222,12,1.0,0.0,0.0,0.0,2,0.9638120050719439
10:40:20.639,204600,10230,-19.667847664607443,-43.20334420784315,1.1392437167425196,1013.25,0.0,349.99948177481934,1.4551792955309244,-0.47449279441319003,-9.634844374712168,12,1.0,0.0,0.0,0.0,2,0.9755660732057806
10:40:20.847,204700,10235,-19.667842385522476,-43.20334278945746,-0.14589337816816128,1013.25,0.0,349.99948177481934,1.3845549107864228,0.20455806852629888,-8.493321857629773,12,1.0,0.0,0.0,0.0,2,0.8607865733250821
10:40:21.054,204800,10240,-19.667834324700443,-43.20333465094268,1.9529143533028233,1013.25,0.0,349.99948177481934,1.3704213959428246,-0.602213060191849,-9.541899360629419,12,1.0,0.0,0.0,0.0,2,0.9658600249554985
10:40:21.261,204900,10245,-19.667837580834686,-43.2033357445117,-1.6087776366005513,1013.25,0.0,349.99948177481934,0.8104463895347491,0.5297996802784168,-9.344122065392257,12,1.0,0.0,0.0,0.0,2,0.9394153938726121
10:40:21.468,205000,10250,-19.667827798703694,-43.2033243725943,-0.10073401967788387,1013.25,0.0,349.99948177481934,-1.2247287451517521,-1.0163496153456437,-9.245513329143854,12,1.0,0.0,0.0,0.0,2,0.9381494750794828
10:40:21.675,205100,10255,-19.667821150211644,-43.20332108312857,-0.983731867564178,1013.25,0.0,349.99948177481934,-0.8581622948646108,-0.11318030583352234,-9.51966974140149,12,1.0,0.0,0.0,0.0,2,0.9558941588445395
10:40:21.884,205200,10260,-19.667825366437366,-43.20332047702359,0.832002117130231,1013.25,0.0,349.99948177481934,-0.18367699977654794,-0.8055644410518182,-9.64397651590162,12,1.0,0.0,0.0,0.0,2,0.9679305468275914
10:40:22.094,205300,10265,-19.667821309491956,-43.20331759858406,-0.006614665527619579,1013.25,0.0,349.99948177481934,0.08959767454318635,-0.8865233128109593,-9.00234150608971,12,1.0,0.0,0.0,0.0,2,0.9046330964524039
10:40:22.303,205400,10270,-19.66781270377718,-43.20331702409457,-0.2763011459640268,1013.25,0.0,349.99948177481934,-0.27182665715715215,0.03105276966213344,-9.778898718196587,12,1.0,0.0,0.0,0.0,2,0.9782725292411709
10:40:22.510,205500,10275,-19.667806381469642,-43.203304073909386,1.2599396687253308,1013.25,0.0,349.99948177481934,-0.33632560061728034,0.9143794374512444,-9.85823616246773,12,1.0,0.0,0.0,0.0,2,0.9906261903475534
10:40:22.720,205600,10280,-19.66780854119061,-43.20330127814256,1.389365641606195,1013.25,0.0,349.99948177481934,0.25469687111171946,-1.4531511687546455,-9.260211766620667,12,1.0,0.0,0.0,0.0,2,0.9376995295832613
10:40:22.928,205700,10285,-19.6678033734117,-43.2033011452219,-0.22380168753166574,1013.25,0.0,349.99948177481934,0.2798470975267535,0.3189213947393652,-9.141918019636194,12,1.0,0.0,0.0,0.0,2,0.9151758865473106
10:40:23.135,205800,10290,-19.667795455024326,-43.20329129616315,1.8201428907812942,1013.25,0.0,349.99948177481934,-1.1934934744336902,-1.4300483784128022,-8.682818112864854,12,1.0,0.0,0.0,0.0,2,0.8880360095131892
10:40:23.344,205900,10295,-19.667794274174454,-43.20329133911788,1.3070989091716263,1013.25,0.0,349.99948177481934,-1.078020156374591,-1.2095188405242001,-8.143657996175303,12,1.0,0.0,0.0,0.0,2,0.8303266155062288
10:40:23.552,206000,10300,-19.667789793718168,-43.203283219465746,-0.6314343183347666,1013.25,0.0,349.99948177481934,1.0928499750736087,-0.4168128962491848,-8.610836047903053,12,1.0,0.0,0.0,0.0,2,0.8689910903016479
10:40:23.760,206100,10305,-19.667780363151834,-43.20328646382082,-1.3887329438524842,1013.25,0.0,349.99948177481934,0.8948324142958843,0.19907439390055437,-8.876472370412575,12,1.0,0.0,0.0,0.0,2,0.892368295081573
10:40:23.979,206200,10310,-19.6677774263379,-43.203280494152736,-1.266025643014689,1013.25,0.0,349.99948177481934,-0.8316507405598744,-1.1151489984774043,-9.28702598943964,12,1.0,0.0,0.0,0.0,2,0.9390636398647658
10:40:24.188,206300,10315,-19.667772448734897,-43.20327706189295,-0.8410511386364217,1013.25,0.0,349.99948177481934,-0.564696776703929,-0.4957453898095783,-8.51209650054288,12,1.0,0.0,0.0,0.0,2,0.8545199399410853
10:40:24.396,206400,10320,-19.667773871374376,-43.20327554289238,-0.07432892213851705,1013.25,0.0,349.99948177481934,1.038181371999487,-0.7716102220344965,-9.017542264425847,12,1.0,0.0,0.0,0.0,2,0.9109844750961529
10:40:24.605,206500,10325,-19.667771209557888,-43.203267001415405,1.3753089174108708,1013.25,0.0,349.99948177481934,-0.3924915494265637,-0.6382768673413474,-9.366336152245118,12,1.0,0.0,0.0,0.0,2,0.9396259888519913
10:40:24.825,206600,10330,-19.66775800071422,-43.20326194047314,-1.363843394637942,1013.25,0.0,349.99948177481934,-1.0791294807955132,0.729850003567976,-8.671608173197171,12,1.0,0.0,0.0,0.0,2,0.8768921813626243
10:40:25.036,206700,10335,-19.66775486180523,-43.20325433865939,-0.2300079973862128,1013.25,0.0,349.99948177481934,-0.7284724826495238,0.7124432908732032,-8.810344071775761,12,1.0,0.0,0.0,0.0,2,0.8869070428391134
10:40:25.247,206800,10340,-19.66775528309816,-43.20325270917622,0.6706323837098571,1013.25,0.0,349.99948177481934,0.9822338361657774,1.434630047799624,-9.427960685041121,12,1.0,0.0,0.0,0.0,2,0.9586938476992514
10:40:25.454,206900,10345,-19.667747875365922,-43.20324464571865,1.9067119751896784,1013.25,0.0,349.99948177481934,0.9685957266854994,-1.3833499720778595,-9.65195567322792,12,1.0,0.0,0.0,0.0,2,0.9798575567140251
10:40:25.665,207000,10350,-19.667741622004435,-43.203244458437275,1.9318158504240692,1013.25,0.0,349.99948177481934,0.7999794808081884,-0.22844612990254665,-9.068467065462514,12,1.0,0.0,0.0,0.0,2,0.91065498253378
10:40:25.872,207100,10355,-19.667739909095413,-43.2032445847202,-1.7279232837487348,1013.25,0.0,349.99948177481934,-0.7780949789089147,-0.7626259076321392,-8.964737639002934,12,1.0,0.0,0.0,0.0,2,0.9030700471577546
10:40:26.080,207200,10360,-19.667741076762837,-43.20323477016089,1.4614032382126774,1013.25,0.0,349.99948177481934,-0.8323142754815688,-0.46385135576401204,-9.128861272383027,12,1.0,0.0,0.0,0.0,2,0.9178453751249672
10:40:26.289,207300,10365,-19.6677280673161,-43.20323251216861,0.39534987115314113,1013.25,0.0,349.99948177481934,0.0741638309504955,-0.7996471762730579,-9.740793165805808,12,1.0,0.0,0.0,0.0,2,0.9773841996848112
10:40:26.500,207400,10370,-19.66773094963062,-43.20322871881106,-0.9181846119247923,1013.25,0.0,349.99948177481934,0.908972849115119,0.9896565133654391,-9.566856687158928,12,1.0,0.0,0.0,0.0,2,0.9660765938967396
10:40:26.707,207500,10375,-19.66772180098808,-43.203221853440105,-1.8196206965047774,1013.25,0.0,349.99948177481934,-0.9134420859756461,-1.0564392670700622,-9.14350494811642,12,1.0,0.0,0.0,0.0,2,0.9249547183817622
10:40:26.913,207600,10380,-19.667718896792405,-43.2032241885327,1.4233250868899812,1013.25,0.0,349.99948177481934,-0.3748780222209822,0.9628738843473146,-8.48646481073259,12,1.0,0.0,0.0,0.0,2,0.8549137069465254
10:40:27.121,207700,10385,-19.66771970409582,-43.20321693809342,-0.3575777758184815,1013.25,0.0,349.99948177481934,0.6643930553246173,-1.031539291319048,-8.7085411060343,12,1.0,0.0,0.0,0.0,2,0.8794553976011955
10:40:27.328,207800,10390,-19.66770914508593,-43.20321696270066,1.5323389526851194,1013.25,0.0,349.99948177481934,-0.9106592935306866,-0.9917510784869045,-8.413416442232137,12,1.0,0.0,0.0,0.0,2,0.852047221584554
10:40:27.546,207900,10395,-19.667704844698665,-43.2032113176415,0.21642866357994217,1013.25,0.0,349.99948177481934,-1.236124083881672,0.3185285870699395,-9.597935236226792,12,1.0,0.0,0.0,0.0,2,0.9682449277447156
10:40:27.753,208000,10400,-19.667700694500745,-43.20320559800063,0.7874769243232373,1013.25,0.0,349.99948177481934,1.358152503434713,-0.6587536941522835,-9.587272326589375,12,1.0,0.0,0.0,0.0,2,0.9705376103806164
10:40:27.971,208100,10405,-19.667701126326456,-43.20320009443939,-1.8071702795566935,1013.25,0.0,349.99948177481934,-0.30129247486722166,1.177407742041706,-8.280408536093933,12,1.0,0.0,0.0,0.0,2,0.8369123709866442
10:40:28.180,208200,10410,-19.667693439374975,-43.203197982514006,-0.26160924118213025,1013.25,0.0,349.99948177481934,0.11592065630041071,-0.34188019093853983,-9.664742737588702,12,1.0,0.0,0.0,0.0,2,0.9671482401746222
10:40:28.388,208300,10415,-19.667689579011107,-43.20319073824285,-1.6059947788330864,1013.25,0.0,349.99948177481934,-1.3403944437382862,0.8353340438129901,-9.370676661214526,12,1.0,0.0,0.0,0.0,2,0.9502842801950795
10:40:28.596,208400,10420,-19.667691491564696,-43.20318374581682,0.5586527936880263,1013.25,0.0,349.99948177481934,-0.7916783816825033,1.3416211252998171,-9.411368732779886,12,1.0,0.0,0.0,0.0,2,0.9539421540545373
10:40:28.811,208500,10425,-19.667687234175627,-43.20318330982401,0.7346764216607768,1013.25,0.0,349.99948177481934,-1.3443471438888417,0.615407605749275,-9.088999436691491,12,1.0,0.0,0.0,0.0,2,0.9208469282387514
10:40:29.018,208600,10430,-19.667679665382416,-43.203178417955634,-0.8265270392486763,1013.25,0.0,349.99948177481934,1.073666835163071,-0.784235872711684,-9.610989834593857,12,1.0,0.0,0.0,0.0,2,0.970252090838476
10:40:29.230,208700,10435,-19.66767882188577,-43.20317567990879,-1.1058457730710263,1013.25,0.0,349.99948177481934,-0.31339381010178924,-1.4625212631171558,-9.712354699995029,12,1.0,0.0,0.0,0.0,2,0.9826851883680523
10:40:29.438,208800,10440,-19.66766521037706,-43.20316589503127,0.5494387741662212,1013.25,0.0,349.99948177481934,-1.383314445832073,-0.013907446249246336,-9.574472975095963,12,1.0,0.0,0.0,0.0,2,0.9673897095997653
10:40:29.654,208900,10445,-19.667663991282144,-43.20316444554145,0.8166634886112276,1013.25,0.0,349.99948177481934,1.0036908881192077,-0.33402932333869106,-8.505991325673545,12,1.0,0.0,0.0,0.0,2,0.8571514418128059
10:40:29.863,209000,10450,-19.66766039388078,-43.203161178621414,-0.44715480404603936,1013.25,0.0,349.99948177481934,0.8834871582487298,0.16936645157301777,-8.011203567574489,12,1.0,0.0,0.0,0.0,2,0.806155178329998
10:40:30.070,209100,10455,-19.66765350960531,-43.20315593335841,-0.4288836260047373,1013.25,0.0,349.99948177481934,0.9337724128221332,0.7083081899220094,-9.50866287604451,12,1.0,0.0,0.0,0.0,2,0.9580621122929627
10:40:30.277,209200,10460,-19.66765423856557,-43.20315524330528,1.6089093717037226,1013.25,0.0,349.99948177481934,-0.949603700437587,-0.16770787345913574,-8.629644554431206,12,1.0,0.0,0.0,0.0,2,0.868335409012722
10:40:30.487,209300,10465,-19.6676471585015,-43.203148030308974,0.13869627902317827,1013.25,0.0,349.99948177481934,1.2160361512383329,1.3081271448381129,-8.478994482649018,12,1.0,0.0,0.0,0.0,2,0.8665061337634796
10:40:30.694,209400,10470,-19.667648675314435,-43.20314447284884,-0.9395707639076036,1013.25,0.0,349.99948177481934,0.7086024053068729,-1.3140701802692782,-8.715077406166834,12,1.0,0.0,0.0,0.0,2,0.8842028726653135
10:40:30.902,209500,10475,-19.667641082452867,-43.203136216108156,-1.614970566111614,1013.25,0.0,349.99948177481934,1.3888666288131724,-1.3987609033816957,-9.96749522199661,12,1.0,0.0,0.0,0.0,2,1.0160533626635233
10:40:31.114,209600,10480,-19.667636684032047,-43.20313203419569,-1.7391690778933726,1013.25,0.0,349.99948177481934,0.6678094715872227,0.8708363223320186,-9.938138895693887,12,1.0,0.0,0.0,0.0,2,0.9998546399389169
10:40:31.321,209700,10485,-19.667631067045733,-43.203135719782544,1.7070975707117966,1013.25,0.0,349.99948177481934,1.1398878706839577,-0.3209450943273249,-9.065709318536136,12,1.0,0.0,0.0,0.0,2,0.9142725827645611
10:40:31.539,209800,10490,-19.66762816831417,-43.20312573544148,-0.8455106739001406,1013.25,0.0,349.99948177481934,-1.2495651851585836,0.9367262984727023,-9.037324236591346,12,1.0,0.0,0.0,0.0,2,0.9171264834661145
10:40:31.746,209900,10495,-19.667625917638368,-43.20312688503551,-1.6164790465504266,1013.25,0.0,349.99948177481934,1.3024130081878296,0.35594224702349764,-8.491142287318837,12,1.0,0.0,0.0,0.0,2,0.8597817855165761
10:40:31.956,210000,10500,-19.6676153667923,-43.20311935485487,1.4720308857077988,1013.25,0.0,349.99948177481934,1.4960230990081818,0.8677529604842937,-8.97572026766838,12,1.0,0.0,0.0,0.0,2,0.9140822426709111
10:40:32.166,210100,10505,-19.667616319073026,-43.203111319354626,0.7354671733596168,1013.25,0.0,349.99948177481934,0.6207380457011036,-0.6231098723726237,-8.658343421050867,12,1.0,0.0,0.0,0.0,2,0.8702901380073422
10:40:32.375,210200,10510,-19.667608290314,-43.203108182387766,1.4732984812524625,1013.25,0.0,349.99948177481934,1.1912494862852734,0.6830078504475754,-8.567111472055899,12,1.0,0.0,0.0,0.0,2,0.8676460916582276
10:40:32.583,210300,10515,-19.66760617766057,-43.203107551213535,-1.0874631576485942,1013.25,0.0,349.99948177481934,-0.3716469350910727,-0.17977474283226336,-8.019556719934823,12,1.0,0.0,0.0,0.0,2,0.8030176236345924
10:40:32.796,210400,10520,-19.66760122422407,-43.20310324993889,0.8551356238243759,1013.25,0.0,349.99948177481934,1.0239869811796996,0.04789790151343842,-9.913580460586413,12,1.0,0.0,0.0,0.0,2,0.9966439740203903
10:40:33.010,210500,10525,-19.667595733179812,-43.203098407103006,1.0836784137141908,1013.25,0.0,349.99948177481934,0.1957999867478275,1.1047778594854378,-8.02686358806433,12,1.0,0.0,0.0,0.0,2,0.8104900419808541
10:40:33.218,210600,10530,-19.667592877860113,-43.203092058727336,1.3102277124537562,1013.25,0.0,349.99948177481934,-0.8707888124500586,-0.5027755658285581,-9.995298283224177,12,1.0,0.0,0.0,0.0,2,1.0045747567807315
10:40:33.425,210700,10535,-19.667590207300723,-43.20308988756107,0.522329183425498,1013.25,0.0,349.99948177481934,-1.2930974855312711,-0.12106641710392552,-8.011665247572536,12,1.0,0.0,0.0,0.0,2,0.8116251488439672
10:40:33.639,210800,10540,-19.66758311832456,-43.20309051194422,0.7333372405683667,1013.25,0.0,349.99948177481934,1.2299459766646317,-0.062337408020032736,-9.030819356829124,12,1.0,0.0,0.0,0.0,2,0.9114403508383409
10:40:33.850,210900,10545,-19.66758300527427,-43.203080065207146,0.8779162493385413,1013.25,0.0,349.99948177481934,-0.5222231341760419,-1.4452495970470394,-9.826432010425071,12,1.0,0.0,0.0,0.0,2,0.9945864942534652
10:40:34.058,211000,10550,-19.667579007443315,-43.20308049735615,-0.2532661952689481,1013.25,0.0,349.99948177481934,-0.3616413418520452,-0.416793505293684,-9.235862446736135,12,1.0,0.0,0.0,0.0,2,0.9252332485445081
10:40:34.265,211100,10555,-19.66756892376752,-43.20307201098558,0.9472720485240851,1013.25,0.0,349.99948177481934,-0.4458953760430395,-0.7481233444259558,-9.055717891363635,12,1.0,0.0,0.0,0.0,2,0.9097501731399401
10:40:34.472,211200,10560,-19.667564690392418,-43.203067981842345,0.8546224104028477,1013.25,0.0,349.99948177481934,-0.8216696333335017,-1.0508611793379141,-8.442779155651428,12,1.0,0.0,0.0,0.0,2,0.8547512508074153
10:40:34.682,211300,10565,-19.66756810276907,-43.203063796216874,1.9255800701512897,1013.25,0.0,349.99948177481934,-0.27106241425122946,1.2077958871660996,-8.747605075119566,12,1.0,0.0,0.0,0.0,2,0.8834751852074434
10:40:34.889,211400,10570,-19.667564953809826,-43.20305757558395,-0.6981748543880975,1013.25,0.0,349.99948177481934,-1.1598853894609755,-0.5408678441064495,-9.32837546271121,12,1.0,0.0,0.0,0.0,2,0.9415755992738234
10:40:35.097,211500,10575,-19.667561611752177,-43.203056487659886,0.364872944227562,1013.25,0.0,349.99948177481934,-0.2898085039209135,1.2511465545587042,-9.480528648698055,12,1.0,0.0,0.0,0.0,2,0.9567119740481644
10:40:35.306,211600,10580,-19.66755693697157,-43.203052528015306,-0.08759812377437237,1013.25,0.0,349.99948177481934,0.4654589420635933,1.1452468780062497,-9.69456679172927,12,1.0,0.0,0.0,0.0,2,0.9773068490378546
10:40:35.515,211700,10585,-19.66754389325669,-43.20304759930969,-0.8522413958056236,1013.25,0.0,349.99948177481934,0.504146412964233,-0.4686418869741704,-9.820252201006454,12,1.0,0.0,0.0,0.0,2,0.9844345692594483
10:40:35.731,211800,10590,-19.667540361307836,-43.203042558815525,1.8424886023909726,1013.25,0.0,349.99948177481934,-0.6701498357218537,0.9868772524249181,-9.042779830444152,12,1.0,0.0,0.0,0.0,2,0.912112353690922
10:40:35.940,211900,10595,-19.667534847448152,-43.20304144512656,1.1094837877507073,1013.25,0.0,349.99948177481934,-0.6941850833472009,-1.2369601168927549,-8.73907754225602,12,1.0,0.0,0.0,0.0,2,0.8853442243008569
10:40:36.148,212000,10600,-19.667536154960292,-43.20303593733675,-0.11284379959728152,1013.25,0.0,349.99948177481934,-1.1715851806141728,0.49415581620288496,-8.895949920998124,12,1.0,0.0,0.0,0.0,2,0.8986363380312885
10:40:36.355,212100,10605,-19.66753016257774,-43.2030339006264,-0.21397537878086714,1013.25,0.0,349.99948177481934,-0.35210421779951506,1.4722265292182666,-8.552060481797925,12,1.0,0.0,0.0,0.0,2,0.8684996650422845
10:40:36.564,212200,10610,-19.66752403076431,-43.20302541015995,1.700199015297141,1013.25,0.0,349.99948177481934,0.6809293563777636,-0.9160039359234232,-8.812354862951008,12,1.0,0.0,0.0,0.0,2,0.8885962313085765
10:40:36.773,212300,10615,-19.667526244631116,-43.203027226027714,1.403399050380921,1013.25,0.0,349.99948177481934,-0.7409563864839434,-0.5025401589333224,-9.968569074446172,12,1.0,0.0,0.0,0.0,2,1.0008692840227276
10:40:36.984,212400,10620,-19.667518120646683,-43.20301588144532,1.2200629942943952,1013.25,0.0,349.99948177481934,0.9092429398723887,1.0385548527091846,-8.274851506256812,12,1.0,0.0,0.0,0.0,2,0.8389188659005961
10:40:37.193,212500,10625,-19.667513926396417,-43.203019210339825,1.700527111277402,1013.25,0.0,349.99948177481934,-0.9434428362803615,1.1982399554738299,-9.858700898065655,12,1.0,0.0,0.0,0.0,2,0.9975963450902534
10:40:37.409,212600,10630,-19.667507054165444,-43.20301061427836,-1.255145555632288,1013.25,0.0,349.99948177481934,0.8726279743781298,-0.77131866418901,-9.760519973250108,12,1.0,0.0,0.0,0.0,2,0.9829759010861248
10:40:37.616,212700,10635,-19.66750671861814,-43.20300281033445,1.9390765384359017,1013.25,0.0,349.99948177481934,1.3774608828389234,-1.1594127119986186,-9.664005876676546,12,1.0,0.0,0.0,0.0,2,0.9830292259385486
10:40:37.825,212800,10640,-19.66749822891633,-43.2029997441761,0.10091558704731796,1013.25,0.0,349.99948177481934,-0.523694845543448,-1.4681273922423976,-9.493954358534026,12,1.0,0.0,0.0,0.0,2,0.962106146394609
10:40:38.032,212900,10645,-19.667500724094836,-43.2029963545912,-1.7667727407207074,1013.25,0.0,349.99948177481934,1.224301008428446,1.0432137183456334,-9.110723578122784,12,1.0,0.0,0.0,0.0,2,0.9251621043814207
10:40:38.240,213000,10650,-19.667489833573512,-43.202990112806624,0.33146563757699266,1013.25,0.0,349.99948177481934,-1.2884692723851354,0.11390727403512635,-8.03818949372184,12,1.0,0.0,0.0,0.0,2,0.814159801697056
10:40:38.448,213100,10655,-19.667486261928328,-43.202994517093195,1.049451643176786,1013.25,0.0,349.99948177481934,-1.4810535918169156,0.41213751012634026,-8.601791115797639,12,1.0,0.0,0.0,0.0,2,0.8738088318900314
10:40:38.655,213200,10660,-19.667488645872506,-43.20298396283719,0.07247399453882242,1013.25,0.0,349.99948177481934,-1.4252666672511178,1.209023692846432,-8.005514536621575,12,1.0,0.0,0.0,0.0,2,0.8220789886543779
10:40:38.865,213300,10665,-19.667480974952202,-43.202983498498064,1.7413777008394824,1013.25,0.0,349.99948177481934,-1.3327141191659706,-0.9179036690525719,-8.593429740989597,12,1.0,0.0,0.0,0.0,2,0.8744467324108944
10:40:39.073,213400,10670,-19.667480382368794,-43.20297440895928,-0.803230348100306,1013.25,0.0,349.99948177481934,-0.3514982546644383,-1.1046586416237787,-8.058385602294397,12,1.0,0.0,0.0,0.0,2,0.8141338971742416
10:40:39.282,213500,10675,-19.667471828587576,-43.20297194922674,0.7080587908158935,1013.25,0.0,349.99948177481934,1.2465662393130055,1.3770587551428117,-9.263359447413428,12,1.0,0.0,0.0,0.0,2,0.9447753513724524
10:40:39.490,213600,10680,-19.667468064931526,-43.202973044025455,1.3534127780918865,1013.25,0.0,349.99948177481934,-1.316956529195902,-1.4254686801233243,-9.862240321483897,12,1.0,0.0,0.0,0.0,2,1.0051374016347567
10:40:39.699,213700,10685,-19.66746026952373,-43.202963871868995,-0.7004557430441642,1013.25,0.0,349.99948177481934,-0.44522539171035524,0.2957975746217736,-9.980525593525396,12,1.0,0.0,0.0,0.0,2,0.9994829312078883
10:40:39.907,213800,10690,-19.667464185071328,-43.202965336371385,-1.8635706711017503,1013.25,0.0,349.99948177481934,-0.07579106220285592,0.5224548823670228,-8.52862558026158,12,1.0,0.0,0.0,0.0,2,0.8544949249557375
10:40:40.114,213900,10695,-19.667458915263417,-43.2029611437969,0.840200233998079,1013.25,0.0,349.99948177481934,0.5747864630832318,1.2678104730829283,-8.54777976076321,12,1.0,0.0,0.0,0.0,2,0.866038461688138
10:40:40.322,214000,10700,-19.667449211092197,-43.2029550951763,-0.7198675004947379,1013.25,0.0,349.99948177481934,-0.2960826979397375,-0.23438856376252826,-8.256799804577703,12,1.0,0.0,0.0,0.0,2,0.8265430779803092
10:40:40.531,214100,10705,-19.66744420509928,-43.202944749835744,-1.6837456131009825,1013.25,0.0,349.99948177481934,-0.6440718180528517,-0.15833123692432371,-9.353493258767678,12,1.0,0.0,0.0,0.0,2,0.9376978907367143
10:40:40.738,214200,10710,-19.667446406605126,-43.20294027768007,-1.483230672785436,1013.25,0.0,349.99948177481934,0.7656350175227926,1.475623622321156,-9.180827292524942,12,1.0,0.0,0.0,0.0,2,0.9330126035053342
10:40:40.945,214300,10715,-19.667435192542378,-43.20293645655199,1.9902775548733374,1013.25,0.0,349.99948177481934,-1.382714281386814,0.16451191204286864,-8.578423706080432,12,1.0,0.0,0.0,0.0,2,0.8690702861920766
10:40:41.153,214400,10720,-19.667438223547293,-43.20293919967525,-1.1503981156152894,1013.25,0.0,349.99948177481934,1.2473384656255964,-0.546469152320406,-9.057898903074816,12,1.0,0.0,0.0,0.0,2,0.9159695099761289
10:40:41.360,214500,10725,-19.667428467080214,-43.2029348353624,0.8614453697555424,1013.25,0.0,349.99948177481934,-0.3348416922296833,-0.5524915806285001,-8.43583510696262,12,1.0,0.0,0.0,0.0,2,0.8460536617578323
10:40:41.568,214600,10730,-19.667423005184297,-43.20292286452691,-1.2392561319960063,1013.25,0.0,349.99948177481934,-0.6547317435506532,-1.2736842390258842,-9.185593757688391,12,1.0,0.0,0.0,0.0,2,0.9296562691556475
10:40:41.774,214700,10735,-19.667421693994033,-43.202924995040945,-1.7656969295981941,1013.25,0.0,349.99948177481934,1.2162386531864637,-0.049235530344281964,-8.39667852542238,12,1.0,0.0,0.0,0.0,2,0.8484448765726769
10:40:41.981,214800,10740,-19.6674173807844,-43.20292050656153,-1.602626311934407,1013.25,0.0,349.99948177481934,-0.18665890318603395,0.179491563340207,-9.650221029677926,12,1.0,0.0,0.0,0.0,2,0.9653694872383684
10:40:42.189,214900,10745,-19.66741827297775,-43.202916307696135,-0.6464294115411158,1013.25,0.0,349.99948177481934,1.0087432004815264,0.9339775478106271,-9.14283180769799,12,1.0,0.0,0.0,0.0,2,0.9245607084890972
10:40:42.396,215000,10750,-19.66741240413368,-43.202910446752085,-0.4699773617436236,1013.25,0.0,349.99948177481934,-1.0235416770915098,1.4664188898208703,-8.38658183208867,12,1.0,0.0,0.0,0.0,2,0.8575125465641102
10:40:42.608,215100,10755,-19.667409830660908,-43.202902334447366,-1.6654626127142542,1013.25,0.0,349.99948177481934,-1.1259043153242803,-0.5930793313465722,-8.097708987567213,12,1.0,0.0,0.0,0.0,2,0.8197090609958094
10:40:42.816,215200,10760,-19.667406572381367,-43.20290286231728,-0.6186083327356622,1013.25,0.0,349.99948177481934,-0.3121561683397127,-0.980221318766202,-9.868818236647847,12,1.0,0.0,0.0,0.0,2,0.9922290496412076
10:40:43.027,215300,10765,-19.667398739640184,-43.20290102022963,-0.42328584264934666,1013.25,0.0,349.99948177481934,-0.20708228776191562,0.7135033236366897,-8.953008415771833,12,1.0,0.0,0.0,0.0,2,0.8983781484409925
10:40:43.235,215400,10770,-19.66739405680166,-43.20289848404937,1.4614111140548518,1013.25,0.0,349.99948177481934,-0.37199716528282645,-0.9125776881553709,-9.958694486973492,12,1.0,0.0,0.0,0.0,2,1.000733609972073
10:40:43.442,215500,10775,-19.667390337776464,-43.202891870355714,0.1035624153288559,1013.25,0.0,349.99948177481934,-0.3961266640803094,-1.209213934678273,-8.273572183487365,12,1.0,0.0,0.0,0.0,2,0.8370848902542166
10:40:43.653,215600,10780,-19.66738907222374,-43.2028840136418,1.222896758829847,1013.25,0.0,349.99948177481934,0.1271994444962532,-1.0929072832821949,-8.751500879571106,12,1.0,0.0,0.0,0.0,2,0.8820396457850705
10:40:43.861,215700,10785,-19.66738157402423,-43.20287749750928,1.2421767155207926,1013.25,0.0,349.99948177481934,0.2482432035640687,0.7865861209153602,-9.781882301613212,12,1.0,0.0,0.0,0.0,2,0.9816596343761224
10:40:44.070,215800,10790,-19.667377679379573,-43.20287349968993,-1.9978664349456583,1013.25,0.0,349.99948177481934,0.5839533863090263,1.0968821097815713,-9.412179807375324,12,1.0,0.0,0.0,0.0,2,0.949385488863741
10:40:44.277,215900,10795,-19.667373855183403,-43.202877909965196,1.6681418642728092,1013.25,0.0,349.99948177481934,0.7082142984509754,-1.0751265512179895,-9.099052348898434,12,1.0,0.0,0.0,0.0,2,0.9189679985813348
10:40:44.486,216000,10800,-19.667373437271063,-43.2028707048415,0.6684722434775652,1013.25,0.0,349.99948177481934,1.1947942432146719,0.8176489972115966,-8.978680333029725,12,1.0,0.0,0.0,0.0,2,0.9094656875825212
10:40:44.694,216100,10805,-19.667365423060115,-43.202862268589136,-1.2117735660250948,1013.25,0.0,349.99948177481934,0.500097476149501,-0.6440163590499017,-9.043594276690914,12,1.0,0.0,0.0,0.0,2,0.9080278189448365
10:40:44.904,216200,10810,-19.667363634291274,-43.20286300666877,1.8130515387937853,1013.25,0.0,349.99948177481934,-0.18249145727373084,1.497521513951321,-8.43098365589701,12,1.0,0.0,0.0,0.0,2,0.856489108061086
10:40:45.112,216300,10815,-19.667356994472595,-43.20285317011176,-0.7220885930391847,1013.25,0.0,349.99948177481934,1.0263681826999513,0.884503172955184,-8.277945187070713,12,1.0,0.0,0.0,0.0,2,0.8388095971647784
10:40:45.319,216400,10820,-19.66735227679845,-43.2028479558128,0.6586664018474728,1013.25,0.0,349.99948177481934,1.360611061054969,0.9619737736802514,-8.480441371244693,12,1.0,0.0,0.0,0.0,2,0.864260041028349
10:40:45.527,216500,10825,-19.667343828599424,-43.202845051443916,-0.29770289837816266,1013.25,0.0,349.99948177481934,0.7638649506572448,0.46659833360677117,-9.190629504631625,12,1.0,0.0,0.0,0.0,2,0.9234114703596256
10:40:45.735,216600,10830,-19.667347914736975,-43.20284517675313,1.8622943229496651,1013.25,0.0,349.99948177481934,-0.34937534752124266,0.0989190389614305,-9.134806597965689,12,1.0,0.0,0.0,0.0,2,0.9142020547557425
10:40:45.945,216700,10835,-19.66734068819911,-43.20283769194369,-1.9303797493872934,1013.25,0.0,349.99948177481934,-1.428326567635361,-0.21917121586412858,-9.873876902879958,12,1.0,0.0,0.0,0.0,2,0.9979057966506795
10:40:46.152,216800,10840,-19.667335779330166,-43.20283536100022,1.7960648879986416,1013.25,0.0,349.99948177481934,-0.45193639335483593,-1.0339835756109665,-8.120843119102286,12,1.0,0.0,0.0,0.0,2,0.8198869525937266
10:40:46.360,216900,10845,-19.66733408234911,-43.2028345580585,-0.35799855166414707,1013.25,0.0,349.99948177481934,-1.1328953019711865,-1.274230819005667,-9.719647746493125,12,1.0,0.0,0.0,0.0,2,0.9868063045058091
10:40:46.569,217000,10850,-19.66732985014683,-43.202826884800054,-0.9290202199651092,1013.25,0.0,349.99948177481934,-1.1995415493079233,-1.020690827189924,-9.617203219658371,12,1.0,0.0,0.0,0.0,2,0.9745322337482382
10:40:46.778,217100,10855,-19.66732309942896,-43.202823789388994,0.5834957168945376,1013.25,0.0,349.99948177481934,1.0714314915421648,0.03905945285230317,-8.945647774753645,12,1.0,0.0,0.0,0.0,2,0.900966731860174
10:40:46.986,217200,10860,-19.667319934736256,-43.20281781907403,-0.8365019062293411,1013.25,0.0,349.99948177481934,-1.053109911944476,-0.2916546882455706,-8.949265498077162,12,1.0,0.0,0.0,0.0,2,0.9015733797028704
10:40:47.196,217300,10865,-19.66731765830525,-43.202810925417765,-1.0889262451949335,1013.25,0.0,349.99948177481934,-0.9032719604975216,0.15153012028226653,-9.257835406453243,12,1.0,0.0,0.0,0.0,2,0.93030305828237
10:40:47.405,217400,10870,-19.667314173200236,-43.20281385485734,1.0987107256415687,1013.25,0.0,349.99948177481934,0.057686270111576565,1.281028305498074,-8.637280789785219,12,1.0,0.0,0.0,0.0,2,0.8731951710061128
10:40:47.613,217500,10875,-19.66730891942534,-43.202802524227124,-1.9826589362155622,1013.25,0.0,349.99948177481934,0.8052064278209015,-0.9392949827747396,-9.347456030823846,12,1.0,0.0,0.0,0.0,2,0.9428974849062595
10:40:47.821,217600,10880,-19.667299347371124,-43.20280061510888,-0.6441588564537857,1013.25,0.0,349.99948177481934,0.7884948828813085,0.3115812754303495,-9.583684179941656,12,1.0,0.0,0.0,0.0,2,0.9621112697208821
10:40:48.029,217700,10885,-19.667295361521074,-43.202795320084775,1.3188612943830336,1013.25,0.0,349.99948177481934,-1.1200089852418715,-1.0895289785061135,-8.130109278940616,12,1.0,0.0,0.0,0.0,2,0.8278899106133824
10:40:48.236,217800,10890,-19.66728980384744,-43.20279576198379,1.802530295421377,1013.25,0.0,349.99948177481934,1.1762930720814482,0.8045772079753397,-8.979224611406996,12,1.0,0.0,0.0,0.0,2,0.9091616165298518
10:40:48.446,217900,10895,-19.667292030121274,-43.20278716242189,-1.3321162725425961,1013.25,0.0,349.99948177481934,-0.5519334338210152,0.4692500563677058,-8.259379958142333,12,1.0,0.0,0.0,0.0,2,0.8291090605205916
10:40:48.653,218000,10900,-19.667286397455467,-43.202785894579335,0.8423171840949779,1013.25,0.0,349.99948177481934,-0.870504529389287,-0.15538785791775722,-8.746648725554897,12,1.0,0.0,0.0,0.0,2,0.8791233556806839
10:40:48.864,218100,10905,-19.667282730663572,-43.202776854646366,0.8838776903768792,1013.25,0.0,349.99948177481934,-0.9469861400121315,-1.2072328874596518,-9.66706181087738,12,1.0,0.0,0.0,0.0,2,0.9788068146946215
10:40:49.081,218200,10910,-19.667272603251412,-43.20277335020957,-0.24063069178795882,1013.25,0.0,349.99948177481934,0.4958709349519652,0.43973878567708713,-9.245547287812158,12,1.0,0.0,0.0,0.0,2,0.926927196898061
10:40:49.289,218300,10915,-19.66727550126696,-43.2027679249765,0.9513566783541889,1013.25,0.0,349.99948177481934,-0.6555891149629817,0.6359151746010028,-9.132103440054433,12,1.0,0.0,0.0,0.0,2,0.9177663016084202
10:40:49.499,218400,10920,-19.66726965979478,-43.202773252123265,-1.733892728771575,1013.25,0.0,349.99948177481934,1.4674548629903161,0.6821999167625159,-9.654146708862333,12,1.0,0.0,0.0,0.0,2,0.9788839010709194
10:40:49.710,218500,10925,-19.66726752066911,-43.202767351147955,1.4253155275422,1013.25,0.0,349.99948177481934,-0.39898581718415627,-0.5183929276556111,-9.316555150832645,12,1.0,0.0,0.0,0.0,2,0.9339492533765621
10:40:49.918,218600,10930,-19.66725895491193,-43.20276021561521,-1.8348946551683514,1013.25,0.0,349.99948177481934,-1.4317903180336515,-0.2714112962384885,-8.86498035034107,12,1.0,0.0,0.0,0.0,2,0.8983961499164721
10:40:50.126,218700,10935,-19.667257494756182,-43.20275691890118,1.2927072008354883,1013.25,0.0,349.99948177481934,0.07629125612863596,-0.9268136158974004,-9.847855880155175,12,1.0,0.0,0.0,0.0,2,0.989166665788336
10:40:50.336,218800,10940,-19.667248668908385,-43.20274747623399,-1.8328030744754717,1013.25,0.0,349.99948177481934,1.354130394575265,-1.3619488705788152,-9.845006163112368,12,1.0,0.0,0.0,0.0,2,1.0030589225130495
10:40:50.545,218900,10945,-19.667245786286138,-43.202743858492205,0.04492168416244047,1013.25,0.0,349.99948177481934,-0.4181315482063237,-0.16158048358370913,-9.142933808647461,12,1.0,0.0,0.0,0.0,2,0.9153916149582613
10:40:50.756,219000,10950,-19.667245919121154,-43.20274362092652,1.2171922718454575,1013.25,0.0,349.99948177481934,-1.0568626852221135,0.37594154032435867,-8.798214064817694,12,1.0,0.0,0.0,0.0,2,0.8869434114277654
10:40:50.963,219100,10955,-19.667240756225933,-43.20274135444204,-0.4790339596114559,1013.25,0.0,349.99948177481934,-0.3474672131576939,-0.9924971014872268,-9.552435635103972,12,1.0,0.0,0.0,0.0,2,0.9610141025161095
10:40:51.172,219200,10960,-19.667235669112877,-43.202738327727964,-1.861184738150647,1013.25,0.0,349.99948177481934,0.5867272422728251,0.22269455821396678,-8.246569981009886,12,1.0,0.0,0.0,0.0,2,0.8270414631369856
10:40:51.381,219300,10965,-19.667234727658336,-43.202729555372784,-1.112181829822533,1013.25,0.0,349.99948177481934,-1.3328799757388978,1.0752106500653889,-8.408825582781102,12,1.0,0.0,0.0,0.0,2,0.8581433135168841
10:40:51.589,219400,10970,-19.667231281291137,-43.202723196244136,0.45676783914288777,1013.25,0.0,349.99948177481934,-0.3954760246428848,-0.12876273720660425,-9.065923817736142,12,1.0,0.0,0.0,0.0,2,0.9075458985503474
10:40:51.796,219500,10975,-19.66722181159875,-43.2027267572343,-0.6999757257754098,1013.25,0.0,349.99948177481934,1.4005950510438812,0.12928757296311288,-9.11735017923591,12,1.0,0.0,0.0,0.0,2,0.9225207643427025
10:40:52.007,219600,10980,-19.667221822148218,-43.202714427092026,0.6899839241567505,1013.25,0.0,349.99948177481934,0.2019908576201428,-0.5597891893808914,-9.059867516107108,12,1.0,0.0,0.0,0.0,2,0.9079392251275555
10:40:52.221,219700,10985,-19.667212737813564,-43.20271302813476,-0.8074691927223681,1013.25,0.0,349.99948177481934,0.6669562034321572,0.5039795412686652,-8.01520068889946,12,1.0,0.0,0.0,0.0,2,0.8058676568683496
10:40:52.428,219800,10990,-19.66721112952777,-43.20271267669525,-0.6289472067328843,1013.25,0.0,349.99948177481934,0.45869959847182074,0.37264193207890983,-8.385787702012578,12,1.0,0.0,0.0,0.0,2,0.8406586864739287
10:40:52.635,219900,10995,-19.667209737391904,-43.20270527592362,0.020204749557632073,1013.25,0.0,349.99948177481934,-0.24434136812971197,-0.700293292072163,-8.088045387191169,12,1.0,0.0,0.0,0.0,2,0.8121981998525061
10:40:52.843,220000,11000,-19.66719760205443,-43.202700470487315,0.47201053943855786,1013.25,0.0,349.99948177481934,-1.1366002311224492,-0.7809703371327824,-9.446265459004099,12,1.0,0.0,0.0,0.0,2,0.9546397533878569
10:40:53.054,220100,11005,-19.667192881373563,-43.20269434895967,-1.4320575231561703,1013.25,0.0,349.99948177481934,-0.5335911309694605,-0.22684381750672067,-9.843709363578222,12,1.0,0.0,0.0,0.0,2,0.9860770337412177
10:40:53.262,220200,11010,-19.66718868721769,-43.20269518234809,0.32214437289874986,1013.25,0.0,349.99948177481934,-1.3180484215053165,0.19429025689010215,-9.03311071792146,12,1.0,0.0,0.0,0.0,2,0.9130831812468273
10:40:53.471,220300,11015,-19.66718743944813,-43.20268431946498,-0.9858063095705139,1013.25,0.0,349.99948177481934,-0.6558416050975902,0.3186463995031117,-8.427943790302827,12,1.0,0.0,0.0,0.0,2,0.8459426710563623
10:40:53.680,220400,11020,-19.667189819072536,-43.20268452764567,0.7714207312631016,1013.25,0.0,349.99948177481934,0.21727431166167532,0.011954036180868766,-9.576236065586787,12,1.0,0.0,0.0,0.0,2,0.9578708065774537
10:40:53.889,220500,11025,-19.6671800335031,-43.20267887881001,0.9050348937671471,1013.25,0.0,349.99948177481934,1.3574041907334262,0.5163994957858344,-9.133754075675105,12,1.0,0.0,0.0,0.0,2,0.9248495990764127
10:40:54.097,220600,11030,-19.667176763912344,-43.20267324003881,-0.5986727260070794,1013.25,0.0,349.99948177481934,-0.1702685208592567,1.1539430019671326,-9.050885590769806,12,1.0,0.0,0.0,0.0,2,0.9125738643977759
10:40:54.303,220700,11035,-19.66717145916112,-43.20267556061944,1.1449736916398279,1013.25,0.0,349.99948177481934,0.8333064902327765,0.6147735116370265,-8.945770357382617,12,1.0,0.0,0.0,0.0,2,0.900550684105565
10:40:54.511,220800,11040,-19.667166228115995,-43.20266481532742,0.7539953977257379,1013.25,0.0,349.99948177481934,0.7554591695160946,1.4344688740127243,-8.254299563019703,12,1.0,0.0,0.0,0.0,2,0.8412008130249551
10:40:54.724,220900,11045,-19.667166932423545,-43.20266398942955,-0.40489969887420996,1013.25,0.0,349.99948177481934,-1.0876406967885772,-1.2832773438979164,-8.951190661517261,12,1.0,0.0,0.0,0.0,2,0.9107885445343845
10:40:54.930,221000,11050,-19.66716273619234,-43.20266303569594,-1.7214920621442205,1013.25,0.0,349.99948177481934,0.6948959911199473,-0.487441328410108,-8.825311421872929,12,1.0,0.0,0.0,0.0,2,0.8866036385000773
10:40:55.138,221100,11055,-19.667156803100628,-43.20265689428509,-0.9759866266532273,1013.25,0.0,349.99948177481934,-0.966955820468356,1.4877602674254327,-8.443397625630183,12,1.0,0.0,0.0,0.0,2,0.8627826935941916
10:40:55.347,221200,11060,-19.667149837544134,-43.2026523546257,-0.23940434657746268,1013.25,0.0,349.99948177481934,-0.09982507571468924,0.25815178971721564,-8.048522934917983,12,1.0,0.0,0.0,0.0,2,0.8053280625073017
10:40:55.556,221300,11065,-19.667147754452518,-43.20265197841883,0.7550897500096512,1013.25,0.0,349.99948177481934,0.5108829105044146,1.047272728225026,-9.052022782760044,12,1.0,0.0,0.0,0.0,2,0.9126713426811222
10:40:55.767,221400,11070,-19.667142475215062,-43.202642035835204,-0.3179633949102758,1013.25,0.0,349.99948177481934,0.27690310962192344,-1.1035829424625199,-8.06606771087324,12,1.0,0.0,0.0,0.0,2,0.8145920387494858
10:40:55.985,221500,11075,-19.667137020514215,-43.20264359811697,1.2619399154746245,1013.25,0.0,349.99948177481934,-0.4827525524754701,-0.6487877298453232,-8.109927373588274,12,1.0,0.0,0.0,0.0,2,0.8150147087641783
10:40:56.194,221600,11080,-19.667136363724925,-43.20263550619491,-1.0218926637213053,1013.25,0.0,349.99948177481934,-0.578245723924742,1.2430445359441755,-9.535834164436752,12,1.0,0.0,0.0,0.0,2,0.9633880892310072
10:40:56.404,221700,11085,-19.667129253661376,-43.202635146378014,-1.4061573135067413,1013.25,0.0,349.99948177481934,-1.1220525413465157,-0.4953029084556104,-8.326198480708761,12,1.0,0.0,0.0,0.0,2,0.8416050618718002
10:40:56.663,221800,11090,-19.667121909702875,-43.202628044193446,-1.5164237165213112,1013.25,0.0,349.99948177481934,-0.2455590720893328,-0.7924944376105709,-8.60567744640515,12,1.0,0.0,0.0,0.0,2,0.8645578696830845
10:40:56.871,221900,11095,-19.66712001977911,-43.20261781249207,1.3920621019876354,1013.25,0.0,349.99948177481934,-0.8774872376567328,-1.0038183927927236,-9.410608652322992,12,1.0,0.0,0.0,0.0,2,0.9504587861929406
10:40:57.079,222000,11100,-19.66711482846375,-43.20261465456965,-0.9920641776748149,1013.25,0.0,349.99948177481934,-0.2891677171051459,-0.2775580375394877,-8.87810614482033,12,1.0,0.0,0.0,0.0,2,0.8887149439022339
10:40:57.295,222100,11105,-19.667108433494604,-43.20261540988191,0.4431916660995139,1013.25,0.0,349.99948177481934,0.5301033416519649,-0.03483276913306721,-9.984918908927419,12,1.0,0.0,0.0,0.0,2,0.9999041378676877
10:40:57.504,222200,11110,-19.667109943534836,-43.202609242559944,0.0574348470397501,1013.25,0.0,349.99948177481934,1.330160989387346,-0.4942962580389525,-8.259799921103559,12,1.0,0.0,0.0,0.0,2,0.8380808540055166
10:40:57.711,222300,11115,-19.667099804204007,-43.2026047010877,0.8113492028032998,1013.25,0.0,349.99948177481934,1.0921093081205449,0.4648128407939256,-9.375703134144448,12,1.0,0.0,0.0,0.0,2,0.9450532417671318
10:40:57.919,222400,11120,-19.667103344516008,-43.20260274472651,-1.3864920806626206,1013.25,0.0,349.99948177481934,1.2037113557173327,0.4332578454901883,-9.21011805033461,12,1.0,0.0,0.0,0.0,2,0.9298543320846608
10:40:58.198,222500,11125,-19.667096363143074,-43.202597386843266,1.238408324311811,1013.25,0.0,349.99948177481934,-1.0668525793471235,-1.3232653352758978,-8.533279795323306,12,1.0,0.0,0.0,0.0,2,0.8700923493450303
10:40:58.408,222600,11130,-19.667093552361763,-43.20258799367945,1.6815692590330564,1013.25,0.0,349.99948177481934,-1.141241963223064,-0.0818198570773756,-9.156341537294658,12,1.0,0.0,0.0,0.0,2,0.922755211609346
10:40:58.618,222700,11135,-19.667084381105024,-43.20258845975842,1.6710016196161535,1013.25,0.0,349.99948177481934,-1.1597980603105231,-0.5454779406100522,-8.256611448937315,12,1.0,0.0,0.0,0.0,2,0.8355495816713392
10:40:58.826,222800,11140,-19.66707887315357,-43.202582573333515,-1.567970299570348,1013.25,0.0,349.99948177481934,-0.9749443835515229,0.7371150572311072,-8.241574805313778,12,1.0,0.0,0.0,0.0,2,0.833171113458684
10:40:59.034,222900,11145,-19.667076912373677,-43.202578391099166,1.2674064531257327,1013.25,0.0,349.99948177481934,-0.8146730204620352,1.234449286184856,-9.256950538235573,12,1.0,0.0,0.0,0.0,2,0.937436346840525
10:40:59.242,223000,11150,-19.66707287560374,-43.202576569749894,-1.6737967748819655,1013.25,0.0,349.99948177481934,-0.25716364868270203,-0.29402458920611485,-9.4586843507478,12,1.0,0.0,0.0,0.0,2,0.9466746708787712
10:40:59.451,223100,11155,-19.667071588478006,-43.202565436496286,-1.3477135582392061,1013.25,0.0,349.99948177481934,0.9188518297217607,0.36937025911081056,-8.068539986021074,12,1.0,0.0,0.0,0.0,2,0.8129087315272212
10:40:59.658,223200,11160,-19.667060580127515,-43.20256782268793,0.6285030913097636,1013.25,0.0,349.99948177481934,1.037020615453994,-0.41167775344672286,-9.371364420338256,12,1.0,0.0,0.0,0.0,2,0.943755060533936
10:40:59.866,223300,11165,-19.667056455288062,-43.20255790843874,1.6272160303887855,1013.25,0.0,349.99948177481934,-0.3169015135635289,-0.1821317559781659,-8.41700162362462,12,1.0,0.0,0.0,0.0,2,0.842493411712721
10:41:00.074,223400,11170,-19.667060650753946,-43.20255382917689,-1.7393361845161541,1013.25,0.0,349.99948177481934,1.4622046847385928,1.3485767645601152,-8.762212496853062,12,1.0,0.0,0.0,0.0,2,0.8985158299662332
10:41:00.282,223500,11175,-19.667057324937296,-43.202555238094924,-0.14324007464184474,1013.25,0.0,349.99948177481934,-0.6230216401241,0.05034392828560197,-8.617942198496806,12,1.0,0.0,0.0,0.0,2,0.8640579738177879
10:41:00.491,223600,11180,-19.66705367052205,-43.20254973912124,0.47065472405073017,1013.25,0.0,349.99948177481934,0.34954915021979294,-0.25434177441741346,-8.566418363943551,12,1.0,0.0,0.0,0.0,2,0.8577318807922583
10:41:00.700,223700,11185,-19.667047016934227,-43.20254198543076,0.5364573784754421,1013.25,0.0,349.99948177481934,-0.879782025851608,-1.4060533693117012,-8.891567771724164,12,1.0,0.0,0.0,0.0,2,0.9044942229197939
10:41:00.908,223800,11190,-19.6670394033793,-43.2025368770732,-1.9135227727225312,1013.25,0.0,349.99948177481934,0.9796769580371683,0.6732453828910012,-9.540311746431076,12,1.0,0.0,0.0,0.0,2,0.961408209382382
10:41:01.116,223900,11195,-19.66703475386541,-43.202539805252286,-1.7018365931106536,1013.25,0.0,349.99948177481934,-0.6704355424782743,1.169011174238702,-8.056848005629796,12,1.0,0.0,0.0,0.0,2,0.8168774126387257
10:41:01.326,224000,11200,-19.667030544715505,-43.20253195281302,0.00011795397697200727,1013.25,0.0,349.99948177481934,0.23289265246044688,0.8305001826887772,-8.593912757869395,12,1.0,0.0,0.0,0.0,2,0.8637088978983979
10:41:01.536,224100,11205,-19.667025147885198,-43.20252363647358,-0.545021244667832,1013.25,0.0,349.99948177481934,0.6388101151888548,1.3003623851331279,-9.324744871854971,12,1.0,0.0,0.0,0.0,2,0.9436624800272728
10:41:01.747,224200,11210,-19.66702766065739,-43.202526116593404,-1.9447199538877724,1013.25,0.0,349.99948177481934,-1.4633983654418479,1.1178794683959277,-9.355452621227965,12,1.0,0.0,0.0,0.0,2,0.9534971579919902
10:41:01.955,224300,11215,-19.667015872657384,-43.202516662586234,1.9411924533629712,1013.25,0.0,349.99948177481934,1.0193621649193276,-1.1984245822856197,-9.57966565857236,12,1.0,0.0,0.0,0.0,2,0.9708002618084015
10:41:02.163,224400,11220,-19.6670106985913,-43.2025174893168,-1.327322890662348,1013.25,0.0,349.99948177481934,0.7722562164495841,-0.2780729939550104,-8.388079539082359,12,1.0,0.0,0.0,0.0,2,0.842814229873845
10:41:02.373,224500,11225,-19.667013017052835,-43.20251101588829,-0.8808849925884874,1013.25,0.0,349.99948177481934,1.4010054375013987,0.3968600971560261,-9.849700966991513,12,1.0,0.0,0.0,0.0,2,0.9956752648920064
10:41:02.591,224600,11230,-19.667001998625047,-43.20250808770444,-1.4880314271589898,1013.25,0.0,349.99948177481934,1.4658729725806507,0.6470653993185196,-8.494347082138415,12,1.0,0.0,0.0,0.0,2,0.8644154646613575
10:41:02.799,224700,11235,-19.667005221177593,-43.20250132249915,0.9491642199354797,1013.25,0.0,349.99948177481934,0.48645161461772557,0.9105745821273348,-8.983180167035659,12,1.0,0.0,0.0,0.0,2,0.9042306517498917
10:41:03.007,224800,11240,-19.666997279456787,-43.20250272050803,-1.9461591158983773,1013.25,0.0,349.99948177481934,1.1026626870555551,0.47440521772324207,-8.202099940213673,12,1.0,0.0,0.0,0.0,2,0.8289473369357113
10:41:03.216,224900,11245,-19.666996344153638,-43.2024896677773,-1.6475546979667972,1013.25,0.0,349.99948177481934,-0.9223089212955007,0.6730676057591909,-9.755943993383475,12,1.0,0.0,0.0,0.0,2,0.9822531086754513
10:41:03.433,225000,11250,-19.666991303765485,-43.202485730521886,-0.10007101603219581,1013.25,0.0,349.99948177481934,1.3583719774364473,1.0770355350308582,-9.03587299387453,12,1.0,0.0,0.0,0.0,2,0.9200661972610172
10:41:03.643,225100,11255,-19.666988855091283,-43.202484071122925,-1.8745685705605064,1013.25,0.0,349.99948177481934,-0.3180782841448908,1.1773381869692559,-8.356182730863422,12,1.0,0.0,0.0,0.0,2,0.8444707741119327
10:41:03.851,225200,11260,-19.666982364375535,-43.20248329003152,-1.5839753588835195,1013.25,0.0,349.99948177481934,-0.5204191157800365,-0.6323377364553235,-8.281297127723072,12,1.0,0.0,0.0,0.0,2,0.8321692687587611
10:41:04.062,225300,11265,-19.666974973581738,-43.2024793254684,1.7168992723948362,1013.25,0.0,349.99948177481934,-1.185982401695981,-0.197852475809855,-9.83356151771772,12,1.0,0.0,0.0,0.0,2,0.9906797261580329
10:41:04.272,225400,11270,-19.66697477204124,-43.20247136005694,1.750897890849251,1013.25,0.0,349.99948177481934,0.9738891624467629,1.320925449893211,-9.653022858807423,12,1.0,0.0,0.0,0.0,2,0.9791534836661997
10:41:04.479,225500,11275,-19.666968128477386,-43.20247323475465,1.487048371243421,1013.25,0.0,349.99948177481934,-0.11004574814503476,0.4528837331026825,-8.1926766380382,12,1.0,0.0,0.0,0.0,2,0.8205922509861445
10:41:04.688,225600,11280,-19.66696132771753,-43.202467523687915,0.5296415851665723,1013.25,0.0,349.99948177481934,0.9634967413785533,0.8381645044305741,-9.681897566046741,12,1.0,0.0,0.0,0.0,2,0.9765755791875826
10:41:04.913,225700,11285,-19.666958966683197,-43.202460415314754,0.756161444852022,1013.25,0.0,349.99948177481934,-0.7387735200429378,-1.0884651480025638,-9.195660051659374,12,1.0,0.0,0.0,0.0,2,0.928927911508837
10:41:05.119,225800,11290,-19.66695593651075,-43.20245915045333,-0.19285055702534848,1013.25,0.0,349.99948177481934,-1.0062568394933684,0.6634500502552538,-8.026857907203857,12,1.0,0.0,0.0,0.0,2,0.811684462452325
10:41:05.332,225900,11295,-19.66695627030585,-43.20245152779817,0.22020710423977885,1013.25,0.0,349.99948177481934,-1.2142742129054291,1.194545467787134,-9.506424173824028,12,1.0,0.0,0.0,0.0,2,0.9657820733033087
10:41:05.539,226000,11300,-19.666944619321413,-43.20244439429115,-0.9811554777627878,1013.25,0.0,349.99948177481934,-0.8593962433758459,1.2031287919122158,-8.411401585105155,12,1.0,0.0,0.0,0.0,2,0.8540360497014524
10:41:05.749,226100,11305,-19.66694224209748,-43.20244305570395,-0.4612737857296918,1013.25,0.0,349.99948177481934,-0.08827635668175171,0.12889804588844855,-9.52583744672192,12,1.0,0.0,0.0,0.0,2,0.9527118477417631
10:41:05.957,226200,11310,-19.666935283151105,-43.20243590952864,1.6447998749326622,1013.25,0.0,349.99948177481934,1.0075508330167104,-1.1284623192583636,-9.729609054938843,12,1.0,0.0,0.0,0.0,2,0.9846516046249383
10:41:06.165,226300,11315,-19.66693372845785,-43.202435215611665,1.9742960102539406,1013.25,0.0,349.99948177481934,0.4579284815161837,0.5067622113510253,-9.771937587560723,12,1.0,0.0,0.0,0.0,2,0.9795778205340258
10:41:06.372,226400,11320,-19.666934753730892,-43.20243262227936,1.8941302254719932,1013.25,0.0,349.99948177481934,-1.2094733258754085,0.10304439798120213,-9.932600880985548,12,1.0,0.0,0.0,0.0,2,1.0006498095483471
10:41:06.588,226500,11325,-19.666925283967878,-43.202429685184114,-1.8723586779418375,1013.25,0.0,349.99948177481934,-1.2761263063567443,-0.18090690691491407,-8.165506700333111,12,1.0,0.0,0.0,0.0,2,0.8266603010422732
10:41:06.796,226600,11330,-19.666918320035503,-43.2024264675872,-1.4666187796485586,1013.25,0.0,349.99948177481934,1.113095338018577,-0.8307586238351677,-8.583514701907433,12,1.0,0.0,0.0,0.0,2,0.8695163354443448
10:41:07.004,226700,11335,-19.666922648923297,-43.20241558595228,0.08882342960011425,1013.25,0.0,349.99948177481934,0.838083487869655,1.254564849515972,-8.154299830445995,12,1.0,0.0,0.0,0.0,2,0.8292702974247442
10:41:07.212,226800,11340,-19.666916569088695,-43.20241650638347,1.8960168366851202,1013.25,0.0,349.99948177481934,1.0848149826422735,0.4790651193816351,-8.98515978094276,12,1.0,0.0,0.0,0.0,2,0.9063080228280266
10:41:07.424,226900,11345,-19.66691418593068,-43.20240710802358,1.2317289225926609,1013.25,0.0,349.99948177481934,0.9919113460785667,-0.7487965988388537,-9.969736830907072,12,1.0,0.0,0.0,0.0,2,1.0046901857909085
10:41:07.631,227000,11350,-19.666902577517195,-43.2024042693059,-0.24567399633723186,1013.25,0.0,349.99948177481934,1.3624197604758335,0.1928247988702041,-9.605821952966789,12,1.0,0.0,0.0,0.0,2,0.9703874710593343
10:41:07.839,227100,11355,-19.666901955844732,-43.20240670792553,1.8715538705300085,1013.25,0.0,349.99948177481934,-0.5403401671874996,1.159514760204098,-9.495702746980008,12,1.0,0.0,0.0,0.0,2,0.9581482799358931
10:41:08.050,227200,11360,-19.666899171429645,-43.202400957311234,-1.7001426573452267,1013.25,0.0,349.99948177481934,-0.4797875553729898,-0.499760312646504,-8.325615727125484,12,1.0,0.0,0.0,0.0,2,0.8354390085706229
10:41:08.259,227300,11365,-19.666889762024304,-43.20239788411613,-1.523530397027384,1013.25,0.0,349.99948177481934,0.9759414313590384,0.1256213207675756,-9.709047443908226,12,1.0,0.0,0.0,0.0,2,0.9758782949821939
10:41:08.466,227400,11370,-19.666891282854536,-43.20238477694549,1.8588285729838754,1013.25,0.0,349.99948177481934,-1.1634870662369812,0.21139705579111912,-9.800203394920283,12,1.0,0.0,0.0,0.0,2,0.9871290566602977
10:41:08.674,227500,11375,-19.66688744540536,-43.20238378788982,-1.7794117083215224,1013.25,0.0,349.99948177481934,1.379573061857589,0.6940926402057861,-8.511345588667549,12,1.0,0.0,0.0,0.0,2,0.8650317344232032
10:41:08.881,227600,11380,-19.666882787591334,-43.2023817935624,-1.25470761072815,1013.25,0.0,349.99948177481934,0.2842918892157429,-0.903779959561905,-8.330938175266894,12,1.0,0.0,0.0,0.0,2,0.8384638988871189
10:41:09.088,227700,11385,-19.666875016293083,-43.202380437351586,-0.7047610436320499,1013.25,0.0,349.99948177481934,0.249032312772425,0.0723109789769878,-8.31772894517868,12,1.0,0.0,0.0,0.0,2,0.8321770290986685
10:41:09.304,227800,11390,-19.666877331047388,-43.20236961068108,-1.6540552641197372,1013.25,0.0,349.99948177481934,-0.7407110092280992,1.3185069375941163,-8.418269011336236,12,1.0,0.0,0.0,0.0,2,0.8553032590309679
10:41:09.513,227900,11395,-19.666863809547888,-43.2023667717991,1.6409020802856777,1013.25,0.0,349.99948177481934,0.20006034233799674,0.045475771239796625,-9.421288143791681,12,1.0,0.0,0.0,0.0,2,0.9423521766022296
10:41:09.721,228000,11400,-19.666865292148355,-43.20236085972511,0.7151687314629305,1013.25,0.0,349.99948177481934,-1.4328847661140134,-1.2536551143700612,-8.769425644904699,12,1.0,0.0,0.0,0.0,2,0.8973719186617108
10:41:09.931,228100,11405,-19.66686427405726,-43.202360637172895,-1.6670585735563188,1013.25,0.0,349.99948177481934,-0.4722520535018506,-0.698201133646997,-8.639908719330888,12,1.0,0.0,0.0,0.0,2,0.868092906913958
10:41:10.142,228200,11410,-19.6668527222425,-43.20235792553512,0.06595791502690185,1013.25,0.0,349.99948177481934,1.1330842214959285,-0.31450470541958175,-9.181808370851066,12,1.0,0.0,0.0,0.0,2,0.9256802796957748
10:41:10.351,228300,11415,-19.66685624526482,-43.20235045370537,1.9406790596775196,1013.25,0.0,349.99948177481934,-0.6363922611565511,0.21297999860918448,-9.105586241868489,12,1.0,0.0,0.0,0.0,2,0.913028238325476
10:41:10.559,228400,11420,-19.666843058527522,-43.20234373225607,1.5855786464983992,1013.25,0.0,349.99948177481934,1.1218848185263806,0.887847574660031,-9.709539285924023,12,1.0,0.0,0.0,0.0,2,0.981437985849191
10:41:10.771,228500,11425,-19.666846500431973,-43.20234612731623,1.3751060037227605,1013.25,0.0,349.99948177481934,0.003622068126181377,-1.4182349614677263,-8.969936428425743,12,1.0,0.0,0.0,0.0,2,0.9081363501991652
10:41:10.978,228600,11430,-19.666836670374405,-43.20234376374983,-1.9868789826844058,1013.25,0.0,349.99948177481934,-1.043168586048599,-1.0751356369443084,-9.979536197300114,12,1.0,0.0,0.0,0.0,2,1.009134579974195
10:41:11.186,228700,11435,-19.666832370719582,-43.202338863296944,0.9116836505072148,1013.25,0.0,349.99948177481934,-0.37436216373068687,-1.071375458068109,-8.720596007388412,12,1.0,0.0,0.0,0.0,2,0.8794133676824711
10:41:11.394,228800,11440,-19.66683251427662,-43.20233072606361,-0.45471905646077326,1013.25,0.0,349.99948177481934,-0.9962083453931571,1.4970307849172029,-9.638386383499183,12,1.0,0.0,0.0,0.0,2,0.9804693994003243
10:41:11.612,228900,11445,-19.666827278164657,-43.202326561865995,0.5788407860534015,1013.25,0.0,349.99948177481934,0.7747182168090587,1.425781503661526,-8.794197359708237,12,1.0,0.0,0.0,0.0,2,0.8942647729455659
10:41:11.820,229000,11450,-19.666825630821744,-43.202317491697926,-1.0608915644289763,1013.25,0.0,349.99948177481934,-1.126800027316838,0.4185471987371989,-8.654514615745065,12,1.0,0.0,0.0,0.0,2,0.8737590245215036
10:41:12.029,229100,11455,-19.666819880063024,-43.202315483509715,-1.951201599563202,1013.25,0.0,349.99948177481934,0.6005247149032851,1.146435220157373,-9.074794420157382,12,1.0,0.0,0.0,0.0,2,0.916661537402691
10:41:12.238,229200,11460,-19.66681326856563,-43.20231044627039,-1.5747425163858901,1013.25,0.0,349.99948177481934,0.13082785032627942,-0.7307811543662709,-8.513647114418818,12,1.0,0.0,0.0,0.0,2,0.8545954844887128
10:41:12.445,229300,11465,-19.666810102962717,-43.2023132532878,0.5884693962647729,1013.25,0.0,349.99948177481934,0.5664682406745194,0.6380739106385942,-9.006488290173241,12,1.0,0.0,0.0,0.0,2,0.9046814682757586
10:41:12.653,229400,11470,-19.66681027394222,-43.20230182308531,0.3386560988040226,1013.25,0.0,349.99948177481934,0.8942094885783844,0.8150655727517662,-8.4511647683865,12,1.0,0.0,0.0,0.0,2,0.8537337315566607
10:41:12.862,229500,11475,-19.66680626944235,-43.202305477651215,1.065133971065976,1013.25,0.0,349.99948177481934,-0.00023030579223748404,-0.18316676357816553,-8.178878607011669,12,1.0,0.0,0.0,0.0,2,0.8180929371688377
10:41:13.071,229600,11480,-19.66679603381355,-43.20229741299542,1.4166553079331092,1013.25,0.0,349.99948177481934,-0.7545769917193414,-0.08101941772359678,-9.22609988075377,12,1.0,0.0,0.0,0.0,2,0.9257260371844643
10:41:13.284,229700,11485,-19.66679179257175,-43.202297078324854,-1.1091328656631614,1013.25,0.0,349.99948177481934,1.1476340579058313,0.9218366502578754,-9.707392127532183,12,1.0,0.0,0.0,0.0,2,0.9818365885334375
10:41:13.602,229800,11490,-19.66678663074785,-43.20228439093464,1.9986278809741935,1013.25,0.0,349.99948177481934,0.8303668280615235,-1.3619226552817199,-8.149079445177204,12,1.0,0.0,0.0,0.0,2,0.8303724356692254
10:41:13.810,229900,11495,-19.666785893266415,-43.20228728889283,1.9839368827474484,1013.25,0.0,349.99948177481934,0.8562821293589495,-1.2123825240838526,-9.088979466998872,12,1.0,0.0,0.0,0.0,2,0.9209377732577295
10:41:14.031,230000,11500,-19.666780413653722,-43.202274938452014,1.0152079816437047,1013.25,0.0,349.99948177481934,1.3242857888883885,0.3012220365809388,-9.545279423919405,12,1.0,0.0,0.0,0.0,2,0.9641412077422731
10:41:14.247,230100,11505,-19.6667709158097,-43.20227063596334,-0.9304681625941251,1013.25,0.0,349.99948177481934,-0.31957651299264045,0.36129007940729574,-8.873571105098346,12,1.0,0.0,0.0,0.0,2,0.8886671133015498
10:41:14.457,230200,11510,-19.66677026445128,-43.20226488139752,0.12041238494087869,1013.25,0.0,349.99948177481934,-0.036337983520583705,0.32928973021215224,-9.057650781664883,12,1.0,0.0,0.0,0.0,2,0.9063707291062747
10:41:14.936,230300,11515,-19.66675974832074,-43.20225861560782,-0.7559054092099422,1013.25,0.0,349.99948177481934,0.843143510804913,0.15720570293226022,-8.963091696143152,12,1.0,0.0,0.0,0.0,2,0.9004033394335963
10:41:15.143,230400,11520,-19.666756589115163,-43.20225172867783,-0.24940115955255182,1013.25,0.0,349.99948177481934,-0.8213393106128244,-1.427677267325016,-9.17703739060879,12,1.0,0.0,0.0,0.0,2,0.9323672876684723
10:41:15.351,230500,11525,-19.666750354892002,-43.202250543508214,-1.0736312397909602,1013.25,0.0,349.99948177481934,-0.19389941762033946,0.28127626570376796,-9.768316011149308,12,1.0,0.0,0.0,0.0,2,0.9774288261325103
10:41:15.558,230600,11530,-19.666745493577352,-43.20225075283858,1.3950687407639872,1013.25,0.0,349.99948177481934,-1.2092779406826746,-0.20856941663020123,-9.781023481672282,12,1.0,0.0,0.0,0.0,2,0.9857701288251728
10:41:15.773,230700,11535,-19.66674486136805,-43.202243809499194,-1.8518521452099415,1013.25,0.0,349.99948177481934,1.1887353299439076,0.39739877979757177,-8.615322015390735,12,1.0,0.0,0.0,0.0,2,0.8706020382684486
10:41:15.983,230800,11540,-19.66673674070377,-43.20223970673698,-0.24463793850968374,1013.25,0.0,349.99948177481934,-0.863378288438274,-0.8457130268631853,-8.987948018305882,12,1.0,0.0,0.0,0.0,2,0.9068840177912572
10:41:16.195,230900,11545,-19.666737019523747,-43.2022314505698,-1.030128033341915,1013.25,0.0,349.99948177481934,-1.1054120037833208,0.9428137295573746,-9.086595595628525,12,1.0,0.0,0.0,0.0,2,0.92020135266824
10:41:16.403,231000,11550,-19.666730464735643,-43.20222622445678,-0.5325449042552637,1013.25,0.0,349.99948177481934,1.459977682819849,-0.7759158457050509,-8.378293114836657,12,1.0,0.0,0.0,0.0,2,0.8539869773718305
10:41:16.618,231100,11555,-19.666730121876668,-43.20222960347859,0.22818496857981474,1013.25,0.0,349.99948177481934,0.016048830308479367,-0.3001807972045718,-9.658691278167224,12,1.0,0.0,0.0,0.0,2,0.9663368112770425
10:41:16.828,231200,11560,-19.66672329627294,-43.20222475771671,0.425992903868722,1013.25,0.0,349.99948177481934,0.4539986037649233,1.3787063612367243,-8.884707596875671,12,1.0,0.0,0.0,0.0,2,0.900249826685434
10:41:17.036,231300,11565,-19.666716230390183,-43.20221703761369,-1.553622345256732,1013.25,0.0,349.99948177481934,0.11858163189256432,-0.19038035639073891,-9.206385202461192,12,1.0,0.0,0.0,0.0,2,0.920911693810097
10:41:17.245,231400,11570,-19.66671067248675,-43.202214225774306,-1.9496344690438439,1013.25,0.0,349.99948177481934,-0.8842388556358907,-0.04103627443402136,-8.419652609577547,12,1.0,0.0,0.0,0.0,2,0.8466056484314388
10:41:17.453,231500,11575,-19.66671043712744,-43.20221211393924,-1.7131946318284812,1013.25,0.0,349.99948177481934,0.1987874102388747,1.2086494673550812,-8.779607954191679,12,1.0,0.0,0.0,0.0,2,0.8864641323748694
10:41:17.661,231600,11580,-19.666704453674406,-43.20220594598201,0.31428787171401895,1013.25,0.0,349.99948177481934,-1.168050719328937,-0.734592013649197,-9.65711382306207,12,1.0,0.0,0.0,0.0,2,0.9755194272848622
10:41:17.869,231700,11585,-19.666699809711673,-43.20220253291781,-1.6657546320284489,1013.25,0.0,349.99948177481934,0.6588997448203902,-1.028714016318594,-8.130755047271247,12,1.0,0.0,0.0,0.0,2,0.8222017942076116
10:41:18.080,231800,11590,-19.666692892456563,-43.20220169812313,0.428655770177238,1013.25,0.0,349.99948177481934,-0.7572737769156099,-1.1603648191151286,-9.603473790099052,12,1.0,0.0,0.0,0.0,2,0.9702918062302885
10:41:18.290,231900,11595,-19.66668810481665,-43.202196847004004,-0.4651824027659619,1013.25,0.0,349.99948177481934,0.4529193223966632,0.9581413306216859,-9.90010321787723,12,1.0,0.0,0.0,0.0,2,0.9956666834170401
10:41:18.497,232000,11600,-19.666689595744554,-43.20218396391088,0.1761822629297587,1013.25,0.0,349.99948177481934,0.9726364063861821,0.294143219439023,-8.193852441181209,12,1.0,0.0,0.0,0.0,2,0.8256619141054107
10:41:18.711,232100,11605,-19.66668238845818,-43.20218803567306,-1.5091324121267768,1013.25,0.0,349.99948177481934,1.1828487685409166,0.11868602124879635,-9.32017189416206,12,1.0,0.0,0.0,0.0,2,0.9395681014040816
10:41:18.920,232200,11610,-19.66668413391233,-43.202182595717446,1.4068826922825717,1013.25,0.0,349.99948177481934,-1.221161691441528,-0.09377030837653022,-8.657702895174678,12,1.0,0.0,0.0,0.0,2,0.8743903485771866
10:41:19.132,232300,11615,-19.666671813704646,-43.20217506775351,1.8743876224194609,1013.25,0.0,349.99948177481934,0.04283634864153729,0.6876883130527975,-8.279400524223881,12,1.0,0.0,0.0,0.0,2,0.8308021618242999
10:41:19.340,232400,11620,-19.666676212894163,-43.202173096711164,-0.3190928058989533,1013.25,0.0,349.99948177481934,0.2776338059432657,-0.5039548676837106,-9.003530716664187,12,1.0,0.0,0.0,0.0,2,0.9021896497121887
10:41:19.551,232500,11625,-19.66666380256008,-43.20216572568891,-0.4007878000420084,1013.25,0.0,349.99948177481934,-0.050358595172508736,0.2523653274841071,-9.281167004362821,12,1.0,0.0,0.0,0.0,2,0.9284733987007763
10:41:19.767,232600,11630,-19.666659046799627,-43.20216675359511,1.4817873572953513,1013.25,0.0,349.99948177481934,-0.02950746854014108,0.19395501313818553,-8.848926224144153,12,1.0,0.0,0.0,0.0,2,0.8851100754039983
10:41:19.983,232700,11635,-19.666661679848122,-43.20215545035547,0.28420876801951067,1013.25,0.0,349.99948177481934,-1.3146325212247025,0.4791857813376428,-9.0123265245979,12,1.0,0.0,0.0,0.0,2,0.9120301917418558
10:41:20.193,232800,11640,-19.6666559565058,-43.202159207102916,-0.2686363242141909,1013.25,0.0,349.99948177481934,-1.0616986485321174,-1.0418633080488808,-8.778394245220392,12,1.0,0.0,0.0,0.0,2,0.8903532371900043
10:41:20.401,232900,11645,-19.666655408882423,-43.20214984235568,1.3661674803472854,1013.25,0.0,349.99948177481934,0.16588784401503442,0.14541586074716628,-8.313929871268472,12,1.0,0.0,0.0,0.0,2,0.8316856043825637
10:41:20.608,233000,11650,-19.666645729992055,-43.20214283529439,-0.07591606174615739,1013.25,0.0,349.99948177481934,0.938306339710385,0.33293149016670287,-8.703737048846595,12,1.0,0.0,0.0,0.0,2,0.8760496605772423
10:41:20.823,233100,11655,-19.666638652946567,-43.20213856471443,-0.06959138252900354,1013.25,0.0,349.99948177481934,-1.081502508965263,-0.8897025566338782,-8.293046124171228,12,1.0,0.0,0.0,0.0,2,0.8410459698126522
10:41:21.031,233200,11660,-19.66663684128465,-43.20213477632509,0.3562072310982827,1013.25,0.0,349.99948177481934,1.1289865483828847,0.47433577753573375,-9.582406401104002,12,1.0,0.0,0.0,0.0,2,0.9660337338426589
10:41:21.239,233300,11665,-19.666637104569915,-43.20213062341297,-1.2161969335321792,1013.25,0.0,349.99948177481934,-0.4601539985329879,0.9965247999357634,-8.407277040782693,12,1.0,0.0,0.0,0.0,2,0.8478626694207305
10:41:21.448,233400,11670,-19.66663096121899,-43.2021258959943,0.7626552533709217,1013.25,0.0,349.99948177481934,-1.1889520327512448,0.14406257491077978,-9.952350007230416,12,1.0,0.0,0.0,0.0,2,1.0024152414448442
10:41:21.657,233500,11675,-19.666625279268374,-43.202121085446045,1.8750424860578976,1013.25,0.0,349.99948177481934,-1.174107149004405,1.4266219133388014,-9.179341255212021,12,1.0,0.0,0.0,0.0,2,0.9363444001039314
10:41:21.865,233600,11680,-19.66662589661625,-43.20212271476302,-0.5659069573005144,1013.25,0.0,349.99948177481934,-1.399869903860386,-0.45021289160156464,-8.016389989598268,12,1.0,0.0,0.0,0.0,2,0.8150143303085514
10:41:22.072,233700,11685,-19.666612938608832,-43.20211464546395,1.462102398560181,1013.25,0.0,349.99948177481934,-0.8145046864603024,1.3402520656661965,-8.006546006335666,12,1.0,0.0,0.0,0.0,2,0.8158705316124485
10:41:22.282,233800,11690,-19.666616237812104,-43.202111392843456,1.1705060264370672,1013.25,0.0,349.99948177481934,-1.2233789745616819,0.8765504189583182,-9.22822920748692,12,1.0,0.0,0.0,0.0,2,0.9350144975255212
10:41:22.490,233900,11695,-19.666607669578248,-43.202107007080684,1.8040735546297837,1013.25,0.0,349.99948177481934,-0.9865469290452265,-0.41163493329359246,-9.372712086254714,12,1.0,0.0,0.0,0.0,2,0.9433474970197429
10:41:22.706,234000,11700,-19.666605489312502,-43.20210103298388,-0.011031752322204547,1013.25,0.0,349.99948177481934,-0.9215127061176128,0.27960422534395946,-9.190923664400124,12,1.0,0.0,0.0,0.0,2,0.9241235956039463
10:41:22.914,234100,11705,-19.666604079123317,-43.202099474080946,-0.46755868492300223,1013.25,0.0,349.99948177481934,0.4705987066263726,-0.8764729918571126,-8.29506671446008,12,1.0,0.0,0.0,0.0,2,0.8354507756024705
10:41:23.122,234200,11710,-19.66659489097665,-43.202098905262304,-0.8289291801972385,1013.25,0.0,349.99948177481934,1.2837418445315536,0.4058807845257695,-8.64434956395521,12,1.0,0.0,0.0,0.0,2,0.8748571981672275
10:41:23.332,234300,11715,-19.666589219154183,-43.202087931683,1.9156450936879792,1013.25,0.0,349.99948177481934,0.9879832824343953,-0.22933229916090747,-9.358737442534826,12,1.0,0.0,0.0,0.0,2,0.9413536571773202
10:41:23.539,234400,11720,-19.666587562929923,-43.20208918468669,0.21130943960924586,1013.25,0.0,349.99948177481934,-0.16974670206073084,-0.3574297862568234,-8.937905439419305,12,1.0,0.0,0.0,0.0,2,0.8946659915240173
10:41:23.747,234500,11725,-19.66658638568029,-43.20208791531123,0.8613318562029066,1013.25,0.0,349.99948177481934,-0.1701006435918737,0.46467303122695514,-9.647889872227205,12,1.0,0.0,0.0,0.0,2,0.9660571113631136
10:41:23.955,234600,11730,-19.666582926173227,-43.20208194020566,1.5694398292591827,1013.25,0.0,349.99948177481934,1.0636201202259117,-1.3923951239216876,-9.898198932833495,12,1.0,0.0,0.0,0.0,2,1.0052084065268079
10:41:24.162,234700,11735,-19.666575744907806,-43.20207466313177,-0.89634821233797,1013.25,0.0,349.99948177481934,0.3448685250016996,-0.07167780913168253,-9.274438379388439,12,1.0,0.0,0.0,0.0,2,0.9281124892001618
10:41:24.373,234800,11740,-19.66657171952338,-43.20207580662417,0.6382666180582071,1013.25,0.0,349.99948177481934,-1.446734316719645,-0.6879814124745557,-8.548988086036779,12,1.0,0.0,0.0,0.0,2,0.8697790288474627
10:41:24.581,234900,11745,-19.666566722489392,-43.202067410275646,1.2948242927744449,1013.25,0.0,349.99948177481934,0.27044251766966676,-0.09793291000792426,-8.391291481755434,12,1.0,0.0,0.0,0.0,2,0.8396219550607729
10:41:24.790,235000,11750,-19.666558112133725,-43.202066933023715,-0.4773760294543119,1013.25,0.0,349.99948177481934,1.054863936027966,0.5339427996728894,-9.43224150468821,12,1.0,0.0,0.0,0.0,2,0.9506051369502369
10:41:25.000,235100,11755,-19.666560728141274,-43.20206165424822,1.2973781591425655,1013.25,0.0,349.99948177481934,-0.2512915099497781,1.0743146125893936,-9.70425520269195,12,1.0,0.0,0.0,0.0,2,0.9766773691898964
10:41:25.210,235200,11760,-19.66655281739359,-43.202055066921126,0.5669454965964178,1013.25,0.0,349.99948177481934,0.15580467730477632,-0.24728717982687387,-9.08834682360705,12,1.0,0.0,0.0,0.0,2,0.9093045366264546
10:41:25.418,235300,11765,-19.66655132600366,-43.20205325115628,1.0571976693950234,1013.25,0.0,349.99948177481934,1.3413277347782264,0.14261361484787916,-8.885211317094676,12,1.0,0.0,0.0,0.0,2,0.8987017240700754
10:41:25.626,235400,11770,-19.666546191555824,-43.20204582536161,1.1089060493961278,1013.25,0.0,349.99948177481934,-1.3370918490460988,1.477631161923921,-8.167417247308098,12,1.0,0.0,0.0,0.0,2,0.8407015698516326
10:41:25.833,235500,11775,-19.666545655523844,-43.20204695282235,1.415476942908279,1013.25,0.0,349.99948177481934,-1.368029708280805,-0.12684378067358248,-9.723705507521014,12,1.0,0.0,0.0,0.0,2,0.9820287339198835
10:41:26.043,235600,11780,-19.666540360284372,-43.20203782131968,-1.3413992841810614,1013.25,0.0,349.99948177481934,0.5194177467962415,-1.4664012807907332,-9.583247724748386,12,1.0,0.0,0.0,0.0,2,0.9708695301938706
10:41:26.249,235700,11785,-19.666531680298522,-43.20203228334982,-1.3291766526189521,1013.25,0.0,349.99948177481934,1.3547983838690754,0.9208923915359382,-9.6886954793654,12,1.0,0.0,0.0,0.0,2,0.9826206874964447
10:41:26.467,235800,11790,-19.666531404430405,-43.20203390107387,0.8584726429705052,1013.25,0.0,349.99948177481934,-0.05387377673039939,1.466067285998653,-8.68109549049463,12,1.0,0.0,0.0,0.0,2,0.8804185060866274
10:41:26.675,235900,11795,-19.666528223931085,-43.20202091205753,0.27074252262339726,1013.25,0.0,349.99948177481934,1.4527679167497372,-1.2661191537930678,-8.173217082543173,12,1.0,0.0,0.0,0.0,2,0.8397325158043757
10:41:26.882,236000,11800,-19.666518208336477,-43.202025002477015,-0.910321769366043,1013.25,0.0,349.99948177481934,0.29928764391707086,-1.2114596128721882,-8.073853591649485,12,1.0,0.0,0.0,0.0,2,0.816971965900992
10:41:27.091,236100,11805,-19.666518165016633,-43.202020718430866,1.1521638531647898,1013.25,0.0,349.99948177481934,-1.1413538201797737,0.9980445926438137,-9.20843989448617,12,1.0,0.0,0.0,0.0,2,0.9332424488958323
10:41:27.306,236200,11810,-19.66651664760369,-43.20201239202624,-0.7502610064265793,1013.25,0.0,349.99948177481934,0.9553088927582483,-1.3607625207378975,-9.43491283899043,12,1.0,0.0,0.0,0.0,2,0.9580285486235491
10:41:27.514,236300,11815,-19.666509647385787,-43.202009550556056,1.6469994191272201,1013.25,0.0,349.99948177481934,-0.4230356702948863,0.8529004830709468,-9.816862933995761,12,1.0,0.0,0.0,0.0,2,0.9862920271259642
10:41:27.721,236400,11820,-19.666504132935785,-43.20200539676382,1.8285026188562057,1013.25,0.0,349.99948177481934,-1.3944688116706634,-1.4513499178045448,-9.30807037971351,12,1.0,0.0,0.0,0.0,2,0.9523189279035331
10:41:27.932,236500,11825,-19.666499435934984,-43.2019973587358,-0.19961688651635434,1013.25,0.0,349.99948177481934,0.6367633980525458,0.20241796931807077,-8.797725695601788,12,1.0,0.0,0.0,0.0,2,0.8823061717706286
10:41:28.139,236600,11830,-19.666491940760533,-43.20199552957618,-1.3849749052602682,1013.25,0.0,349.99948177481934,0.7271944709910834,-0.2101399984017296,-8.41640430271893,12,1.0,0.0,0.0,0.0,2,0.8450374666510001
10:41:28.348,236700,11835,-19.66649100180963,-43.20199230799562,1.161837468790714,1013.25,0.0,349.99948177481934,0.9315326795811183,0.6342289908564771,-9.157833630552547,12,1.0,0.0,0.0,0.0,2,0.922691261207397
10:41:28.556,236800,11840,-19.66648833207597,-43.201991763034144,1.8603827017550696,1013.25,0.0,349.99948177481934,1.4065992902407674,1.443913254799051,-9.03551086900822,12,1.0,0.0,0.0,0.0,2,0.9257638128305509
10:41:28.767,236900,11845,-19.66648326028789,-43.2019835765572,0.6212667214851391,1013.25,0.0,349.99948177481934,0.9528492680739284,1.3826812597515081,-8.239065863131499,12,1.0,0.0,0.0,0.0,2,0.8408444296702918
10:41:28.975,237000,11850,-19.666477857341178,-43.2019779675826,1.0521982464319164,1013.25,0.0,349.99948177481934,1.4871579139266942,0.2543076923573113,-8.678798463659096,12,1.0,0.0,0.0,0.0,2,0.8808964402025835
10:41:29.187,237100,11855,-19.66647708872626,-43.201974014842264,-1.8702580899651413,1013.25,0.0,349.99948177481934,1.0177645431489495,0.8920855336914322,-8.300622417119442,12,1.0,0.0,0.0,0.0,2,0.8410231493621239
10:41:29.395,237200,11860,-19.666469395223448,-43.20197470525492,0.6396229062299144,1013.25,0.0,349.99948177481934,0.3100939405136278,-1.2546092290220598,-9.000701538766977,12,1.0,0.0,0.0,0.0,2,0.9093009994465686
10:41:29.606,237300,11865,-19.66646648883077,-43.201964052122214,-1.4468019435878707,1013.25,0.0,349.99948177481934,-0.09655629253763731,-1.4388009546295684,-8.863035527092501,12,1.0,0.0,0.0,0.0,2,0.8979580728473654
10:41:29.823,237400,11870,-19.666466397728023,-43.201958464622955,-1.2000873193245716,1013.25,0.0,349.99948177481934,1.4033784535067841,0.4698247654168006,-8.065113905588998,12,1.0,0.0,0.0,0.0,2,0.8199772478800317
10:41:30.031,237500,11875,-19.666453813108443,-43.201961708737414,-1.3282629903513241,1013.25,0.0,349.99948177481934,-0.378463797395147,-1.285268881892192,-8.304755297271528,12,1.0,0.0,0.0,0.0,2,0.8412140719951057
10:41:30.238,237600,11880,-19.666451509508533,-43.20195336869733,1.294441724649022,1013.25,0.0,349.99948177481934,1.0145061079718367,-0.8416170035048797,-9.70447470765693,12,1.0,0.0,0.0,0.0,2,0.9793588268620126
10:41:30.451,237700,11885,-19.66645277799971,-43.201949001145195,-0.19491976025748725,1013.25,0.0,349.99948177481934,0.8796742123112002,-0.4539037106449326,-8.897486087498217,12,1.0,0.0,0.0,0.0,2,0.8952380352485417
10:41:30.666,237800,11890,-19.666440929378822,-43.20194521810004,0.09870057156646306,1013.25,0.0,349.99948177481934,1.4830110287121094,0.7278989271318408,-8.646429376432197,12,1.0,0.0,0.0,0.0,2,0.8802834743480711
10:41:30.874,237900,11895,-19.666438887338675,-43.20194305014861,0.4419404071107924,1013.25,0.0,349.99948177481934,-0.20097984735638796,-0.014219434108580176,-8.180130439108982,12,1.0,0.0,0.0,0.0,2,0.8182611385871082
10:41:31.081,238000,11900,-19.66643968356112,-43.20193608475723,1.4892226942467217,1013.25,0.0,349.99948177481934,0.129351613158325,1.011479378037278,-8.185874454379823,12,1.0,0.0,0.0,0.0,2,0.824914316489231
10:41:31.288,238100,11905,-19.666435392091905,-43.201933680240145,0.45136844120688613,1013.25,0.0,349.99948177481934,-0.012549811337099204,1.166380413728092,-9.534343196867983,12,1.0,0.0,0.0,0.0,2,0.9605430805692992
10:41:31.496,238200,11910,-19.66642858448627,-43.20192802149013,-0.11809212675078795,1013.25,0.0,349.99948177481934,0.4645699975950315,-0.499853267363942,-9.62400410273132,12,1.0,0.0,0.0,0.0,2,0.9648167366964006
10:41:31.704,238300,11915,-19.666429259698415,-43.20192478000103,-0.7019462163766059,1013.25,0.0,349.99948177481934,-0.36555805147432596,-0.08048340138261989,-9.193959755978254,12,1.0,0.0,0.0,0.0,2,0.9201576292214478
10:41:31.912,238400,11920,-19.66641619032903,-43.20192018974995,0.9128930474173407,1013.25,0.0,349.99948177481934,0.677376248205781,-1.2356622838610574,-9.412997638770502,12,1.0,0.0,0.0,0.0,2,0.9517889703547164
10:41:32.120,238500,11925,-19.666413901119157,-43.20191907507919,1.344736140423577,1013.25,0.0,349.99948177481934,0.7976867071479239,0.22185356634437903,-8.396351108409993,12,1.0,0.0,0.0,0.0,2,0.8437075027718903
10:41:32.328,238600,11930,-19.666410047297706,-43.201910852308295,-0.2972658431653392,1013.25,0.0,349.99948177481934,0.34877030314962143,0.9803342943585318,-9.519125757556212,12,1.0,0.0,0.0,0.0,2,0.9575826399910593
10:41:32.539,238700,11935,-19.66640871233182,-43.20190494695007,-0.22043255921910454,1013.25,0.0,349.99948177481934,0.9484776273255275,0.7883222281457911,-9.404599294208925,12,1.0,0.0,0.0,0.0,2,0.9485122541620683
10:41:32.746,238800,11940,-19.666400861834198,-43.20190377363669,-1.741181556796899,1013.25,0.0,349.99948177481934,0.49209105369997275,-0.6276767415536509,-8.673571568031143,12,1.0,0.0,0.0,0.0,2,0.8710165064037373
10:41:32.958,238900,11945,-19.666396575036753,-43.201900621348514,0.707828213221815,1013.25,0.0,349.99948177481934,-0.9057999510033301,0.7204183235789805,-8.85990528732161,12,1.0,0.0,0.0,0.0,2,0.8935177547899953
10:41:33.167,239000,11950,-19.66639774934367,-43.20189747303235,-0.32808363647848804,1013.25,0.0,349.99948177481934,-0.08225013563291572,0.8521721783149983,-8.856825776722856,12,1.0,0.0,0.0,0.0,2,0.8898107964366817
10:41:33.377,239100,11955,-19.666394256636067,-43.2018954177504,-1.613053860110338,1013.25,0.0,349.99948177481934,0.658478246539894,0.5663625300786208,-9.836561158862025,12,1.0,0.0,0.0,0.0,2,0.9874831418747176
10:41:33.585,239200,11960,-19.666387432381168,-43.201884473005585,-1.3433700417918644,1013.25,0.0,349.99948177481934,0.6624300143777151,0.8145049412009238,-8.9765181404545,12,1.0,0.0,0.0,0.0,2,0.9037704893893024
10:41:33.792,239300,11965,-19.66638713903902,-43.20188403648497,-0.7003152580475596,1013.25,0.0,349.99948177481934,1.3029595430776686,0.21787697752446045,-8.261108891530709,12,1.0,0.0,0.0,0.0,2,0.8366068017053179
10:41:34.000,239400,11970,-19.66637368224052,-43.20187992098139,-0.5962475387488619,1013.25,0.0,349.99948177481934,-1.3467076677342975,-0.891390256252762,-8.12092670964299,12,1.0,0.0,0.0,0.0,2,0.8279954634819545
10:41:34.208,239500,11975,-19.666378483444667,-43.201879336001596,-0.06994222039158648,1013.25,0.0,349.99948177481934,-1.405940217551382,-1.4971762690214878,-8.00177966212341,12,1.0,0.0,0.0,0.0,2,0.8261155030443466
10:41:34.415,239600,11980,-19.666367919931226,-43.20187176438908,0.32414458113128886,1013.25,0.0,349.99948177481934,-1.3658690552500183,-0.9413435981111858,-8.36610011231671,12,1.0,0.0,0.0,0.0,2,0.8528971634089315
10:41:34.633,239700,11985,-19.666367863134976,-43.20186311007421,-0.24323379815893187,1013.25,0.0,349.99948177481934,-1.4364160118744667,1.489425868076915,-8.351112712807321,12,1.0,0.0,0.0,0.0,2,0.8603648291142432
10:41:34.842,239800,11990,-19.666356862586373,-43.2018589040837,-0.3768357110342211,1013.25,0.0,349.99948177481934,0.4207172695450354,0.465776847134014,-8.100414423737925,12,1.0,0.0,0.0,0.0,2,0.8124694759098399
10:41:35.049,239900,11995,-19.6663549957217,-43.20185425684136,0.7231902239900023,1013.25,0.0,349.99948177481934,1.2084038446078376,0.19645476924780603,-9.557865736961105,12,1.0,0.0,0.0,0.0,2,0.9635955156277881
10:41:35.256,240000,12000,-19.666350220395053,-43.20185387717894,-1.799573993994498,1013.25,0.0,349.99948177481934,1.0735753859266763,0.9583549577085373,-8.727012135992883,12,1.0,0.0,0.0,0.0,2,0.8844871347622827
10:41:35.469,240100,12005,-19.66635125547223,-43.201845161988125,-1.8457000700333297,1013.25,0.0,349.99948177481934,0.4581926241117631,-1.0020566598948548,-9.893228242180838,12,1.0,0.0,0.0,0.0,2,0.9954397173225238
10:41:35.677,240200,12010,-19.666343425863676,-43.20184813990215,-0.3805728599888054,1013.25,0.0,349.99948177481934,0.1461294084325262,1.3382609740111495,-8.422940200076809,12,1.0,0.0,0.0,0.0,2,0.8529842780065766
10:41:35.885,240300,12015,-19.666345438877283,-43.2018382403506,-1.5505726325941018,1013.25,0.0,349.99948177481934,0.43117463514607257,1.1750407325535766,-8.012887778252308,12,1.0,0.0,0.0,0.0,2,0.8110055661709025
10:41:36.093,240400,12020,-19.66634026423165,-43.201837599528965,-0.41276889126534,1013.25,0.0,349.99948177481934,0.40288251774406625,0.018698937847513086,-8.306611730538163,12,1.0,0.0,0.0,0.0,2,0.8316397201630923
10:41:36.300,240500,12025,-19.66633518617166,-43.201834263043644,-1.8926383530434352,1013.25,0.0,349.99948177481934,-0.9856040220554108,0.027890500267825358,-9.612003839802592,12,1.0,0.0,0.0,0.0,2,0.9662443323749784
10:41:36.509,240600,12030,-19.66632532721315,-43.201832018048265,1.6554444748895842,1013.25,0.0,349.99948177481934,0.21297780926621868,-0.905936545665527,-9.041240992909046,12,1.0,0.0,0.0,0.0,2,0.90890109067968
10:41:36.717,240700,12035,-19.66632928766823,-43.201828408620905,1.4219575131735351,1013.25,0.0,349.99948177481934,0.5633531797697562,1.2854511343400077,-9.880339417669616,12,1.0,0.0,0.0,0.0,2,0.9979521954096232
10:41:36.926,240800,12040,-19.666316354905838,-43.20181743820393,0.6603558342949625,1013.25,0.0,349.99948177481934,1.0360461769782665,-0.9830392564904323,-8.728044395993827,12,1.0,0.0,0.0,0.0,2,0.8844123293977296
10:41:37.138,240900,12045,-19.666319640765444,-43.20182057617112,1.702117247278104,1013.25,0.0,349.99948177481934,0.2743506243632392,1.3512837598079632,-9.14003370722992,12,1.0,0.0,0.0,0.0,2,0.9243454561683546
10:41:37.353,241000,12050,-19.66631007715875,-43.201814613395875,-0.6953430735988975,1013.25,0.0,349.99948177481934,-0.8715312044282463,-1.031694324547923,-8.513095716960237,12,1.0,0.0,0.0,0.0,2,0.8619556746476195
10:41:37.561,241100,12055,-19.666305474683096,-43.2018064829495,-0.05744781754220618,1013.25,0.0,349.99948177481934,0.8076600735888615,0.44296163696997537,-8.369695014703977,12,1.0,0.0,0.0,0.0,2,0.8420233039854497
10:41:37.769,241200,12060,-19.66630255464102,-43.20180456251278,-1.1014929639835214,1013.25,0.0,349.99948177481934,-0.738988803521305,-0.18768615001453437,-9.516516572182823,12,1.0,0.0,0.0,0.0,2,0.9547010956905174
10:41:37.981,241300,12065,-19.66629833000466,-43.20180368623818,-0.34526900351372136,1013.25,0.0,349.99948177481934,0.764532627963503,1.4682367261216358,-9.14062188827353,12,1.0,0.0,0.0,0.0,2,0.9289305556796932
10:41:38.189,241400,12070,-19.666297075806863,-43.20179660775049,-0.704050158533756,1013.25,0.0,349.99948177481934,-0.887490547333874,0.5113002246688056,-8.83179419866997,12,1.0,0.0,0.0,0.0,2,0.8890987355688562
10:41:38.397,241500,12075,-19.666289952597147,-43.20178996654386,1.154751613940273,1013.25,0.0,349.99948177481934,0.3715765832516924,0.7972817426409109,-9.851069892857696,12,1.0,0.0,0.0,0.0,2,0.9890263159711014
10:41:38.607,241600,12080,-19.666287959704018,-43.20178725754984,1.8948498314392848,1013.25,0.0,349.99948177481934,0.5750645473823677,-0.07878318210278401,-9.289663798787032,12,1.0,0.0,0.0,0.0,2,0.9307779515971177
10:41:38.824,241700,12085,-19.666284080375988,-43.201781383328225,-1.6003532889161605,1013.25,0.0,349.99948177481934,-0.33036532182501954,-0.6901053424806645,-8.029688678261287,12,1.0,0.0,0.0,0.0,2,0.8066057704937549
10:41:39.032,241800,12090,-19.666279007221476,-43.20177634466645,1.9800239998449944,1013.25,0.0,349.99948177481934,-0.9889297083647559,0.8866857028025512,-8.119081723207103,12,1.0,0.0,0.0,0.0,2,0.8227009270187828
10:41:39.239,241900,12095,-19.666269719434588,-43.20177673748802,1.3892505987191948,1013.25,0.0,349.99948177481934,0.015997273145722968,1.230981478118006,-8.196891121096549,12,1.0,0.0,0.0,0.0,2,0.8288823521063113
10:41:39.447,242000,12100,-19.66627005412555,-43.201773337960795,-0.38343594943490045,1013.25,0.0,349.99948177481934,1.1979115290288886,-0.7218370136176883,-9.1862792222933,12,1.0,0.0,0.0,0.0,2,0.929213466624039
10:41:39.657,242100,12105,-19.666269450370294,-43.20176439259535,-1.5900937798257866,1013.25,0.0,349.99948177481934,0.8773928814960685,1.1995447147401652,-8.141843325469713,12,1.0,0.0,0.0,0.0,2,0.8276372304799777
10:41:39.865,242200,12110,-19.666264106655426,-43.201760377910254,0.7694737751768868,1013.25,0.0,349.99948177481934,0.2969914626393575,0.18830446964566372,-8.380170839785038,12,1.0,0.0,0.0,0.0,2,0.8387545875055031
10:41:40.076,242300,12115,-19.66625260019547,-43.20175564368988,1.6737842709400765,1013.25,0.0,349.99948177481934,-0.7088258043644521,-0.34415607981636076,-8.548832774279637,12,1.0,0.0,0.0,0.0,2,0.8585069553055767
10:41:40.283,242400,12120,-19.666256103142352,-43.2017567831643,0.9175031896029804,1013.25,0.0,349.99948177481934,1.0822129857784701,1.1622985116487823,-8.02790394542982,12,1.0,0.0,0.0,0.0,2,0.8183481198965157
10:41:40.491,242500,12125,-19.66625069366905,-43.2017493101006,-0.23739069856005512,1013.25,0.0,349.99948177481934,-0.3293646277583444,-0.054856953679511156,-9.315661267776358,12,1.0,0.0,0.0,0.0,2,0.9321643374391343
10:41:40.699,242600,12130,-19.66624715379686,-43.20174233886532,-0.12864039648273007,1013.25,0.0,349.99948177481934,1.4448131635184565,1.4017644263494429,-9.765087225153419,12,1.0,0.0,0.0,0.0,2,0.9970424118326637
10:41:40.907,242700,12135,-19.66623719480041,-43.20173567787737,1.4173587836729298,1013.25,0.0,349.99948177481934,-0.0287589108440649,-0.37971450901264614,-8.019234765335742,12,1.0,0.0,0.0,0.0,2,0.8028271071960454
10:41:41.116,242800,12140,-19.666236501094478,-43.20173614752836,-1.1137086761576702,1013.25,0.0,349.99948177481934,1.4631399720973413,0.045899212704986425,-8.709932322075588,12,1.0,0.0,0.0,0.0,2,0.8832089581226686
10:41:41.324,242900,12145,-19.666231050265363,-43.20172802076038,-0.8111826238291528,1013.25,0.0,349.99948177481934,-1.4798874660822041,1.3511171438444247,-8.676423714115018,12,1.0,0.0,0.0,0.0,2,0.8904825260245984
10:41:41.535,243000,12150,-19.66623256071503,-43.201726981669914,1.356974624425868,1013.25,0.0,349.99948177481934,-1.1265415480889425,0.3992232489472065,-9.152505647591049,12,1.0,0.0,0.0,0.0,2,0.9230213144410948
10:41:41.744,243100,12155,-19.666221743972063,-43.201725822884036,1.997213907170306,1013.25,0.0,349.99948177481934,-0.7349734548927667,-0.003039628664663452,-9.225804613453256,12,1.0,0.0,0.0,0.0,2,0.9255034629019754
10:41:41.955,243200,12160,-19.66621993978326,-43.20172305158724,-0.45134870453479836,1013.25,0.0,349.99948177481934,-1.4961176885661875,-0.13038254706777752,-9.365685809117842,12,1.0,0.0,0.0,0.0,2,0.9485327533708672
10:41:42.164,243300,12165,-19.666215867425656,-43.201718830448954,1.595632530801279,1013.25,0.0,349.99948177481934,-0.940016385136103,0.07417643150596875,-9.711728239639728,12,1.0,0.0,0.0,0.0,2,0.9757397109266952
10:41:42.372,243400,12170,-19.666214084285947,-43.20170646751069,0.7503956494613364,1013.25,0.0,349.99948177481934,0.6636247970218339,-1.3743256634206507,-9.642239427436996,12,1.0,0.0,0.0,0.0,2,0.9762271768209457
10:41:42.582,243500,12175,-19.666203828148664,-43.201711328403306,0.9242509145499809,1013.25,0.0,349.99948177481934,0.2688111630300274,0.5768879360232466,-9.672929612210794,12,1.0,0.0,0.0,0.0,2,0.9693844769485592
10:41:42.799,243600,12180,-19.666206693903423,-43.2016984869325,-0.1773634864247784,1013.25,0.0,349.99948177481934,1.190945538785499,-0.4771761821366285,-9.889203178220079,12,1.0,0.0,0.0,0.0,2,0.997208041911364
10:41:43.010,243700,12185,-19.666202990768294,-43.201701289692075,1.2866113866876487,1013.25,0.0,349.99948177481934,-0.025339706700832743,-0.6998978417904418,-9.01522050774503,12,1.0,0.0,0.0,0.0,2,0.9042383529409994
10:41:43.217,243800,12190,-19.666193709906562,-43.20169246483178,-0.4933187679340181,1013.25,0.0,349.99948177481934,0.24808574379275328,-1.4476957687923497,-8.680181306271606,12,1.0,0.0,0.0,0.0,2,0.88035741085652
10:41:43.424,243900,12195,-19.66618927682267,-43.201686697823256,-0.061793268867397,1013.25,0.0,349.99948177481934,1.1020115962055854,1.4161198413694072,-9.759790906641934,12,1.0,0.0,0.0,0.0,2,0.992337359493546
10:41:43.633,244000,12200,-19.66618714694988,-43.20168225521049,-1.3488190963774618,1013.25,0.0,349.99948177481934,1.233830774064307,-1.145785637582882,-8.472630180338301,12,1.0,0.0,0.0,0.0,2,0.8638323059431082
10:41:43.842,244100,12205,-19.66618039820337,-43.20168430642447,1.8765346643776777,1013.25,0.0,349.99948177481934,1.3490613314633055,-1.0047809833228114,-9.103143616049344,12,1.0,0.0,0.0,0.0,2,0.9257255262490963
10:41:44.051,244200,12210,-19.66617663057869,-43.20167572258613,-0.5535354179829621,1013.25,0.0,349.99948177481934,-0.7126243765514791,-1.2294950437069365,-8.777225409995026,12,1.0,0.0,0.0,0.0,2,0.889152278647576
10:41:44.260,244300,12215,-19.666168647551245,-43.20166858965636,1.581590038134057,1013.25,0.0,349.99948177481934,1.4075502151813213,-0.022527020845671153,-8.152549068585165,12,1.0,0.0,0.0,0.0,2,0.8273195355520985
10:41:44.469,244400,12220,-19.666173750210156,-43.201672935118,0.9328444134131866,1013.25,0.0,349.99948177481934,0.5523252644684038,-0.10890663879153539,-9.187500592960324,12,1.0,0.0,0.0,0.0,2,0.9204731989546968
10:41:44.683,244500,12225,-19.666165784122168,-43.20166301842097,-1.4520921943642837,1013.25,0.0,349.99948177481934,0.5455515982002579,-1.3785538755201738,-8.665770054223081,12,1.0,0.0,0.0,0.0,2,0.8791678336169952
10:41:44.892,244600,12230,-19.666156662378647,-43.201661892971664,-1.5926770517467834,1013.25,0.0,349.99948177481934,0.11915146164122592,-1.2454224008913426,-9.057166497914102,12,1.0,0.0,0.0,0.0,2,0.9143168980085122
10:41:45.099,244700,12235,-19.666158953111907,-43.20165532213964,-1.5122451484787947,1013.25,0.0,349.99948177481934,-1.2079908524462462,0.012156597619777276,-8.975515469814768,12,1.0,0.0,0.0,0.0,2,0.9056448952616236
10:41:45.307,244800,12240,-19.666151227435815,-43.20165041799597,-0.49674293388242674,1013.25,0.0,349.99948177481934,-0.40005135115696855,0.9929040311110149,-9.419246821277405,12,1.0,0.0,0.0,0.0,2,0.9479879228065278
10:41:45.516,244900,12245,-19.66615181614619,-43.2016448782845,-0.6722460518766478,1013.25,0.0,349.99948177481934,1.0136540374715226,1.3606424132972088,-8.451473684311985,12,1.0,0.0,0.0,0.0,2,0.8620107291743159
10:41:45.724,245000,12250,-19.66614082474773,-43.2016473622106,-0.13958420578073705,1013.25,0.0,349.99948177481934,1.4189289358962314,-0.5222238498591064,-8.700825396260026,12,1.0,0.0,0.0,0.0,2,0.8831219601543646
10:41:45.932,245100,12255,-19.666139184360837,-43.20163864680213,0.3926691020176478,1013.25,0.0,349.99948177481934,-0.11689366280340763,0.3708524868421157,-8.865467143108628,12,1.0,0.0,0.0,0.0,2,0.8873990272754373
10:41:46.144,245200,12260,-19.666132196374484,-43.20163391470045,1.5343653850999392,1013.25,0.0,349.99948177481934,0.40812737299353863,0.41509819660101144,-9.541004002023907,12,1.0,0.0,0.0,0.0,2,0.9558746352532023
10:41:46.353,245300,12265,-19.66613419526117,-43.201627150919386,-0.3552831057808885,1013.25,0.0,349.99948177481934,-1.3195313766414123,-0.6627449533393343,-9.592933611142302,12,1.0,0.0,0.0,0.0,2,0.9705914134943788
10:41:46.561,245400,12270,-19.666124508078873,-43.201630230202305,-0.9787030660319913,1013.25,0.0,349.99948177481934,0.7103355158813871,-1.2174848812823176,-9.484592187999372,12,1.0,0.0,0.0,0.0,2,0.9588760866448397
10:41:46.769,245500,12275,-19.666125798798483,-43.201624557640194,-0.07580179371633067,1013.25,0.0,349.99948177481934,-0.8590606205993949,-0.7562239194386171,-8.266994147508527,12,1.0,0.0,0.0,0.0,2,0.8345840401130133
10:41:46.975,245600,12280,-19.666119528070336,-43.20161960358248,1.0692642299293453,1013.25,0.0,349.99948177481934,-1.2757659710178046,-1.034832040225076,-8.522113966222228,12,1.0,0.0,0.0,0.0,2,0.8678990875531749
10:41:47.184,245700,12285,-19.66611545194352,-43.201618292917566,1.1553938716689238,1013.25,0.0,349.99948177481934,-0.576743820984716,-1.2571997775607375,-9.216531340192283,12,1.0,0.0,0.0,0.0,2,0.9319744345232298
10:41:47.391,245800,12290,-19.666113587969512,-43.201610677399174,0.20711610060536856,1013.25,0.0,349.99948177481934,0.7830549965414542,-0.3979435795809856,-9.526474899023611,12,1.0,0.0,0.0,0.0,2,0.9566883412160158
10:41:47.598,245900,12295,-19.666110214585732,-43.201605925492046,0.20155631500198545,1013.25,0.0,349.99948177481934,1.3684564970634208,0.010692179641807353,-9.71773952329124,12,1.0,0.0,0.0,0.0,2,0.9813625678086425
10:41:47.817,246000,12300,-19.666107278271703,-43.2016018948148,-0.5674409501171365,1013.25,0.0,349.99948177481934,0.5525608917567406,0.3769637829987267,-8.49956335906014,12,1.0,0.0,0.0,0.0,2,0.8525843215041514
10:41:48.027,246100,12305,-19.666100489141634,-43.20159712269316,-1.3426587470690055,1013.25,0.0,349.99948177481934,-0.07336375758540181,-0.5440368504565936,-9.250341068299168,12,1.0,0.0,0.0,0.0,2,0.9266615790861515
10:41:48.235,246200,12310,-19.666097267486762,-43.20159401234434,-1.2606674053096616,1013.25,0.0,349.99948177481934,0.25893123947272345,-1.4766214997716527,-9.917346643347223,12,1.0,0.0,0.0,0.0,2,1.0030015996232169
10:41:48.446,246300,12315,-19.666091061129844,-43.20159080285174,1.7215298039918592,1013.25,0.0,349.99948177481934,0.8567390613633523,-0.9961168747606487,-9.128645370724369,12,1.0,0.0,0.0,0.0,2,0.922271201718324
10:41:48.658,246400,12320,-19.666089607618407,-43.20158967474474,1.074220500160068,1013.25,0.0,349.99948177481934,-0.19024840744934446,-0.3467436813833429,-9.817685754958568,12,1.0,0.0,0.0,0.0,2,0.9825649048293587
10:41:48.865,246500,12325,-19.66608196769955,-43.20157669801152,-0.41788174736068884,1013.25,0.0,349.99948177481934,-1.3579371397013005,-0.9407656919499394,-9.727624403501153,12,1.0,0.0,0.0,0.0,2,0.9866899710553532
10:41:49.072,246600,12330,-19.666073498960582,-43.20157299438296,0.7344176962745999,1013.25,0.0,349.99948177481934,-1.495130293677819,-1.231554254883641,-9.028374458078769,12,1.0,0.0,0.0,0.0,2,0.9233833755980462
10:41:49.280,246700,12335,-19.666076797858178,-43.20157291109506,1.216403796409268,1013.25,0.0,349.99948177481934,0.46189178513098605,0.04928834223124312,-8.76060740079471,12,1.0,0.0,0.0,0.0,2,0.8772913734484709
10:41:49.496,246800,12340,-19.66607311656089,-43.20157155580363,-1.519221325652338,1013.25,0.0,349.99948177481934,1.2964345983756207,-0.333456917395085,-9.899293296386341,12,1.0,0.0,0.0,0.0,2,0.99893915706365
10:41:49.704,246900,12345,-19.6660676394736,-43.201564115503736,-0.5654755483602876,1013.25,0.0,349.99948177481934,-0.9017423736691251,1.3475346195985631,-9.934144442793178,12,1.0,0.0,0.0,0.0,2,1.0065595594388126
10:41:49.912,247000,12350,-19.666057048397644,-43.20156527840831,-0.6259285426948367,1013.25,0.0,349.99948177481934,1.266420007715821,0.10251732002304914,-8.93250374039208,12,1.0,0.0,0.0,0.0,2,0.9022413895902037
10:41:50.123,247100,12355,-19.666051474873107,-43.201560981117325,1.4745611128736518,1013.25,0.0,349.99948177481934,0.8424000342260696,-0.020227663792567352,-9.585667832764027,12,1.0,0.0,0.0,0.0,2,0.9622633463669579
10:41:50.336,247200,12360,-19.666055955322047,-43.20155470655425,-1.5601057402163518,1013.25,0.0,349.99948177481934,-0.12933796201410708,0.5456330065115305,-8.18185378117202,12,1.0,0.0,0.0,0.0,2,0.8201047188176134
10:41:50.543,247300,12365,-19.666046338582294,-43.201544082526496,-1.4990949894632934,1013.25,0.0,349.99948177481934,1.1591042634200148,-0.14726354750021153,-8.612547323177845,12,1.0,0.0,0.0,0.0,2,0.8691442954991919
10:41:50.751,247400,12370,-19.666043327831378,-43.20153886329103,-0.8812654965284801,1013.25,0.0,349.99948177481934,0.6021783564131353,-0.22281624921675092,-8.177000929960363,12,1.0,0.0,0.0,0.0,2,0.8202171057861453
10:41:50.960,247500,12375,-19.666040963509342,-43.20153643560979,0.8978592305466941,1013.25,0.0,349.99948177481934,1.3980066465759764,-0.09163124970746428,-9.941616898255454,12,1.0,0.0,0.0,0.0,2,1.0039848874433914
10:41:51.171,247600,12380,-19.6660398905365,-43.20153891458601,1.5044905505161865,1013.25,0.0,349.99948177481934,0.47069823759943574,0.176134691596592,-9.25950271701462,12,1.0,0.0,0.0,0.0,2,0.9273131662327683
10:41:51.381,247700,12385,-19.666028166828077,-43.20153564114748,0.0029827647903442056,1013.25,0.0,349.99948177481934,-1.0396126120889382,0.5904848775267277,-8.339088315456861,12,1.0,0.0,0.0,0.0,2,0.8424361145320831
10:41:51.592,247800,12390,-19.666025902395525,-43.201523025934435,-0.08062192963701476,1013.25,0.0,349.99948177481934,-1.0773867571367013,-0.47431790654780315,-8.157195294055667,12,1.0,0.0,0.0,0.0,2,0.8241697323142203
10:41:51.801,247900,12395,-19.66601808253258,-43.20152504734297,-0.8700442854265851,1013.25,0.0,349.99948177481934,0.10734065589333319,0.7300107782493921,-8.823015036262012,12,1.0,0.0,0.0,0.0,2,0.8853814549835198
10:41:52.009,248000,12400,-19.666020696626404,-43.20151395010725,0.700734407258139,1013.25,0.0,349.99948177481934,-0.6956550642044897,0.6848309442960598,-9.5847439987702,12,1.0,0.0,0.0,0.0,2,0.9634326489826892
10:41:52.216,248100,12405,-19.666010361311955,-43.20151321560719,-1.2454780674611028,1013.25,0.0,349.99948177481934,1.1338727992299664,-0.12982181074319188,-8.384716791172435,12,1.0,0.0,0.0,0.0,2,0.8462032669255491
10:41:52.425,248200,12410,-19.66600618423837,-43.201508817537494,-0.6757236688044879,1013.25,0.0,349.99948177481934,1.1246940064106763,-0.5923444226487838,-9.45898794894108,12,1.0,0.0,0.0,0.0,2,0.9544017054747536
10:41:52.634,248300,12415,-19.666005706369315,-43.20150131720876,-0.07894371941296674,1013.25,0.0,349.99948177481934,0.6932471448881552,0.6498701639948097,-9.825611923663448,12,1.0,0.0,0.0,0.0,2,0.9871452401160812
10:41:52.842,248400,12420,-19.666003645944254,-43.201498318196116,0.4375279239615004,1013.25,0.0,349.99948177481934,0.35793634351473536,-0.886020938356053,-9.29991842959884,12,1.0,0.0,0.0,0.0,2,0.9348884121990505
10:41:53.049,248500,12425,-19.665993355067123,-43.20149943862866,1.8448244236725175,1013.25,0.0,349.99948177481934,-1.32377987984999,-0.1827096128866672,-8.973457227632473,12,1.0,0.0,0.0,0.0,2,0.9072414815752547
10:41:53.259,248600,12430,-19.6659949934354,-43.20149526343938,1.981940141223359,1013.25,0.0,349.99948177481934,-0.901206514771893,0.9671147912917499,-8.978234117850635,12,1.0,0.0,0.0,0.0,2,0.9075030141919076
10:41:53.472,248700,12435,-19.66598473152732,-43.20149410747053,-0.0706715104522111,1013.25,0.0,349.99948177481934,-1.14273140132622,-0.9159413573549354,-9.494418295025014,12,1.0,0.0,0.0,0.0,2,0.9606704033465165
10:41:53.681,248800,12440,-19.665989800105148,-43.20148704387086,-1.124243936495557,1013.25,0.0,349.99948177481934,-0.4755876778178323,-0.7999109411386289,-9.828870310736754,12,1.0,0.0,0.0,0.0,2,0.9872828001050554
10:41:53.893,248900,12445,-19.665975924342714,-43.201478911927325,-0.8478267148154361,1013.25,0.0,349.99948177481934,-1.1381115610374537,0.14281996445129863,-9.82779222525501,12,1.0,0.0,0.0,0.0,2,0.9894503296800492
10:41:54.102,249000,12450,-19.665978874603248,-43.20147805852542,-1.9184673396255545,1013.25,0.0,349.99948177481934,1.0122200228823601,1.2567189264986904,-9.244298964385225,12,1.0,0.0,0.0,0.0,2,0.9384082010398127
10:41:54.316,249100,12455,-19.665970122751748,-43.20147508644379,0.21242282492886355,1013.25,0.0,349.99948177481934,-1.4257590856567735,0.3644210101584524,-8.453922550728137,12,1.0,0.0,0.0,0.0,2,0.8581048778365468
10:41:54.525,249200,12460,-19.665966396570532,-43.201472309141884,1.632117198485508,1013.25,0.0,349.99948177481934,-0.724815820278438,0.4128605323494132,-9.79983365691333,12,1.0,0.0,0.0,0.0,2,0.9835270789137889
10:41:54.732,249300,12465,-19.66596750619617,-43.20146640252734,-1.2551248273619544,1013.25,0.0,349.99948177481934,1.0062730427678614,-0.3728199865199753,-9.01942808013725,12,1.0,0.0,0.0,0.0,2,0.9083042610916143
10:41:54.941,249400,12470,-19.665960691358855,-43.20145789014288,0.6211648946114989,1013.25,0.0,349.99948177481934,-0.5931351956616714,-0.8544843474424381,-9.812447957188493,12,1.0,0.0,0.0,0.0,2,0.9867425589934253
10:41:55.148,249500,12475,-19.665960188732093,-43.20145412524256,1.1774060889628868,1013.25,0.0,349.99948177481934,1.147165297848967,1.071706754510224,-8.6346938006571,12,1.0,0.0,0.0,0.0,2,0.8776245246080917
10:41:55.356,249600,12480,-19.665947603465874,-43.201448508509294,-1.816592947774685,1013.25,0.0,349.99948177481934,-0.5886212100447137,0.15340299021639026,-8.738563108148718,12,1.0,0.0,0.0,0.0,2,0.8759708476965408
10:41:55.564,249700,12485,-19.665943027365522,-43.20145111351785,-0.059619781828174734,1013.25,0.0,349.99948177481934,0.8743383434042422,0.7888339404933697,-8.585262059440941,12,1.0,0.0,0.0,0.0,2,0.8665647763075608
10:41:55.772,249800,12490,-19.665942103654842,-43.20144795108986,0.07182904601560214,1013.25,0.0,349.99948177481934,-1.4253697764452653,-0.3875284555672094,-9.271965949131102,12,1.0,0.0,0.0,0.0,2,0.9388887573366962
10:41:55.983,249900,12495,-19.665934281196307,-43.20144350599931,1.2044299704591301,1013.25,0.0,349.99948177481934,-0.9118543790271201,1.4650304655131903,-9.412988051760243,12,1.0,0.0,0.0,0.0,2,0.9569855627751853
10:41:56.191,250000,12500,-19.665933492298823,-43.20143124945096,-1.7172597158858856,1013.25,0.0,349.99948177481934,1.3462977305416626,-1.3756544205410732,-9.44318767946101,12,1.0,0.0,0.0,0.0,2,0.9637361475712117
10:41:56.400,250100,12505,-19.665934654568268,-43.2014345546464,-0.5908101887186201,1013.25,0.0,349.99948177481934,0.699144888418815,0.5163800283818416,-9.537256918352346,12,1.0,0.0,0.0,0.0,2,0.957678032719627
10:41:56.607,250200,12510,-19.665922336729608,-43.201423792840394,1.0862100145936657,1013.25,0.0,349.99948177481934,0.2692678998528302,0.47372301269236416,-8.235412539659539,12,1.0,0.0,0.0,0.0,2,0.8253419799878536
10:41:56.815,250300,12515,-19.66591786248799,-43.201419756999385,1.9532675232715007,1013.25,0.0,349.99948177481934,1.3190685908137976,1.3865854792487093,-9.15196577103601,12,1.0,0.0,0.0,0.0,2,0.9349921855970221
10:41:57.023,250400,12520,-19.665914024683367,-43.201421474924956,-1.2887754704706875,1013.25,0.0,349.99948177481934,0.7680134661228983,-0.5056612030288239,-9.600484935925623,12,1.0,0.0,0.0,0.0,2,0.9644420612008244
10:41:57.232,250500,12525,-19.66591894006664,-43.20141800702114,1.5642465247545294,1013.25,0.0,349.99948177481934,0.9468042124987512,1.0602282678171253,-9.74173050046421,12,1.0,0.0,0.0,0.0,2,0.9844888792686209
10:41:57.450,250600,12530,-19.665911488342967,-43.201407184289366,-1.0742436306970657,1013.25,0.0,349.99948177481934,0.8241856636851197,-1.2059459027629165,-9.680164959498818,12,1.0,0.0,0.0,0.0,2,0.9789748779806532
10:41:57.659,250700,12535,-19.665907915006336,-43.20141019123729,1.2909889391075322,1013.25,0.0,349.99948177481934,0.8477589332735511,0.7432971798351469,-8.83153513807162,12,1.0,0.0,0.0,0.0,2,0.8903212835908715
10:41:57.865,250800,12540,-19.66589686553344,-43.20140384018897,1.0244918014188644,1013.25,0.0,349.99948177481934,1.4817731700121306,-0.5107150016226601,-9.157249518701757,12,1.0,0.0,0.0,0.0,2,0.9290409048476489
10:41:58.073,250900,12545,-19.665897039810154,-43.2014013671215,0.35891197068731584,1013.25,0.0,349.99948177481934,-0.9692864383736036,0.8463096307937157,-8.671531732283118,12,1.0,0.0,0.0,0.0,2,0.8766482691181352
10:41:58.280,251000,12550,-19.665894432666153,-43.20139129381471,-1.9382958744500334,1013.25,0.0,349.99948177481934,-1.3623352438739684,0.6737903870396673,-8.938075319345097,12,1.0,0.0,0.0,0.0,2,0.9066374204534808
10:41:58.487,251100,12555,-19.665887815604226,-43.20139357372009,-0.9400099557609436,1013.25,0.0,349.99948177481934,-1.2759273168934055,-0.8087971517155512,-8.97947576590458,12,1.0,0.0,0.0,0.0,2,0.9105664631485482
10:41:58.695,251200,12560,-19.665884865286962,-43.20138318398642,0.8799985074236725,1013.25,0.0,349.99948177481934,0.9607499503629882,1.0894659686792947,-8.741000421775166,12,1.0,0.0,0.0,0.0,2,0.8860872696157327
10:41:58.903,251300,12565,-19.66587627086605,-43.201377882866026,-1.46599340321393,1013.25,0.0,349.99948177481934,0.8579747845531966,1.0727386405499715,-9.397043351022065,12,1.0,0.0,0.0,0.0,2,0.9496910690474355
10:41:59.110,251400,12570,-19.665878687207254,-43.201380220208044,1.7431163979885258,1013.25,0.0,349.99948177481934,0.8888952589444208,0.955768038086128,-8.310097866908622,12,1.0,0.0,0.0,0.0,2,0.8411976811760724
10:41:59.317,251500,12575,-19.6658685044263,-43.20137612531431,0.33292838260435875,1013.25,0.0,349.99948177481934,-0.8940100406824746,-0.9340541029179198,-8.728944138437868,12,1.0,0.0,0.0,0.0,2,0.882418136667576
10:41:59.526,251600,12580,-19.66586351372891,-43.201371182944406,-0.24845633583139026,1013.25,0.0,349.99948177481934,-0.27091706371028446,-0.668688441501046,-9.436956717664211,12,1.0,0.0,0.0,0.0,2,0.9464496414404423
10:41:59.735,251700,12585,-19.66586162131356,-43.20136648362593,-1.8634214018007307,1013.25,0.0,349.99948177481934,0.5154441272042423,0.045295999581401514,-9.771857854798562,12,1.0,0.0,0.0,0.0,2,0.9785547522251158
10:41:59.944,251800,12590,-19.665859286089923,-43.20135731349818,1.5655371697640241,1013.25,0.0,349.99948177481934,1.0431727781621842,-0.09262763013672526,-9.684613237979503,12,1.0,0.0,0.0,0.0,2,0.9741074011227469
10:42:00.152,251900,12595,-19.6658601112145,-43.20135787650494,-1.994222028858927,1013.25,0.0,349.99948177481934,-0.21121993357778912,0.19402930282966002,-8.351149244097888,12,1.0,0.0,0.0,0.0,2,0.8356072936965898
10:42:00.362,252000,12600,-19.665846477414306,-43.201353445249914,-1.7438479782653498,1013.25,0.0,349.99948177481934,-0.7034021891339939,0.41383392627190574,-9.269413252547817,12,1.0,0.0,0.0,0.0,2,0.9305270291868004
10:42:00.575,252100,12605,-19.66585014645256,-43.20135112574591,0.19235397582774727,1013.25,0.0,349.99948177481934,1.1791855851965596,-1.4759796982696611,-9.020564462419088,12,1.0,0.0,0.0,0.0,2,0.921626702817891
10:42:00.782,252200,12610,-19.66584129350725,-43.20134553485949,0.5990504525009483,1013.25,0.0,349.99948177481934,0.961194188658645,0.5746016133033458,-9.829260582086787,12,1.0,0.0,0.0,0.0,2,0.9892847157056812
10:42:00.993,252300,12615,-19.665839743671906,-43.20134082493831,0.7188343145390181,1013.25,0.0,349.99948177481934,-1.1363568950168288,-1.0087627493359483,-8.5394695102779,12,1.0,0.0,0.0,0.0,2,0.8673606446817033
10:42:01.201,252400,12620,-19.66583291570004,-43.20133408859464,-0.6417601747873012,1013.25,0.0,349.99948177481934,0.5105895899234021,1.2627022011470386,-8.636031311315921,12,1.0,0.0,0.0,0.0,2,0.8742777326922418
10:42:01.417,252500,12625,-19.66583415830262,-43.201333039298035,1.8802104697732283,1013.25,0.0,349.99948177481934,-0.7319774475011819,-0.11499484948762628,-9.999620538599173,12,1.0,0.0,0.0,0.0,2,1.0027034741888223
10:42:01.627,252600,12630,-19.665827025342058,-43.20132349437297,-1.6916499916833194,1013.25,0.0,349.99948177481934,0.0019663251543597937,1.067300449445261,-8.806724027144003,12,1.0,0.0,0.0,0.0,2,0.8871162393175777
10:42:01.835,252700,12635,-19.665826166737418,-43.20132437005394,-0.5278382906805974,1013.25,0.0,349.99948177481934,0.4233665228511083,0.4159639003096287,-8.364604292070736,12,1.0,0.0,0.0,0.0,2,0.8385634748900052
10:42:02.042,252800,12640,-19.665818812366442,-43.20132002778961,-0.814628114998603,1013.25,0.0,349.99948177481934,0.5464267370155551,-1.4953288752602987,-8.614539052884417,12,1.0,0.0,0.0,0.0,2,0.8760415156702532
10:42:02.251,252900,12645,-19.66581560068199,-43.20131793188686,-1.5201572551500324,1013.25,0.0,349.99948177481934,1.322617378872021,-0.5219857628211266,-8.725491271925224,12,1.0,0.0,0.0,0.0,2,0.8840587299717453
10:42:02.468,253000,12650,-19.665808978520918,-43.20130847787851,-1.5417604112283159,1013.25,0.0,349.99948177481934,-1.4231199495415607,-1.0668921017707471,-8.889942750787169,12,1.0,0.0,0.0,0.0,2,0.9066124379241514
10:42:02.686,253100,12655,-19.665805031960222,-43.201307105358005,1.2340927193403322,1013.25,0.0,349.99948177481934,1.3628076681671688,0.7397977932650068,-9.225519558166717,12,1.0,0.0,0.0,0.0,2,0.9354932208918012
10:42:02.895,253200,12660,-19.665804960711675,-43.20129906749654,0.7436510502318576,1013.25,0.0,349.99948177481934,-1.1498040379667978,0.8037000877641516,-8.506608204549012,12,1.0,0.0,0.0,0.0,2,0.8621506034475499
10:42:03.103,253300,12665,-19.665799155936877,-43.201299369114174,0.13394061366602328,1013.25,0.0,349.99948177481934,0.7461497445952849,-1.249082678954046,-8.12611880780781,12,1.0,0.0,0.0,0.0,2,0.8255346985974028
10:42:03.313,253400,12670,-19.665794783246074,-43.201294604660745,0.7259570854130994,1013.25,0.0,349.99948177481934,1.3754170594201307,0.9686375211727736,-8.948850362590598,12,1.0,0.0,0.0,0.0,2,0.9105600120080255
10:42:03.524,253500,12675,-19.665789606103367,-43.20128557954886,-1.08873319136211,1013.25,0.0,349.99948177481934,0.21250430423781475,-1.4794379523801995,-9.689355667257722,12,1.0,0.0,0.0,0.0,2,0.9803953691286076
10:42:03.733,253600,12680,-19.665782074918475,-43.201285748328594,0.9627995075746072,1013.25,0.0,349.99948177481934,1.4486967882886574,-0.1106650791623287,-8.877246128308101,12,1.0,0.0,0.0,0.0,2,0.8995358134432728
10:42:03.941,253700,12685,-19.665775273308792,-43.20128199258676,0.25375578474604854,1013.25,0.0,349.99948177481934,-0.29653349294618137,-0.032026015536786634,-9.230357051390445,12,1.0,0.0,0.0,0.0,2,0.9235174555700794
10:42:04.149,253800,12690,-19.66577396403262,-43.201273333004565,1.0872875213429967,1013.25,0.0,349.99948177481934,-1.3669344262398821,-0.18114079017464868,-8.628958448395116,12,1.0,0.0,0.0,0.0,2,0.8738434963746902
10:42:04.357,253900,12695,-19.66577031922664,-43.20126727014618,-0.02279574322252431,1013.25,0.0,349.99948177481934,-0.09688222606788721,-1.158024488389657,-9.832493295466207,12,1.0,0.0,0.0,0.0,2,0.9900925779280739
10:42:04.570,254000,12700,-19.66576294349338,-43.20126869235576,-1.4725850004559216,1013.25,0.0,349.99948177481934,-0.9059049791984197,-0.3184766933895502,-9.739363400770602,12,1.0,0.0,0.0,0.0,2,0.9786587285046752
10:42:04.778,254100,12705,-19.66576076251545,-43.20126286787465,0.6902650712866816,1013.25,0.0,349.99948177481934,-0.04086641274759906,1.2455255847990578,-8.648416695544217,12,1.0,0.0,0.0,0.0,2,0.8737740862823058
10:42:04.986,254200,12710,-19.665758505129567,-43.20126011661998,0.7490612533554324,1013.25,0.0,349.99948177481934,0.6947444290903673,-1.0124514376976657,-9.583445531890082,12,1.0,0.0,0.0,0.0,2,0.9661788447184722
10:42:05.200,254300,12715,-19.665753708740503,-43.201250339080794,0.4640102351218163,1013.25,0.0,349.99948177481934,-0.923386921324407,-0.06885443660954182,-8.44429055282725,12,1.0,0.0,0.0,0.0,2,0.8494905960661443
10:42:05.408,254400,12720,-19.665752077745886,-43.20124762974384,-0.2396581397679407,1013.25,0.0,349.99948177481934,0.5563510938113136,-1.093190886994039,-8.339530069204809,12,1.0,0.0,0.0,0.0,2,0.8429255876420115
10:42:05.617,254500,12725,-19.665744650422642,-43.201249725777835,-1.7802669323148868,1013.25,0.0,349.99948177481934,-0.3823952548326792,0.03105974355299601,-8.861218681253439,12,1.0,0.0,0.0,0.0,2,0.8869520131077163
10:42:05.826,254600,12730,-19.665738167404974,-43.20123933283341,-0.2815540644830259,1013.25,0.0,349.99948177481934,-1.4453185060194276,-1.0769227125012821,-9.990713512887895,12,1.0,0.0,0.0,0.0,2,1.0151998059945844
10:42:06.035,254700,12735,-19.66574211429092,-43.20123895659444,1.55249305837931,1013.25,0.0,349.99948177481934,-0.4330836368114661,0.45571743231653317,-9.868013082429766,12,1.0,0.0,0.0,0.0,2,0.9888019114544431
10:42:06.243,254800,12740,-19.66572996399775,-43.20123129412959,1.025011955880105,1013.25,0.0,349.99948177481934,-0.45074904078287803,1.2273166739405124,-8.075286639849812,12,1.0,0.0,0.0,0.0,2,0.8180448351504701
10:42:06.453,254900,12745,-19.665728149103614,-43.20122972762516,-0.6486536670797993,1013.25,0.0,349.99948177481934,-0.2841105581032175,-0.9732398126801474,-8.464588096279035,12,1.0,0.0,0.0,0.0,2,0.8525090391419914
10:42:06.660,255000,12750,-19.66572183370994,-43.20122275936339,0.2745519233655256,1013.25,0.0,349.99948177481934,-0.1740379063402444,-0.32192530491233606,-8.091646307835564,12,1.0,0.0,0.0,0.0,2,0.8099917596241033
10:42:06.867,255100,12755,-19.66572152320917,-43.201224409425166,1.91219749600263,1013.25,0.0,349.99948177481934,-0.042307379172751514,-0.797403264030914,-8.092692279190599,12,1.0,0.0,0.0,0.0,2,0.8131993003285896
10:42:07.074,255200,12760,-19.665718328923823,-43.20122019806992,1.858819424783376,1013.25,0.0,349.99948177481934,0.7518586766506581,0.7381071943736539,-9.99410944627412,12,1.0,0.0,0.0,0.0,2,1.0049493386442254
10:42:07.282,255300,12765,-19.66571145396526,-43.20120944742564,1.3292674559842381,1013.25,0.0,349.99948177481934,1.2715008253312474,1.4719162250862277,-9.426487543423288,12,1.0,0.0,0.0,0.0,2,0.9625067227235589
10:42:07.491,255400,12770,-19.665711460655558,-43.201210303121535,-1.7501369687274297,1013.25,0.0,349.99948177481934,0.6180618229782637,-1.0968888292573205,-8.951928883058944,12,1.0,0.0,0.0,0.0,2,0.904003297826494
10:42:07.699,255500,12775,-19.665701790746,-43.20120346315599,-0.8412903802942888,1013.25,0.0,349.99948177481934,-0.34336176260254314,-0.23173450630029535,-8.1307443259189,12,1.0,0.0,0.0,0.0,2,0.814128991468122
10:42:07.907,255600,12780,-19.665697912569872,-43.20119992625979,0.8906690076303527,1013.25,0.0,349.99948177481934,-1.376416143271855,1.493411475313526,-9.954492903193447,12,1.0,0.0,0.0,0.0,2,1.015956338598201
10:42:08.117,255700,12785,-19.66569219987332,-43.20119653387106,1.4478510352968463,1013.25,0.0,349.99948177481934,0.17102713303662354,-1.486703266145137,-8.09973583159195,12,1.0,0.0,0.0,0.0,2,0.8236823260418782
10:42:08.326,255800,12790,-19.665693107284728,-43.20119565697802,1.7080455844905966,1013.25,0.0,349.99948177481934,-1.4270873921701082,-1.0352949430332792,-9.26343663775344,12,1.0,0.0,0.0,0.0,2,0.9429722815949253
10:42:08.536,255900,12795,-19.66568720016774,-43.20119019877061,0.04555756736844385,1013.25,0.0,349.99948177481934,-0.9191489857828234,-1.0734153612720037,-8.02121061825852,12,1.0,0.0,0.0,0.0,2,0.814474524944418
10:42:08.746,256000,12800,-19.66568157888823,-43.20118505504437,-0.5811995188917187,1013.25,0.0,349.99948177481934,0.3773446852992648,-1.2454577530682485,-8.190840795384405,12,1.0,0.0,0.0,0.0,2,0.8293577452555372
10:42:08.953,256100,12805,-19.665675955276114,-43.201176417619436,1.8852084852138304,1013.25,0.0,349.99948177481934,-0.7446139419123885,-0.8371935488621568,-9.671340396935326,12,1.0,0.0,0.0,0.0,2,0.9736024241657365
10:42:09.161,256200,12810,-19.665670647184797,-43.2011714511731,1.1105232182179,1013.25,0.0,349.99948177481934,-0.5765554486870313,-0.9874126252267309,-9.415577830711849,12,1.0,0.0,0.0,0.0,2,0.9484751223098068
10:42:09.370,256300,12815,-19.665669136438616,-43.201166240799914,-1.0200409475238996,1013.25,0.0,349.99948177481934,-1.3015766322708706,0.5296835909282125,-8.920625892886962,12,1.0,0.0,0.0,0.0,2,0.9030627484124096
10:42:09.580,256400,12820,-19.66567179210175,-43.20116939840413,-0.5617240184579488,1013.25,0.0,349.99948177481934,1.4743494865645297,0.40065714472211345,-8.397979579629643,12,1.0,0.0,0.0,0.0,2,0.8535824129867393
10:42:09.788,256500,12825,-19.665662072440764,-43.20116335626243,1.4182905489403037,1013.25,0.0,349.99948177481934,0.9517156608169643,-0.43767385043591833,-8.027269281758564,12,1.0,0.0,0.0,0.0,2,0.8095330334227525
10:42:09.994,256600,12830,-19.66566351862264,-43.20116330125421,-1.9696451638579942,1013.25,0.0,349.99948177481934,1.3699190879932077,1.3602699340948745,-8.853340986004886,12,1.0,0.0,0.0,0.0,2,0.9061382853390789
10:42:10.203,256700,12835,-19.66565702787199,-43.20115873555511,-0.16538211343560283,1013.25,0.0,349.99948177481934,0.8310338838217026,-1.4741658721719,-8.923338985321422,12,1.0,0.0,0.0,0.0,2,0.9082387405395856
10:42:10.410,256800,12840,-19.665647228864085,-43.20114707328428,-0.5951734888217048,1013.25,0.0,349.99948177481934,-0.25346623450675465,1.0011151205277993,-8.230313454453407,12,1.0,0.0,0.0,0.0,2,0.8294849979061779
10:42:10.621,256900,12845,-19.66564551821615,-43.201144313576044,0.9033929993480818,1013.25,0.0,349.99948177481934,-0.8384060802135026,-0.28328438530174926,-8.058048895351655,12,1.0,0.0,0.0,0.0,2,0.8106499046948245
10:42:10.831,257000,12850,-19.665644879111873,-43.201138078535855,-1.708483109455854,1013.25,0.0,349.99948177481934,0.20354588342858082,-0.2842883634625757,-8.290657018179694,12,1.0,0.0,0.0,0.0,2,0.8298026548122943
10:42:11.039,257100,12855,-19.665641084359407,-43.201137732244135,1.8460686991671347,1013.25,0.0,349.99948177481934,1.2400162161092023,1.366862380534248,-9.760573746009856,12,1.0,0.0,0.0,0.0,2,0.9933516639882898
10:42:11.246,257200,12860,-19.66563600267554,-43.20113014025394,-0.4609177136237541,1013.25,0.0,349.99948177481934,0.3737345922885309,-0.9167547854517442,-9.677241545518875,12,1.0,0.0,0.0,0.0,2,0.9727750038546339
10:42:11.454,257300,12865,-19.665628355718543,-43.20113424759466,0.27184205392863836,1013.25,0.0,349.99948177481934,-0.1073708684745438,-0.3902454733558254,-9.850539257940286,12,1.0,0.0,0.0,0.0,2,0.9858851033720635
10:42:11.663,257400,12870,-19.665621987903855,-43.20112585514357,-1.677945111459477,1013.25,0.0,349.99948177481934,0.8580759350781744,-1.246557079024038,-8.57796839361657,12,1.0,0.0,0.0,0.0,2,0.8710438601098689
10:42:11.870,257500,12875,-19.665624370848576,-43.20112473768262,-0.9088793632089818,1013.25,0.0,349.99948177481934,-0.31465803689376903,-0.8486842089020908,-8.220509953507648,12,1.0,0.0,0.0,0.0,2,0.827019095682439
10:42:12.082,257600,12880,-19.665613228190246,-43.201121564396715,0.04586296168409687,1013.25,0.0,349.99948177481934,-0.5525770596333311,-1.280800388664476,-8.79501034400037,12,1.0,0.0,0.0,0.0,2,0.8904942335215295
10:42:12.290,257700,12885,-19.665617076244065,-43.201114451533044,-1.6180221097240977,1013.25,0.0,349.99948177481934,-0.7177189897500936,-0.43412084521905747,-8.319437601726847,12,1.0,0.0,0.0,0.0,2,0.8361616079773585
10:42:12.498,257800,12890,-19.665609736438622,-43.201107376432425,0.2922055676946238,1013.25,0.0,349.99948177481934,1.3747499631968845,-0.25792731791224766,-8.794467675945452,12,1.0,0.0,0.0,0.0,2,0.8905005652209583
10:42:12.705,257900,12895,-19.665605151328528,-43.20110194087508,-1.8965836742735647,1013.25,0.0,349.99948177481934,-0.2940527474952479,-1.2624520676694402,-8.720645011031731,12,1.0,0.0,0.0,0.0,2,0.8816456297736919
10:42:12.913,258000,12900,-19.6656019576565,-43.20109993137986,1.222278213387305,1013.25,0.0,349.99948177481934,1.3047631557075947,-0.6740647544213973,-8.695645058645049,12,1.0,0.0,0.0,0.0,2,0.8818787511420334
10:42:13.123,258100,12905,-19.66559936881265,-43.201094870648774,1.0231634816510589,1013.25,0.0,349.99948177481934,0.6884846978041361,-1.1484782478271218,-9.244609836754027,12,1.0,0.0,0.0,0.0,2,0.9341082619196334
10:42:13.329,258200,12910,-19.665589368854842,-43.20108729630836,0.15155788398579517,1013.25,0.0,349.99948177481934,1.114931517337837,0.2673508793819128,-9.175485552240808,12,1.0,0.0,0.0,0.0,2,0.9246841833860864
10:42:13.537,258300,12915,-19.665589037167326,-43.201086307431574,0.017681814927787087,1013.25,0.0,349.99948177481934,0.0875146431276761,-0.12868395541313626,-8.177418087608126,12,1.0,0.0,0.0,0.0,2,0.817889876161107
10:42:13.744,258400,12920,-19.66558627473156,-43.20107987211089,0.25034897651573473,1013.25,0.0,349.99948177481934,0.5296052994807114,0.5941774987926958,-9.127383053971498,12,1.0,0.0,0.0,0.0,2,0.9162022161468267
10:42:13.952,258500,12925,-19.6655770915501,-43.201079199881384,-1.9870902003042965,1013.25,0.0,349.99948177481934,1.1743561881653521,1.2103751240171126,-9.563697477794035,12,1.0,0.0,0.0,0.0,2,0.9711252743301746
10:42:14.159,258600,12930,-19.665571581000357,-43.201077763240875,0.5455753476028766,1013.25,0.0,349.99948177481934,1.4736169920629094,0.5455350034523754,-8.443464133472741,12,1.0,0.0,0.0,0.0,2,0.8588436531320989
10:42:14.368,258700,12935,-19.665572744977613,-43.20106836138653,-0.8638429288419585,1013.25,0.0,349.99948177481934,-0.15976254641062537,-1.3688687914491005,-9.238044748429656,12,1.0,0.0,0.0,0.0,2,0.9340278187154155
10:42:14.575,258800,12940,-19.665565674923357,-43.201064219205364,1.6402316114007571,1013.25,0.0,349.99948177481934,-1.1703049509945305,1.3561860268869044,-9.592983501573155,12,1.0,0.0,0.0,0.0,2,0.9758800473383005
10:42:14.783,258900,12945,-19.66556120107197,-43.201058883700306,0.4373594218631931,1013.25,0.0,349.99948177481934,-0.8216015850915088,1.0256249873943246,-8.320029349553822,12,1.0,0.0,0.0,0.0,2,0.8423171858440828
10:42:14.990,259000,12950,-19.665561882122244,-43.201054691300925,-0.3592541234002735,1013.25,0.0,349.99948177481934,0.7015729570945193,1.4803584799808527,-8.675672053481026,12,1.0,0.0,0.0,0.0,2,0.8828983600784932
10:42:15.197,259100,12955,-19.665551475817058,-43.201050717529625,-1.104311408796931,1013.25,0.0,349.99948177481934,-1.285051516315693,0.21693140168202785,-8.115533979996801,12,1.0,0.0,0.0,0.0,2,0.8219507796279757
10:42:15.407,259200,12960,-19.66555459874526,-43.201046037870235,0.01510142858031882,1013.25,0.0,349.99948177481934,1.077098679124513,0.9916617117604174,-9.490774884701736,12,1.0,0.0,0.0,0.0,2,0.9603038187325335
10:42:15.616,259300,12965,-19.6655460251355,-43.20104602339009,0.4663035259095718,1013.25,0.0,349.99948177481934,1.1141378421667252,-0.3896367208006619,-8.188555551305011,12,1.0,0.0,0.0,0.0,2,0.8273183300420242
10:42:15.824,259400,12970,-19.665543595862193,-43.20103938507617,-1.5384013427374907,1013.25,0.0,349.99948177481934,1.009245905346746,-0.896577981488177,-8.207660326783891,12,1.0,0.0,0.0,0.0,2,0.831793949330066
10:42:16.032,259500,12975,-19.6655415076738,-43.20103523088667,0.9050599362541516,1013.25,0.0,349.99948177481934,1.3405138363823506,0.052117478586527266,-8.356319021269247,12,1.0,0.0,0.0,0.0,2,0.8463318566752227
10:42:16.239,259600,12980,-19.665531258295264,-43.20103517415171,-1.1950322466905172,1013.25,0.0,349.99948177481934,-0.18827055585495578,1.2467367968503567,-8.749377888954706,12,1.0,0.0,0.0,0.0,2,0.8839763112581249
10:42:16.447,259700,12985,-19.66553422712085,-43.20103064641957,-1.0329367050471694,1013.25,0.0,349.99948177481934,-0.9956446166314513,-0.2650536716161431,-9.767504807023382,12,1.0,0.0,0.0,0.0,2,0.9821695974050982
10:42:16.658,259800,12990,-19.665521278203485,-43.201022891026284,1.290355808046764,1013.25,0.0,349.99948177481934,-0.025125313601490618,0.4739475039762311,-9.813284009892351,12,1.0,0.0,0.0,0.0,2,0.9824754479208005
10:42:16.866,259900,12995,-19.665525788868052,-43.20102428243199,0.4170234188294586,1013.25,0.0,349.99948177481934,0.9886049726853354,0.5333856040116336,-8.6998261687602,12,1.0,0.0,0.0,0.0,2,0.8772047387083008
10:42:17.074,260000,13000,-19.66551759967543,-43.20101426118423,1.7357713456104285,1013.25,0.0,349.99948177481934,-0.030972230532110068,-0.4581637014166655,-8.182165697883914,12,1.0,0.0,0.0,0.0,2,0.8195041718257944
10:42:17.283,260100,13005,-19.66551687524769,-43.20101160811476,-1.8529983288608287,1013.25,0.0,349.99948177481934,-0.8712531719725026,1.168902191723753,-9.468882434879578,12,1.0,0.0,0.0,0.0,2,0.9580456616939496
10:42:17.492,260200,13010,-19.665509345111015,-43.20101300326995,-1.6334017981858087,1013.25,0.0,349.99948177481934,-0.1060950436360093,-0.3503942504665045,-9.52770434632844,12,1.0,0.0,0.0,0.0,2,0.9534735570538386
10:42:17.708,260300,13015,-19.665505819075094,-43.20100816261829,1.607502785658168,1013.25,0.0,349.99948177481934,-1.3187689527621453,0.1720401339756794,-8.57979524645352,12,1.0,0.0,0.0,0.0,2,0.868225983425595
10:42:17.916,260400,13020,-19.665502582687004,-43.20099988569765,-1.2018630414097338,1013.25,0.0,349.99948177481934,1.130784972988879,0.8305388292970619,-8.11485720926149,12,1.0,0.0,0.0,0.0,2,0.8235252086536926
10:42:18.127,260500,13025,-19.66549266850006,-43.20099521267954,1.4735629802598758,1013.25,0.0,349.99948177481934,0.7651253664574216,1.33621239590184,-8.776283083494777,12,1.0,0.0,0.0,0.0,2,0.8910332494076466
10:42:18.339,260600,13030,-19.665493576731127,-43.200990351438385,1.1686426353911914,1013.25,0.0,349.99948177481934,0.25860233727423987,-0.030741853537096686,-8.457004174000458,12,1.0,0.0,0.0,0.0,2,0.8461012931644993
10:42:18.547,260700,13035,-19.665485181861545,-43.2009872376396,-1.1572938630803162,1013.25,0.0,349.99948177481934,0.8533018096367737,-0.49563808920718877,-8.292196167788926,12,1.0,0.0,0.0,0.0,2,0.8350706459868871
10:42:18.754,260800,13040,-19.665480688996126,-43.2009876472953,-1.0865685282596602,1013.25,0.0,349.99948177481934,0.8825530769917385,0.2073957853551267,-9.373769401057642,12,1.0,0.0,0.0,0.0,2,0.9417508467195301
10:42:18.962,260900,13045,-19.66547783825427,-43.20098014134624,-1.8218424724167641,1013.25,0.0,349.99948177481934,0.3942062153871675,-1.0914144567300137,-9.672217686418856,12,1.0,0.0,0.0,0.0,2,0.9741579904208705
10:42:19.170,261000,13050,-19.66547187081439,-43.200975585618764,-1.8032015668956958,1013.25,0.0,349.99948177481934,0.7842493485329496,-0.9488228683899688,-8.040398827669472,12,1.0,0.0,0.0,0.0,2,0.8134084163828326
10:42:19.378,261100,13055,-19.665473371767455,-43.20097132785821,1.7595493704202214,1013.25,0.0,349.99948177481934,-0.8052822762531701,-0.18106791426725355,-8.033645617818038,12,1.0,0.0,0.0,0.0,2,0.8075935057113297
10:42:19.587,261200,13060,-19.66546441240277,-43.200970008830915,-0.11294820295338903,1013.25,0.0,349.99948177481934,-0.9877610835557846,-0.47083222856562745,-9.627420622778729,12,1.0,0.0,0.0,0.0,2,0.9689405698676702
10:42:19.801,261300,13065,-19.66545862523622,-43.200965873039834,-0.04150828492546399,1013.25,0.0,349.99948177481934,0.276509651851385,-1.0607659462900172,-9.653471510845367,12,1.0,0.0,0.0,0.0,2,0.9715513068854298
10:42:20.010,261400,13070,-19.66546137000777,-43.20096316621619,-1.4380403334166525,1013.25,0.0,349.99948177481934,-1.4980563662737154,-0.3322002819958707,-9.86982869957628,12,1.0,0.0,0.0,0.0,2,0.9988395690143185
10:42:20.218,261500,13075,-19.665451363031945,-43.20095106753035,-1.489537573272516,1013.25,0.0,349.99948177481934,0.9750702537622566,0.8697629754342819,-9.6706754873266,12,1.0,0.0,0.0,0.0,2,0.9758545691566335
10:42:20.426,261600,13080,-19.665448823456906,-43.200948935740456,-0.944616710967134,1013.25,0.0,349.99948177481934,0.25349287720805824,1.3555452509843198,-8.155669049144509,12,1.0,0.0,0.0,0.0,2,0.827143876272049
10:42:20.637,261700,13085,-19.66544802150711,-43.20094881370987,1.9148027766360518,1013.25,0.0,349.99948177481934,0.5518064453951101,0.7260329499548961,-9.256211443847713,12,1.0,0.0,0.0,0.0,2,0.9301024916148605
10:42:20.845,261800,13090,-19.665437435975555,-43.20094314271029,0.30920966386898074,1013.25,0.0,349.99948177481934,1.036270914281677,-0.45696643522853586,-9.837049724729013,12,1.0,0.0,0.0,0.0,2,0.9902031257146325
10:42:21.052,261900,13095,-19.665442298487662,-43.2009385494341,1.8757097717235434,1013.25,0.0,349.99948177481934,0.9365371869560071,-1.4799589407419482,-9.13721994049425,12,1.0,0.0,0.0,0.0,2,0.9303556771998505
10:42:21.260,262000,13100,-19.665433923247218,-43.20093284638148,1.5619797195730833,1013.25,0.0,349.99948177481934,0.9974904604094736,0.3861378760286476,-9.20462866431269,12,1.0,0.0,0.0,0.0,2,0.9266567785636636
10:42:21.472,262100,13105,-19.665432670272466,-43.20092648116349,1.3965413719877575,1013.25,0.0,349.99948177481934,0.2552044847774875,-0.4323970496655374,-9.506239705836068,12,1.0,0.0,0.0,0.0,2,0.9519490001172554
10:42:21.681,262200,13110,-19.66542351621436,-43.20092334087988,-1.8527244161287664,1013.25,0.0,349.99948177481934,0.5895536941961814,1.1611900745561,-9.691634038904622,12,1.0,0.0,0.0,0.0,2,0.9778737458979185
10:42:21.895,262300,13115,-19.66542291409774,-43.200925023782396,0.39314033431846385,1013.25,0.0,349.99948177481934,-1.3190875412259055,0.1442126163093529,-9.14666199767802,12,1.0,0.0,0.0,0.0,2,0.9242413911954359
10:42:22.103,262400,13120,-19.66541395351069,-43.200914615679956,0.8646264268833956,1013.25,0.0,349.99948177481934,0.5734515556979911,-0.24170091835079432,-9.917949089566395,12,1.0,0.0,0.0,0.0,2,0.9937453404363462
10:42:22.311,262500,13125,-19.665413673857387,-43.200910940904265,-0.333274020983521,1013.25,0.0,349.99948177481934,-0.46630410692390356,-1.2391573695523348,-8.706593731649034,12,1.0,0.0,0.0,0.0,2,0.8806686375399105
10:42:22.520,262600,13130,-19.665406160085386,-43.200912325322705,-1.938245266356482,1013.25,0.0,349.99948177481934,-1.2547760127646002,-1.4886308674662732,-9.070949695996687,12,1.0,0.0,0.0,0.0,2,0.9277532704824338
10:42:22.729,262700,13135,-19.665403413867388,-43.20090843362307,-0.6579373554268484,1013.25,0.0,349.99948177481934,-1.2122506045984434,-0.5647311107224,-8.245386483927312,12,1.0,0.0,0.0,0.0,2,0.8353135400859864
10:42:22.937,262800,13140,-19.66539758079205,-43.20090267025934,-1.593591249285827,1013.25,0.0,349.99948177481934,0.7238789669847043,-0.5046312570427282,-8.259719873517673,12,1.0,0.0,0.0,0.0,2,0.8306721727216471
10:42:23.145,262900,13145,-19.665392848412697,-43.200900246721815,-1.2205475900137768,1013.25,0.0,349.99948177481934,0.41718363378028456,-0.2633909733349653,-9.254834630468673,12,1.0,0.0,0.0,0.0,2,0.9267976101957249
10:42:23.352,263000,13150,-19.665393828866335,-43.20089366496612,0.8370362087185379,1013.25,0.0,349.99948177481934,0.9886823372682056,1.212647664735476,-8.44654799468919,12,1.0,0.0,0.0,0.0,2,0.8590237490861503
10:42:23.561,263100,13155,-19.665387495573395,-43.200891071211096,-0.9944770297051448,1013.25,0.0,349.99948177481934,0.6067342991476878,0.7887293176780368,-8.080628799113985,12,1.0,0.0,0.0,0.0,2,0.8141669499273316
10:42:23.770,263200,13160,-19.665384651457362,-43.20088083423201,1.6471671417463463,1013.25,0.0,349.99948177481934,1.0136628147459228,0.29200220522397125,-9.053339105933327,12,1.0,0.0,0.0,0.0,2,0.9114588666356588
10:42:23.978,263300,13165,-19.665375824372386,-43.20087737689594,1.2844044095924585,1013.25,0.0,349.99948177481934,1.4028867263493572,1.4301871561051014,-9.136291097993142,12,1.0,0.0,0.0,0.0,2,0.935335990410526
10:42:24.185,263400,13170,-19.66537841582884,-43.20087380906743,0.016360551350559138,1013.25,0.0,349.99948177481934,0.6853581939878235,1.4775738356656198,-8.217493399971623,12,1.0,0.0,0.0,0.0,2,0.8377358657267042
10:42:24.392,263500,13175,-19.665372352580132,-43.20087541775642,0.5036899344689534,1013.25,0.0,349.99948177481934,-0.5021978094489388,-0.10445927454430737,-8.111480286978393,12,1.0,0.0,0.0,0.0,2,0.8127682746385511
10:42:24.599,263600,13180,-19.665368307875106,-43.20086971449542,1.705970177754017,1013.25,0.0,349.99948177481934,0.2609162555414688,0.9408209106094167,-8.251510570181967,12,1.0,0.0,0.0,0.0,2,0.8309070222839042
10:42:24.812,263700,13185,-19.665359649861625,-43.200862337386276,-0.08729803992994345,1013.25,0.0,349.99948177481934,-0.4379533235547961,1.279637955997285,-8.73386173400421,12,1.0,0.0,0.0,0.0,2,0.883796453945956
10:42:25.020,263800,13190,-19.6653590631402,-43.200862287944865,-0.3437665049563079,1013.25,0.0,349.99948177481934,1.219023136533052,-0.32402780739056514,-9.562008295672152,12,1.0,0.0,0.0,0.0,2,0.9644843911327352
10:42:25.229,263900,13195,-19.66535411013586,-43.200856655529435,1.3250655234869249,1013.25,0.0,349.99948177481934,-0.6150085251538557,-1.4529105760050438,-8.201183416426918,12,1.0,0.0,0.0,0.0,2,0.8351562372260363
10:42:25.440,264000,13200,-19.665353507173517,-43.20085172627705,-1.6959350643138125,1013.25,0.0,349.99948177481934,0.271074874997425,1.2770235956054377,-9.057028048087044,12,1.0,0.0,0.0,0.0,2,0.9150629919050565
10:42:25.648,264100,13205,-19.665345883534787,-43.200842772131026,-0.6371466370447751,1013.25,0.0,349.99948177481934,0.5066080597064686,1.0336616697129655,-9.40958382563907,12,1.0,0.0,0.0,0.0,2,0.9479735014509729
10:42:25.859,264200,13210,-19.6653454958815,-43.200841198952006,-1.6531792310163218,1013.25,0.0,349.99948177481934,0.5418482401879712,-0.4406345233475475,-9.093531726998467,12,1.0,0.0,0.0,0.0,2,0.9120311264890484
10:42:26.067,264300,13215,-19.66534186169271,-43.20083318885456,-0.8573655522204611,1013.25,0.0,349.99948177481934,0.9688286298881721,-1.1870907654588454,-9.049651675375028,12,1.0,0.0,0.0,0.0,2,0.9178453510540145
10:42:26.276,264400,13220,-19.6653318973443,-43.20083793863632,0.3776021276022479,1013.25,0.0,349.99948177481934,0.8744639726673089,-1.022656958550539,-8.401469193862198,12,1.0,0.0,0.0,0.0,2,0.8508536837187723
10:42:26.484,264500,13225,-19.66532618784368,-43.20083110364317,0.8066163699681916,1013.25,0.0,349.99948177481934,0.7769303469790696,-1.346157687836574,-8.302550814679558,12,1.0,0.0,0.0,0.0,2,0.8446781121522844
10:42:26.692,264600,13230,-19.665329482941644,-43.20082024704947,0.152144718543739,1013.25,0.0,349.99948177481934,-0.25941782588729634,0.17065193377453625,-8.271711893479498,12,1.0,0.0,0.0,0.0,2,0.8277538120698646
10:42:26.900,264700,13235,-19.665318421650543,-43.200818746941984,1.9940610018445994,1013.25,0.0,349.99948177481934,0.8383135910429536,0.6049632973514036,-9.575838470082907,12,1.0,0.0,0.0,0.0,2,0.9631481333273163
10:42:27.108,264800,13240,-19.66531796907741,-43.20081303580693,1.793439203052709,1013.25,0.0,349.99948177481934,-0.4089771401621207,1.2876721799248045,-9.746144480702323,12,1.0,0.0,0.0,0.0,2,0.983934419475464
10:42:27.317,264900,13245,-19.66531641320403,-43.200807790694576,0.02362422940958897,1013.25,0.0,349.99948177481934,-1.3628361521814183,-1.0345095024118498,-8.545974187163647,12,1.0,0.0,0.0,0.0,2,0.8715572677451576
10:42:27.524,265000,13250,-19.665312207345178,-43.20080484905734,-0.20497395301861765,1013.25,0.0,349.99948177481934,-0.9326103576859122,0.3959020432555067,-8.175340291723417,12,1.0,0.0,0.0,0.0,2,0.8237881365532843
10:42:27.732,265100,13255,-19.66530475875356,-43.200800045770286,0.4440516552289413,1013.25,0.0,349.99948177481934,0.3540483599298714,-1.4957913312429776,-9.821366635791144,12,1.0,0.0,0.0,0.0,2,0.9940924732761138
10:42:27.940,265200,13260,-19.66529911622705,-43.200802979937784,-1.792778450375613,1013.25,0.0,349.99948177481934,-0.6323121128581685,-0.6485434240522818,-9.787723087409093,12,1.0,0.0,0.0,0.0,2,0.9829544771592915
10:42:28.148,265300,13265,-19.665297197041344,-43.200799749774795,-0.3591087746776864,1013.25,0.0,349.99948177481934,1.2483263502888189,0.8479626931520183,-9.048421257820518,12,1.0,0.0,0.0,0.0,2,0.9173401041314027
10:42:28.356,265400,13270,-19.665292856259608,-43.20079036351526,-1.838941887562505,1013.25,0.0,349.99948177481934,-0.7624524733812175,0.9285410114153825,-9.63233615180473,12,1.0,0.0,0.0,0.0,2,0.9706978001695985
10:42:28.565,265500,13275,-19.665284453835184,-43.20078601843707,0.23092067623778378,1013.25,0.0,349.99948177481934,0.2976825529782259,-0.45864010487229123,-9.479507698299496,12,1.0,0.0,0.0,0.0,2,0.9495263653541397
10:42:28.776,265600,13280,-19.665283554750907,-43.20078786514313,1.2788880098481399,1013.25,0.0,349.99948177481934,0.7828387492551871,-0.8071122354400745,-8.569594726682894,12,1.0,0.0,0.0,0.0,2,0.864304462834271
10:42:28.984,265700,13285,-19.66528299752643,-43.200783019644014,-1.9877319900811727,1013.25,0.0,349.99948177481934,-1.0258524660154698,-1.4011595328165436,-9.659019007436953,12,1.0,0.0,0.0,0.0,2,0.9813881469859977
10:42:29.192,265800,13290,-19.665273679435398,-43.20077897033272,0.8297785677599796,1013.25,0.0,349.99948177481934,-1.2088099290610863,1.326535380346805,-8.060496515540452,12,1.0,0.0,0.0,0.0,2,0.8257876339407626
10:42:29.400,265900,13295,-19.665267051429595,-43.20077120184658,-1.8907091368898716,1013.25,0.0,349.99948177481934,-0.8864924857349031,1.4550774110791451,-8.769101869516692,12,1.0,0.0,0.0,0.0,2,0.8933099506747834
10:42:29.613,266000,13300,-19.665270316710416,-43.20076210776,-1.5054606052267534,1013.25,0.0,349.99948177481934,0.5759863414602,0.423451086479226,-9.209067923944197,12,1.0,0.0,0.0,0.0,2,0.9236774497410176
10:42:29.820,266100,13305,-19.665263885952836,-43.200765467857416,-1.1510284236119022,1013.25,0.0,349.99948177481934,0.6815874645350499,1.2469258602133824,-9.069819175907766,12,1.0,0.0,0.0,0.0,2,0.9180468694807713
10:42:30.029,266200,13310,-19.665256725534533,-43.20076270241354,0.1449972132774935,1013.25,0.0,349.99948177481934,-0.5572417077749267,-1.1605630749760594,-8.07406564708503,12,1.0,0.0,0.0,0.0,2,0.8176060239829476
10:42:30.237,266300,13315,-19.66525729279958,-43.20075465922967,0.08894860108417957,1013.25,0.0,349.99948177481934,1.0117665557227618,0.315082514608108,-9.175493598922694,12,1.0,0.0,0.0,0.0,2,0.9236483710707349
10:42:30.444,266400,13320,-19.66525103553609,-43.20075120493382,-0.5468823071986888,1013.25,0.0,349.99948177481934,0.7878267216758141,-0.0301680262079973,-9.519933163297967,12,1.0,0.0,0.0,0.0,2,0.9552523671096147
10:42:30.652,266500,13325,-19.665246462146236,-43.20074449003657,1.1152278521359893,1013.25,0.0,349.99948177481934,1.3244764276091443,0.20479075211256115,-9.01151993178977,12,1.0,0.0,0.0,0.0,2,0.9110634914235529
10:42:30.860,266600,13330,-19.665237678270426,-43.200743759434644,0.9941738562329303,1013.25,0.0,349.99948177481934,-0.16922068561849213,-1.4240942203348523,-8.21457537948927,12,1.0,0.0,0.0,0.0,2,0.8338820579323172
10:42:31.069,266700,13335,-19.665241818162468,-43.20074172360245,0.26295500362952273,1013.25,0.0,349.99948177481934,0.4237799075500779,0.32534907737073016,-9.725077056505203,12,1.0,0.0,0.0,0.0,2,0.9739741535952228
10:42:31.278,266800,13340,-19.665238074761717,-43.200734732587776,0.9558796899849944,1013.25,0.0,349.99948177481934,-0.12563296185161632,-0.9912964051336688,-8.3121512381181,12,1.0,0.0,0.0,0.0,2,0.8371995604948848
10:42:31.491,266900,13345,-19.66523317587983,-43.2007284650268,0.7510453811489111,1013.25,0.0,349.99948177481934,0.2853327025463579,0.05248361706987659,-8.842014513312764,12,1.0,0.0,0.0,0.0,2,0.8846772854258026
10:42:31.699,267000,13350,-19.665222588607424,-43.20072796237901,0.3927901766986901,1013.25,0.0,349.99948177481934,0.1286674427306087,0.29206040291150304,-8.814790266216598,12,1.0,0.0,0.0,0.0,2,0.882056585640369
10:42:31.906,267100,13355,-19.66521590038041,-43.200722735957385,0.30396558461535506,1013.25,0.0,349.99948177481934,0.660791289466748,0.821878645586211,-8.282634599125165,12,1.0,0.0,0.0,0.0,2,0.8349500915559628
10:42:32.113,267200,13360,-19.66521395323655,-43.20071223424413,1.5685264918686652,1013.25,0.0,349.99948177481934,-1.1925863107429344,-0.5051493421856247,-9.58799637207722,12,1.0,0.0,0.0,0.0,2,0.9675076867779808
10:42:32.321,267300,13365,-19.665210513065453,-43.2007129111481,-0.12762390491024522,1013.25,0.0,349.99948177481934,0.5658419542764022,-0.29855094766146206,-8.212097031872105,12,1.0,0.0,0.0,0.0,2,0.823698048112605
10:42:32.529,267400,13370,-19.665205375521236,-43.20070779025178,0.6705258296768406,1013.25,0.0,349.99948177481934,-1.2367359982851243,1.2641882612951645,-9.510646453294434,12,1.0,0.0,0.0,0.0,2,0.9673679953823818
10:42:32.741,267500,13375,-19.665207254307685,-43.200701369971384,1.4534866538633637,1013.25,0.0,349.99948177481934,-0.7004115426936374,0.4357792565839995,-8.053157415823815,12,1.0,0.0,0.0,0.0,2,0.8095296427781105
10:42:32.949,267600,13380,-19.665198328403015,-43.20069595850001,-1.9654369463068821,1013.25,0.0,349.99948177481934,-0.9729604207877052,0.32234603474666845,-9.999423842326117,12,1.0,0.0,0.0,0.0,2,1.0051817553309268
10:42:33.156,267700,13385,-19.665198694127515,-43.20069666078919,0.6721147339413682,1013.25,0.0,349.99948177481934,-0.6648652755202175,0.22285057735940983,-8.114792528216514,12,1.0,0.0,0.0,0.0,2,0.8145033209902866
10:42:33.365,267800,13390,-19.665187657290485,-43.20069224868272,-1.1128519641860484,1013.25,0.0,349.99948177481934,0.32795090443677166,1.14672245302202,-9.16946863280993,12,1.0,0.0,0.0,0.0,2,0.9246711804099388
10:42:33.572,267900,13395,-19.66518380148636,-43.20068789366323,0.5923784429512322,1013.25,0.0,349.99948177481934,-0.787797282998582,0.30490008059637463,-8.576411278222777,12,1.0,0.0,0.0,0.0,2,0.8617912684140775
10:42:33.780,268000,13400,-19.665181633148283,-43.200680362445574,-0.6414530364415181,1013.25,0.0,349.99948177481934,-0.6283267609558407,-0.2630845008119209,-9.129645170638405,12,1.0,0.0,0.0,0.0,2,0.9155022059769264
10:42:33.987,268100,13405,-19.665175808211185,-43.20068175030017,-0.976185466324575,1013.25,0.0,349.99948177481934,0.38096131461976857,0.8780749837487223,-8.862267071350038,12,1.0,0.0,0.0,0.0,2,0.8913805295397547
10:42:34.197,268200,13410,-19.66517059602415,-43.20067300311735,0.9215847682127607,1013.25,0.0,349.99948177481934,-0.19130222872349134,-0.2382298139192951,-8.758645224616227,12,1.0,0.0,0.0,0.0,2,0.8763972624195446
10:42:34.405,268300,13415,-19.66516637877203,-43.2006741344887,-1.3527250024372308,1013.25,0.0,349.99948177481934,0.9413122091945008,1.1903119050729671,-8.741893634239712,12,1.0,0.0,0.0,0.0,2,0.8872632947378016
10:42:34.620,268400,13420,-19.665168790797637,-43.200663334849466,-0.8398269729573138,1013.25,0.0,349.99948177481934,0.5143718147848682,0.1911331272078285,-9.05200992812304,12,1.0,0.0,0.0,0.0,2,0.9068626906814471
10:42:34.828,268500,13425,-19.665165879825583,-43.20065757964777,-1.9295059468263802,1013.25,0.0,349.99948177481934,0.6802489077283873,0.08511186373141721,-9.986292039797872,12,1.0,0.0,0.0,0.0,2,1.0009795767644005
10:42:35.036,268600,13430,-19.665157452161875,-43.20065563554884,1.379263910018261,1013.25,0.0,349.99948177481934,0.8792918596622248,-0.37143760099923817,-9.801677575350157,12,1.0,0.0,0.0,0.0,2,0.9848045661806533
10:42:35.244,268700,13435,-19.6651571682769,-43.200652199284136,0.03555327461983415,1013.25,0.0,349.99948177481934,-0.9330863853150684,1.0997037976594517,-9.388269210840512,12,1.0,0.0,0.0,0.0,2,0.949839972944195
10:42:35.452,268800,13440,-19.665149694193097,-43.20065143159341,1.9882014843247462,1013.25,0.0,349.99948177481934,-1.2021695796908118,0.42968880207255267,-9.726503183320665,12,1.0,0.0,0.0,0.0,2,0.9809929069066072
10:42:35.661,268900,13445,-19.665144691097083,-43.20064135844643,1.6779252316007778,1013.25,0.0,349.99948177481934,-0.4758502250532546,-1.3096000230872673,-8.65180084966287,12,1.0,0.0,0.0,0.0,2,0.8763283836518169
10:42:35.871,269000,13450,-19.66514262093576,-43.200636283322154,-0.11792000686699211,1013.25,0.0,349.99948177481934,-1.2032644314546985,0.11227830130473349,-9.11081972486971,12,1.0,0.0,0.0,0.0,2,0.9190619553002009
10:42:36.080,269100,13455,-19.665132552545703,-43.2006414480107,-0.6476867062040319,1013.25,0.0,349.99948177481934,-0.07391334575464925,-1.1718668620998915,-9.445534137610478,12,1.0,0.0,0.0,0.0,2,0.9518237771243867
10:42:36.290,269200,13460,-19.665130210779342,-43.20063711512197,0.5087946626113977,1013.25,0.0,349.99948177481934,1.3057620426513852,-1.105868351055205,-9.75865003285538,12,1.0,0.0,0.0,0.0,2,0.9907532981809498
10:42:36.498,269300,13465,-19.665127768505698,-43.20062900859527,-0.46021829444611617,1013.25,0.0,349.99948177481934,-0.9094453926793284,-0.20502167469428945,-8.908265433944976,12,1.0,0.0,0.0,0.0,2,0.8956914527390499
10:42:36.708,269400,13470,-19.66512330868498,-43.20062714301146,-0.05886422851930195,1013.25,0.0,349.99948177481934,-0.4989057596559765,-0.8564846205704161,-9.903386932220949,12,1.0,0.0,0.0,0.0,2,0.9952866199822854
10:42:36.916,269500,13475,-19.665125207803996,-43.200620727639944,-1.160842783953583,1013.25,0.0,349.99948177481934,-0.7286985033637464,0.2500490571955356,-9.590365054693061,12,1.0,0.0,0.0,0.0,2,0.9621259165103432
10:42:37.124,269600,13480,-19.66512092000146,-43.20061185614472,0.3502881353895839,1013.25,0.0,349.99948177481934,0.33291072513188125,0.27621837954124606,-9.81420461941976,12,1.0,0.0,0.0,0.0,2,0.9823733427569398
10:42:37.332,269700,13485,-19.66510848424561,-43.20061610299479,1.652219238412039,1013.25,0.0,349.99948177481934,-0.858920145434794,0.6003960206009666,-9.745751061100233,12,1.0,0.0,0.0,0.0,2,0.9801932612639384
10:42:37.541,269800,13490,-19.665107835762022,-43.200608873453255,-0.8727590488652375,1013.25,0.0,349.99948177481934,0.8485807560885505,0.29606414879957743,-8.612193669533061,12,1.0,0.0,0.0,0.0,2,0.8658962009464736
10:42:38.041,269900,13495,-19.66510165925559,-43.200595540455936,0.6799068164569548,1013.25,0.0,349.99948177481934,-1.0649712826996427,0.775408411250146,-9.484122908365807,12,1.0,0.0,0.0,0.0,2,0.9575176728301232
10:42:38.931,270000,13500,-19.665075834700684,-43.20058405260174,0.7096449565554086,1013.25,0.0,349.99948177481934,1.4784255086303606,-0.29971184826793396,-8.06552231550987,12,1.0,0.0,0.0,0.0,2,0.8205377468376993
10:42:39.139,270100,13505,-19.665078943783783,-43.20057596803072,-0.3442209012551447,1013.25,0.0,349.99948177481934,-0.29669573831359575,0.634441492250823,-9.550041770317408,12,1.0,0.0,0.0,0.0,2,0.9575690167451647
10:42:39.348,270200,13510,-19.665074295619714,-43.20057637980334,1.8406300516022012,1013.25,0.0,349.99948177481934,1.0662788438615936,-0.3858841363350145,-9.222533443703602,12,1.0,0.0,0.0,0.0,2,0.9291984732002807
10:42:39.555,270300,13515,-19.665063996881877,-43.20056349236786,1.2615488980285101,1013.25,0.0,349.99948177481934,0.18773337891400943,0.2916433953802575,-8.54874676843641,12,1.0,0.0,0.0,0.0,2,0.8555779976277988
10:42:39.762,270400,13520,-19.665059669162765,-43.200564737497565,-1.9320964050005003,1013.25,0.0,349.99948177481934,1.4421061387471696,-1.1502109148376796,-8.614272816298833,12,1.0,0.0,0.0,0.0,2,0.8809560228391032
10:42:39.973,270500,13525,-19.665059196271876,-43.20056068635285,0.5534798545577924,1013.25,0.0,349.99948177481934,0.16483021459437897,-0.460969149291528,-8.326075307102958,12,1.0,0.0,0.0,0.0,2,0.834045511802512
10:42:40.181,270600,13530,-19.665057629273754,-43.200558033879574,0.047704114437307155,1013.25,0.0,349.99948177481934,-1.0481916947499137,1.376354070864933,-8.05018278819064,12,1.0,0.0,0.0,0.0,2,0.8233984411001153
10:42:40.389,270700,13535,-19.665055162735605,-43.20055112590223,-0.9879584952419633,1013.25,0.0,349.99948177481934,1.305577612490585,-0.7143939037918816,-9.75002110528073,12,1.0,0.0,0.0,0.0,2,0.9862951034321892
10:42:40.601,270800,13540,-19.665049510990343,-43.20054184153023,1.7782463829814223,1013.25,0.0,349.99948177481934,-0.8967089734341013,1.1865970173227298,-9.891763310735595,12,1.0,0.0,0.0,0.0,2,1.00029536068189
10:42:40.808,270900,13545,-19.66503972140599,-43.200541892064486,-0.912467907683407,1013.25,0.0,349.99948177481934,-1.0376652329912703,-0.18058951884070717,-9.697432205979046,12,1.0,0.0,0.0,0.0,2,0.975446323995501
10:42:41.016,271000,13550,-19.66504302204314,-43.20053501430193,-1.0308698775995047,1013.25,0.0,349.99948177481934,-1.4682848921010363,-0.7930282846891548,-9.821518258060586,12,1.0,0.0,0.0,0.0,2,0.9962277614988784
10:42:41.224,271100,13555,-19.665034403799385,-43.20053001099332,-0.4358708381589329,1013.25,0.0,349.99948177481934,0.5327923631693965,1.4952852719399057,-9.31756076122235,12,1.0,0.0,0.0,0.0,2,0.9451808519315361
10:42:41.432,271200,13560,-19.665033776598207,-43.200525275781516,-1.3507088480997784,1013.25,0.0,349.99948177481934,-0.4584927620075172,0.4530513492300017,-9.675703541634832,12,1.0,0.0,0.0,0.0,2,0.969714958961948
10:42:41.642,271300,13565,-19.665022563073403,-43.200528115844655,-0.1419117901991287,1013.25,0.0,349.99948177481934,0.1616152036389944,-0.038912759475896674,-9.554349081786661,12,1.0,0.0,0.0,0.0,2,0.9555795103157818
10:42:41.850,271400,13570,-19.665022624358212,-43.200525734661525,1.0760256525783505,1013.25,0.0,349.99948177481934,-1.1324906264808097,1.4113415115068948,-9.621331143688355,12,1.0,0.0,0.0,0.0,2,0.9790016999866596
10:42:42.058,271500,13575,-19.665014031869045,-43.20051755796726,1.0807695395638173,1013.25,0.0,349.99948177481934,0.4026859339000599,-1.3960737872968623,-9.37513971690997,12,1.0,0.0,0.0,0.0,2,0.9487066074004181
10:42:42.265,271600,13580,-19.665017759680257,-43.20051299795953,1.524408161011348,1013.25,0.0,349.99948177481934,-1.3429641625919382,1.2257627756381835,-9.321032715890047,12,1.0,0.0,0.0,0.0,2,0.9496720382049747
10:42:42.473,271700,13585,-19.665008999799745,-43.20051342214556,1.085169729105946,1013.25,0.0,349.99948177481934,-1.1312585135687103,-1.4032713846334035,-9.219856014920271,12,1.0,0.0,0.0,0.0,2,0.93943952088101
10:42:42.682,271800,13590,-19.665008205169972,-43.20050696471868,0.14261656736228145,1013.25,0.0,349.99948177481934,0.5224168656650305,-1.3614167457345112,-9.326934177727072,12,1.0,0.0,0.0,0.0,2,0.944023707820683
10:42:42.891,271900,13595,-19.66500390609926,-43.200497884682164,-1.4647316617501893,1013.25,0.0,349.99948177481934,1.2125064931690335,0.6269445427171814,-8.753591001826951,12,1.0,0.0,0.0,0.0,2,0.8859378470462005
10:42:43.099,272000,13600,-19.665001172539313,-43.200499651934166,-1.9723637740848305,1013.25,0.0,349.99948177481934,0.9225832504452622,-0.16401514445630916,-8.832762082657357,12,1.0,0.0,0.0,0.0,2,0.8882327782200042
10:42:43.306,272100,13605,-19.664990225118995,-43.20049204118751,0.4215085993495489,1013.25,0.0,349.99948177481934,-0.9080222865787387,0.09139682603939558,-8.633727421047073,12,1.0,0.0,0.0,0.0,2,0.8681826249912739
10:42:43.514,272200,13610,-19.664984813095295,-43.200486377763454,1.5565602718440172,1013.25,0.0,349.99948177481934,-0.4133654743115023,0.18221171900033717,-8.037947709462921,12,1.0,0.0,0.0,0.0,2,0.8050631994194868
10:42:43.725,272300,13615,-19.664986939191596,-43.20048661237252,0.3883174303440735,1013.25,0.0,349.99948177481934,0.46310731164973573,1.1594880838413286,-9.43370132016928,12,1.0,0.0,0.0,0.0,2,0.9515965615576651
10:42:43.932,272400,13620,-19.664982996397345,-43.20047937901611,-0.15144239564400142,1013.25,0.0,349.99948177481934,-0.5424240772934302,0.5474313280379288,-8.640323107051067,12,1.0,0.0,0.0,0.0,2,0.8674623238664929
10:42:44.139,272500,13625,-19.6649751025063,-43.200477709622234,-1.5624924932388926,1013.25,0.0,349.99948177481934,0.7723828784981084,0.03291245853911917,-9.245123784233582,12,1.0,0.0,0.0,0.0,2,0.9277390383438955
10:42:44.347,272600,13630,-19.664976045390322,-43.200474757125725,1.4650792824537016,1013.25,0.0,349.99948177481934,-0.6872769596523238,0.15054889067360833,-8.432658030856249,12,1.0,0.0,0.0,0.0,2,0.8461958168953354
10:42:44.554,272700,13635,-19.664962731275335,-43.200465121925475,1.7157847555124426,1013.25,0.0,349.99948177481934,1.1168369287171815,0.48207911983389584,-8.369581021796847,12,1.0,0.0,0.0,0.0,2,0.8457518045121053
10:42:44.762,272800,13640,-19.664965663147353,-43.2004650725274,0.17730916503459948,1013.25,0.0,349.99948177481934,-1.4857133188589708,-0.719925842605314,-9.60447100691818,12,1.0,0.0,0.0,0.0,2,0.9745332247153908
10:42:44.969,272900,13645,-19.66495764998111,-43.20045998229186,-0.7506403610752606,1013.25,0.0,349.99948177481934,-0.5809373716401498,-1.3239450682495115,-8.296125419712133,12,1.0,0.0,0.0,0.0,2,0.8421164750383655
10:42:45.182,273000,13650,-19.664956225031588,-43.20045929757543,0.19924408372360958,1013.25,0.0,349.99948177481934,-0.23165611804976116,0.08293212606445954,-8.945897162879723,12,1.0,0.0,0.0,0.0,2,0.8949280325444215
10:42:45.394,273100,13655,-19.66494743780778,-43.2004509787343,-1.8804874224902033,1013.25,0.0,349.99948177481934,0.21080323034162607,-0.21107106566223255,-8.24105626824285,12,1.0,0.0,0.0,0.0,2,0.8246453626440098
10:42:45.602,273200,13660,-19.66494410537698,-43.20044663184333,-0.9549508696527313,1013.25,0.0,349.99948177481934,0.8210411177506987,0.31604398436671577,-8.235404901115201,12,1.0,0.0,0.0,0.0,2,0.8282263350220398
10:42:45.818,273300,13665,-19.664947127547926,-43.20044721657219,0.20617421896514454,1013.25,0.0,349.99948177481934,-1.2197670633114122,1.3800001654778131,-8.115672204237967,12,1.0,0.0,0.0,0.0,2,0.8322041064071896
10:42:46.026,273400,13670,-19.664939762836624,-43.20044094294844,-1.907027820228945,1013.25,0.0,349.99948177481934,-0.7172886501912155,0.2843080525940431,-9.813532698676848,12,1.0,0.0,0.0,0.0,2,0.9843818268561375
10:42:46.235,273500,13675,-19.664934054268723,-43.20043082686894,1.5248220732094837,1013.25,0.0,349.99948177481934,-1.0432460680742972,-0.07064311113847066,-8.827942181748575,12,1.0,0.0,0.0,0.0,2,0.8889652185096986
10:42:46.442,273600,13680,-19.664929118805734,-43.200430397872296,1.067855787973929,1013.25,0.0,349.99948177481934,-0.37072594037568063,-0.3407718117411054,-8.27876052483492,12,1.0,0.0,0.0,0.0,2,0.8294060463856635
10:42:46.651,273700,13685,-19.664930347569666,-43.20042343199196,-0.7645399529126964,1013.25,0.0,349.99948177481934,1.0771828403381805,-0.6546571895578839,-9.66215786364318,12,1.0,0.0,0.0,0.0,2,0.9744033738104595
10:42:46.861,273800,13690,-19.664918060454486,-43.20042083055588,1.8273663038083061,1013.25,0.0,349.99948177481934,-0.43788692097568926,0.6758201513521511,-8.416668920503803,12,1.0,0.0,0.0,0.0,2,0.8455104585391588
10:42:47.068,273900,13695,-19.664919100954627,-43.20041952107005,0.9837989895935118,1013.25,0.0,349.99948177481934,0.3860246416446462,0.9417112786149717,-8.300906016282335,12,1.0,0.0,0.0,0.0,2,0.836306617499705
10:42:47.277,274000,13700,-19.66491567385139,-43.20041118201028,0.6340863129994578,1013.25,0.0,349.99948177481934,-0.12255146062494515,-1.0100138514805812,-8.435105888181617,12,1.0,0.0,0.0,0.0,2,0.8496243769191191
10:42:47.485,274100,13705,-19.664912369108265,-43.20041245779597,-1.3340475269923648,1013.25,0.0,349.99948177481934,0.9435119611500742,-1.30154941882307,-9.018862860632458,12,1.0,0.0,0.0,0.0,2,0.9161011571293174
10:42:47.693,274200,13710,-19.66490489111274,-43.200402069044785,-0.339606746117588,1013.25,0.0,349.99948177481934,0.730193924857971,-0.4590242577088657,-9.076866862837445,12,1.0,0.0,0.0,0.0,2,0.9117751832702026
10:42:47.900,274300,13715,-19.664897732656524,-43.20040191816115,0.8436895691424278,1013.25,0.0,349.99948177481934,1.2721203933354985,0.9688026674521173,-8.830096098052216,12,1.0,0.0,0.0,0.0,2,0.8973709712512401
10:42:48.108,274400,13720,-19.66489304565494,-43.20039242180284,-1.9350789610093995,1013.25,0.0,349.99948177481934,-0.6615361977991179,0.025128455857223564,-9.165555503543366,12,1.0,0.0,0.0,0.0,2,0.9189432478060132
10:42:48.315,274500,13725,-19.664896489291834,-43.20038952303746,0.2325461081906126,1013.25,0.0,349.99948177481934,-0.23148388734292302,-1.2978308707713033,-9.11225330152945,12,1.0,0.0,0.0,0.0,2,0.9207122785673099
10:42:48.522,274600,13730,-19.6648929655256,-43.200390885160786,0.3386523685596865,1013.25,0.0,349.99948177481934,-1.4159812142406696,-1.3506473545178448,-8.021625914881112,12,1.0,0.0,0.0,0.0,2,0.8256859778005241
10:42:48.732,274700,13735,-19.66488031116472,-43.200383569874994,-0.7135597214332443,1013.25,0.0,349.99948177481934,-1.2877227463023384,-0.40405408717976576,-8.280930380667513,12,1.0,0.0,0.0,0.0,2,0.8390190554818964
10:42:48.943,274800,13740,-19.664878939079564,-43.2003763782168,-0.7429414009323074,1013.25,0.0,349.99948177481934,-0.26161454608715307,0.8921009511739482,-9.878298781672715,12,1.0,0.0,0.0,0.0,2,0.9921949057408354
10:42:49.151,274900,13745,-19.66487613655203,-43.200377395948856,-0.2846851528695815,1013.25,0.0,349.99948177481934,-0.8755633658462979,-0.6688131459497467,-8.544587316311581,12,1.0,0.0,0.0,0.0,2,0.8615329049890088
10:42:49.359,275000,13750,-19.66486927619484,-43.20037092070572,0.37867925508466493,1013.25,0.0,349.99948177481934,-1.321993335668198,-1.1595912525726328,-9.029706032695437,12,1.0,0.0,0.0,0.0,2,0.9199342872699683
10:42:49.567,275100,13755,-19.66486802968175,-43.20036851570085,1.8583449498216824,1013.25,0.0,349.99948177481934,0.07087941616132509,0.14847000871221638,-9.052826834051036,12,1.0,0.0,0.0,0.0,2,0.9054321671027425
10:42:49.775,275200,13760,-19.664862078389444,-43.2003586030539,0.6549654730294927,1013.25,0.0,349.99948177481934,-1.3466967304707151,0.9816376680814294,-9.008164021502061,12,1.0,0.0,0.0,0.0,2,0.9161016517479981
10:42:49.982,275300,13765,-19.664855114695076,-43.20036370702909,0.20170653561623197,1013.25,0.0,349.99948177481934,0.08617529596820361,0.6821736708927788,-9.052696309839476,12,1.0,0.0,0.0,0.0,2,0.9078771809946311
10:42:50.190,275400,13770,-19.66485292421542,-43.20035414587442,0.8334144626033089,1013.25,0.0,349.99948177481934,0.745839523880496,-1.2569313060606873,-8.98961209719895,12,1.0,0.0,0.0,0.0,2,0.9107649453159878
10:42:50.402,275500,13775,-19.66484859971304,-43.20034915095447,0.32286373202788665,1013.25,0.0,349.99948177481934,-1.1124843873017847,-1.164456834484918,-9.904982630303408,12,1.0,0.0,0.0,0.0,2,1.0035051675899884
10:42:50.610,275600,13780,-19.664846585502175,-43.20034529313917,1.7836481490086449,1013.25,0.0,349.99948177481934,-1.3392924046764083,-1.0278161179217649,-8.773798193890132,12,1.0,0.0,0.0,0.0,2,0.8934743693279256
10:42:50.817,275700,13785,-19.664839589142396,-43.20034315752882,0.6777792153706383,1013.25,0.0,349.99948177481934,-1.46099197512155,1.2964425246112365,-9.009009227052895,12,1.0,0.0,0.0,0.0,2,0.9218324577932485
10:42:51.025,275800,13790,-19.664839232816878,-43.20034158043294,0.8949035662105436,1013.25,0.0,349.99948177481934,0.04410159613421083,-1.185482323937693,-8.57956454217517,12,1.0,0.0,0.0,0.0,2,0.8661191663073837
10:42:51.233,275900,13795,-19.664832059844652,-43.20033035412859,0.13599600107876197,1013.25,0.0,349.99948177481934,0.8504775824360653,-1.1797363925898863,-9.001232328747964,12,1.0,0.0,0.0,0.0,2,0.9117964329296578
10:42:51.441,276000,13800,-19.66482631020677,-43.20033348246873,-0.5428939454886019,1013.25,0.0,349.99948177481934,-0.8326256672881548,-0.7153446672717765,-9.628158002889371,12,1.0,0.0,0.0,0.0,2,0.9690531978349995
10:42:51.650,276100,13805,-19.664823200423744,-43.20032163058242,-0.7046108154002018,1013.25,0.0,349.99948177481934,0.9558556310103392,-0.14144972736221972,-8.245097569875492,12,1.0,0.0,0.0,0.0,2,0.8301524073895815
10:42:51.860,276200,13810,-19.664824707024664,-43.2003191016441,1.4127141398549559,1013.25,0.0,349.99948177481934,-0.46400690378199405,-1.293878482414609,-9.013020366659442,12,1.0,0.0,0.0,0.0,2,0.9117234233243696
10:42:52.068,276300,13815,-19.66482084343901,-43.20032083837972,-0.8627890890769518,1013.25,0.0,349.99948177481934,0.5697804002873141,0.35944074640318124,-9.810860013827513,12,1.0,0.0,0.0,0.0,2,0.9833962658341044
10:42:52.278,276400,13820,-19.664811881578828,-43.200317340330535,0.797059184524533,1013.25,0.0,349.99948177481934,0.9867121956111893,-0.8777581805377821,-9.171905852598117,12,1.0,0.0,0.0,0.0,2,0.9266494339791745
10:42:52.493,276500,13825,-19.664806392813393,-43.20030763985233,-1.5585398210335728,1013.25,0.0,349.99948177481934,0.2521292106265447,0.6188867789552774,-9.22407610299577,12,1.0,0.0,0.0,0.0,2,0.9248252263961794
10:42:52.700,276600,13830,-19.66479975054468,-43.20030828207454,1.9441380979822251,1013.25,0.0,349.99948177481934,0.461110626297903,0.5048527371669342,-9.07080912266819,12,1.0,0.0,0.0,0.0,2,0.9096542059254729
10:42:52.909,276700,13835,-19.664797549990432,-43.20030191129357,-1.2326600439744038,1013.25,0.0,349.99948177481934,-0.22941154364985117,-1.1518346687673766,-9.268728270989833,12,1.0,0.0,0.0,0.0,2,0.9342840923508247
10:42:53.115,276800,13840,-19.664793747691903,-43.20029457226696,1.0739714328390515,1013.25,0.0,349.99948177481934,1.2594957384555672,-0.2366648048776061,-9.938748903528216,12,1.0,0.0,0.0,0.0,2,1.0021031359717363
10:42:53.326,276900,13845,-19.66479584651106,-43.20029051874506,1.8858018610350933,1013.25,0.0,349.99948177481934,0.8173964587279308,0.41039869619592406,-8.068453454741533,12,1.0,0.0,0.0,0.0,2,0.812012963024057
10:42:53.540,277000,13850,-19.66479225910678,-43.200282854635326,1.3262522414219138,1013.25,0.0,349.99948177481934,-1.2509122490040299,-0.4376356356948794,-8.4955534994558,12,1.0,0.0,0.0,0.0,2,0.8598298416922623
10:42:53.748,277100,13855,-19.664782001807485,-43.20028827930733,-0.5410028597990211,1013.25,0.0,349.99948177481934,-0.02252373435772359,0.7931210846723249,-8.479452413942077,12,1.0,0.0,0.0,0.0,2,0.8516493504598555
10:42:53.955,277200,13860,-19.664777221438005,-43.20027493434333,0.6874755285400216,1013.25,0.0,349.99948177481934,0.9207762046048598,-1.4882559883764945,-8.81073032566463,12,1.0,0.0,0.0,0.0,2,0.8982856092440277
10:42:54.163,277300,13865,-19.664771128241078,-43.200277090269736,-0.07435262481912996,1013.25,0.0,349.99948177481934,-0.9902469637798402,-0.7054429324870953,-8.093418435358169,12,1.0,0.0,0.0,0.0,2,0.8184232447216211
10:42:54.371,277400,13870,-19.66477391757717,-43.20026769013889,0.2475729295935878,1013.25,0.0,349.99948177481934,0.7173312933635616,0.2603139974745474,-8.280477064862731,12,1.0,0.0,0.0,0.0,2,0.8315565403713541
10:42:54.578,277500,13875,-19.664771765483323,-43.200262634034715,-0.9409271933706558,1013.25,0.0,349.99948177481934,-0.5367160283093083,0.9817754920221007,-8.360252801479948,12,1.0,0.0,0.0,0.0,2,0.8434795440105983
10:42:54.787,277600,13880,-19.66476199713868,-43.200264100786846,-1.4342752314064384,1013.25,0.0,349.99948177481934,-0.941287158109389,1.4051281034719643,-9.556419103767432,12,1.0,0.0,0.0,0.0,2,0.970492414128207
10:42:54.998,277700,13885,-19.664758293391944,-43.200257150857674,-0.9197941513927708,1013.25,0.0,349.99948177481934,0.007711368884989911,-1.336709305327549,-8.76757778989801,12,1.0,0.0,0.0,0.0,2,0.8868893478561584
10:42:55.206,277800,13890,-19.664750021810544,-43.200252370344835,0.16423510076437386,1013.25,0.0,349.99948177481934,1.4245779816526163,1.0147094035456679,-8.92870826029398,12,1.0,0.0,0.0,0.0,2,0.9098400342746817
10:42:55.413,277900,13895,-19.66474578966561,-43.200245432738136,1.3343470970905447,1013.25,0.0,349.99948177481934,1.203401692467053,0.6245682974632021,-9.961257350420102,12,1.0,0.0,0.0,0.0,2,1.005310445548673
10:42:55.621,278000,13900,-19.664750245460397,-43.200243169621416,0.9859158310752236,1013.25,0.0,349.99948177481934,-0.9463662371440367,1.1524367245670568,-8.213613405129955,12,1.0,0.0,0.0,0.0,2,0.8347883841301789
10:42:55.829,278100,13905,-19.664741995824755,-43.20023831650034,-1.9972609118527367,1013.25,0.0,349.99948177481934,0.48620781384180267,-1.1398153508734352,-8.000866391915917,12,1.0,0.0,0.0,0.0,2,0.8096260871143987
10:42:56.041,278200,13910,-19.66474143875029,-43.200235822288576,-0.081697539840202,1013.25,0.0,349.99948177481934,1.1594710551680842,-0.7020966886273978,-8.207113016728389,12,1.0,0.0,0.0,0.0,2,0.8318294113416927
10:42:56.250,278300,13915,-19.66473442423074,-43.20023818333089,0.1387159742619617,1013.25,0.0,349.99948177481934,1.2013515573049878,-0.9393505406104712,-9.466551650765657,12,1.0,0.0,0.0,0.0,2,0.9588598706745334
10:42:56.457,278400,13920,-19.664729901509673,-43.20022945151772,0.7385209902185754,1013.25,0.0,349.99948177481934,1.450236248738225,-0.9540677919652653,-9.226210514915074,12,1.0,0.0,0.0,0.0,2,0.9388098369443583
10:42:56.665,278500,13925,-19.66472115013221,-43.2002209321135,1.337993597157336,1013.25,0.0,349.99948177481934,0.02148327973635622,1.0961927641775113,-9.863939232741284,12,1.0,0.0,0.0,0.0,2,0.9924686256741625
10:42:56.878,278600,13930,-19.664721111546758,-43.200217788418904,-0.19852345844862507,1013.25,0.0,349.99948177481934,0.4337480414579349,-1.4465709085453153,-8.727900016408828,12,1.0,0.0,0.0,0.0,2,0.8857592418560896
10:42:57.085,278700,13935,-19.664720736958017,-43.20021440447324,0.703205316522098,1013.25,0.0,349.99948177481934,0.7287301380678608,1.122946670412448,-9.940891891978817,12,1.0,0.0,0.0,0.0,2,1.0030622535352878
10:42:57.292,278800,13940,-19.66471381159038,-43.2002104141257,-1.310577997594574,1013.25,0.0,349.99948177481934,0.2647584128602536,1.3287677389753383,-8.18961422102732,12,1.0,0.0,0.0,0.0,2,0.8300933791482429
10:42:57.501,278900,13945,-19.664712878267263,-43.200211227600114,0.15818660701900766,1013.25,0.0,349.99948177481934,-1.2021620994004336,-0.11536297215560132,-8.356678667070579,12,1.0,0.0,0.0,0.0,2,0.8443493392740469
10:42:57.715,279000,13950,-19.66470377557899,-43.20020520933853,1.6087684654901233,1013.25,0.0,349.99948177481934,0.27507323851962795,0.792117897838188,-8.389063463917694,12,1.0,0.0,0.0,0.0,2,0.8430866020300881
10:42:57.924,279100,13955,-19.664700262633414,-43.200199531694864,-0.3499068323724073,1013.25,0.0,349.99948177481934,-0.26403888406745746,-0.27473492311735415,-8.046716177591005,12,1.0,0.0,0.0,0.0,2,0.8055733179108199
10:42:58.132,279200,13960,-19.66469298416045,-43.200195372175315,-1.6754011901361276,1013.25,0.0,349.99948177481934,-0.9325963004116455,0.9585716275399632,-9.415076035474941,12,1.0,0.0,0.0,0.0,2,0.9509587382133919
10:42:58.339,279300,13965,-19.66468768625178,-43.200194593957676,-0.12475989990517,1013.25,0.0,349.99948177481934,-0.09057717636262641,-0.8422428507682985,-8.979222140254397,12,1.0,0.0,0.0,0.0,2,0.9019091278426163
10:42:58.548,279400,13970,-19.664688575102993,-43.200191709159306,1.7563233618935201,1013.25,0.0,349.99948177481934,-1.2955200249075394,1.3826473390276837,-9.519662919417467,12,1.0,0.0,0.0,0.0,2,0.9706393145674075
10:42:58.755,279500,13975,-19.66468411956362,-43.20018447924213,-0.10895846263923303,1013.25,0.0,349.99948177481934,1.1744132682857682,-0.7150823569490313,-9.757679610512287,12,1.0,0.0,0.0,0.0,2,0.9854080407798217
10:42:58.964,279600,13980,-19.66467437399882,-43.20018229526298,1.618031854021186,1013.25,0.0,349.99948177481934,0.5666144504148098,-1.4038142635394224,-9.796802149440769,12,1.0,0.0,0.0,0.0,2,0.9913076151085639
10:42:59.172,279700,13985,-19.664672769000457,-43.20017384030022,1.1523055322251343,1013.25,0.0,349.99948177481934,-0.5466108829004359,1.323658631662692,-8.1793342000626,12,1.0,0.0,0.0,0.0,2,0.8303755992729678
10:42:59.381,279800,13990,-19.66466608043752,-43.20016839567109,-0.21750293344154148,1013.25,0.0,349.99948177481934,0.6335337340438296,0.7941261542316487,-9.19265827565244,12,1.0,0.0,0.0,0.0,2,0.9248619762641751
10:42:59.590,279900,13995,-19.664669046780986,-43.200168604498316,-0.6964867672803243,1013.25,0.0,349.99948177481934,-0.17133364589379285,0.9044833676013395,-8.46498443692186,12,1.0,0.0,0.0,0.0,2,0.8514893240541073
10:42:59.799,280000,14000,-19.664663789533616,-43.20016223180096,1.8745644281744789,1013.25,0.0,349.99948177481934,-0.25614847771820326,-0.721366280197043,-8.1211727036535,12,1.0,0.0,0.0,0.0,2,0.8157170308103746
10:43:00.012,280100,14005,-19.664655675236624,-43.20016243395656,-0.7788024674802609,1013.25,0.0,349.99948177481934,-0.1980133654380285,-1.3567565328791311,-8.553400620831088,12,1.0,0.0,0.0,0.0,2,0.8662601212270824
10:43:00.222,280200,14010,-19.66465517841529,-43.20015394776857,-0.37018003257935606,1013.25,0.0,349.99948177481934,0.7831130029932831,1.1265669610475717,-9.891010036130986,12,1.0,0.0,0.0,0.0,2,0.9985714727951376
10:43:00.431,280300,14015,-19.66465358899242,-43.200150957849225,1.5480575652284214,1013.25,0.0,349.99948177481934,-0.2670386860981986,0.35101235786082463,-8.822368468999889,12,1.0,0.0,0.0,0.0,2,0.8833385802626732
10:43:00.639,280400,14020,-19.66464230927729,-43.20014100257815,-1.6779434863247262,1013.25,0.0,349.99948177481934,1.315114521217145,-0.6475468079039418,-8.355402215905878,12,1.0,0.0,0.0,0.0,2,0.8483017697842415
10:43:00.848,280500,14025,-19.664639821439817,-43.200141993045506,0.8899183933323034,1013.25,0.0,349.99948177481934,0.7281308735731242,-0.8383344625587823,-9.658331908126321,12,1.0,0.0,0.0,0.0,2,0.9721952195299827
10:43:01.056,280600,14030,-19.664640516525232,-43.200137435833284,-1.816896351547534,1013.25,0.0,349.99948177481934,-0.26796369396877906,-0.46468134106153025,-8.483954035097074,12,1.0,0.0,0.0,0.0,2,0.850089462113583
10:43:01.267,280700,14035,-19.664628554555648,-43.200130358592354,-1.8480233141873073,1013.25,0.0,349.99948177481934,0.41773473781390047,-0.7059133583499554,-8.093598995165063,12,1.0,0.0,0.0,0.0,2,0.8135057509029071
10:43:01.474,280800,14040,-19.664629262212188,-43.20012673724845,-1.4424316316929295,1013.25,0.0,349.99948177481934,-0.26785376804953653,-0.39307966073248,-8.789962934891022,12,1.0,0.0,0.0,0.0,2,0.8802823732047456
10:43:01.683,280900,14045,-19.66462166994734,-43.20012271501897,0.513596401154707,1013.25,0.0,349.99948177481934,-0.15755091770609342,1.2028446285466332,-9.438708307867682,12,1.0,0.0,0.0,0.0,2,0.9516347619391796
10:43:01.893,281000,14050,-19.664621174420443,-43.20011769569792,0.8764206942725457,1013.25,0.0,349.99948177481934,0.18647023021306053,0.9440639482446618,-9.557728087147071,12,1.0,0.0,0.0,0.0,2,0.9606049868336672
10:43:02.106,281100,14055,-19.664611766495586,-43.20011519789275,-1.233544015747679,1013.25,0.0,349.99948177481934,0.9790779777469467,-0.9225942664117195,-8.051831146661009,12,1.0,0.0,0.0,0.0,2,0.8163440370411555
10:43:02.314,281200,14060,-19.664615207351005,-43.200112958476126,0.7607464080746902,1013.25,0.0,349.99948177481934,-1.3843003425502904,-1.1962664082921037,-9.875555902692307,12,1.0,0.0,0.0,0.0,2,1.004360219966889
10:43:02.522,281300,14065,-19.664604466776282,-43.20010605373762,-0.18062754114598212,1013.25,0.0,349.99948177481934,-0.9749721062258411,-0.9239123799309479,-8.53629951534459,12,1.0,0.0,0.0,0.0,2,0.8641330575170724
10:43:02.730,281400,14070,-19.664600965423602,-43.20010625005839,-0.7614755858454116,1013.25,0.0,349.99948177481934,-1.4566678843039464,0.5345504616315373,-8.566869587591047,12,1.0,0.0,0.0,0.0,2,0.8706255225525233
10:43:02.940,281500,14075,-19.66460445282692,-43.20010009257723,1.5899585774534728,1013.25,0.0,349.99948177481934,1.2373952262809205,-0.20146471171275482,-8.856958844895441,12,1.0,0.0,0.0,0.0,2,0.8945247618498882
10:43:03.148,281600,14080,-19.664591056508907,-43.2000994549894,-1.5494040078388354,1013.25,0.0,349.99948177481934,1.0617360446930961,0.3756476212594646,-8.92973191274826,12,1.0,0.0,0.0,0.0,2,0.9000472576343598
10:43:03.359,281700,14085,-19.66459629401163,-43.200086518089165,1.6861944292690962,1013.25,0.0,349.99948177481934,0.06295956990424312,-0.13481606889913977,-9.843255259172787,12,1.0,0.0,0.0,0.0,2,0.9844379786309988
10:43:03.568,281800,14090,-19.664589409263915,-43.20009020290904,-0.3592433821075742,1013.25,0.0,349.99948177481934,0.9745043678527292,0.03079861636143777,-8.232469181250458,12,1.0,0.0,0.0,0.0,2,0.8290003385884255
10:43:03.776,281900,14095,-19.664582157043245,-43.200083126080564,-0.7666052886699752,1013.25,0.0,349.99948177481934,-0.3626475059849965,-0.316292998682159,-9.025164426484105,12,1.0,0.0,0.0,0.0,2,0.9037983591470315
10:43:03.986,282000,14100,-19.664580014330266,-43.20007852411514,0.9988924644555293,1013.25,0.0,349.99948177481934,-0.9137883309089981,-0.8668077615949435,-9.577529028543243,12,1.0,0.0,0.0,0.0,2,0.9659991050816515
10:43:04.193,282100,14105,-19.664573571977712,-43.200075589568094,0.9994186329077874,1013.25,0.0,349.99948177481934,0.03085097381497026,1.489776731516118,-9.392149459273375,12,1.0,0.0,0.0,0.0,2,0.9509619233054567
10:43:04.402,282200,14110,-19.66457557132593,-43.20006954369536,-0.9211446781587713,1013.25,0.0,349.99948177481934,0.3465803006951189,-1.3900729210168414,-8.05341099203057,12,1.0,0.0,0.0,0.0,2,0.8179844083913399
10:43:04.610,282300,14115,-19.664568470393096,-43.20006508989891,-1.3255394197428276,1013.25,0.0,349.99948177481934,-1.1793022671540716,0.4692315511054135,-9.674416491566198,12,1.0,0.0,0.0,0.0,2,0.9757318614156021
10:43:04.818,282400,14120,-19.664562865672316,-43.20006439415799,0.05677209560986096,1013.25,0.0,349.99948177481934,-0.7036545326913933,1.3860018865452135,-9.348149660482203,12,1.0,0.0,0.0,0.0,2,0.9476498984628109
10:43:05.029,282500,14125,-19.6645560859184,-43.200059932144,-0.3917712977874075,1013.25,0.0,349.99948177481934,0.5476824491615195,0.2993978945592939,-9.4279868537593,12,1.0,0.0,0.0,0.0,2,0.9448625893697152
10:43:05.238,282600,14130,-19.664557443889066,-43.20004907646942,0.3705946914066005,1013.25,0.0,349.99948177481934,-0.44998363804322095,0.486978659126994,-8.386827574749578,12,1.0,0.0,0.0,0.0,2,0.8412996508826783
10:43:05.448,282700,14135,-19.664550032045117,-43.20005277398501,-1.3506792057709593,1013.25,0.0,349.99948177481934,-0.22656659341600038,0.3045482387883296,-9.578577885082753,12,1.0,0.0,0.0,0.0,2,0.9586095991152895
10:43:05.658,282800,14140,-19.664546790070926,-43.200041206221776,-0.13646190997261876,1013.25,0.0,349.99948177481934,-0.138573046291524,0.2613130500043037,-9.630235220880772,12,1.0,0.0,0.0,0.0,2,0.9634776458681
10:43:05.865,282900,14145,-19.664542830496178,-43.20003719540749,0.18115934837954972,1013.25,0.0,349.99948177481934,0.24266121827284204,0.8782924547051838,-9.858286114900455,12,1.0,0.0,0.0,0.0,2,0.990030743088743
10:43:06.076,283000,14150,-19.664540149277265,-43.20003922899429,1.8691489363042164,1013.25,0.0,349.99948177481934,-1.3894029134596866,-0.467707610064944,-8.897926907606362,12,1.0,0.0,0.0,0.0,2,0.9017887453142684
10:43:06.284,283100,14155,-19.66453001028481,-43.20002947531911,-0.5740306176991004,1013.25,0.0,349.99948177481934,0.18251509347710204,0.6588530304306457,-9.944933440717424,12,1.0,0.0,0.0,0.0,2,0.9968405098878872
10:43:06.492,283200,14160,-19.664532766548586,-43.20002383519926,1.6665830036593694,1013.25,0.0,349.99948177481934,1.2080315865017606,0.7188378894981202,-9.692392792615776,12,1.0,0.0,0.0,0.0,2,0.9793801420884247
10:43:06.700,283300,14165,-19.664525745164017,-43.200023983820564,0.507699824453125,1013.25,0.0,349.99948177481934,1.433204822256843,-0.07841819217192225,-8.248242231464424,12,1.0,0.0,0.0,0.0,2,0.8372199554735721
