Hora_Recebimento,Tempo_ms,Pacote_ID,Acc_X,Acc_Y,Acc_Z,Velocidade
10:33:07.932,100,5,-0.509507517784195,1.266624010299033,25.687973053764,2.5724227761101988
10:33:08.163,200,10,-0.6129102545219457,0.8774837170101524,17.164514621639352,1.7197854483922907
10:33:08.371,300,15,-0.8638865040248946,1.2894605897587246,22.66622065190285,2.2719299442217067
10:33:08.580,400,20,1.2500635734631298,-0.41578031803502236,17.689522060517035,1.7738509603122907
10:33:08.788,500,25,-0.8095064716216493,-1.1128123868721689,22.487839104185465,2.252990367737302
10:33:09.003,600,30,-0.18156207530052781,-1.444294551328639,29.30179837336061,2.9337933455703107
10:33:09.217,700,35,-0.48055892623911656,-0.8897896605841311,15.090225607597148,1.5124072580156815
10:33:09.426,800,40,-1.0785993134587053,0.49295692991686035,33.622046674864265,3.364295476946842
10:33:09.634,900,45,-0.02214161939736803,-1.115226477659107,29.835261921352057,2.9856106147042376
10:33:09.842,1000,50,-0.8969324809265232,-0.27724631049603343,19.663836619816525,1.9686234378439726
10:33:10.052,1100,55,-0.7468857378153434,0.3914186901677734,19.382048096036783,1.9400382349156104
10:33:10.264,1200,60,0.6945211471058905,1.3737932127233963,28.45371142444945,2.849532174306771
10:33:10.472,1300,65,1.4057403376527517,-0.8064311743380268,31.899567529197657,3.194070828403293
10:33:10.683,1400,70,-0.7158284619347408,-0.20666610306944877,34.207794085582094,3.421590708233028
10:33:10.900,1500,75,0.1288162851459882,-1.0238792705173068,29.024370692892248,2.904271021296629
10:33:11.110,1600,80,0.7322110987936199,-0.830462074235786,21.001856190670697,2.103101908618681
10:33:11.318,1700,85,0.8964973229392843,-1.4224788250505027,17.5513191704302,1.7631674851813288
10:33:11.539,1800,90,0.4570551980454727,-1.420239107758144,15.981831901351578,1.6051321736864073
10:33:11.751,1900,95,-0.016966614007722924,-1.1783104188363052,18.28826847044802,1.8326196194418314
10:33:11.964,2000,100,-0.3058909273711161,1.459498518023056,23.369886428139097,2.3417414392876075
10:33:12.175,2100,105,-1.3364295150944632,0.6475013175680906,20.938734649837034,2.0991329413387665
10:33:12.387,2200,110,0.5287836075760715,-1.3618683768462714,30.613936174062964,3.0648774619046293
10:33:12.598,2300,115,0.6969007797591109,-0.3554525857464308,29.547294259591073,2.9557649015109546
10:33:12.810,2400,120,-0.9308987220384695,-0.3869382630855265,26.412346085731087,2.6431578072498185
10:33:13.019,2500,125,0.5844286083349655,-1.3888939531604496,28.66234792827663,2.8701929760435094
10:33:13.229,2600,130,0.5943232948986639,0.5062246711147242,25.758256946070972,2.577008506963681
10:33:13.438,2700,135,0.6001785711907699,1.1198214348032227,21.581717310185212,2.161908269145362
10:33:13.663,2800,140,0.16619759220059738,0.12183244111527758,23.302008905524804,2.330292007059456
10:33:13.871,2900,145,0.7279480811225443,0.03680754981754086,21.75493507101571,2.1767141823138902
10:33:14.081,3000,150,0.45543902280430637,-0.23161781491500766,21.186796010733726,2.1192956299585046
10:33:14.289,3100,155,0.7748850868955257,1.0459425506287827,28.622519074013553,2.8652103602691703
10:33:14.496,3200,160,1.426572639228914,-0.9272899246134004,31.655814735938137,3.170150757764249
10:33:14.707,3300,165,-1.4627148823715763,-0.8540597987197275,16.30800463732659,1.6395730182519046
10:33:14.921,3400,170,0.5327706837496211,-1.3129578936712183,28.5163465542486,2.855152752190367
10:33:15.140,3500,175,-0.337957210615663,0.9360560650372403,30.43398026970486,3.0450247471734695
10:33:15.355,3600,180,-0.42350638361870696,0.03367541663130602,22.12059181089579,2.2124671155859494
10:33:15.565,3700,185,-0.6620996874074162,-0.3317421549856272,26.805628670355,2.68158564522265
10:33:15.780,3800,190,-1.3357226235169448,-1.2041766350604448,15.12662640823509,1.5233155378637602
10:33:15.989,3900,195,0.037514010232027495,0.30510353079287045,23.738671624898117,2.3740661869042508
10:33:16.214,4000,200,0.5849006213828698,0.9956719290820963,20.18011038932607,2.0213122634878617
10:33:16.426,4100,205,0.7751735920900544,-0.2757355607944807,25.523180588214892,2.5536438113722713
10:33:16.636,4200,210,1.1451857093888362,-1.1433800925913058,22.187958052015823,2.2246893060900357
10:33:16.849,4300,215,-0.36933391597580556,0.2129470455773541,16.33357196252453,1.6339134831461477
10:33:17.059,4400,220,-1.4112202033498278,-0.18146751070363676,17.21567098050044,1.7274368301869356
10:33:17.269,4500,225,0.10002831605261098,0.8057024900572305,16.017016716594096,1.6037580449249553
10:33:17.484,4600,230,0.03995449181405375,0.4944505307947411,16.403592098059782,1.6411091109623048
10:33:17.710,4700,235,-0.10432019806309611,-1.4241007264945162,32.079693253669234,3.2111456909216027
10:33:17.920,4800,240,-1.2996089467383876,0.10464015636577373,29.691762996789016,2.97203755500205
10:33:18.133,4900,245,1.0101183448878546,-0.688955318793183,-9.877264401275909,0.9952655452424981
10:33:18.340,5000,250,0.48039039109356274,-1.0498952039994476,-9.065814343800236,0.9139039587587429
10:33:18.549,5100,255,-0.9575998737253617,0.0737612439886337,-9.190491687635106,0.9240539794826035
10:33:18.756,5200,260,-1.1300287664352737,1.2631111497414622,-9.147245061322893,0.9302930022389102
10:33:18.969,5300,265,-0.028710301297346863,-0.5631503466737946,-9.536216526785982,0.9552873297605569
10:33:19.178,5400,270,0.3175603728603651,-1.3973710819091054,-9.099469678463848,0.9211614351472277
10:33:19.395,5500,275,1.0506857936319713,0.5221994710033524,-8.846125688213952,0.8923596394735421
10:33:19.608,5600,280,-1.066757376274161,1.3939403290397325,-9.500311356682223,0.9661105361948185
10:33:19.824,5700,285,0.895544651171936,-0.2519243970081766,-9.449145701524891,0.9494831257726329
10:33:20.034,5800,290,-1.2793141480164842,-0.10124379135590056,-8.845061155425697,0.8937673178060598
10:33:20.250,5900,295,0.9236703832706481,0.9417262340695394,-9.274547259988655,0.9367883547238898
10:33:20.461,6000,300,-0.43729114925689583,1.0576915781847047,-8.050404517153233,0.8131355847187014
10:33:20.676,6100,305,-0.9966508495595515,0.06292601586254554,-9.15583191796048,0.9210131959388204
10:33:20.887,6200,310,-0.3272119009342793,-0.9238751894015671,-8.455543327061044,0.8512157537869665
10:33:21.096,6300,315,-0.6476247484910035,0.15724051325939747,-8.8005731862756,0.8825770833239507
10:33:21.318,6400,320,1.2132310261957406,-0.7848718586951351,-9.025440610386804,0.9140379180817111
10:33:21.545,6500,325,-0.7860677625749136,-1.0114671702770979,-9.463009655813353,0.9549320400422463
10:33:21.765,6600,330,-0.8217716363947756,1.25119218736687,-9.52772581485474,0.9644602102479928
10:33:21.973,6700,335,1.2929622611207452,0.8290864108816818,-9.20348318702588,0.9330768374536964
10:33:22.194,6800,340,-0.7524835782601231,-1.4379242400453445,-9.189128553057444,0.9331341876722594
10:33:22.419,6900,345,-0.5968176301849352,0.41021476456536043,-8.510366933662436,0.8541124796087571
10:33:22.639,7000,350,-1.1903052155028928,0.20097719461460084,-8.250585014820926,0.8338427395234439
10:33:22.848,7100,355,-0.020146007986126424,-0.7183071104050376,-8.848994495618973,0.8878123368707551
10:33:23.066,7200,360,1.183338342557359,1.2764188866755983,-9.966228778999094,1.011707719069981
10:33:23.292,7300,365,0.4866005852974076,0.06280200293466542,-8.78165168525707,0.8795347096184593
10:33:23.507,7400,370,1.346626250798209,-0.744918933796327,-9.561023065135108,0.9684083257041559
10:33:23.725,7500,375,0.4266487884223009,0.22038859312300785,-9.990887736161696,1.000242161065145
10:33:23.953,7600,380,-1.0328406750614045,0.8904074082720874,-9.102031618715868,0.9203616941228625
10:33:24.177,7700,385,1.4443517144853337,-1.2060035601635737,-9.095515978374586,0.9288111076808424
10:33:24.388,7800,390,0.9788423724050883,-1.2648272727480823,-9.264713870398747,0.9401746833448661
10:33:24.611,7900,395,1.2968331841014242,0.024719575175674358,-8.798253553288816,0.8893348804176231
10:33:24.827,8000,400,0.3141737939432958,-0.33644008396872116,-8.245789466394973,0.8258628277565947
10:33:25.044,8100,405,-0.8062681398713388,0.8316163993989267,-9.522343020816146,0.9592532030449876
10:33:25.252,8200,410,0.2452533529719514,0.025900109808228322,-8.99286780663746,0.8996248741030257
10:33:25.467,8300,415,-6.230461419520772e-05,-0.8780276535888903,-8.991418285985473,0.9034187033590938
10:33:25.679,8400,420,0.5018068237678017,0.6079674493486529,-8.281432097199378,0.8318867235890445
10:33:25.888,8500,425,0.47670694166814,-0.7807996020242739,-8.186678904893443,0.8237633702622565
10:33:26.098,8600,430,0.037700155132542656,-0.1639902487831355,-9.151331457054344,0.9152878319974835
10:33:26.318,8700,435,-1.0072896594738077,-1.041615475261478,-8.404647288474033,0.8528639475323188
10:33:26.530,8800,440,0.2205542654032544,-1.1056541944049718,-9.168273473534732,0.9237334781586815
10:33:26.738,8900,445,-0.020132727078420842,0.05628149800054949,-8.208621210308928,0.8208838840423804
10:33:26.954,9000,450,-0.5310426656514167,-1.1857685370174789,-9.372245922638236,0.9461873333042023
10:33:27.170,9100,455,-0.10052372735592363,0.08192449788441203,-8.989541043174688,0.8990476339440386
10:33:27.383,9200,460,-0.9242111263512105,-0.6101383295680486,-9.305628338932776,0.9371294135263721
10:33:27.591,9300,465,-1.0028772384759947,-0.5724977321350337,-8.78737150012873,0.8862923574646667
10:33:27.807,9400,470,0.4000961950854445,-0.3312333361167905,-8.06470974424506,0.8081419166656197
10:33:28.020,9500,475,-1.0878437832911336,1.2073429462808631,-9.377072539971056,0.9516857175909417
10:33:28.236,9600,480,-0.2898681115167716,-0.4305413500430162,-9.087158440695173,0.9101968902521516
10:33:28.446,9700,485,-0.5573536624188195,-0.07179799423532707,-9.33536479161286,0.9352263568220954
10:33:28.660,9800,490,1.4213404193868344,0.007870602516375502,-8.270488284866726,0.8391736828826585
10:33:28.878,9900,495,1.0711322306446567,-0.38022451618680897,-8.503371409075838,0.8578998791171595
10:33:29.095,10000,500,1.1220114442044298,-1.0207887915175353,-8.868323624775748,0.8997115279442028
10:33:29.302,10100,505,-0.21207614494336946,1.200521159404508,-8.20140246584945,0.8291515528072865
10:33:29.515,10200,510,0.6051749787484697,-1.4109535499409196,-8.559220074083498,0.8695819395064966
10:33:29.726,10300,515,1.069111200323606,-0.5473149950361328,-8.551849193550813,0.8635778893167917
10:33:29.944,10400,520,1.1102222294669306,-0.4095398202708622,-9.55628671851122,0.9629274744734618
10:33:30.165,10500,525,1.2889623034541597,-1.3075650611956136,-8.81094097021751,0.9000212830241451
10:33:30.375,10600,530,1.058992316530385,-0.5717027207533323,-8.848901037258733,0.8930361599318689
10:33:30.585,10700,535,0.5598524756969239,-0.5058780608581693,-9.741234694726309,0.9770414565653862
10:33:30.802,10800,540,-1.1126619329288299,0.7241883006483825,-9.0525858639677,0.9149413975566564
10:33:31.019,10900,545,0.1766945112070124,-0.7767206559845306,-9.375407161185919,0.9409185690894826
10:33:31.235,11000,550,-0.8126319953495416,1.3428823326100119,-9.375094415846338,0.9505582518979838
10:33:31.455,11100,555,1.2090170692972682,1.000325124096531,-9.24863335095282,0.938080974586457
10:33:31.663,11200,560,0.04669776455467467,0.7569238342606588,-8.291532865098395,0.832614146079041
10:33:31.873,11300,565,1.4417382881591974,-1.3565806492809807,-8.812695544416343,0.9032304418481669
10:33:32.091,11400,570,0.3092841900215608,-0.931027278914524,-8.245611685628697,0.8303769058352768
10:33:32.309,11500,575,-0.9333339559879129,0.5690376123077954,-9.8349756131652,0.9895537448222568
10:33:32.519,11600,580,-0.4929726094900966,-1.3222535267324242,-8.39477469952525,0.8512556527768439
10:33:32.733,11700,585,-0.714183890054864,-1.285151785584299,-9.160253506637115,0.9277495246383153
10:33:32.947,11800,590,1.064093148267471,0.7992893460337038,-8.95534005233726,0.9053688372142521
10:33:33.158,11900,595,0.4034786489708706,-0.899245853048463,-8.631872495538108,0.8687960687274519
10:33:33.367,12000,600,1.4618738290528217,0.5784219284361329,-9.936896174847218,1.006049465031708
10:33:33.578,12100,605,-0.7936491304212315,1.1165507433937147,-9.037411812092586,0.9140644220520895
10:33:33.789,12200,610,0.041637679994446675,-1.2010045651317691,-8.81196797971495,0.8893532781599461
10:33:34.002,12300,615,-1.259747281407913,0.35587579549560067,-8.196436071143783,0.8300311744939535
10:33:34.210,12400,620,0.7786543226323426,-0.9422455998419216,-8.380406759738113,0.8469081814650261
10:33:34.428,12500,625,0.5243590645909588,-0.30084732720579943,-8.58843554637838,0.8609685631729029
10:33:34.646,12600,630,-1.0422750449799079,-0.7992577941448737,-8.583921755356505,0.8683827669465345
10:33:34.856,12700,635,-0.8328286613084368,0.6619424448852218,-9.706803765053639,0.9764927583586932
10:33:35.072,12800,640,0.2540137533713849,0.8929490613173661,-9.239007328921337,0.9285533772318723
10:33:35.283,12900,645,0.4937868451212759,0.8254082940991156,-9.902689075064284,0.99492901866304
10:33:35.497,13000,650,1.0879787876847513,0.666930994295245,-8.19142145764955,0.8290227999907187
10:33:35.710,13100,655,-0.6253197514251951,1.212564539329036,-8.291858757075772,0.8403348094709326
10:33:35.921,13200,660,-0.31788027050695744,-1.45635794938076,-8.789289284111652,0.8914798509383263
10:33:36.133,13300,665,-0.4016474701958215,0.8816205883234729,-8.409066172706707,0.8464689566016628
10:33:36.346,13400,670,-0.08501203397540502,-1.4659004770353854,-8.418771640009457,0.8545864917088306
10:33:36.562,13500,675,1.0645448673820908,1.3049869832464003,-9.603481459015171,0.9750030919682269
10:33:36.779,13600,680,0.38520448828416387,-1.0461879909814402,-8.683623987337551,0.8754896764881478
10:33:36.990,13700,685,0.11417833374551778,0.863744590423591,-8.024247580831412,0.8071408839097528
10:33:37.206,13800,690,-0.9098193427263597,-0.5542466747509002,-8.307619032481595,0.8375648906307016
10:33:37.420,13900,695,0.8212336689122113,0.06110887307119306,-9.072866336811312,0.9110162600028991
10:33:37.630,14000,700,-0.9763615640846129,-1.2892531444365534,-8.851278888556381,0.8997810485738471
10:33:37.838,14100,705,-0.5911983651537674,0.559061318249725,-9.34923306485709,0.9384573723166159
10:33:38.053,14200,710,-1.1565195438896105,1.041743513176641,-8.762060673863566,0.8899240094250223
10:33:38.266,14300,715,0.2593795285158862,-0.8108666127038942,-9.9637087825594,1.0000013755343657
10:33:38.477,14400,720,-0.5733776313608578,-0.5165720571746162,-9.263749618622999,0.9295841306462604
10:33:38.696,14500,725,-1.3483099814610835,-0.17353475259329865,-9.838192895662635,0.9931671237446997
10:33:38.914,14600,730,1.4449965194955006,-0.23478310091365184,-8.975790723833605,0.9094391522465157
10:33:39.129,14700,735,0.7720441979261334,0.5146228224665044,-8.744244635939223,0.8793332880433145
10:33:39.341,14800,740,0.9407327126418039,-0.34082082671720615,-8.51843854356026,0.8577000180306146
10:33:39.555,14900,745,-0.20899392785670146,-1.028935420649268,-8.109102437967469,0.8176792091718954
10:33:39.769,15000,750,1.4074916055694944,1.1472550124289174,-9.912821196654566,1.0077760205528603
10:33:39.980,15100,755,-0.07541203179499423,0.6950564759029456,-8.865730533708335,0.8893254093725331
10:33:40.194,15200,760,0.6921942584216447,-1.0805457375811933,-9.368572841420834,0.9456049337191765
10:33:40.404,15300,765,0.20413738128866799,-0.6386007534792246,-9.126441455455733,0.9151033637390074
10:33:40.620,15400,770,0.3450011212075812,-1.341322106650206,-8.652957436525552,0.8763095524171005
10:33:40.833,15500,775,-0.9232878730538193,0.6093333090336204,-8.61763507829452,0.8688347479278111
10:33:41.049,15600,780,-1.2888677209911013,-0.889262863843192,-9.348217529942023,0.9478456595371356
10:33:41.259,15700,785,1.070776850501248,-0.04563731076462574,-9.858869955203597,0.991695329329121
10:33:41.467,15800,790,0.22372704787431164,0.9553784983038547,-8.354625958595314,0.8412049499082048
10:33:41.681,15900,795,-0.9556759829475062,1.3470665160277235,-9.765107818664953,0.9903799043454848
10:33:41.898,16000,800,0.2801206976474697,1.341439469516537,-9.643373233881949,0.9740255375685902
10:33:42.111,16100,805,-1.1148774513604875,0.7616816527133263,-8.805144068083127,0.8908067845011716
10:33:42.321,16200,810,-0.6697629655595825,-1.3909193401477173,-9.525034442588229,0.9649327446683742
10:33:42.532,16300,815,-1.263416432295922,-1.323215325621652,-9.969284434822402,1.0135765981007434
10:33:42.750,16400,820,0.3997990263421136,0.29124595491519445,-8.499241128304718,0.8513622215296203
10:33:42.968,16500,825,0.5817571671032029,-0.8607943777264667,-9.937740139442667,0.9991901092449395
10:33:43.175,16600,830,1.10473964532685,0.45091135351056133,-8.181416060123956,0.8267970699121752
10:33:43.388,16700,835,1.445182163935487,-0.9558348180402746,-9.226215351070621,0.9387503469542184
10:33:43.599,16800,840,-1.1558464435789613,-0.5474877044802846,-8.434462113467667,0.8530877735099284
10:33:43.812,16900,845,1.4264592438022374,-1.2663630144923206,-9.94980389213601,1.0130994953639443
10:33:44.022,17000,850,-1.0616550794314472,-1.0140120547467404,-8.998759778573007,0.9117730502011869
10:33:44.235,17100,855,-1.3611454908664768,-0.43545883513055883,-8.981283758257662,0.9094272889612578
10:33:44.451,17200,860,0.4827704892775948,0.6185349599356491,-8.882662741587017,0.8917250149163594
10:33:44.663,17300,865,0.3083105476384924,-0.5526736201485402,-9.54836387923591,0.9569313261383509
10:33:44.878,17400,870,0.7645813361910259,0.5049101855547571,-8.17033137398912,0.8221546915022716
10:33:45.093,17500,875,0.607000058891443,1.0856755245918275,-8.380150398011741,0.8471957336382681
10:33:45.300,17600,880,-0.16514185030203765,-0.38229547977001266,-8.519756250647223,0.8529927797761023
10:33:45.512,17700,885,-1.0001033590818778,-0.3785370178218168,-9.608987212505218,0.9668305552308383
10:33:45.720,17800,890,0.8531731879678226,0.027472020560423527,-9.81050479950337,0.9847571458063126
10:33:45.935,17900,895,0.3755093326374279,0.3789996368867339,-8.687945477871997,0.8704311840124673
10:33:46.150,18000,900,-1.0278273947044243,-1.3980669309924256,-8.90991201232052,0.907730975367333
10:33:46.358,18100,905,0.1175738362121801,0.8013966434863042,-9.173334546368942,0.9209024209261187
10:33:46.570,18200,910,0.5563495589583036,-1.4399042560812676,-8.336481585789556,0.8478194048772558
10:33:46.786,18300,915,-1.414042065701465,0.1371604240600761,-9.849048298305487,0.9950983887428209
10:33:46.999,18400,920,0.7017946455832291,0.005386529966063147,-9.96203117011497,0.998672167298241
10:33:47.209,18500,925,-1.308837520716414,-0.09113728017321954,-9.441826690385259,0.953254703165654
10:33:47.421,18600,930,0.7564625821333717,-0.1279986618392206,-9.462850272030675,0.9493900914085398
10:33:47.635,18700,935,0.32977253243606897,-0.874977406222865,-9.29946087015822,0.9346352650106549
10:33:47.846,18800,940,-0.777727954374687,-1.3357890274326707,-8.98781053544167,0.9119755003168759
10:33:48.062,18900,945,0.23789601096350843,-1.11665160294567,-9.930819194924425,0.9996233050338157
10:33:48.280,19000,950,-1.0506522361177413,0.6580736577063471,-8.56320487532021,0.8652479921787397
10:33:48.488,19100,955,-1.2610728941843177,-0.26670243795209103,-8.38293781036951,0.848145514445362
10:33:48.700,19200,960,0.33935269163048876,-1.0074695560082532,-8.084850024705645,0.8154443885243382
10:33:48.911,19300,965,-1.2731132471129958,-1.1825977066982019,-9.034754691595309,0.92003340707371
10:33:49.119,19400,970,-1.4170866915520315,0.5671940789770056,-8.858507224028962,0.8989048562154605
10:33:49.332,19500,975,-0.8311746131957622,-0.8421228587816497,-8.10125370319626,0.8187205488471316
10:33:49.548,19600,980,-0.2987293000378668,0.6249269707682075,-9.483742530644518,0.9509003381062094
10:33:49.761,19700,985,0.7572514946609892,1.3463328922476956,-8.127316946454597,0.8272806224676268
10:33:49.968,19800,990,-0.826876906436587,1.405871273572989,-8.231456763468017,0.8391488539293803
10:33:50.189,19900,995,-1.1867099691608356,0.9159775079715091,-8.131411281870554,0.8268442705911867
10:33:50.397,20000,1000,-0.1260633146123089,0.1203038234635232,-8.883987556063284,0.8885696363567588
10:33:50.607,20100,1005,-0.8970862755335351,-0.01797263600001786,-8.233627183926474,0.8282373053979666
10:33:50.820,20200,1010,-1.4967812648548429,-1.1014470552827789,-9.98959327427249,1.0160979950565878
10:33:51.032,20300,1015,0.4148790361503103,-0.9070234432308236,-8.205770044626572,0.8266164658806288
10:33:51.239,20400,1020,0.5063083149142908,-1.2776432879850943,-8.595224476922084,0.8704401432020771
10:33:51.451,20500,1025,-1.2136211449460954,0.49174120165436896,-8.25453770515398,0.8357755585004475
10:33:51.660,20600,1030,-0.2869744019454532,1.2565970253401115,-9.385401425553198,0.9473497258681273
10:33:51.871,20700,1035,-0.4742956079739624,0.3303519453915569,-9.522747919034064,0.9540273405989735
10:33:52.085,20800,1040,1.0721481164092612,0.41989192512057416,-8.554991296269305,0.863213107474307
10:33:52.306,20900,1045,1.4701447855225407,-1.4482782734613018,-9.650532786517042,0.9868719203190429
10:33:52.519,21000,1050,-0.8188563626756618,-0.28225346761778614,-9.436928827602998,0.9476593188478715
10:33:52.726,21100,1055,0.14371333760107574,0.08709281834454075,-9.693318837336577,0.9694775333378065
10:33:52.935,21200,1060,-0.3097176200953613,-0.521843192471835,-8.33751063075341,0.8359565110677281
10:33:53.148,21300,1065,-1.4921580352055912,-0.19544840336524705,-8.97464405363114,0.9099943492669799
10:33:53.361,21400,1070,-0.48621084183841523,-1.2546636233190012,-8.12442509516134,0.8235099569360929
10:33:53.579,21500,1075,0.21303377191560946,1.0251506997864643,-9.015536037448626,0.9076133945011178
10:33:53.786,21600,1080,0.22537806364501112,-0.13413127501122446,-8.76954120540856,0.8773462225590714
10:33:54.000,21700,1085,0.004088117515746781,0.27424462949698025,-9.841655413643412,0.9845476530387418
10:33:54.212,21800,1090,-1.2614467779760217,0.43064446288479763,-9.77902843909512,0.9869452864252941
10:33:54.428,21900,1095,0.6899948288623929,0.5096420651662612,-8.91697265143692,0.8958137594663177
10:33:54.636,22000,1100,-1.371096861314434,0.3155519883407507,-8.38104590398168,0.8498318075072278
10:33:54.847,22100,1105,-1.0289509799830578,0.4815304288819231,-9.530947323337909,0.9598414897960463
10:33:55.063,22200,1110,-0.14390150756652753,1.0052087860061363,-8.633358038276036,0.8692871985966968
10:33:55.274,22300,1115,-1.3546831717158445,-1.1014438369477197,-8.53431622009876,0.8711079058665523
10:33:55.481,22400,1120,0.435543055291296,-0.555327710171364,-8.073347139140818,0.8104136021055539
10:33:55.694,22500,1125,-0.15884176481640044,1.1993769990813172,-9.673986346796594,0.9749346015512128
10:33:55.908,22600,1130,0.5600597084395185,0.583033520293962,-9.975233727695468,1.0007940991280722
10:33:56.119,22700,1135,1.0133263940902033,0.9437493099583723,-9.505336423586108,0.96056709118395
10:33:56.327,22800,1140,-1.247579815917236,1.481797471062452,-8.941886545162498,0.9149290362038429
10:33:56.541,22900,1145,0.1175330698479018,-0.35311429354192314,-9.535210632071996,0.9542470619540325
10:33:56.758,23000,1150,0.3539949769834929,-0.8245446480885281,-9.696207370725187,0.9737639534123576
10:33:56.975,23100,1155,-1.4873632805139287,0.42452336497340193,-9.041853955380025,0.9173199690732287
10:33:57.191,23200,1160,-1.2948750172607122,1.3973814811840581,-9.476672803790086,0.9666266277336701
10:33:57.402,23300,1165,-1.4784683157766367,-1.1761449264942017,-9.177481753947953,0.9369917651341503
10:33:57.613,23400,1170,1.4554595291449592,-0.5540607283563952,-9.920816380533475,1.0042307672439985
10:33:57.825,23500,1175,-1.266021662606851,-0.549427276295146,-8.649589088941436,0.8758999519903039
10:33:58.044,23600,1180,0.15399109647126163,0.2573724171942815,-9.222427457057522,0.9227303074008859
10:33:58.255,23700,1185,-0.9303256650893096,1.4225750276627984,-8.785551742120195,0.8948471655312145
10:33:58.463,23800,1190,0.12331882534175853,1.203392210140792,-8.667888672368361,0.8751894330982464
10:33:58.679,23900,1195,-0.08349600160857396,0.9706155626850572,-8.886189004878643,0.8939430696819409
10:33:58.897,24000,1200,-1.03626820957619,-0.5360276039341334,-8.12904336586576,0.8212339705497073
10:33:59.113,24100,1205,0.7611255660635816,-1.2641697770770706,-9.196038473322487,0.9313676017310141
10:33:59.334,24200,1210,-0.8454140547092939,0.9120810632630003,-9.363433542602342,0.9445660617267256
10:33:59.542,24300,1215,-0.9075946100175629,-1.4725482038056734,-8.307749762181164,0.8485919649612849
10:33:59.766,24400,1220,0.30312792405066347,-1.4951166994831315,-8.752657575900894,0.8884608889781695
10:33:59.985,24500,1225,-1.0509712938767413,0.3887729270746094,-8.794830043700859,0.8865930326083235
10:34:00.205,24600,1230,-0.5680575159236528,-0.7262273997509591,-8.411843370653553,0.8462222194551177
10:34:00.414,24700,1235,0.13836140358398907,-0.06916192434247348,-9.374200789504343,0.937547693142724
10:34:00.628,24800,1240,0.3262361744747171,-1.3736546726640237,-8.637019366101939,0.8751654742486562
10:34:00.844,24900,1245,0.5871769279137786,0.5963634950503502,-9.30297877937695,0.934054818158125
10:34:01.058,25000,1250,-0.03133601788908402,-0.9884339198671631,-8.715814789684423,0.8771739337670884
10:34:01.269,25100,1255,-0.767082616058701,0.5037468478475366,-9.784243331422244,0.9827186484190501
10:34:01.484,25200,1260,0.989887401017616,-0.24161063548571438,-8.620636967310574,0.8680647123805626
10:34:01.699,25300,1265,-1.003440854347659,-0.03292324271928537,-8.215136501609118,0.8276257924216452
10:34:01.914,25400,1270,-1.4840810757735445,1.4757214852274751,-8.945877754382378,0.9187435950132369
10:34:02.128,25500,1275,1.2588775485613128,-1.4092026408689584,-8.193816269394045,0.8408879225074548
10:34:02.342,25600,1280,0.04159078123083626,-0.7245911746009339,-8.095362715138062,0.812783240803109
10:34:02.561,25700,1285,-1.4366983069818413,0.5512207646473066,-8.305466853956153,0.844681750831798
10:34:02.776,25800,1290,0.4766390836901664,-0.566887677235493,-8.858553726187251,0.8889461208332512
10:34:02.991,25900,1295,1.4871457809569355,-1.468295308571538,-8.02974540646881,0.8297246831310864
10:34:03.206,26000,1300,1.0346779012355007,-0.6470545907742541,-8.071553111073674,0.8163284120231897
10:34:03.424,26100,1305,-1.2282315473639411,0.15224146273606975,-9.16444057583461,0.9247632197753101
10:34:03.637,26200,1310,-1.038698307652587,-0.6834460262114921,-9.73344152068887,0.9812536699637597
10:34:03.851,26300,1315,0.9256947638889628,-0.575202300795952,-8.046126770872965,0.8119601252259314
10:34:04.069,26400,1320,-0.7401011540290198,1.1695893563704702,-9.522821792766129,0.9622880227744274
10:34:04.279,26500,1325,-0.6491334259615208,-0.9887325257163873,-8.620021398283868,0.8700789338846322
10:34:04.494,26600,1330,-0.5632196179357938,1.2207389517492229,-8.010662156528491,0.8122692171465273
10:34:04.708,26700,1335,0.9473803786299246,-0.14208731887521564,-9.164842426591822,0.9214773740697901
10:34:04.924,26800,1340,0.5633201253936742,0.5573490582636071,-9.103192428188018,0.9137618941553676
10:34:05.142,26900,1345,1.4630655849318837,-0.2380539426214694,-8.050936299715275,0.8186257135436364
10:34:05.361,27000,1350,1.2160065828439235,1.0550781900761041,-9.809871621516832,0.9941098693169448
10:34:05.575,27100,1355,-0.76064827909868,-1.046187056614438,-9.672955875258666,0.9759055719003991
10:34:05.785,27200,1360,0.25593875280985046,-0.29584260487789904,-9.417684258833676,0.9425805233036295
10:34:06.001,27300,1365,-0.45993040611219316,-0.20067278687190004,-9.756704623076338,0.9769600332041053
10:34:06.208,27400,1370,0.4077357680471101,0.6196158337901876,-8.980841189272695,0.9011419461159573
10:34:06.418,27500,1375,-1.1363137259977916,-0.6792955373846156,-8.128476332950251,0.823558005281559
10:34:06.636,27600,1380,-1.21195275139397,-1.1867675002760576,-9.137288881424997,0.929340059794776
10:34:06.851,27700,1385,1.4654295655792415,1.1001011789416575,-9.163085589864885,0.9344508758772293
10:34:07.059,27800,1390,0.4141208799667766,1.260492143765259,-8.583561959451231,0.8685497824503594
10:34:07.272,27900,1395,1.3719202955843595,1.1871235773769775,-9.203316428226175,0.9380429679042342
10:34:07.484,28000,1400,0.6436624162448812,-0.05115505477257232,-8.105818417011816,0.8131494964352062
10:34:07.700,28100,1405,1.34175784617001,1.1848883255380231,-8.987291833938677,0.9163825018524521
10:34:07.908,28200,1410,0.20248158797045868,-0.18128479430167688,-9.733617576780283,0.9737411057417579
10:34:08.122,28300,1415,0.37938557126064376,-0.055334206429098476,-8.64254655361293,0.8651046538855782
10:34:08.341,28400,1420,-0.15616773669474404,-0.3960284740460849,-8.404631183805794,0.8415405649761658
10:34:08.552,28500,1425,-0.8869965782987509,-1.4408896577591102,-8.393453345923744,0.8562300216994809
10:34:08.760,28600,1430,0.22949331903067094,-0.40225809380493294,-9.768527506120746,0.9779499393902986
10:34:08.977,28700,1435,0.4589882448159761,0.6254791900837864,-8.556338218896633,0.8591438653814525
10:34:09.188,28800,1440,-0.2602845452163831,-0.07238578922120764,-8.77357186014076,0.8777730397546595
10:34:09.397,28900,1445,-1.4141824772567064,-0.9946656355158081,-9.691362153528459,0.9844377694719955
10:34:09.604,29000,1450,-1.2212411231902904,-0.05500334122768913,-9.573126867650595,0.9650865933824332
10:34:09.820,29100,1455,0.09209307269242784,-1.4002610026732136,-9.268829859543265,0.9374455662853507
10:34:10.033,29200,1460,-0.28466993081036485,1.359622484556048,-9.325808690343552,0.9428696516428199
10:34:10.243,29300,1465,-0.7705215261701192,-0.2832154807068865,-8.990992008701099,0.9028391425460605
10:34:10.450,29400,1470,1.2428198024736612,-1.0449794607177978,-8.90043966153239,0.9047342665298003
10:34:10.662,29500,1475,1.441206356048557,1.167316418923944,-8.616566708149605,0.8813905219515145
10:34:10.875,29600,1480,-0.952848576061294,-0.2735542264711026,-8.711867984121936,0.8768089649204726
10:34:11.085,29700,1485,1.4884223434107278,1.0698501790699018,-9.766770639989643,0.9937292851284192
10:34:11.300,29800,1490,-0.4847784569805216,1.0945754403174783,-9.360970992950612,0.9437207398259372
10:34:11.512,29900,1495,-0.9988598380445506,-0.489941140271722,-9.650006988742758,0.9713928050988088
10:34:11.725,30000,1500,1.2634136066220796,0.1758444428796604,-8.974346433755425,0.9064547927092017
10:34:11.943,30100,1505,0.8520191222796263,1.209377481371681,-8.137465189608301,0.8270844587420678
10:34:12.158,30200,1510,-0.523449266647394,-0.9060962041899578,-8.469701982515993,0.8534099902077341
10:34:12.370,30300,1515,-0.970794253045946,-0.37203560272606295,-9.200193358799165,0.9258747745280408
10:34:12.586,30400,1520,0.9025099451718694,0.1179867753119117,-9.98688106330466,1.0028271957464847
10:34:12.801,30500,1525,-0.7803587191852212,1.2680389298634522,-9.574179364354912,0.9689261734471675
10:34:13.016,30600,1530,-1.4557039525104774,-1.3390307396899932,-8.734926219462283,0.8956060148225836
10:34:13.227,30700,1535,-0.0337446796818508,-0.3966473723741617,-8.326854669674438,0.8336364707190849
10:34:13.440,30800,1540,0.36507994854820414,0.8592230355717319,-8.44468254454063,0.8496129169907803
10:34:13.654,30900,1545,0.6020888441634944,-1.2639323018084287,-8.77023700074143,0.8881277660843339
10:34:13.869,31000,1550,-1.4459003173570735,0.3336731221547433,-9.330621003123644,0.9447880915004903
10:34:14.083,31100,1555,0.8911390500519127,0.7229004970425352,-8.901159798947766,0.8974818087379577
10:34:14.296,31200,1560,0.038193304491548785,1.4464248148278678,-8.454719062367412,0.857763824703611
10:34:14.505,31300,1565,-0.713072602681303,-0.21525061765199638,-8.96889851911911,0.8999774775590288
10:34:14.717,31400,1570,-0.030434498452948766,0.43548411704778633,-8.284576700132467,0.8296070381528518
10:34:14.935,31500,1575,-1.1542031233558787,1.168857684041836,-8.656458283637171,0.8810941104777554
10:34:15.151,31600,1580,1.3400731742155818,1.1220705057142828,-8.576305155639643,0.8752590956665189
10:34:15.359,31700,1585,0.29324654537121253,-0.6248046818408282,-8.01098753258327,0.8040665126345392
10:34:15.570,31800,1590,0.601704142943202,-0.5259607416584294,-8.13992542893702,0.8179062817099307
10:34:15.787,31900,1595,-0.9719683980423668,0.9133989619744405,-9.946535006477903,1.0035565697339608
10:34:15.995,32000,1600,0.7416606132812205,-1.0960182874965483,-8.652496966457381,0.8753114891647071
10:34:16.202,32100,1605,0.6132728938202305,0.04263894034175575,-9.645171689139694,0.9664743071313897
10:34:16.412,32200,1610,0.7446505864713862,-1.4144140998250656,-9.158225444391176,0.9296674944947259
10:34:16.628,32300,1615,1.0815761736045433,-0.6642419736113361,-8.398957537961364,0.849432234750331
10:34:16.842,32400,1620,-0.0447214163000309,0.9200315208440246,-8.561446793201368,0.8610855311595964
10:34:17.049,32500,1625,0.27113606334715756,-0.35490655716842046,-9.431130232668622,0.9441699576597671
10:34:17.259,32600,1630,1.3363641430237556,-1.0595066969127742,-9.412424254554411,0.9565675820938466
10:34:17.473,32700,1635,-1.0988580868362834,0.0021392896836553987,-8.416566338150686,0.8487996382896089
10:34:17.690,32800,1640,-0.26476958790722094,0.6045964287609031,-9.631099226916096,0.9653689040727116
10:34:17.905,32900,1645,0.14199947672469326,1.2480602451906413,-9.54274428490089,0.9625060348591277
10:34:18.120,33000,1650,1.2383704186677322,-1.0376074861418445,-8.359110418037078,0.8513807466114378
10:34:18.333,33100,1655,-0.31797632611108906,0.1419548738456844,-9.360880969936153,0.9367355692162461
10:34:18.543,33200,1660,1.2475995784819895,-0.47119388819318675,-8.144046988866002,0.8252516570438163
10:34:18.760,33300,1665,0.6647486653092667,-1.3512514759335077,-8.359029956312801,0.8493594830799132
10:34:18.975,33400,1670,-0.7143893378038423,1.0276689319219332,-8.36302965860208,0.8456164652504313
10:34:19.195,33500,1675,0.7750534071158155,0.3527057823723698,-9.689905580403684,0.9727249318791987
10:34:19.413,33600,1680,1.0355558311518287,0.717930289508109,-9.265759887819057,0.9351048394631608
10:34:19.626,33700,1685,0.20449845398769328,0.3292418587316479,-9.970916606143879,0.9978446661976013
10:34:19.842,33800,1690,1.2585936787142735,0.8630214987382132,-9.365893952751204,0.948940639289758
10:34:20.053,33900,1695,-1.4128166513841443,-0.43506892102294703,-9.432205390774257,0.954734698176511
10:34:20.268,34000,1700,-0.23484042982535436,0.9352669362648172,-9.094979244914919,0.9145956578454979
10:34:20.483,34100,1705,-1.0327392668409263,-0.7970011475395226,-9.193251009498603,0.9285344654136515
10:34:20.701,34200,1710,0.8373123303555614,-0.4290985662485407,-8.372326969558445,0.8425026789471813
10:34:20.911,34300,1715,-0.14494795033416707,-0.6401442614176908,-9.167911740988366,0.9191376408040551
10:34:21.119,34400,1720,0.02360185405312043,-0.47165122509863533,-9.323346338671055,0.9335298542438948
10:34:21.334,34500,1725,0.0770331039460499,-0.8868640933434448,-8.757468109464808,0.8802596759335201
10:34:21.544,34600,1730,-0.8885598746499731,1.2713005538606925,-9.646832534240426,0.9770727797496154
10:34:21.765,34700,1735,-0.3205664818412701,0.2770081703163336,-8.60930700688721,0.8619725258645968
10:34:21.980,34800,1740,-0.9271924580839565,0.030489138162200113,-8.08641814413042,0.8139457834745217
10:34:22.195,34900,1745,0.4037912174489535,-0.43818169170913146,-8.737986768040086,0.875827969984298
10:34:22.407,35000,1750,0.03796999478866647,0.06225324076098282,-9.43389863972957,0.9434180448305032
10:34:22.623,35100,1755,0.035174759758650476,0.49425892722567566,-9.550407225830348,0.9563252968005129
10:34:22.837,35200,1760,1.3420885694875313,0.6730400976665081,-9.988560236144721,1.010076830209007
10:34:23.054,35300,1765,0.24636810296406897,1.101090469256472,-9.889640726195962,0.9953797825798922
10:34:23.267,35400,1770,-0.32764536057747096,-0.7942263668150877,-8.20619089191756,0.8251043325461511
10:34:23.480,35500,1775,0.5050390373285709,-0.6604396442727478,-9.695667030323076,0.9731248846671572
10:34:23.693,35600,1780,1.2709919637970364,1.0073979138744487,-8.004461833857917,0.8167109671028258
10:34:23.908,35700,1785,0.4853863525382569,1.1575812812533126,-8.403360910126446,0.8496591606037072
10:34:24.124,35800,1790,-0.2174519266904522,0.47941004110335417,-9.186289981859682,0.92013609297075
10:34:24.339,35900,1795,-0.5092841527522668,-0.8468848915322791,-9.402958112607992,0.9454745138564586
10:34:24.550,36000,1800,-0.8132079173663805,-1.3404427703078379,-9.421267872352896,0.9550831495737259
10:34:24.766,36100,1805,1.4087412167056548,0.881452552383021,-9.342247463250386,0.9488893406628413
10:34:24.979,36200,1810,0.19472068338440174,-1.444433000732627,-9.621940255462961,0.9731702683387002
10:34:25.197,36300,1815,1.0612622815361163,-0.30327057045065553,-9.778778201494886,0.9840871596720702
10:34:25.405,36400,1820,0.3565593318949274,0.04426233165129356,-9.075381665545766,0.9082491182846741
10:34:25.618,36500,1825,-0.6884115679539935,1.3119554445042487,-9.054611217433091,0.9175027077568894
10:34:25.833,36600,1830,0.6797553823540214,0.6238964336952955,-8.23853005951294,0.8290035686371637
10:34:26.048,36700,1835,-1.3620596703201846,1.3608165292076668,-9.7496433746321,0.9937936108880211
10:34:26.259,36800,1840,-0.1493751193234849,0.40334501979944504,-9.984138521821482,0.9993398929002564
10:34:26.471,36900,1845,0.4189434803749088,1.4414514137826582,-9.575032917392306,0.9691983862305533
10:34:26.688,37000,1850,0.7107781834349582,-0.2766724026477614,-9.230036229958726,0.9261496750028295
10:34:26.897,37100,1855,-0.4335392051242142,-0.12542127841772532,-8.915149519107828,0.892656583953248
10:34:27.107,37200,1860,0.2212524966791376,-0.3007426355084406,-9.524559556918128,0.9531874608563614
10:34:27.316,37300,1865,0.12634849428843498,0.11555841269010014,-9.905868163602374,0.9907347867286355
10:34:27.523,37400,1870,0.437980011308313,-0.5144875836077879,-8.868685259602,0.8894385993303529
10:34:27.741,37500,1875,0.27505049407170024,-1.0996055913214815,-8.81336829580721,0.8885957795774986
10:34:27.959,37600,1880,-0.9449798713084177,-0.7058837594951056,-9.65573755345444,0.972751389309146
10:34:28.180,37700,1885,-0.30510649774158694,0.08183936736951058,-9.404669860155929,0.9409973583147878
10:34:28.388,37800,1890,-1.2989205770652767,-1.2675431882615125,-8.13057266017231,0.8330670572167238
10:34:28.603,37900,1895,0.292269683609657,-0.1133520190054913,-9.624651916172319,0.9629755695532956
10:34:28.817,38000,1900,-1.1610892662323398,0.35702641300266746,-9.766899860942111,0.9842150630701225
10:34:29.033,38100,1905,-1.317233648481943,1.031494133132397,-9.364770363282494,0.9513044128374143
10:34:29.244,38200,1910,0.9694536831652218,-0.31298921039082406,-8.830150666144748,0.8888721138411321
10:34:29.452,38300,1915,0.2437381963130949,-0.8673168782185312,-8.86591424792618,0.8911570138149906
10:34:29.669,38400,1920,0.7270105693217399,-1.2410030521099114,-9.113884617860991,0.922667468652357
10:34:29.888,38500,1925,-0.4316628737671455,-1.4977325851849184,-9.283264816693942,0.9413211003168963
10:34:30.102,38600,1930,-0.4062530015335417,0.3630166312070391,-9.180670685617741,0.9196822104050336
10:34:30.310,38700,1935,-0.8613617919783308,-1.4023767977388164,-8.910495813558407,0.9061210761424668
10:34:30.528,38800,1940,-0.8292187601581062,-0.985335150092999,-9.925068348230937,1.0008270121617548
10:34:30.744,38900,1945,0.6526601967917323,0.8079532972340733,-9.042502379528838,0.9101956006637932
10:34:30.961,39000,1950,-1.1639536608012988,0.6135885439338651,-9.208258143701837,0.9301789992619206
10:34:31.169,39100,1955,-1.2612449103113965,-0.6963067678299434,-8.21135229679661,0.8336779257052399
10:34:31.384,39200,1960,-0.41403868589618664,-0.06455287751888594,-8.831792047826088,0.8841727539539925
10:34:31.595,39300,1965,-0.5087863538111467,0.2540603881478072,-8.743888016458804,0.8762362003422487
10:34:31.810,39400,1970,0.3811524606877772,-1.402403043067654,-8.03732033634706,0.8167651417791517
10:34:32.019,39500,1975,0.26102178176453594,-1.0231101922641805,-9.88236838103358,0.9938616184083306
10:34:32.229,39600,1980,-0.32166430426903236,0.2490125861848742,-8.937806822208415,0.8947059068980971
10:34:32.447,39700,1985,-1.239024278158222,-0.03367164871569983,-9.492131797589115,0.9572715445713151
10:34:32.665,39800,1990,-0.15144711254762377,1.2013529810842933,-8.705068617151522,0.8788879612463436
10:34:32.875,39900,1995,0.07015247352963838,0.7121526996655865,-9.081046282873409,0.9109197792828536
10:34:33.089,40000,2000,0.9125914264066028,0.5446601914552964,-9.911285493300898,0.9968102024228274
10:34:33.300,40100,2005,0.2811249469219932,1.1061930734856968,-9.261243633419381,0.9331309017986741
10:34:33.512,40200,2010,-0.5846082742045061,0.19273058319121628,-9.005944165909321,0.9026956421266347
10:34:33.727,40300,2015,0.9715464023007505,-1.0973652676021086,-8.505921558529751,0.8631269576500561
10:34:33.943,40400,2020,-1.4972403707166815,0.1517966263576478,-9.497738628846362,0.9616226391124418
10:34:34.153,40500,2025,0.7825108424043279,0.007026135822916224,-9.88038031284939,0.9911321189004356
10:34:34.372,40600,2030,0.38902905056151615,0.6481604066618623,-8.79016945069612,0.8822614946085781
10:34:34.586,40700,2035,-0.8165830990054002,-1.1975372502704276,-9.359276760781501,0.9470848162032331
10:34:34.802,40800,2040,-1.41265178828563,0.0003989007153770707,-9.280262927626731,0.9387164920248896
10:34:35.016,40900,2045,-0.9260428669387253,0.6090903736271627,-9.887808525548996,0.9949738886652896
10:34:35.226,41000,2050,-0.909806690247212,-1.385339739158262,-9.648569558911442,0.9789882989068981
10:34:35.439,41100,2055,-0.2699190398459561,1.1149446254007915,-8.401440845829248,0.8479396564128225
10:34:35.651,41200,2060,-1.2050961607740207,0.8062952343506367,-9.093275084780503,0.9208149679992105
10:34:35.862,41300,2065,0.7188240865096907,-1.251614195411305,-9.006384789591278,0.9121305451506528
10:34:36.081,41400,2070,-1.3790265722478854,0.23885309679484212,-8.901292543682427,0.9010647814504271
10:34:36.292,41500,2075,0.7233752485730394,-0.8916809439097293,-8.086036214848125,0.8167150563312474
10:34:36.504,41600,2080,-0.05154702238804809,1.1833109137084534,-9.112750261272533,0.9189401457023261
10:34:36.721,41700,2085,0.6474886061994072,0.13463157970807949,-9.965180476114918,0.9987101134911707
10:34:36.931,41800,2090,-1.1334391690124779,-0.38780395818921964,-8.67971045425547,0.8761988919734528
10:34:37.145,41900,2095,0.8427089604045186,0.6128891923654747,-8.382816274048931,0.8447330953533435
10:34:37.361,42000,2100,-1.47621169868138,0.31386859275437473,-8.44222210685871,0.8576061367223027
10:34:37.578,42100,2105,1.0449439127627178,0.8140149962687699,-8.139158390782988,0.8246237172506223
10:34:37.785,42200,2110,0.21358017647964234,-0.4483682123092154,-9.142997367152061,0.9156475926978893
10:34:38.002,42300,2115,0.031978199666866436,-0.5183823246881627,-8.171232343245359,0.8187721346449334
10:34:38.212,42400,2120,0.8050079503011096,0.672073077280265,-8.352162560596424,0.8417739569497359
10:34:38.423,42500,2125,-0.5590614004692763,0.45178057451888787,-8.63089805203999,0.8660776900585477
10:34:38.631,42600,2130,0.047919359534244865,0.9365046219098692,-9.50797230797279,0.9554102500028672
10:34:38.849,42700,2135,0.8079562346872868,0.19372173271266613,-9.862183503813945,0.9897120028058423
10:34:39.066,42800,2140,1.482998218390371,0.8038059631576608,-9.994130684931,1.0135483998785464
10:34:39.277,42900,2145,0.4885665025082768,1.2829892295098286,-8.447404889338529,0.8558236264256316
10:34:39.484,43000,2150,0.5117352281841985,-0.9615445535838899,-9.788958444624221,0.984937299034164
10:34:39.697,43100,2155,0.08412094204103626,-0.505472669745604,-9.309592548726883,0.9323684485012388
10:34:39.909,43200,2160,-0.5581900683038113,1.0790887975352845,-8.154091118774835,0.8244101573767866
10:34:40.120,43300,2165,-0.0315945904256274,0.28576834317366595,-9.687991420390155,0.9692256678692411
10:34:40.328,43400,2170,-0.4959925173816264,-0.17924191639448672,-8.084129346521566,0.8101313691814591
10:34:40.538,43500,2175,0.08887699115600545,-0.1929011786733983,-9.28509982926418,0.9287528671486955
10:34:40.755,43600,2180,-0.6158344381696378,-0.18869098444895083,-8.597438817948161,0.8621531799582363
10:34:40.968,43700,2185,-0.7908410987323545,1.050632458081307,-8.552637248853076,0.8653141748283526
10:34:41.179,43800,2190,0.8858013911885654,1.2219834007982908,-9.927042788430514,1.0041118765346242
10:34:41.394,43900,2195,-0.87497342452236,1.3902202296810828,-8.212689006235125,0.8375353813049943
10:34:41.601,44000,2200,-0.14588161761523089,0.10239392494902377,-8.163752442248445,0.8165697759563598
10:34:41.812,44100,2205,-0.5088996506542646,0.29281066274791967,-9.995351931237668,1.0012580944389489
10:34:42.029,44200,2210,-0.06777870191693336,0.9949891264268902,-8.77803443298837,0.8834505408955883
10:34:42.239,44300,2215,0.1831865815114213,-0.4654308114574546,-9.126183440127331,0.9139880051004724
10:34:42.455,44400,2220,-0.7246414448326249,0.7700722765914008,-8.14997443097377,0.8218284477935163
10:34:42.665,44500,2225,-0.9136521454368598,0.01581235791263058,-9.534008722952835,0.9577699755309983
10:34:42.878,44600,2230,-1.1725840241165542,1.4461980809972292,-9.833538456380563,1.0008242640754113
10:34:43.094,44700,2235,1.097555366488641,-1.0407700280860115,-9.740948642846135,0.9857682815775528
10:34:43.308,44800,2240,1.0949419303490315,0.8948749377316703,-8.92194335775866,0.9033314577942617
10:34:43.516,44900,2245,-0.05474273339595159,-0.33325045704031764,-8.227542319785094,0.8234470551154575
10:34:43.734,45000,2250,-0.6380647312565693,0.9334783373939954,-8.014680790401114,0.8094048219505615
10:34:43.951,45100,2255,0.6934752747612851,0.9951376184766301,-8.52386324244193,0.8609730042937772
10:34:44.169,45200,2260,0.47874552221726496,0.018512048415150195,-9.13740056446244,0.9149952406784317
10:34:44.382,45300,2265,1.3596791233998142,0.5718743000166784,-9.179757753582773,0.9297511492226935
10:34:44.600,45400,2270,0.09314118021159246,1.316035464878829,-9.521028157533477,0.9612003006700288
10:34:44.818,45500,2275,1.2833778900282993,0.04444729959797833,-8.11032950092577,0.8211362797041786
10:34:45.034,45600,2280,-0.40349862575093165,0.8478094487384049,-9.969192882673918,1.0013311077476286
10:34:45.242,45700,2285,0.024051046396773135,1.1739579022752435,-9.061916834983482,0.9137674339420525
10:34:45.460,45800,2290,-0.8507153319302573,1.3510622994468928,-8.401636723786911,0.85519930748015
10:34:45.679,45900,2295,-0.7669091158607044,-0.9629526402469586,-8.812673108174625,0.8898237729510999
10:34:45.887,46000,2300,0.775540391155725,-0.8437335075849713,-8.532068344219162,0.8608689758642853
10:34:46.097,46100,2305,-1.011581571858046,0.6037976189554328,-8.7024456677499,0.8781823810651069
10:34:46.316,46200,2310,0.619548864070965,-0.9510822929924769,-8.741337851588996,0.8814725506709667
10:34:46.536,46300,2315,0.930387552203741,-1.490913411809498,-8.352714339780674,0.8535589062319414
10:34:46.744,46400,2320,-0.47935838921006146,0.9847708422587389,-9.967606198216616,1.002759848616783
10:34:46.964,46500,2325,-1.0556619375685863,0.05224846939764349,-8.720735155522222,0.8784553129314358
10:34:47.182,46600,2330,-1.090086482676093,1.4340411037708218,-8.576026549163743,0.8763161176138367
10:34:47.392,46700,2335,-0.7644144835596474,0.034244432578375505,-8.435066349535859,0.8469701677444759
10:34:47.604,46800,2340,-0.7530544950986803,0.46200098843865245,-8.396948909299272,0.844329834669419
10:34:47.821,46900,2345,-0.38873964308108366,1.4351137942103502,-9.779320953785316,0.9891703009572224
10:34:48.034,47000,2350,-0.31382222819910743,-0.3348704498910329,-9.291634934282506,0.9302962020835146
10:34:48.248,47100,2355,-1.2606337737328315,-0.17570816950590684,-8.738860708749357,0.8831067736079841
10:34:48.457,47200,2360,-0.6202824436122057,1.3103820633597092,-8.940131725997416,0.9056920378363383
10:34:48.668,47300,2365,-1.1310018230177934,-0.923900459196071,-8.198008101276955,0.8327069953517556
10:34:48.883,47400,2370,-1.0009638829607193,0.08328563650488419,-8.811454374338679,0.8868516977674006
10:34:49.097,47500,2375,0.9718185235783956,0.5023656797676228,-8.296620154695942,0.8368435248616399
10:34:49.304,47600,2380,-0.14459315484092006,0.39322218217375626,-8.104016707343062,0.8114839348864268
10:34:49.518,47700,2385,-0.4310113814369725,-1.1587338130518603,-9.28120258118905,0.9363180881170042
10:34:49.732,47800,2390,-0.1463996247689865,-0.9565969695446686,-9.5873035517494,0.9636020963326161
10:34:49.947,47900,2395,-1.3751309678184276,-0.8733619099875543,-9.083407454625743,0.9228327973756724
10:34:50.155,48000,2400,-0.4619939348104247,0.06019332432669855,-8.070662742297763,0.8084099129278931
10:34:50.371,48100,2405,1.093154708256669,-1.400628597468542,-9.988873591686687,1.0145656376742025
10:34:50.582,48200,2410,-0.3179731352790527,0.7145676044199192,-9.836216362798508,0.986726234128954
10:34:50.792,48300,2415,-0.41965588221647376,1.4041095614451815,-8.05033994897356,0.8182640650429438
10:34:51.000,48400,2420,1.3779028286405959,0.3758797302137613,-9.74858508724929,0.9852655123371599
10:34:51.213,48500,2425,1.0549450272592953,0.75249023035986,-9.350362072070281,0.9439725707674805
10:34:51.426,48600,2430,-1.2661394243660349,0.516720026673644,-8.070648589703513,0.8185687343551724
10:34:51.638,48700,2435,1.4970448230113873,0.5023477075599834,-8.924353983696989,0.9062979115485388
10:34:51.845,48800,2440,-0.28132026923417874,1.2889941984366406,-8.584939323361528,0.8685725664749285
10:34:52.057,48900,2445,-1.2015489606206695,1.0041734861668283,-9.92128869269296,1.0044105416553843
10:34:52.273,49000,2450,-0.6857393202652162,1.2773197189086467,-9.2084903185789,0.9321913860738684
10:34:52.487,49100,2455,1.0747822945969254,1.2547331100176384,-9.949568747131085,1.0085803409349263
10:34:52.695,49200,2460,-1.3165117042977805,1.4931166302918029,-8.099671714297587,0.8340700343412382
10:34:52.914,49300,2465,-0.775596467734192,1.3409742600179166,-8.836063793290041,0.8970829683250238
10:34:53.128,49400,2470,-1.0989405652426931,0.7992681183546182,-9.351350879163254,0.9449564178107974
10:34:53.344,49500,2475,-0.3378822588346593,-0.1297273095559821,-8.408941231760164,0.8416726574795927
10:34:53.555,49600,2480,0.802723217336911,0.45895403390155387,-9.757049313352734,0.9800766024759661
10:34:53.768,49700,2485,-0.3944677691333289,1.4605320206574355,-9.678256711360907,0.9795785398591232
10:34:53.978,49800,2490,1.2836353802267637,0.4171243030283984,-8.669429555385127,0.8773865812133897
10:34:54.194,49900,2495,-0.9233590155264283,1.4222293398981147,-9.40065359707303,0.9552361813655461
10:34:54.409,50000,2500,0.6673658381528798,0.09635240385967592,-9.77734629530299,0.9800569449064588
10:34:54.617,50100,2505,0.5480725676242106,0.7715956223247615,-9.35631319495275,0.9404059758732921
10:34:54.833,50200,2510,-0.4212831046020846,-1.0056943773940097,-9.097583750313815,0.9162692329709596
10:34:55.043,50300,2515,-0.5051596482106078,0.9637264492578259,-8.675708558158345,0.8743676224865677
10:34:55.255,50400,2520,-1.2969951045669035,0.8448852454613576,-8.997280492876602,0.9129462396371795
10:34:55.469,50500,2525,1.075998134436991,0.7957119176914089,-8.84104812396045,0.8941759411405151
10:34:55.682,50600,2530,-1.3259832687878381,-0.7447132099166941,-8.942004517541244,0.9070406506097604
10:34:55.894,50700,2535,0.10473087149053395,0.504661955790187,-8.737570944731772,0.875275946540781
10:34:56.107,50800,2540,0.9876850498158216,1.0170837139390327,-9.660057445539913,0.9763538850740586
10:34:56.322,50900,2545,0.5149558561120364,-0.8077385957223008,-8.641726319825793,0.8694656690147884
10:34:56.537,51000,2550,-0.9895686721059077,0.43046548607546353,-8.968482239003604,0.9033173327399334
10:34:56.752,51100,2555,-0.5062133273517784,1.0338971515384787,-9.636107211940388,0.9704625569941249
10:34:56.962,51200,2560,0.015980125833563008,-0.916423561354185,-9.477289578556444,0.9521507510055397
10:34:57.180,51300,2565,1.4766026910353522,-1.1530753705835535,-9.367951324502434,0.955345227316629
10:34:57.397,51400,2570,0.07061878896382567,-1.1184223212945248,-9.89061198753066,0.99538967741287
10:34:57.606,51500,2575,0.5317225665340413,0.162356277743553,-9.3921955092321,0.9408635657326938
10:34:57.824,51600,2580,0.6838322501355871,-0.09716529128923002,-8.141040589120436,0.8170288214858963
10:34:58.039,51700,2585,-0.3017880523276002,1.4413688843612973,-9.09498048530473,0.9213429888885382
10:34:58.249,51800,2590,-1.4657761432572087,0.27006816856514737,-9.189847237873474,0.9309926357026935
10:34:58.457,51900,2595,0.8658195996467493,0.4177349228508791,-9.456534002686482,0.9505271242256441
10:34:58.674,52000,2600,-0.6934137509937895,0.8851744946459661,-8.440873846712298,0.8515439378690375
10:34:58.886,52100,2605,-0.2177919607885066,-1.1199949788003738,-9.569836429446509,0.9637613365200104
10:34:59.106,52200,2610,0.30369096862635914,-0.3330241594407757,-8.647830959657643,0.86595677491437
10:34:59.316,52300,2615,0.8506788740714759,0.38967743404427324,-9.574594648403433,0.9620206116847524
10:34:59.529,52400,2620,1.3120115848649299,-1.092810294106293,-8.599124612283676,0.8767015047056059
10:34:59.746,52500,2625,-0.7852888165223728,-0.45701197129799986,-9.190169985690249,0.923497497739689
10:34:59.963,52600,2630,-1.0882202338393197,-1.4461128264963643,-8.13608611848408,0.8334948284883593
10:35:00.174,52700,2635,0.4551657465968686,0.7669353706946804,-9.568814858049098,0.9610285297914878
10:35:00.386,52800,2640,1.2818575707418987,1.0972327799246266,-9.165375273365257,0.9319398183714691
10:35:00.597,52900,2645,1.2633280651304477,-1.4417859424334631,-8.601448425201301,0.8812471816428291
10:35:00.811,53000,2650,-0.7772901023120684,-1.1727694978953087,-9.537977599021325,0.9641192088003356
10:35:01.024,53100,2655,-1.2729352023414182,-1.4832270386658288,-8.905967141622655,0.9117926146073558
10:35:01.240,53200,2660,0.3664183607460265,-1.336778153113941,-8.406943456015744,0.8520442272463354
10:35:01.454,53300,2665,-1.385475212727751,-0.7833159695151316,-8.215879229187808,0.8368619777584597
10:35:01.664,53400,2670,1.1002688650861239,-0.588510993990636,-9.371709623755093,0.9454410507139489
10:35:01.880,53500,2675,0.9577397170657873,-0.5429862959155959,-8.130696309813729,0.820489621906432
10:35:02.095,53600,2680,1.450686566089865,0.3877623897080731,-8.85326100668574,0.8979703872422962
10:35:02.315,53700,2685,0.8366718443109611,-1.4154043268776806,-8.56952004594518,0.8725827353406843
10:35:02.528,53800,2690,-0.6282265815497577,-1.4858453225452297,-8.732860005682488,0.8880610837050793
10:35:02.741,53900,2695,-0.47551428058963774,-1.0746173524124845,-9.373378814852899,0.9446753235471109
10:35:02.955,54000,2700,-1.0513599825822437,-1.277034843449409,-8.654583269808878,0.8811242101906798
10:35:03.172,54100,2705,1.0495326451722802,1.4363113752537569,-9.911020642821311,1.0069401140206693
10:35:03.380,54200,2710,-0.8879656231494609,0.6008984737510712,-9.130256218701705,0.9192994101096374
10:35:03.593,54300,2715,0.6485557757820013,0.7751543134299981,-8.92620758409294,0.8983243881708192
10:35:03.807,54400,2720,-1.1483453079294763,-0.4542480050906259,-9.619336410463985,0.9698281867117011
10:35:04.023,54500,2725,-1.1188036053129802,0.4113380783152143,-8.431746604714025,0.8515589899005228
10:35:04.232,54600,2730,0.37161844505913977,-0.5541144733152525,-9.347082610080164,0.937086423111063
10:35:04.446,54700,2735,0.49753773365316123,0.5897520893550539,-9.153047967988886,0.9185512420524664
10:35:04.658,54800,2740,0.46836686276739137,1.4622123609422681,-9.476939711658968,0.9600511382475919
10:35:04.873,54900,2745,1.1592205272042797,0.7551537153310846,-8.774527545728699,0.8882926489351457
10:35:05.081,55000,2750,1.048998645065947,0.9081825117850975,-8.580090466267057,0.8691556019573787
10:35:05.294,55100,2755,0.13693034580171748,1.4703650822811514,-9.040509395244506,0.9160323876386534
10:35:05.511,55200,2760,0.5951262043915788,0.6648186828098779,-8.20525729538348,0.8253629890151996
10:35:05.718,55300,2765,0.9898106198130883,-0.36476560843551953,-8.66132465072309,0.8725326567952376
10:35:05.925,55400,2770,-1.078274791848992,-1.3396053661421878,-8.076754551616075,0.8257795296008791
10:35:06.139,55500,2775,1.2634336534090966,-0.1515023791859016,-9.349250701564092,0.943544944600745
10:35:06.354,55600,2780,-0.9788460752930244,1.1185440593917204,-8.340100103462794,0.8471514043410254
10:35:06.564,55700,2785,0.8759963175510266,-1.4667648690650696,-9.291710053623037,0.9447467621012833
10:35:06.772,55800,2790,-0.4513307798370976,0.5851928218963272,-9.601632374065222,0.9630030859676657
10:35:06.985,55900,2795,0.12531800351267242,0.0483395610826165,-9.457164931847892,0.9458118727492462
10:35:07.200,56000,2800,-0.6253253048781896,1.067528644425034,-9.811784619370593,0.9889477567622381
10:35:07.406,56100,2805,0.6755362716758038,0.6049245839194706,-9.469459463357357,0.9512778013532535
10:35:07.621,56200,2810,-0.3265970096686206,1.3923638489520127,-8.573259254795195,0.8691726925331031
10:35:07.839,56300,2815,-1.12805247819064,0.4483591268631284,-9.529987238195163,0.9606986263150177
10:35:08.056,56400,2820,0.5626148155561022,0.33958703536483514,-9.40290562927182,0.942584155703154
10:35:08.267,56500,2825,1.1343454555505406,1.1507132234175668,-9.246927027360135,0.9387041066512896
10:35:08.476,56600,2830,-1.3184507090272755,-0.2333655084824371,-8.898428060254483,0.8998599539717731
10:35:08.689,56700,2835,0.7627259870456604,1.132415846722342,-9.423903350472996,0.9522293365585773
10:35:08.907,56800,2840,-1.2203962878964842,1.0481909429077847,-9.916844706286497,1.0046485966789978
10:35:09.126,56900,2845,0.2774332987750663,0.13284861918417512,-9.807398793197803,0.9812221414119542
10:35:09.339,57000,2850,0.019376605302387606,0.6445043953402596,-9.887297048073581,0.9908299767633724
10:35:09.556,57100,2855,-0.7329380239850964,-1.4268020023147374,-9.021642499638242,0.9163132406120271
10:35:09.771,57200,2860,-1.2727703468200395,-1.2712638893868418,-8.841706272290647,0.902285021695845
10:35:09.982,57300,2865,-0.2875105689407471,-1.0294977206785723,-9.315879861730105,0.9377000878869721
10:35:10.198,57400,2870,0.37308749586409373,0.6386143294131186,-8.060453650354042,0.809431501677614
10:35:10.410,57500,2875,-0.7187833989454651,0.7621360691227879,-9.487905568017775,0.9545567192685841
10:35:10.630,57600,2880,0.5474583828845376,0.20911666665122564,-8.320797991996132,0.8341409933870217
10:35:10.838,57700,2885,-0.2263774138947534,-0.7236051749936665,-9.895966420968206,0.9924968644168584
10:35:11.056,57800,2890,-0.03547849378180312,-0.9234446628255635,-8.472175137288666,0.8522426903512536
10:35:11.268,57900,2895,0.18024171664545374,-1.2787927506545582,-9.795436325926715,0.9880200948909421
10:35:11.484,58000,2900,1.2704211379618617,0.17415037110970122,-9.931677728265887,1.0014116072708095
10:35:11.692,58100,2905,0.7406779128047711,-1.341830817773603,-9.426749280917928,0.95505348394386
10:35:11.901,58200,2910,-0.16869960455709365,-0.22593295311048767,-9.092725488512325,0.9097096353525154
10:35:12.114,58300,2915,-0.24809885806573284,0.6048689059276158,-9.190236827574731,0.9213461476754676
10:35:12.329,58400,2920,-0.3273559821579133,-1.1632655719690064,-8.87218421605413,0.8954105287162029
10:35:12.537,58500,2925,-1.1307751896116098,0.6316983587338969,-8.014158073325149,0.811815403710172
10:35:12.752,58600,2930,0.5433743932391377,-0.3227443457078043,-8.125527221009074,0.8150068236725003
10:35:12.968,58700,2935,0.28940211557034035,0.9904434836659743,-8.706383478625492,0.8767316873235272
10:35:13.188,58800,2940,1.1239841468559497,-1.414926818906866,-8.681608701370493,0.8867676578955574
10:35:13.396,58900,2945,1.3198521382162345,-0.39029092795897213,-8.139284566264756,0.8254834336668223
10:35:13.609,59000,2950,0.6059218830800241,-0.28081732995061826,-8.419034663937762,0.8445480707087161
10:35:13.825,59100,2955,-0.5401189659013089,0.6471719258767603,-8.02469703505538,0.8068848895808864
10:35:14.039,59200,2960,0.15962404719153422,0.16307965183835327,-9.4967435900949,0.9499484913683167
10:35:14.246,59300,2965,0.7358986842358712,0.6750321420142713,-9.329127616498106,0.9382421721022782
10:35:14.463,59400,2970,-0.46909218376555417,-1.4366264430262803,-9.467758096748453,0.9587616303973484
10:35:14.675,59500,2975,0.0992170336789795,1.0952968097151592,-9.48075747838767,0.9544332427422465
10:35:14.889,59600,2980,0.3214440776493004,-1.0158767971040974,-9.864273883058381,0.9921654660485718
10:35:15.097,59700,2985,1.1070991932237289,1.0912124317391143,-8.499308882573688,0.8640293089717188
10:35:15.309,59800,2990,0.16352856981052977,0.24269004626989288,-9.926545823623766,0.9930858575178946
10:35:15.522,59900,2995,0.07776559596004429,0.5958164214834354,-8.497036318451796,0.8518255155436072
10:35:15.732,60000,3000,-0.6184497917577684,-1.0942405051365276,-9.347514810370779,0.9431642251384842
10:35:15.939,60100,3005,-0.335628588088664,1.0252853098374008,-8.18021929602694,0.8251051099514671
10:35:16.145,60200,3010,-0.25035005736670035,1.454935106780431,-9.516739762574659,0.963056836457409
10:35:16.353,60300,3015,0.36149094477054167,0.940824856432581,-8.106749560531476,0.8169162475481179
10:35:16.566,60400,3020,1.1173583445300812,-0.7350298362524313,-8.61225683579295,0.8715487727943554
10:35:16.775,60500,3025,0.24075897846205851,-0.5822973520151254,-8.746067030769352,0.8768735575816193
10:35:16.988,60600,3030,0.17885182774140818,0.2412181710072332,-9.260460675691862,0.9265328170569346
10:35:17.198,60700,3035,0.8977193683376576,0.45011177938628455,-8.564160274464959,0.8622838389124232
10:35:17.406,60800,3040,-0.8154050696484075,0.5434400540628781,-8.708975539962198,0.8763929910469849
10:35:17.614,60900,3045,1.3153856850671861,0.8855381362439689,-9.858609530225655,0.9985319181712632
10:35:17.829,61000,3050,0.16480537445645815,0.8367489895004017,-8.435306897530184,0.8478308329991308
10:35:18.038,61100,3055,0.7141700504310773,-0.8784489867063245,-9.719980003242155,0.9785689691922868
10:35:18.248,61200,3060,0.904030845912827,-0.4580802987063497,-9.260715991321913,0.9316006118629924
10:35:18.455,61300,3065,1.3227302481436682,1.2431967167864455,-8.61555447241019,0.880471079894451
10:35:18.668,61400,3070,1.4494901513981806,-1.0561011086136405,-8.230378897480742,0.842350924773705
10:35:18.879,61500,3075,0.700162306164656,0.6995738278415291,-8.418428620658503,0.847641263959565
10:35:19.088,61600,3080,-1.1690090428685485,-1.463912344126396,-8.796401063228958,0.8993680734758691
10:35:19.295,61700,3085,0.636330218985397,0.8078000352497177,-9.438504318293395,0.9494357314267593
10:35:19.509,61800,3090,-0.22935730663467901,-1.3603990246845263,-8.104419836154593,0.8221004267188126
10:35:19.722,61900,3095,0.1286803837809085,0.2143892359269275,-8.802483990182372,0.8806034623090482
10:35:19.936,62000,3100,-0.008780155988208582,-0.27462655808408165,-9.399424603630871,0.9403439781105937
10:35:20.148,62100,3105,-1.372873142200094,-0.17466281181604382,-9.558414163774883,0.9658083095969829
10:35:20.362,62200,3110,-0.664401060366976,-0.6317587637350297,-8.166358584642403,0.8217661494460297
10:35:20.573,62300,3115,0.31796384990314186,-0.22217150738045,-8.220867808487572,0.8230013895077225
10:35:20.783,62400,3120,-1.344008279776381,0.41717424073144205,-8.930028246052803,0.9040232136319191
10:35:20.994,62500,3125,0.2003083301170503,0.4685403732248996,-8.726708621908923,0.8741572906528638
10:35:21.204,62600,3130,1.3590651738454609,-1.4031806039042851,-9.69153229407722,0.9886443858186544
10:35:21.419,62700,3135,-0.5482405058668516,1.2813563802713817,-9.2894908948472,0.9393459581591032
10:35:21.627,62800,3140,-0.7794571253129974,0.8892542826716019,-8.477819083493763,0.8559891529797679
10:35:21.841,62900,3145,0.04237329290238678,-0.7488783777984043,-8.96006239051265,0.8991403247689687
10:35:22.053,63000,3150,0.4218685900155439,-0.846078131733676,-8.067104778354938,0.8122314991256909
10:35:22.263,63100,3155,-0.7189362215573506,1.3687829073806697,-9.277545236881025,0.94054920956098
10:35:22.472,63200,3160,-0.638883339935865,1.4127472931087346,-9.78412252665781,0.9906214234150525
10:35:22.686,63300,3165,0.9165658679986475,0.18227453887203593,-8.600977055228002,0.8651596575341437
10:35:22.896,63400,3170,-1.1990646500309825,0.6345601211099927,-9.909410022515306,1.0001841309308195
10:35:23.112,63500,3175,0.05780001618659303,-1.3056399650552488,-9.492344103743337,0.9581890896064907
10:35:23.321,63600,3180,-1.1537025874570346,-1.1736340151012667,-9.651524393935638,0.979083089366998
10:35:23.536,63700,3185,-0.5415242253280802,-0.778424457896488,-9.752010081719462,0.9798004580384041
10:35:23.746,63800,3190,0.8730888838702215,0.5720800397564614,-9.048155165197615,0.9108165109642985
10:35:23.965,63900,3195,0.7687319830716439,-0.004007107745795935,-9.57523993718116,0.9606049384283781
10:35:24.172,64000,3200,0.4606359370028408,1.388852566402623,-8.147161269841803,0.8277519777957161
10:35:24.391,64100,3205,0.6908629364550865,-1.019736453057163,-8.403885482548635,0.8493670892756127
10:35:24.604,64200,3210,-0.1665669560326788,-1.4122603642534808,-9.930954475897753,1.0032252024826578
10:35:24.816,64300,3215,1.00253766905392,-0.7219326497019402,-8.642334885598554,0.8730190192854421
10:35:25.023,64400,3220,0.16744281750275092,1.23615891881628,-8.225057639899811,0.8319116488508653
10:35:25.232,64500,3225,0.0335834208697281,0.2167393600193912,-8.734378288436384,0.8737131559147306
10:35:25.447,64600,3230,-0.9470791325860242,0.6414611457061214,-9.695830573515515,0.9763071330024622
10:35:25.660,64700,3235,-0.9614422049740307,-0.9044877388809925,-8.591701251444563,0.869251399638594
10:35:25.867,64800,3240,0.6069326425982484,1.3842903734557739,-8.173337757820118,0.8311923795012899
10:35:26.080,64900,3245,0.14272563690154727,0.7341085222138255,-8.974291961850376,0.9005398500141357
10:35:26.290,65000,3250,0.5484649327961639,0.13351970895486942,-8.354049364943958,0.8373098714759492
10:35:26.500,65100,3255,0.9016049386943088,0.47116405415886486,-8.804501164789736,0.8863076654987996
10:35:26.708,65200,3260,-0.04630659744214349,0.4009956895950606,-9.17994167752381,0.9188812276174716
10:35:26.922,65300,3265,0.2262887561958591,-0.9864063404485232,-8.865584188423863,0.8923160150512202
10:35:27.138,65400,3270,0.27522072646776574,1.336008098357703,-8.027086005409567,0.8142160267729747
10:35:27.352,65500,3275,-1.2762692715716548,-0.706340697096407,-8.332196346142675,0.8458916974684527
10:35:27.559,65600,3280,1.3599489679906323,0.2762592239806798,-8.949705538691834,0.9056655540742646
10:35:27.769,65700,3285,-0.6061158330112469,-0.22226970673090296,-8.568553665681506,0.8592839585795904
10:35:27.981,65800,3290,0.7826241278696293,0.46537998456574536,-8.533284642034848,0.8581726273748536
10:35:28.190,65900,3295,1.3887426034424317,-0.5631736112502189,-8.71251053665244,0.8840453064538292
10:35:28.403,66000,3300,0.032467777334276526,0.705018887181522,-8.112915150157145,0.8143555612967657
10:35:28.612,66100,3305,-0.7400865483926351,0.2601169351708479,-9.183676993815485,0.9217120594079815
10:35:28.828,66200,3310,-0.4745839227328248,-1.2405408166875511,-9.77253340100436,0.9862382090110388
10:35:29.036,66300,3315,-0.36395975170190553,-0.5220897352809374,-9.983354599870458,1.0003620017738544
10:35:29.249,66400,3320,1.402671167239785,-1.2465149442709915,-9.578092225299155,0.9760181175881565
10:35:29.461,66500,3325,1.4840607966417934,-1.3912384880837858,-9.186617405101467,0.9409140254378608
10:35:29.675,66600,3330,1.3304739172297895,-0.04077874381656965,-8.458877550880617,0.8562968712494992
10:35:29.886,66700,3335,0.986278738759069,-0.8033233369859215,-8.605016014156202,0.8698527159132118
10:35:30.101,66800,3340,1.49997087377111,-1.2818344903860852,-9.409334601831969,0.9613978881406875
10:35:30.315,66900,3345,0.7267534842809678,1.1133541114299121,-8.112457320161539,0.8220686818982643
10:35:30.528,67000,3350,-1.1795755563252919,0.4402964693774285,-8.179761293974906,0.8276095353512812
10:35:30.735,67100,3355,-0.34258036993304897,-0.4091291188449888,-9.808073610600564,0.9822578882183107
10:35:30.950,67200,3360,-0.6600103444241212,0.43531030363465417,-9.24610875361532,0.9279851065554836
10:35:31.165,67300,3365,-1.4972835650365446,-0.19509182752341103,-9.180809395775604,0.9304148540132868
10:35:31.378,67400,3370,-1.3549404495936312,1.0258030570445738,-9.599406121712232,0.9748678547544444
10:35:31.587,67500,3375,-0.8715591223465627,-1.3135891525432006,-9.17099277535884,0.930549516420855
10:35:31.802,67600,3380,0.27674901093805726,0.5621443423287986,-9.244429450568587,0.9265639327278357
10:35:32.012,67700,3385,-0.06069037692573831,0.6161651304068827,-9.727976125301081,0.974765932335597
10:35:32.225,67800,3390,1.206746191433341,-0.0250480529176782,-9.99559407384532,1.0068205632811913
10:35:32.432,67900,3395,-0.38151068181872283,-0.6851684239642793,-9.778236763199878,0.9809634058757397
10:35:32.640,68000,3400,0.6429215945650144,0.561565974877642,-8.777388483141188,0.8818801114940616
10:35:32.850,68100,3405,-0.61129316268428,0.256609878340887,-9.642341251303717,0.9665105936667224
10:35:33.060,68200,3410,-1.2384952698000304,0.9712188708312084,-8.08304132027676,0.8234846301764057
10:35:33.267,68300,3415,-1.005701138662233,-1.3277843116538068,-9.811920925184223,0.9952298136644044
10:35:33.482,68400,3420,0.343457060937586,-0.7607150534798548,-9.108625840762162,0.9146787132775036
10:35:33.696,68500,3425,0.8708390036969611,0.5002364282459113,-8.438461370315077,0.8498013141482187
10:35:33.911,68600,3430,-1.432896723858922,-0.702972390459917,-8.678827597543984,0.8824364661032864
10:35:34.120,68700,3435,0.6690754976247488,-0.5977141122020674,-9.718869492474376,0.9760192026450936
10:35:34.337,68800,3440,-0.0037345791497112035,0.5567913660281261,-9.685062511371772,0.9701054912819729
10:35:34.553,68900,3445,-0.9111475206908769,1.0748076498538848,-9.30551660099854,0.9411590752901712
10:35:34.769,69000,3450,-1.0513615415314002,-0.8292481577154787,-9.62167126471987,0.971440021434272
10:35:34.976,69100,3455,-0.3766050039710247,0.07805646816522627,-9.831137629491769,0.9838657999506207
10:35:35.194,69200,3460,-1.4791490830614429,-1.1226706079305924,-9.116114760030463,0.9303323041896269
10:35:35.410,69300,3465,1.0317668531515989,-0.3779331856338435,-8.714408438754122,0.8783409973893668
10:35:35.625,69400,3470,0.56203660147386,-0.23777066147325465,-8.596115227029077,0.8617750113876295
10:35:35.832,69500,3475,1.2404021438268766,-1.0487332814909895,-9.17774221835803,0.9320375056871293
10:35:36.044,69600,3480,-1.4447604967420236,-1.4657841886396128,-9.821318932106266,1.0034648062924834
10:35:36.254,69700,3485,-0.07291886345020249,0.5688325221717223,-9.070944891643286,0.9089055441912353
10:35:36.466,69800,3490,-0.09586106805928596,1.0769239040084297,-9.79721327036297,0.9856690230719972
10:35:36.686,69900,3495,-1.0503639015989432,-1.3089408083897685,-9.72214812311397,0.9865939108539982
10:35:36.896,70000,3500,-0.5582071324909617,0.08167134774734053,-8.965498336811535,0.8983230256382003
10:35:37.108,70100,3505,1.410990059308912,0.5806214124012485,-9.240644648662029,0.936576359379488
10:35:37.318,70200,3510,0.1020305510613635,1.1728198254693365,-9.033528404729116,0.9109915038869
10:35:37.527,70300,3515,-0.5007325622064027,-0.45499586665379566,-8.917030287283348,0.8942660872573351
10:35:37.740,70400,3520,-0.2879521764573232,-0.7415748975256414,-8.99316250600882,0.9028278996799419
10:35:37.960,70500,3525,-1.1707285985371854,-0.7382797914480068,-9.73747292160607,0.9835346531815988
10:35:38.167,70600,3530,0.6869296218585226,0.2168275427830335,-8.102387274519005,0.8134344843623458
10:35:38.377,70700,3535,1.3822942935848777,0.42000723906984994,-8.631874219476444,0.8751936707712784
10:35:38.590,70800,3540,0.6487870767584827,1.019410756568719,-8.433581858109036,0.8519708088837477
10:35:38.798,70900,3545,0.31189687456925297,1.0391557724558336,-8.756484326565054,0.8823442760123387
10:35:39.006,71000,3550,-0.3541105606290822,0.3523587356844069,-9.742545406115498,0.975534427675335
10:35:39.214,71100,3555,0.8169818696051014,0.3450245420978164,-9.043775470040515,0.9087154453536034
10:35:39.428,71200,3560,0.19468647450334142,-0.013834595242912862,-9.903055656218458,0.9904978826304499
10:35:39.646,71300,3565,-1.3836800070408848,-0.505112881067514,-9.979028047122853,1.0087155701671782
10:35:39.855,71400,3570,-0.8637737772844871,0.2252085117684075,-9.427724074021242,0.9469889398930535
10:35:40.062,71500,3575,-1.3930838373145857,-0.04371670771005465,-9.615205777101393,0.9715697394645644
10:35:40.272,71600,3580,-0.7058473344486312,0.5861031189763475,-9.919041819478464,0.9961381828952481
10:35:40.486,71700,3585,0.2591720879336563,0.6418869585302156,-9.869443189348363,0.9893689802417998
10:35:40.694,71800,3590,-0.6691019087969501,1.4989772027403117,-8.03617754544569,0.8202120430755477
10:35:40.904,71900,3595,-0.4348369184385643,-1.1076081269134712,-8.20166243496343,0.828752952365976
10:35:41.128,72000,3600,1.3062097882093018,-0.49797629654735864,-8.899929002675115,0.9009045490805033
10:35:41.344,72100,3605,0.10955594882309683,1.3370723904898743,-8.448993958873027,0.8554838630880524
10:35:41.551,72200,3610,-1.358627569412966,1.3374542398206852,-9.725674037947586,0.9910771322575807
10:35:41.767,72300,3615,0.48984333022815485,0.4439577362583571,-8.070567311552086,0.809759851375985
10:35:41.983,72400,3620,1.3325074379290123,-1.2098208399458257,-8.915909044906941,0.9095750471179207
10:35:42.196,72500,3625,0.7301910946231254,0.15403270824115634,-9.822067946578208,0.9850376838328272
10:35:42.404,72600,3630,-0.7717822238652131,-0.1512476835239247,-8.698923092179655,0.8734402476786958
10:35:42.620,72700,3635,-0.2263928371291366,-0.015563786352918996,-9.205948414425169,0.9208744874151217
10:35:42.838,72800,3640,0.7614619736407469,-1.3835245670220349,-9.816554144898026,0.9942771235655027
10:35:43.048,72900,3645,0.8833803338112656,0.8902083403104939,-9.249944136900067,0.9334575418255229
10:35:43.256,73000,3650,-1.1936789101700902,1.4476803875304607,-8.976624218407407,0.9170628670027132
10:35:43.471,73100,3655,-0.5494183768995988,1.3120720859955446,-9.323510759960959,0.9431396853214876
10:35:43.684,73200,3660,-0.5210483608275884,0.7271890350759262,-9.052495412065634,0.9096591035796054
10:35:43.898,73300,3665,1.2711003035304822,-0.15920242128440565,-9.178104668030993,0.926707325372528
10:35:44.106,73400,3670,-1.3044109958755943,1.0337874487044152,-8.82808727950352,0.8983614503627804
10:35:44.323,73500,3675,0.34284995921269923,0.6913789885370685,-9.030641272415377,0.9063555196024059
10:35:44.540,73600,3680,0.2345306256485613,-0.41244046167444237,-9.4931225560124,0.9504971731271207
10:35:44.746,73700,3685,-1.0765461953175706,0.5892755520955228,-9.970011139244663,1.0045263535797002
10:35:44.964,73800,3690,0.03241977963694698,0.4581982907148956,-8.505314531203112,0.851770931591473
10:35:45.172,73900,3695,0.8451406811170497,0.06388974150197457,-9.04543258654501,0.9085053403677853
10:35:45.380,74000,3700,-1.232474676430665,0.1540499647806326,-8.328999828872877,0.8421102265680913
10:35:45.588,74100,3705,0.4035082487883066,-0.9903790279280001,-8.648910105135291,0.8714775701790103
10:35:45.797,74200,3710,-0.03536996835879225,-1.4893546742729242,-9.540773388895655,0.9656385723380141
10:35:46.015,74300,3715,0.06420954714539917,-1.1915611055279849,-8.113918224470885,0.8201195625489763
10:35:46.225,74400,3720,-0.8646262895217676,-1.362447563378529,-9.502853234423293,0.9638882797216569
10:35:46.433,74500,3725,1.032044044689644,-1.049434241014405,-8.684649851612328,0.8808494206247902
10:35:46.641,74600,3730,-0.8603432060460025,-1.4586119055373636,-8.544870557116099,0.8711059175613173
10:35:46.855,74700,3735,-1.2499208360335128,0.5569701671151361,-8.936749614421549,0.9040907672035519
10:35:47.072,74800,3740,0.962342971543162,0.2768246163789163,-8.109431257511273,0.8171022652239603
10:35:47.282,74900,3745,-0.9425470394023404,-1.4021719713113,-8.986544953097644,0.9143985528896131
10:35:47.492,75000,3750,0.3879204535373848,-1.1679111472920276,-8.799200619347356,0.888484272600053
10:35:47.707,75100,3755,-0.47644335845926244,0.6684636386386602,-8.714112090181057,0.8752690525218041
10:35:47.924,75200,3760,-0.3960243164708577,1.3527593867696512,-8.700059997127067,0.88135031157503
10:35:48.131,75300,3765,-0.20670244606935162,-0.6428150757828166,-8.259854346385298,0.8287407975137029
10:35:48.341,75400,3770,1.4457152430475855,0.7344435301966525,-9.40300842772566,0.9541806294140939
10:35:48.557,75500,3775,-1.3709696707541572,0.9972025880703668,-8.7444713582066,0.8907286352996494
10:35:48.766,75600,3780,0.8450813362632683,-1.1167614701055633,-9.29926739972866,0.9404131688660526
10:35:48.973,75700,3785,-0.1286832534600264,-0.5535547027560526,-9.752166983345132,0.9768712456598939
10:35:49.188,75800,3790,-0.2974481491074963,-1.249805318232994,-9.485586138847228,0.9572190613040551
10:35:49.404,75900,3795,0.3169419487838223,-0.39025485803386584,-9.520248382116398,0.9533513534385305
10:35:49.620,76000,3800,0.6112000257198127,-0.3813431354321333,-8.111399740911702,0.8143328178038973
10:35:49.830,76100,3805,1.234056565294002,0.9816082832617736,-8.617591038757544,0.8760669251797358
10:35:50.044,76200,3810,-0.7751726115574963,-0.4755514815239832,-9.985596793564849,1.0026923013215028
10:35:50.261,76300,3815,-1.2983868783986536,-0.7211823363840946,-8.36577435107313,0.8496593019639299
10:35:50.477,76400,3820,-0.7146066034315331,-1.0009614574085615,-9.499453712935653,0.9578737248776186
10:35:50.684,76500,3825,-1.2604628465025018,-0.4186138440010221,-8.771658360360952,0.8871639900756382
10:35:50.894,76600,3830,0.9078135855454779,0.07036612794262465,-9.426638945074638,0.9470512061069374
10:35:51.109,76700,3835,-0.3586929078133889,0.7515724613297579,-8.884998641551313,0.8923940980705418
10:35:51.322,76800,3840,0.5498370443548453,1.2973646444120837,-9.179824070391353,0.9287337926405599
10:35:51.536,76900,3845,0.1285763802664408,-1.4824852689250436,-9.057922264401995,0.9179338222665703
10:35:51.751,77000,3850,-0.9699769369642702,-0.19825071766648605,-8.312690937706893,0.8371438898488848
10:35:51.959,77100,3855,1.066591114138662,-0.41071843266467356,-9.114816561641689,0.9186195468640307
10:35:52.175,77200,3860,1.3122482322256164,-0.6011022601472258,-9.917337444075818,1.0021821258124775
10:35:52.383,77300,3865,0.9859914762277984,-0.35439171218836707,-8.70442044490278,0.8767252018648899
10:35:52.598,77400,3870,-0.2711642125983498,-1.4020925103439867,-8.976277031580075,0.9089166231587404
10:35:52.813,77500,3875,1.0151782521882424,0.6504136187371108,-8.212597033369859,0.8300624963921095
10:35:53.027,77600,3880,-0.4576031610112157,-0.8997881206832682,-9.686242819247473,0.9738702134705295
10:35:53.234,77700,3885,1.4601162616817538,0.33827318493913294,-9.461163096104807,0.9579142726589466
10:35:53.447,77800,3890,-0.24719301020368611,-0.7831829300789853,-9.418774882018203,0.9454512158985132
10:35:53.654,77900,3895,-1.046993444530927,1.451511566622453,-8.399150150113494,0.8587712404655913
10:35:53.862,78000,3900,-0.8317325169136487,-1.244906289362404,-9.119037371698228,0.9241126188696621
10:35:54.070,78100,3905,0.3650136701151643,0.33218831667960624,-8.092140972755766,0.8107177658104083
10:35:54.285,78200,3910,-0.3140361864011205,0.2924569320095869,-9.097690840517396,0.9107805905545198
10:35:54.498,78300,3915,0.8569437173893806,0.7549244314970758,-9.073421565771163,0.9145011883111226
10:35:54.710,78400,3920,-0.5567158934953135,-0.34711110327212236,-9.473798874915826,0.9496487973268931
10:35:54.918,78500,3925,-0.9763581011921781,-1.4974706609851427,-8.66406839125085,0.88465685217799
10:35:55.134,78600,3930,-0.6872705063034192,1.3210317181490923,-8.622613490562923,0.8750253079587369
10:35:55.344,78700,3935,0.341122317880759,-1.1056894598713254,-9.322982843021752,0.939451556540862
10:35:55.552,78800,3940,-0.10693452464827513,-0.9447102130116642,-8.948049705615086,0.8998416855941301
10:35:55.772,78900,3945,-0.5368737879908353,-1.376527659298532,-9.388640395320165,0.9504190146124135
10:35:55.986,79000,3950,-1.4570250783156267,-0.4908575095270571,-8.72249609044539,0.8856963431184239
10:35:56.197,79100,3955,-0.059494986068330924,-1.192666351701003,-8.534089599022993,0.8617231455867916
10:35:56.404,79200,3960,-0.09624208868909667,1.0249370771422397,-9.592323847285442,0.9647405627573514
10:35:56.612,79300,3965,1.2209364001450327,-0.6031025272716108,-9.655272156182328,0.9750830670335233
10:35:56.827,79400,3970,-1.2047758983972598,-1.0468796918183654,-8.148650332575725,0.8303489886613165
10:35:57.037,79500,3975,-0.9806002050303056,0.578561670955104,-9.070099745192103,0.9141281078543515
10:35:57.245,79600,3980,-0.6704529511593224,0.03018460448211413,-8.049100790793647,0.8077031745042289
10:35:57.458,79700,3985,-1.0152983761041634,1.0078711777938567,-8.706234040381453,0.8822989644641099
10:35:57.673,79800,3990,0.19019940213126274,-0.4734837695699985,-8.091502884877592,0.8107575570329252
10:35:57.880,79900,3995,-0.2167194016475893,0.8311659486139344,-8.221034337824817,0.8265785486986733
10:35:58.087,80000,4000,0.6242413134081533,-1.3073347905314823,-8.330096167976361,0.845513474993947
10:35:58.299,80100,4005,-1.4802344789199726,-1.2539142656702698,-9.823869651888131,1.0013581279218915
10:35:58.506,80200,4010,-0.9479935599935607,-0.8605852483861057,-9.53646583720148,0.96220309406923
10:35:58.717,80300,4015,1.4900411449042612,0.957959825907627,-9.082697928025983,0.9253826845869121
10:35:58.925,80400,4020,-0.11966828120753581,1.263745836683388,-9.626727646857628,0.9710059692094316
10:35:59.142,80500,4025,0.10134716237524466,0.44105237219415816,-9.016782422885454,0.9028131794784328
10:35:59.349,80600,4030,-0.5279383055290529,0.07295360110940496,-9.568966514619497,0.9583796807125501
10:35:59.564,80700,4035,-0.015536501430712057,0.2456840071872004,-8.895902133529283,0.8899307657542531
10:35:59.772,80800,4040,0.3669582086924108,0.8842881809541776,-8.430816846698024,0.848500422017981
10:35:59.983,80900,4045,0.09502384318460222,-1.3053090123153086,-9.48249528063081,0.9572386217427227
10:36:00.194,81000,4050,-0.41169983512685393,-0.794299615609896,-8.053810417331304,0.8103349361339159
10:36:00.409,81100,4055,0.9114663332613508,0.7323884027814769,-8.91452419600217,0.8990879005431328
10:36:00.619,81200,4060,0.75644108420079,0.7138251806344247,-9.71321812342913,0.976874381973889
10:36:00.829,81300,4065,-0.6954404970155913,1.0515275867580272,-9.785718230017364,0.9866591560812511
10:36:01.039,81400,4070,1.4640146626975459,1.3773355265186629,-9.935886087354115,1.01371704348936
10:36:01.257,81500,4075,-0.20268190925707197,-0.06193863428707891,-9.985333379930424,0.9987582242920965
10:36:01.475,81600,4080,-0.8062256523362074,-0.7142859171333924,-8.856800118569328,0.8922057639030904
10:36:01.688,81700,4085,-0.5954318724921656,0.08108922234463556,-9.81376355114632,0.983214471082317
10:36:01.902,81800,4090,-0.013252980151163385,-0.013089761548748413,-9.448287487998783,0.9448305850215406
10:36:02.118,81900,4095,1.2511934155871733,1.3357532521516928,-8.866448127891486,0.9053376393281843
10:36:02.333,82000,4100,-1.2773860972547915,-1.059648466889547,-8.804704448004777,0.8959765093547727
10:36:02.548,82100,4105,-0.11191502002929488,0.6944903129574729,-8.759907689481668,0.878810699153919
10:36:02.760,82200,4110,-0.15385265679073434,-1.0907638226046545,-9.753404116637391,0.9815412789034597
10:36:02.977,82300,4115,-0.23340369412188622,-0.30028133084886255,-8.212263196025111,0.8221065196364439
10:36:03.185,82400,4120,-1.159756181728802,-0.9706948980492618,-9.021640691102846,0.9147528832724151
10:36:03.401,82500,4125,-1.0076299506663127,-0.39215286431202667,-9.460041208214777,0.9521632299537178
10:36:03.621,82600,4130,0.7619170401138957,-0.5852815527814907,-8.01585557744897,0.8073228146817233
10:36:03.829,82700,4135,-0.6360918796897943,0.4509503804160633,-8.589423052572235,0.8624741010666002
10:36:04.037,82800,4140,-1.040186841450761,-0.8583178082451546,-8.48843855409931,0.859489890643268
10:36:04.252,82900,4145,0.5967984262338795,0.6768702802642754,-9.899575456531768,0.9940619495656517
10:36:04.468,83000,4150,0.8537608652446149,1.0002155122916552,-9.386446928800092,0.9478118201058309
10:36:04.676,83100,4155,-0.9819104977040501,-1.0883555354189896,-8.83270200292958,0.8953507171468328
10:36:04.886,83200,4160,-0.7902589571831338,-1.352261216192331,-8.409016984254205,0.8553635850192702
10:36:05.096,83300,4165,1.0801697788501698,1.260240714647852,-8.332722247268242,0.8496424745745497
10:36:05.302,83400,4170,-0.4163304429264474,-0.4799872918469541,-8.960112543201225,0.8982612961987946
10:36:05.511,83500,4175,1.336894050364382,-0.7290028069592367,-9.558339865831655,0.9678873477073705
10:36:05.721,83600,4180,-0.26106364418906836,1.443125096485057,-9.85950342862822,0.9967977333920554
10:36:05.928,83700,4185,1.0832344527046662,-0.21339102739995885,-8.768820326812001,0.8838050833414149
10:36:06.135,83800,4190,-0.30765072608768906,-0.17990404877537802,-9.208291330798346,0.9215185492917874
10:36:06.345,83900,4195,-0.9846381834023538,-1.1009272973223265,-9.686822214509698,0.9798779407748799
10:36:06.561,84000,4200,0.8825358189450658,-0.08695924254340559,-9.261464039043467,0.9303824349593027
10:36:06.776,84100,4205,0.11857275022347502,-0.13428229665875469,-8.932614764294998,0.8934410879268566
10:36:06.984,84200,4210,0.5449739434878094,-1.2193328565891521,-9.430957505955906,0.9525057936484406
10:36:07.192,84300,4215,-1.0735746364243441,-1.4169439016200909,-9.28990768647823,0.9458471194839012
10:36:07.405,84400,4220,1.0249418661243488,0.7053181926812062,-8.377657518473258,0.8469541019364217
10:36:07.619,84500,4225,1.0999564874337442,0.6540260323881562,-8.04734563149208,0.8148461574922203
10:36:07.835,84600,4230,1.0025768381500981,-0.3505562911967093,-8.379497086017183,0.8446539021650413
10:36:08.043,84700,4235,0.5768323331663052,0.7858226244963813,-8.390345288039125,0.8446783221456369
10:36:08.258,84800,4240,1.420375151776219,-1.3424432113750222,-8.372485666894022,0.8597565678137973
10:36:08.469,84900,4245,-0.612276224218808,0.5526201441059801,-8.39141688133353,0.84318532052417
10:36:08.679,85000,4250,0.92621112571012,1.4848794560939358,-9.363746071825025,0.9525884449547855
10:36:08.887,85100,4255,1.2734870551072213,-1.4921384648151514,-9.433693986600781,0.9635498363371472
10:36:09.095,85200,4260,-1.3032111436063012,-0.8571726133759886,-8.83311340416583,0.8969782415688551
10:36:09.310,85300,4265,-0.9462895011906928,-0.9861706999140935,-8.071123381730716,0.8186026454425437
10:36:09.524,85400,4270,-1.4500440205530012,-0.5205578406941586,-8.660822798018465,0.8796786894413556
10:36:09.733,85500,4275,-1.1424004178139888,-1.296510945389254,-8.212327402825883,0.8392159478783792
10:36:09.941,85600,4280,0.5715858511822907,-0.21414211793365046,-9.875614837725854,0.989445984655332
10:36:10.153,85700,4285,0.30526584731863005,0.43283278868730424,-9.872848175847516,0.9887045188722342
10:36:10.367,85800,4290,1.1725323459413417,-0.562114822594325,-9.213024626916557,0.9304333826353712
10:36:10.577,85900,4295,1.2325778851752407,-1.2729111168479872,-8.822328997010503,0.8998502091232219
10:36:10.793,86000,4300,-0.0887795632405659,1.4547888240103362,-9.369539085782108,0.9482223105016735
10:36:11.009,86100,4305,1.0227098686143807,0.3133454784775933,-8.617006944311344,0.8683140534538959
10:36:11.219,86200,4310,-0.656712418845004,1.1984530864142116,-8.169276724225583,0.8282791992943856
10:36:11.428,86300,4315,0.8195839450456104,0.8771395558174135,-9.349192266631363,0.9425947574742595
10:36:11.642,86400,4320,-0.7947993073595734,-1.0883671274839206,-8.998498337370359,0.9098858239956483
10:36:11.857,86500,4325,-0.08592264675931172,0.8839046976845535,-9.38427305838494,0.9426200244538855
10:36:12.075,86600,4330,1.2119938759101965,-0.3188546220577768,-9.09444279535246,0.9180386004040882
10:36:12.283,86700,4335,0.06125047839772835,0.9892787432672532,-8.51922403638832,0.8576689468271594
10:36:12.496,86800,4340,0.6051263286823207,-0.1510245241647179,-8.399289588332552,0.8422413660539082
10:36:12.706,86900,4345,-0.9511474217226782,-1.0052831399569175,-9.271080599611835,0.9373804515447839
10:36:12.916,87000,4350,0.4786302343314368,0.35669725139652675,-9.825829965312579,0.9843945059660003
10:36:13.123,87100,4355,-0.08907916663502302,-0.19664933012209662,-9.589924182825007,0.9592353824234057
10:36:13.335,87200,4360,0.16474697334226596,1.0649196565632293,-9.503079649065096,0.9563980251790328
10:36:13.552,87300,4365,-1.3273876391752752,0.589334593670455,-8.1431640587607,0.8271662112043991
10:36:13.764,87400,4370,-1.0980512101959827,0.12653557814539074,-9.35603432020552,0.942109897589517
10:36:13.971,87500,4375,0.3923143864044232,-1.3054350182855519,-8.994218531444849,0.9096924653757006
10:36:14.188,87600,4380,0.6747405761792895,-1.075879977548165,-8.077514031996971,0.8176736849644837
10:36:14.407,87700,4385,0.685606461372406,0.9841549586969438,-9.775416309429822,0.9848724852754794
10:36:14.619,87800,4390,-0.01363110654409505,-1.4176850555973814,-9.01172084263935,0.9122561551975972
10:36:14.826,87900,4395,-0.5362294310136151,-0.17814766853858677,-9.28156941224698,0.9298753107210112
10:36:15.040,88000,4400,-0.42813833445550653,-1.3772458631684819,-8.263238062567451,0.8388159028041167
10:36:15.251,88100,4405,1.3856268317845766,-0.5641454653737297,-9.779131224390047,0.9892908031863205
10:36:15.468,88200,4410,0.7578158737602649,0.142384438360033,-9.59033150302784,0.9621279362162727
10:36:15.675,88300,4415,-0.7310032273633517,-0.07219922803798484,-9.299265268833643,0.932823203973189
10:36:15.890,88400,4420,0.164302187002483,0.08711256365376929,-8.689006324131947,0.8690996186180563
10:36:16.102,88500,4425,-0.6036597764671163,0.8989042297349332,-9.284716784600683,0.9347641398246156
10:36:16.309,88600,4430,-1.0879892221590395,0.9401945520855159,-9.873573699933191,0.997773240527716
10:36:16.518,88700,4435,0.9041089980510799,-0.15192697502260488,-9.590239609090242,0.9633960278403676
10:36:16.725,88800,4440,1.4696919536293054,-0.8427084304433928,-9.855046651992456,0.9999604814703971
10:36:16.935,88900,4445,-0.2319311876623018,0.9491861320812589,-8.519860064445256,0.8575707662162636
10:36:17.144,89000,4450,0.9450720378544757,1.2865002931191278,-8.219806960019257,0.8373378686104614
10:36:17.352,89100,4455,-0.045402499744912284,-0.01250091455784963,-8.173758531038443,0.8173894187201814
10:36:17.566,89200,4460,0.17070046882460188,-0.30852500148926376,-8.480913650396982,0.848824025767949
10:36:17.782,89300,4465,0.7583414981435577,0.6121896940737148,-8.005417615488126,0.8064525357868514
10:36:17.991,89400,4470,-1.1476298547528807,-0.8393327057944275,-8.593923472488857,0.8710743614957983
10:36:18.205,89500,4475,0.3042883612626901,1.4286562127337348,-9.418708307755653,0.9531301913567106
10:36:18.418,89600,4480,-0.1767931434207406,1.1444940501410454,-9.351931211735241,0.9423361387286207
10:36:18.625,89700,4485,-0.7308142995623986,0.7533715852257159,-9.431771667567723,0.9489993418069563
10:36:18.832,89800,4490,1.2784599440219955,-1.2308340689799269,-8.994340622899701,0.9167746482891759
10:36:19.039,89900,4495,-0.718396142007067,-1.2114458548636131,-9.98038472251771,1.0079274442418054
10:36:19.249,90000,4500,-0.5052339316487504,0.41422876597147074,-8.873433061145047,0.8897452505457362
10:36:19.460,90100,4505,-1.0996124645495327,-1.2702497583361456,-8.205994893147526,0.8376218371503278
10:36:19.668,90200,4510,-1.499556361262984,-0.5466005191933001,-9.187651842675894,0.9325255374005178
10:36:19.875,90300,4515,-1.2337722237660464,0.5357074606144994,-8.186585577910378,0.8296346172137758
10:36:20.082,90400,4520,1.4539427899239348,-0.1820171861954687,-8.87709206908278,0.8997213096032276
10:36:20.297,90500,4525,0.7984529081074094,-0.748634758282504,-9.012419557253386,0.9078639067819427
10:36:20.506,90600,4530,0.9990904923615673,-0.9658701909915006,-8.949872074809765,0.9057113071681995
10:36:20.723,90700,4535,1.0662048253054008,0.22284431910762725,-9.496625931126838,0.95588888682636
10:36:20.934,90800,4540,0.4957390275881415,0.4426939962536296,-9.884938920977831,0.9907257573579855
10:36:21.148,90900,4545,0.1927476483523347,-0.24853130677434176,-8.605837090389231,0.8611582403525575
10:36:21.357,91000,4550,-1.2989942405428052,-0.8369759864537073,-8.840512511729006,0.8974551593751112
10:36:21.569,91100,4555,0.9369488077354116,0.9082501014188487,-8.37067675807353,0.8471777895058189
10:36:21.787,91200,4560,-0.27371213047914456,-1.192576604647372,-9.268794946508429,0.9349209434425131
10:36:22.000,91300,4565,1.311491244037854,0.26330470827794716,-9.269854626749929,0.9365871206335605
10:36:22.208,91400,4570,-1.3703255779049317,-1.093651247574333,-8.83894495690141,0.9011149382399243
10:36:22.424,91500,4575,0.7837112417196757,-0.9535302286084719,-8.125425442527197,0.8218635034440709
10:36:22.638,91600,4580,-1.0130599660056274,-0.01954459258905228,-9.647680921140722,0.9700743252038242
10:36:22.850,91700,4585,1.1911631079378613,-1.3223862704007905,-8.606585909864974,0.878867999313566
10:36:23.057,91800,4590,-1.1167547404935716,1.414177160284888,-8.819093184246729,0.9001302282642962
10:36:23.270,91900,4595,0.3635494709721776,0.34203502880742165,-9.303904745133703,0.931728499538878
10:36:23.485,92000,4600,1.0174660291626516,-0.8691006365415417,-9.768292702579837,0.9859519022762288
10:36:23.693,92100,4605,-0.3912723002376741,1.2196088228245618,-9.835163098527978,0.9918214197540366
10:36:23.902,92200,4610,0.8851934416848857,-0.5060535532157122,-8.004095203485875,0.8068779192318364
10:36:24.113,92300,4615,-0.3340021631386132,0.5571116022214802,-8.384228054336306,0.8409352582061893
10:36:24.328,92400,4620,0.9381353497790847,0.7967917105226809,-8.023868434141969,0.8117723795059959
10:36:24.537,92500,4625,-1.0175841575555062,-0.5062620864277145,-8.993515038041082,0.906504779674841
10:36:24.746,92600,4630,-1.1521951220285724,1.4153756109945856,-9.834765676427944,1.0002672524364173
10:36:24.952,92700,4635,-0.25847897887941906,1.4927345840734314,-9.55792382919202,0.9677240094450902
10:36:25.160,92800,4640,0.2568160652324698,1.3195960071001709,-8.350374627941683,0.8457898352444797
10:36:25.371,92900,4645,0.6800354315657113,-1.4903021918347354,-9.902666802170721,1.0037243576101273
10:36:25.579,93000,4650,-0.8700153211136462,1.3796308071320968,-8.809414984945764,0.8959135014048368
10:36:25.792,93100,4655,0.37166690573792294,0.447117474579926,-8.02580493573602,0.8046837589474525
10:36:26.009,93200,4660,1.284014572343553,0.09123248731293687,-8.225284634975162,0.8325402339532332
10:36:26.218,93300,4665,1.0368878117695575,1.0933191071580262,-8.052939699426346,0.8192699238155273
10:36:26.427,93400,4670,-1.0456744383849101,0.20338580206703427,-8.036058069046257,0.8106357388165014
10:36:26.644,93500,4675,-1.0914500214311402,1.3302052736808032,-8.137544668138345,0.8317472118700313
10:36:26.857,93600,4680,-1.0798513713293936,-0.8616732434567873,-9.22498564871198,0.9327857202036989
10:36:27.071,93700,4685,-1.0266606617519338,0.6718923279820967,-8.192410837478754,0.8283783359361196
10:36:27.280,93800,4690,-0.6497433121331887,-0.7041965403099043,-8.941595109454447,0.899278501024382
10:36:27.496,93900,4695,0.025701861282255045,0.2519496954402962,-8.830112183154345,0.8833743283670668
10:36:27.709,94000,4700,0.2640414830405917,1.3798665874476885,-9.568509818294443,0.9671097654698662
10:36:27.918,94100,4705,-0.5988911171482761,-1.1589924827613425,-8.891340497659513,0.8986538265128377
10:36:28.125,94200,4710,0.618246126106397,-0.09273892035448927,-8.571657888096897,0.8594425386863735
10:36:28.343,94300,4715,-0.5404617639004345,0.2918740298164708,-8.421883599735557,0.8444253237262276
10:36:28.558,94400,4720,1.2393391977772352,-0.6184568731244484,-9.767914649767732,0.9865627560181314
10:36:28.770,94500,4725,1.0292324716216994,-0.7178581238235927,-9.920737106403532,0.9999783222697979
10:36:28.977,94600,4730,-0.7215203438067523,0.9085110214566812,-8.783900620180574,0.8860185889011808
10:36:29.190,94700,4735,-0.7003081795610433,0.38563315502798257,-9.164188395003741,0.9198994152391781
10:36:29.401,94800,4740,1.0812372886886594,0.517872338671399,-9.567704674305777,0.9642522417310961
10:36:29.608,94900,4745,1.0271885248675363,0.6310062982426281,-9.343974614085704,0.9421419574709509
10:36:29.814,95000,4750,-0.6368905211109518,0.21457224680908205,-9.530711469291273,0.955437762995905
10:36:30.022,95100,4755,0.8545458690745549,-1.2659814884419573,-8.374743566139577,0.851288949593652
10:36:30.232,95200,4760,1.1842258505095442,0.23232816126375644,-9.202808469940326,0.9281597436537347
10:36:30.440,95300,4765,1.066325111572854,-0.6958427457038695,-8.966500905548864,0.9056455424697246
10:36:30.652,95400,4770,1.0905452737490529,-0.2242332360356556,-8.787856341493484,0.8858102992004929
10:36:30.869,95500,4775,-1.2168282277684073,-1.356405014188515,-9.557425024399143,0.9729587791649794
10:36:31.083,95600,4780,0.591935797170791,0.035899138227516,-9.405487518025273,0.9424164269993756
10:36:31.292,95700,4785,0.8935307339622591,1.1593097364675407,-9.225508329824436,0.9340899324008562
10:36:31.503,95800,4790,-0.4687064290994405,0.8005952051587606,-9.043735658340577,0.909119315915921
10:36:31.714,95900,4795,-0.6362014949327744,-1.2791457194533702,-9.745262048754986,0.9849421227293247
10:36:31.927,96000,4800,1.198702116048604,0.6906548232444503,-9.386088967868258,0.9487494767357104
10:36:32.135,96100,4805,0.8699919930732025,-0.40952586094406707,-9.941543889211445,0.9987937344612796
10:36:32.355,96200,4810,1.2838081423705412,-1.317425849333584,-9.352858615801187,0.9532037479053245
10:36:32.566,96300,4815,1.2943968245852902,-0.4382386759931851,-8.34204804883022,0.8453240912550927
10:36:32.787,96400,4820,-1.4882152240270203,0.4789009463849285,-9.129224458759978,0.9262120161598834
10:36:32.995,96500,4825,1.2513584107963354,0.7555669768230757,-9.083050811025704,0.9199923443399461
10:36:33.209,96600,4830,0.4182106255783835,-1.069196982399545,-9.289205608485807,0.9359883714621839
10:36:33.421,96700,4835,-0.7947120182875562,1.1677814919170886,-8.791606057033748,0.8904359486619309
10:36:33.632,96800,4840,-0.21139202854973327,-1.2965280955080045,-8.061260664400885,0.8167594210757105
10:36:33.840,96900,4845,0.7000350912529041,-1.2076039684903441,-9.70387804611189,0.9803754668876176
10:36:34.060,97000,4850,0.6812399420418531,1.1975369606182742,-8.352695831049838,0.8465560245885524
10:36:34.271,97100,4855,0.9690727566363426,-0.4989402043633486,-9.994125576124357,1.0053386959951751
10:36:34.481,97200,4860,-0.5050471621950963,1.078687851344318,-9.225464579062836,0.9302034015000276
10:36:34.688,97300,4865,1.431339849574286,1.3959167209590406,-8.361140133004456,0.8596858820555922
10:36:34.900,97400,4870,-0.37241575290725537,-0.039952032295356155,-8.73305440398178,0.874108282084111
10:36:35.108,97500,4875,-0.6044602773809287,-0.2504977933045631,-8.226187550513735,0.8252168380953523
10:36:35.325,97600,4880,-0.11713367259846352,-1.420156886368755,-9.405093556826605,0.9512431376457773
10:36:35.540,97700,4885,0.3542130314109495,-0.23924478999333765,-8.347656645913379,0.8358592968868751
10:36:35.756,97800,4890,-0.035140862987032895,-0.8112848891010535,-8.543098019711433,0.858160485142101
10:36:35.964,97900,4895,0.9595811332100421,0.9143709597500753,-8.082874453775514,0.8190832048012201
10:36:36.183,98000,4900,-0.2752253259492652,-0.945242464362714,-9.852314200911213,0.990138007602754
10:36:36.391,98100,4905,-0.9490250211638619,-0.1381708065729108,-9.137235915398945,0.9187427269711608
10:36:36.604,98200,4910,1.1806828447498545,-0.9740569088872453,-9.789323206958763,0.9908261587783147
10:36:36.819,98300,4915,-0.3307012593625087,-1.2991258275414197,-9.428206574505968,0.9523033678943211
10:36:37.029,98400,4920,0.1745382246227125,-0.6234249369913232,-8.978657049123687,0.9001966710097054
10:36:37.238,98500,4925,1.0216654072029963,0.799358289060975,-8.456945010525668,0.8555857221203541
10:36:37.446,98600,4930,-0.18676977992787647,0.007948470978929478,-9.505321980236575,0.950716004266541
10:36:37.664,98700,4935,-1.3933051877032987,-1.0069622998287782,-9.817836666563146,0.9967205688189099
10:36:37.873,98800,4940,1.2928938731195747,0.6796974550835744,-9.313205528077358,0.9427054704721295
10:36:38.080,98900,4945,-0.8195859598217673,0.950364143263903,-9.586478977838356,0.9668272459073308
10:36:38.288,99000,4950,-0.43798411951410765,1.0046825942180821,-8.649633623822984,0.8718794585861078
10:36:38.502,99100,4955,0.8222866483682401,0.14574885944362403,-9.678241225807804,0.9714203584805063
10:36:38.713,99200,4960,1.0784143664758203,0.8511127378242649,-9.4462768473086,0.95456543366239
10:36:38.922,99300,4965,-1.4492594684822115,0.9072383251844256,-8.574016418822842,0.8742836606955002
10:36:39.132,99400,4970,0.3556708028786355,-0.5140088771749671,-9.337169788579676,0.9358068524359076
10:36:39.344,99500,4975,-0.6176028567251564,1.0173623599404373,-9.796693587747285,0.9868721533829365
10:36:39.554,99600,4980,1.3361453632416125,1.0084680480710064,-8.320910656719764,0.8487629020686799
10:36:39.762,99700,4985,0.31163454908014443,-1.4372838553179543,-9.83529787662258,0.9944646061818121
10:36:39.977,99800,4990,-1.222873248476787,0.3088954735587235,-9.059539634478377,0.9146917173786471
10:36:40.193,99900,4995,0.8669352700490438,0.44572896268191164,-9.536033514214585,0.9585728258971891
10:36:40.400,100000,5000,1.110370594212677,-0.347329183388291,-9.49021591093315,0.9561263433995223
10:36:40.608,100100,5005,-0.2957873346874136,1.048108991546643,-9.915055779505515,0.9974685644982909
10:36:40.820,100200,5010,0.0749616860888489,-1.0705504268147246,-9.519276350030834,0.9579578263106934
10:36:41.037,100300,5015,0.44778061763915256,0.30996699873194,-9.018698375304995,0.9035126308279544
10:36:41.244,100400,5020,-0.953545108207285,0.484335331274544,-8.80467775849538,0.8869395662470476
10:36:41.458,100500,5025,0.27399389086227477,1.1988360738648307,-9.866613654617712,0.9942954570635338
10:36:41.674,100600,5030,-0.18020160791172968,-0.12088907597638165,-9.483415383643049,0.9485897644762041
10:36:41.892,100700,5035,-0.5087908091582436,-0.5753739862271214,-9.358393321612336,0.9389858831394069
10:36:42.100,100800,5040,-1.1737163058604299,-0.04008582169043029,-9.64324065058155,0.9714489543191229
10:36:42.309,100900,5045,0.0168435923418091,0.39237143373101,-9.181165100413512,0.9189561015068247
10:36:42.518,101000,5050,0.6316230937198632,-1.1561340404753437,-8.117817807656436,0.8224023322581839
10:36:42.738,101100,5055,-1.4609330470417365,-0.7617778542994763,-9.086561683083914,0.9234729778814783
10:36:42.946,101200,5060,-0.27671338289740377,-0.964540985597358,-8.575482570392246,0.8633991598575531
10:36:43.154,101300,5065,0.8732916392404269,-1.246754417199485,-9.042906269059166,0.9170124789497864
10:36:43.364,101400,5070,1.4339636028858322,-1.1314038448590797,-8.75737473020106,0.8945833579925758
10:36:43.578,101500,5075,-0.4948641289901059,1.4191586739758146,-8.534434797710885,0.8665764776663418
10:36:43.788,101600,5080,1.1579661850014467,-1.2008450931970367,-9.603207073993186,0.9747025224623921
10:36:43.999,101700,5085,-1.0640414697341767,0.5463405003642685,-9.698203508918276,0.9771684782679346
10:36:44.211,101800,5090,-1.2051223409037282,-0.09144382403883933,-9.694355363904947,0.9769401606606863
10:36:44.425,101900,5095,-0.6601411550657922,1.3939095779333477,-8.021084318717413,0.8168020807027876
10:36:44.633,102000,5100,0.47987393635332354,-1.0993412174427712,-9.36967771302669,0.9446146862776846
10:36:44.851,102100,5105,-0.8974393704742848,-1.0379847220923342,-8.891934423850385,0.899718330951581
10:36:45.067,102200,5110,1.4266992662940337,-0.21431795697321698,-8.119457571651735,0.824663532848263
10:36:45.275,102300,5115,0.623292783790399,1.3462138080185166,-8.357042474745551,0.8487693705355192
10:36:45.485,102400,5120,-0.5039495119769158,-0.682378360946986,-8.362719009273704,0.8405633501775951
10:36:45.701,102500,5125,1.3097589571235742,0.7139537907566398,-9.902640842174055,1.0014364392720834
10:36:45.915,102600,5130,0.17183101869926398,-0.2935351671306259,-8.239975380692306,0.8246992364962207
10:36:46.125,102700,5135,0.1711841467639359,1.328137512885145,-9.79494422975031,0.9886060172240252
10:36:46.336,102800,5140,-0.5246372704966814,0.12959377499555336,-9.989137597860049,1.000374473690193
10:36:46.550,102900,5145,0.16623808369883664,-0.8262419736779892,-9.393797469661022,0.9431529133738018
10:36:46.758,103000,5150,0.5151251462296198,-0.9551850192337472,-9.969164592902493,1.0028059384428645
10:36:46.973,103100,5155,0.18704853137033428,-0.29898715578183666,-8.001466773341985,0.8009235356593418
10:36:47.181,103200,5160,-1.0390836231330045,1.266876050879811,-8.30697906896287,0.8467028460820434
10:36:47.392,103300,5165,0.6773046166393963,-0.7267475650225296,-8.40600952341482,0.8464508235847363
10:36:47.600,103400,5170,0.729517670764992,-0.6896994097385996,-9.932076232642462,0.9982685991193625
10:36:47.809,103500,5175,-0.9252974205156669,0.8773288560611983,-8.71909074744806,0.8811834355020809
10:36:48.017,103600,5180,-0.19935563950966184,-1.029666728508444,-8.460137787777565,0.8524898100914959
10:36:48.230,103700,5185,-0.6870076437633226,-0.15273021310639168,-8.135912506897807,0.8166295264101152
10:36:48.447,103800,5190,0.20492177308395187,0.681272760794803,-9.092931070375833,0.9120719322415916
10:36:48.654,103900,5195,-0.5425258451986498,-1.4968150686580994,-8.384902181385161,0.8534715826192931
10:36:48.862,104000,5200,1.0378345746404158,0.5118818279763873,-9.099730533769323,0.9173015828905193
10:36:49.077,104100,5205,-1.334321062427886,1.3601029259595618,-9.470609093198824,0.9660369002425462
10:36:49.289,104200,5210,-1.1812265167697715,-0.8701078900634607,-9.939752635066965,1.0047440782139072
10:36:49.497,104300,5215,-0.06892877500628458,0.7418432855976174,-9.843478876106017,0.9871634060314206
10:36:49.704,104400,5220,-0.12670575659856276,0.8325630077081891,-8.51739038609677,0.8558922508104218
10:36:49.912,104500,5225,-0.3652214561055773,-0.001416015856745556,-9.102831324006608,0.9110155148537082
10:36:50.125,104600,5230,0.7684079483017077,0.6871108500073015,-8.091138299811014,0.8156536708792506
10:36:50.335,104700,5235,-0.7064764567458696,-1.0208642721391161,-8.785373687737394,0.8872658208183998
10:36:50.543,104800,5240,0.8684243055658256,0.7071475355541308,-8.855435165500438,0.8925970556859323
10:36:50.755,104900,5245,-1.257652288562799,-0.6866278646312011,-8.84406562468525,0.895938858835549
10:36:50.972,105000,5250,0.1447721013890333,0.955786024432665,-8.038240116547728,0.8096158969358163
10:36:51.180,105100,5255,-0.2199445509200766,-0.7503223481555328,-9.703768358623488,0.9735218517806544
10:36:51.396,105200,5260,0.42029039249308764,-0.025589966991800495,-8.10652463118434,0.8117452830563971
10:36:51.610,105300,5265,0.790913017216949,0.08184468153326074,-9.020138612691204,0.9055116926073418
10:36:51.817,105400,5270,0.13331279818136466,-0.7059362774945136,-9.026573296250819,0.905511699552414
10:36:52.026,105500,5275,0.7939976913136246,-0.05591525231061367,-8.483416364238153,0.8520675563491196
10:36:52.233,105600,5280,0.3186422004236531,-0.12294353294500304,-9.536074478562377,0.9542188660096411
10:36:52.446,105700,5285,0.5027924307525984,-1.3136005168207028,-8.09211945541729,0.8213448960513285
10:36:52.663,105800,5290,-0.9297105864929198,0.43346839355841293,-9.918163706815955,0.9971069548350985
10:36:52.871,105900,5295,1.0820158310030394,-1.0215563073502656,-9.271693244484032,0.9390347766054202
10:36:53.081,106000,5300,-0.5630306861879223,0.02921505802678004,-8.798159283873536,0.8816204617499235
10:36:53.294,106100,5305,-0.8660484256850168,-1.4754168036692574,-8.999770915866835,0.916093724234937
10:36:53.510,106200,5310,-1.464536126208316,-1.0847096121276154,-8.239049944766055,0.8438211007077321
10:36:53.718,106300,5315,0.26933474773440125,0.006483791830761865,-9.910325322996789,0.9913986647838753
10:36:53.934,106400,5320,-0.5550678034938054,-0.24204615268858776,-9.420943432631042,0.9440384619672058
10:36:54.152,106500,5325,-0.9808578959257661,-0.8610483285344558,-9.275939883459014,0.9367312696692554
10:36:54.368,106600,5330,-1.3194052671324892,-0.07159739372297613,-9.107538499716192,0.9202891609137724
10:36:54.575,106700,5335,0.282057027516845,-0.7255876872104241,-9.360341309167906,0.9392657934936104
10:36:54.790,106800,5340,-0.5826499304985439,1.0906068215682931,-8.848706765928249,0.8934680498492693
10:36:55.006,106900,5345,-0.7285353020806031,1.3270766037859207,-8.155373504695097,0.8294697884780158
10:36:55.216,107000,5350,0.07421933808789793,-0.8796076986397927,-9.770333095689459,0.9810128797033063
10:36:55.424,107100,5355,-0.37829353227228824,1.0909102256123662,-9.923124141183052,0.9990074265901859
10:36:55.641,107200,5360,-0.13697862193262322,0.5920023044596014,-9.508265001760464,0.9527661476724231
10:36:55.857,107300,5365,0.7881569164630324,0.32458704346814793,-8.461729559255563,0.8504552616553985
10:36:56.064,107400,5370,-1.1901325689737134,0.5519164734894915,-8.461363318091099,0.8562458556172908
10:36:56.272,107500,5375,0.3214513724918471,1.3126560856266742,-8.299724711844188,0.8409032481588279
10:36:56.491,107600,5380,0.31096904003017856,0.49553380536227754,-8.216532033346924,0.8237332951333839
10:36:56.705,107700,5385,-0.2973834118862393,1.1951151378967513,-9.081704296803116,0.9164828968456926
10:36:56.918,107800,5390,-0.14136319972126543,1.366529131507674,-8.060274424309519,0.8176515713717715
10:36:57.129,107900,5395,-1.3440314174870165,-0.4964397585974776,-8.109939836716464,0.8235532589958536
10:36:57.343,108000,5400,-0.789953899335159,-0.06011224766049583,-8.51725901590624,0.8554024888286785
10:36:57.550,108100,5405,0.9873842367377175,-0.7839118998104629,-8.943986217846971,0.9032404716500427
10:36:57.758,108200,5410,0.8327648512939718,-0.9741987601597768,-8.93759552271175,0.9029018454375017
10:36:57.966,108300,5415,-0.9604147807031522,0.7606026117289084,-8.930897796656168,0.9014535392258435
10:36:58.174,108400,5420,-1.4291533559469924,-0.07989883938877451,-9.151055336765122,0.9262325675330555
10:36:58.390,108500,5425,1.1736440281658553,-0.023602967033403033,-9.776117461465102,0.984634297723094
10:36:58.600,108600,5430,1.2880221278135204,-1.1772912905193682,-9.758179684926121,0.9912975665650294
10:36:58.807,108700,5435,0.07362257287568008,0.6008834383312598,-9.826374882692459,0.9845005054590215
10:36:59.020,108800,5440,1.1012479625637503,-1.239863653328603,-9.777168550921065,0.9916805626158864
10:36:59.231,108900,5445,-0.8119404513711432,0.6425440404477647,-9.569374464124124,0.9625229232341357
10:36:59.437,109000,5450,-0.5934192986314388,0.008642401513368814,-8.42313149642237,0.8444013581296202
10:36:59.644,109100,5455,-0.7406059026915826,1.1341175483077146,-8.823361885623978,0.8926725865689114
10:36:59.853,109200,5460,1.46213816614038,-0.5414538302340492,-8.985630723648793,0.9119900206084527
10:37:00.063,109300,5465,1.2649494574458213,0.37936073571858997,-8.125180583531773,0.8231802427943662
10:37:00.277,109400,5470,0.15790804075548137,-1.4685962195204134,-8.243403261653391,0.8374688480150332
10:37:00.486,109500,5475,0.9649883103960897,-0.9816159857975518,-8.211103082403126,0.8325682327150402
10:37:00.698,109600,5480,0.034490023750099574,0.28273661448254117,-9.4989189231787,0.9503188426208844
10:37:00.908,109700,5485,1.2682375945392295,0.9644844787013205,-9.246073233482504,0.9382351898366421
10:37:01.116,109800,5490,-0.4584729521560411,0.4694452738594328,-8.995617827782983,0.9019518635522336
10:37:01.331,109900,5495,-0.9014416450647547,1.2468776360764404,-9.158831678948324,0.9287168492178444
10:37:01.546,110000,5500,-1.3238078407991205,-0.5292760935058594,-9.734728102298767,0.9838573657202727
10:37:01.756,110100,5505,0.06631657836741534,-0.13851593023406616,-8.343154549125792,0.8344567836748251
10:37:01.965,110200,5510,0.8465035183476983,-0.24495383637127732,-8.651488863690876,0.8696253799602176
10:37:02.179,110300,5515,-1.3998495844336387,0.7529282745785859,-8.711464974930847,0.885528666137612
10:37:02.388,110400,5520,-0.8222733001859137,-0.7026197344436012,-8.606767158748136,0.8674459567969275
10:37:02.610,110500,5525,-0.8139246178423083,1.161331588501505,-9.417522090139878,0.9523701310953308
10:37:02.818,110600,5530,0.8687965884407061,0.8471746539181062,-9.072544611434342,0.9153336994385916
10:37:03.030,110700,5535,1.1878823264848388,-0.46144646926116883,-9.226414742368464,0.9314006992898533
10:37:03.242,110800,5540,1.4378364854657186,-0.8228933889314497,-8.536239234086008,0.869551076993369
10:37:03.454,110900,5545,-0.8808963739550726,-1.2381522812365808,-9.52907729498288,0.9649472192142782
10:37:03.662,111000,5550,0.04811839426514042,0.7169576000191618,-8.525186870017135,0.8555416690541989
10:37:03.879,111100,5555,0.9816640443833413,0.2018177200356357,-9.364498151846304,0.9417973259894524
10:37:04.095,111200,5560,1.3737073818292873,-1.1162654828935092,-9.182272595415117,0.9351323468670263
10:37:04.304,111300,5565,0.2240293239811486,0.7738548787026827,-9.18713923957375,0.922239491231053
10:37:04.510,111400,5570,-0.4334544758181993,0.5250869891898402,-9.661748955199354,0.968571071228741
10:37:04.719,111500,5575,0.5297740409491185,-0.8134965026102575,-9.513353142298282,0.956275719153735
10:37:04.933,111600,5580,1.1939975736767936,-0.20803501748546083,-8.766537529090652,0.8849920283448945
10:37:05.145,111700,5585,0.8816945642001914,0.921059587038862,-9.142793871214687,0.9231273792870474
10:37:05.353,111800,5590,-1.1372982557965483,-0.0692894041108656,-9.312806645013461,0.9382250047380256
10:37:05.567,111900,5595,0.28616912613455936,-1.125878335269116,-8.392496456459646,0.8472513887050802
10:37:05.790,112000,5600,0.2087009310063057,-0.4001495358124978,-9.452799790281153,0.9463566959912804
10:37:06.002,112100,5605,0.4863940795180093,-0.4842035833675453,-8.56084379339653,0.8588310588565835
10:37:06.216,112200,5610,-0.954332823220195,-0.0479832730554115,-9.255994890697743,0.9305186454262551
10:37:06.431,112300,5615,0.2235057358279131,-0.9018314125501483,-9.913032497113004,0.9956478694770992
10:37:06.645,112400,5620,1.346636750759803,-1.4774374367119683,-8.388642252350529,0.8623547457735449
10:37:06.853,112500,5625,0.27667648567840963,1.4033808696809387,-8.061142414857773,0.8187065699976568
10:37:07.061,112600,5630,-0.7594243220142266,-0.17350590409715982,-8.631530968650313,0.8666611590604067
10:37:07.275,112700,5635,1.310557997683028,0.43292740783547745,-8.011617475837049,0.8129637321854137
10:37:07.486,112800,5640,-1.1063482918642156,-1.1154575534883917,-9.536074300760738,0.9664624419302315
10:37:07.693,112900,5645,-0.6961565924327363,0.07099341281474914,-9.675919219893276,0.970118996905796
10:37:07.901,113000,5650,-0.002666880585013187,-1.434352477527147,-9.991331664024127,1.009376453869276
10:37:08.109,113100,5655,-0.608252469413101,-1.101559500047446,-8.973654621844743,0.9061450307254764
10:37:08.322,113200,5660,-0.6851524211861351,1.057007287908438,-8.532744883949555,0.8625220779870859
10:37:08.530,113300,5665,-0.5131251633052453,1.0054123759513933,-8.00870783299489,0.8087864528613654
10:37:08.738,113400,5670,0.502135735426771,0.2304098630412863,-8.402016598875168,0.8420161039407331
10:37:08.946,113500,5675,0.753857683069187,-0.7179236384770227,-9.773179745536487,0.9828466721496856
10:37:09.157,113600,5680,1.4862401377888093,0.7355134407973596,-8.494794589326837,0.8655138640346819
10:37:09.364,113700,5685,-0.6842013626922626,0.49141357656892515,-8.45075226261679,0.8492634020848245
10:37:09.572,113800,5690,-0.840509253801659,0.41779238986597234,-8.71793588673032,0.8768318676456538
10:37:09.786,113900,5695,-0.8591894673060456,-0.05785105859532669,-8.13736932183724,0.8182807144598248
10:37:10.003,114000,5700,-1.3720623848837388,-0.9897457350619555,-9.194014518090334,0.934837177089904
10:37:10.212,114100,5705,0.16390685084623025,1.4758539216247528,-8.54645075327069,0.8674493110943754
10:37:10.419,114200,5710,0.7105751357887096,0.6170154763709581,-8.789644795713933,0.8839880132473712
10:37:10.633,114300,5715,-1.2645085639303049,-0.2965514413652408,-9.700267556203402,0.9786833774391042
10:37:10.849,114400,5720,-0.8607812447665898,0.15474666602040843,-9.9880008766476,1.0026218249863683
10:37:11.055,114500,5725,-0.8953306349927596,0.06016850570172583,-8.821670887253061,0.8867193154434111
10:37:11.266,114600,5730,0.31902389862041325,-0.495020319727149,-8.28240843103445,0.8303319262999843
10:37:11.482,114700,5735,0.4150758840515847,-1.0328629307517816,-9.940633168680497,1.0002763698974062
10:37:11.696,114800,5740,-0.8284541309651117,0.9214672892485094,-8.913982916612897,0.8999696086531741
10:37:11.903,114900,5745,0.3627215735190106,-1.1979344906267264,-9.494522405545258,0.9576667984906344
10:37:12.117,115000,5750,0.5346443600144752,1.0286212723029458,-8.04034538511416,0.8123488180914402
10:37:12.324,115100,5755,-1.2922076891122165,1.202673675551332,-9.214189370523476,0.9381764782679893
10:37:12.532,115200,5760,1.2958289053487553,-0.18442347080077526,-9.201709935708635,0.9294334312334508
10:37:12.739,115300,5765,-0.7620516586952238,0.7024877819599396,-9.881514812986616,0.9935720749578112
10:37:12.953,115400,5770,-1.4585396854736215,1.4526056775985001,-9.623326296539451,0.9841026891456024
10:37:13.168,115500,5775,1.458228879662924,-0.894696530647683,-9.455515317093528,0.9609041745107902
10:37:13.383,115600,5780,0.4884840036556093,0.7763690575025293,-9.76054676208688,0.9803552347499322
10:37:13.591,115700,5785,-0.369153043331897,0.989178418075054,-9.577773627510313,0.9635792420554665
10:37:13.800,115800,5790,0.6419585603798375,1.4234140490109786,-9.686744910895417,0.9811791137041445
10:37:14.016,115900,5795,-0.8359520627798052,0.9210298913398622,-9.327535959253723,0.9410103027235069
10:37:14.227,116000,5800,0.8104813134525282,-1.3036564595441646,-9.9842042324901,1.0101521384427208
10:37:14.435,116100,5805,-1.3819270967078479,-0.34462146838263497,-8.058459585399186,0.8183352451568834
10:37:14.648,116200,5810,0.8764706164321523,0.7396499256963165,-8.05549166587348,0.8136721006216732
10:37:14.859,116300,5815,1.0445019087578191,-0.30607742632007096,-8.572759166042431,0.8641577827414735
10:37:15.073,116400,5820,1.220363636884477,0.38968680710587433,-9.39579982394679,0.9482731544525598
10:37:15.281,116500,5825,0.7295463997058995,0.8755259934400801,-9.656235343128396,0.9723253813225029
10:37:15.489,116600,5830,1.375581260814911,0.33353211412453065,-9.181571246308799,0.9290033262981464
10:37:15.704,116700,5835,-9.114819737043867e-05,1.142498725673784,-8.104627499235535,0.8184759632868828
10:37:15.912,116800,5840,0.38422258521479247,0.47482642296210686,-9.986362814391867,1.00050252067449
10:37:16.120,116900,5845,-0.17483905839135327,0.46439588908802953,-8.990426652953236,0.9004110374727365
10:37:16.336,117000,5850,-0.590264798655875,-1.2378745052172362,-8.998131710884186,0.9102039337951613
10:37:16.548,117100,5855,-0.5981970394983616,0.5222800524902329,-9.88072397279111,0.9912584041398225
10:37:16.756,117200,5860,-1.3366370839253423,-0.964446815380356,-9.35673583578032,0.9500803221538556
10:37:16.964,117300,5865,-0.07935880513308091,-0.5255346753325774,-8.654108606428753,0.8670414078162202
10:37:17.181,117400,5870,-0.6734703333712202,-0.23898156413861305,-8.47522257840124,0.8505296716245205
10:37:17.401,117500,5875,1.2732854465694072,0.01792902975615429,-8.6635126039889,0.8756599106846675
10:37:17.611,117600,5880,-0.7491225834823096,-0.25303177091315177,-8.990649615925298,0.9025352637903539
10:37:17.818,117700,5885,1.26956001000319,-0.12582578518084198,-9.666956160257604,0.9750777207564436
10:37:18.026,117800,5890,1.0921780850949165,-0.44492153212236873,-8.653370597165129,0.8733363088248975
10:37:18.234,117900,5895,0.908585840890332,0.9514818971725529,-8.394503604928609,0.8496972213916725
10:37:18.442,118000,5900,0.7950159303874575,0.8685922240832165,-8.547459704638953,0.8628184640104447
10:37:18.653,118100,5905,-0.7367678989770047,1.2305047854489355,-9.91399781796535,1.001720129070977
10:37:18.863,118200,5910,-0.39369543240781324,0.5685497480766308,-8.972868088079926,0.8999478131292942
10:37:19.084,118300,5915,-0.5390000317871652,0.6754951507579063,-9.716833417541832,0.9755186640819421
10:37:19.297,118400,5920,-0.24249080743449314,0.20478192467498912,-9.039128329104173,0.904469891032186
10:37:19.505,118500,5925,1.3536523347793912,-1.0209707645769923,-8.894489224270533,0.9054650435342011
10:37:19.718,118600,5930,-1.2813377422394354,0.014788267169284719,-8.988328041219956,0.9079211754283194
10:37:19.933,118700,5935,-0.752835534931934,1.1842831650969239,-9.72352283768549,0.9824265078507376
10:37:20.140,118800,5940,-0.9103191980671297,-1.1076230072564992,-9.958230129132977,1.0060907368291654
10:37:20.347,118900,5945,-0.771279424550312,-0.4430327459102297,-9.796971698198222,0.9837266104969427
10:37:20.562,119000,5950,-0.7145101153937149,-0.870966023936947,-9.887231961248753,0.9951204066613816
10:37:20.770,119100,5955,-1.2525330575069273,-1.0062117374061055,-8.206827266576873,0.8362614119046216
10:37:20.979,119200,5960,-1.3949124872628893,0.13132935231470166,-9.55343856536516,0.965563134487371
10:37:21.185,119300,5965,-0.3639812571741725,1.0520553751628396,-9.991948758596603,1.0053772568663135
10:37:21.401,119400,5970,-1.2136173534670975,-1.0074491643845178,-9.936253437387638,1.0060663659592899
10:37:21.612,119500,5975,0.38456582797898253,-0.6638356268408653,-9.567188443074606,0.9597898901364437
10:37:21.820,119600,5980,-0.10915565200801547,-0.4915435648017912,-8.954536427333496,0.8968681768292701
10:37:22.035,119700,5985,-0.33728969561957656,-0.09156196196840227,-8.414355788496904,0.842161096626186
10:37:22.250,119800,5990,0.7010917836927151,1.267329909668471,-8.359045945436556,0.8483590272226792
10:37:22.462,119900,5995,0.7101322511276571,-0.3444681060579704,-8.647901919735835,0.8683844408069133
10:37:22.669,120000,6000,1.0765636702112644,-0.10171575702670799,-9.512974509502238,0.9574237277699233
10:37:22.878,120100,6005,0.9150603368144496,-0.4468032109122153,-9.708202317662003,0.9761463044541547
10:37:23.089,120200,6010,0.25304344648901655,1.2357674322581462,-8.975331202392578,0.9063538068827356
10:37:23.308,120300,6015,0.3636919606904021,-1.3361638681065322,-9.60032042373415,0.9699678240182573
10:37:23.515,120400,6020,-1.0213363781256097,-0.76998036718179,-8.311816915637408,0.840965505845539
10:37:23.723,120500,6025,0.36030926366904703,0.7934639928125251,-9.612905840527572,0.9652324412918623
10:37:23.939,120600,6030,-1.4426448634474802,-0.4646392576886593,-9.349208450505785,0.9471262455070373
10:37:24.148,120700,6035,-0.055782165500631864,-0.3430409807937078,-9.368487907010476,0.9374932235930742
10:37:24.355,120800,6040,-0.5028356016132827,0.6585744424746975,-8.999216609212986,0.9037281865586883
10:37:24.573,120900,6045,-1.1002924388433644,-1.3686290206913205,-8.065693312023866,0.825464702158008
10:37:24.788,121000,6050,-1.4131784347655731,1.2752950022179248,-8.690704379057415,0.8896729356080032
10:37:25.001,121100,6055,0.7841500325023598,0.7630345951735249,-9.899163840645503,0.9959445657808899
10:37:25.208,121200,6060,0.768427940893404,-0.6023578418976602,-9.558691367071473,0.9608428441788388
10:37:25.424,121300,6065,0.307154493050217,-1.219646119436396,-9.991508622062168,1.0070358736609133
10:37:25.631,121400,6070,-0.9746296057119029,-1.2311978600690878,-9.860080502663296,0.9984334657751097
10:37:25.840,121500,6075,-0.7812556152162675,0.5037964521125242,-8.386155593946345,0.8437521961295608
10:37:26.049,121600,6080,0.3024934143749134,0.10939631629679969,-8.905294972155717,0.8911102533405245
10:37:26.259,121700,6085,0.486712572122584,-1.2012754546520004,-8.779103580152444,0.8874266815735091
10:37:26.473,121800,6090,-1.2853688643007468,-1.4797554990389814,-8.49937507330253,0.8722455278814922
10:37:26.680,121900,6095,-0.8767152986662499,-0.3832301624786505,-8.898266066960977,0.8949560551824768
10:37:26.893,122000,6100,-0.5185614721415975,-1.2687444905018026,-8.171509435669291,0.8285661412331584
10:37:27.106,122100,6105,0.40823839617936786,-0.08805138925206535,-8.839294170272149,0.8849154369987651
10:37:27.314,122200,6110,0.3439443688495807,-1.4945521810935376,-9.07432839578295,0.9203011451986115
10:37:27.522,122300,6115,-1.455164113111065,-0.5080471378601938,-9.990019585131996,1.010821971475171
10:37:27.730,122400,6120,1.2490411004619366,1.2211253941078595,-8.272742179750752,0.8455147193952656
10:37:27.938,122500,6125,-0.8462599339429736,0.3066530803723124,-9.395495908428607,0.9438513407989508
10:37:28.157,122600,6130,0.7466371670044669,-0.1540937701752818,-8.258967299170635,0.8294079382181556
10:37:28.364,122700,6135,0.1849673862614445,-1.458994065815613,-9.800718753177096,0.9910447250096374
10:37:28.572,122800,6140,-0.18802226769523633,-1.4532612263946427,-9.17397971257007,0.929027579418063
10:37:28.781,122900,6145,-0.7364177318340316,-0.3308634665822592,-9.18829879838339,0.9223698635452703
10:37:28.990,123000,6150,0.521498346216859,-0.7098162010379653,-8.349343721909161,0.8395673894985847
10:37:29.199,123100,6155,-1.1604575803692614,-0.8879753461505469,-9.58705251282186,0.9697769738182672
10:37:29.406,123200,6160,-0.1447720002619457,0.9963488989844702,-8.763295567127928,0.8820942084460788
10:37:29.617,123300,6165,-0.10438251141016996,0.41363208889784087,-9.581755096411191,0.9591246944024334
10:37:29.827,123400,6170,-1.2855587836141678,0.16378064918672797,-8.018354879417634,0.8122407306916846
10:37:30.038,123500,6175,-0.9339636774539458,-0.4741503112671215,-9.472379804951455,0.9530114681247555
10:37:30.248,123600,6180,-1.0030793855407398,0.3792072647590645,-8.118471085304481,0.8188988897676426
10:37:30.462,123700,6185,-0.8499930772589932,0.31114760223856197,-8.983248098199418,0.9028734543421382
10:37:30.675,123800,6190,0.7283299536398489,-0.050461400140249246,-9.1333469170179,0.9162479837951815
10:37:30.882,123900,6195,1.0954141690363053,-0.303207188730398,-8.309703968359232,0.8387076179622339
10:37:31.091,124000,6200,0.4065619517270611,-1.2275708438196,-9.895246003354714,0.9979384563393453
10:37:31.306,124100,6205,-1.1006452348167666,1.3030657490457411,-9.11714670260838,0.9275330952378135
10:37:31.517,124200,6210,-1.4439824811276,-1.3102579489922848,-8.616508228285683,0.8834368984076666
10:37:31.725,124300,6215,1.4729215926001147,-0.279374532794463,-9.1203367215357,0.924273174238625
10:37:31.938,124400,6220,0.9824231278031186,0.28897457078840016,-8.793319196802308,0.8852746692493624
10:37:32.153,124500,6225,-1.342489559860196,0.24224887500295456,-9.6289775864303,0.9725130955198029
10:37:32.366,124600,6230,-0.48089888379714774,-0.6119479377632775,-8.410322842233192,0.8446258007281063
10:37:32.574,124700,6235,-1.0164890805113787,0.04425916513288408,-8.33594494471246,0.8397808466842666
10:37:32.794,124800,6240,-0.03812885603688798,-0.5483820660854305,-8.525160314769236,0.8542864571827362
10:37:33.003,124900,6245,0.03802471911850036,0.26154879685366095,-8.592824622776158,0.859688831206896
10:37:33.217,125000,6250,-1.4035100385761172,1.2626045953528457,-9.522165321259187,0.9707504478390991
10:37:33.425,125100,6255,-1.252710929579404,0.4395353008955607,-9.52210628571443,0.9614207407283418
10:37:33.633,125200,6260,0.9897776311844946,-1.4525586125797443,-9.271040919868863,0.9436195526802932
10:37:33.845,125300,6265,-1.3874078960265277,-0.027072192003048556,-9.725841118745016,0.9824338096818936
10:37:34.057,125400,6270,0.07331843671478167,-0.5775402536738902,-8.257980413367465,0.8278476239341193
10:37:34.264,125500,6275,0.24997198150409883,0.6984832606672655,-9.520317192641109,0.9549178200529476
10:37:34.479,125600,6280,1.147421341471762,0.47954429508823515,-9.589798604824129,0.9670096987461053
10:37:34.693,125700,6285,1.1593248407993562,-1.3411616029422913,-9.194222956988874,0.9363572198393219
10:37:34.907,125800,6290,-1.2272808174979923,-1.059308921763214,-8.830936407984256,0.8978518332029376
10:37:35.116,125900,6295,0.650120426229944,-0.7099058757815481,-9.47325945607586,0.9522041148997481
10:37:35.330,126000,6300,-1.3252896566104404,-0.8015865040417544,-9.681501266465006,0.980461117892719
10:37:35.538,126100,6305,-0.6926702051918553,-0.09392175446902451,-9.059874775862408,0.9086800551537982
10:37:35.751,126200,6310,-0.4868235510512071,-0.872047396965046,-8.43893898456918,0.8497832371710632
10:37:35.959,126300,6315,-0.29051688452891433,-1.4334346399547444,-8.795635198390844,0.8916408103625054
10:37:36.181,126400,6320,-1.4259073311667778,0.2241404094561017,-8.45657631195966,0.8578877173629634
10:37:36.392,126500,6325,0.32363137565866795,1.1104418680356996,-9.003833676874628,0.9077821285441735
10:37:36.601,126600,6330,1.050146391325911,0.44002310636220265,-8.367717746011643,0.8444828479860655
10:37:36.808,126700,6335,1.3603210776305121,0.8451796074531943,-8.31836392150239,0.8471126273032011
10:37:37.016,126800,6340,1.1293395913594502,0.4275850464311226,-9.420273053039514,0.9497356541604924
10:37:37.227,126900,6345,0.40232126273764246,-0.7735686555463132,-8.190469598145652,0.8236750761158356
10:37:37.438,127000,6350,0.3809782926017158,0.6029876949759663,-9.765392584368112,0.979140597394255
10:37:37.645,127100,6355,0.48382969796021635,-0.2270068422072451,-9.118497453964157,0.9134145778395919
10:37:37.864,127200,6360,-0.30804700413567865,-1.0236516563054368,-9.952661492317878,1.0009906415690457
10:37:38.072,127300,6365,-1.0524015226131938,-0.964714437031085,-9.108410761834651,0.9219618729433452
10:37:38.281,127400,6370,0.849790024197314,0.5507358629165733,-8.096114459963625,0.8159198638638469
10:37:38.488,127500,6375,0.6319104639666913,-1.4973929236511543,-9.472887468818811,0.9611300297003296
10:37:38.699,127600,6380,0.10563396453174745,-0.008884372230214765,-8.857772438815832,0.8858406744126056
10:37:38.914,127700,6385,-0.6848506210268664,-1.0986702487139954,-8.037523403369466,0.8141122720377212
10:37:39.124,127800,6390,-0.6521862590867405,-0.70928620840436,-9.04830497582485,0.9099464642357316
10:37:39.331,127900,6395,0.5714771828450056,0.1285017848811978,-8.265804494631057,0.8286532617608713
10:37:39.546,128000,6400,1.2214661052752969,0.7981902616325671,-9.052250340170055,0.9169096103826722
10:37:39.756,128100,6405,-0.8324026444661263,-0.446829003150492,-9.20289248534321,0.9251258315351333
10:37:39.965,128200,6410,1.0179781833214054,-0.3312341275732156,-9.103452461165546,0.9166179266285849
10:37:40.179,128300,6415,-1.196839229154683,1.225439216358807,-9.335817063783965,0.9491659794886957
10:37:40.400,128400,6420,-1.1377840854618626,0.23546829753504417,-8.69794437194221,0.8775205652386474
10:37:40.612,128500,6425,0.5514736657420025,-0.11523799137152535,-9.578822086889016,0.9595375738913777
10:37:40.819,128600,6430,0.43825381288525644,1.1942821623089253,-8.207106612854485,0.8305117412925453
10:37:41.026,128700,6435,-1.1944825383442383,-0.8655221272858082,-9.554454752618692,0.9667653422990947
10:37:41.237,128800,6440,-0.9061867742983349,1.0138104082531543,-9.599977779645743,0.9695801121283772
10:37:41.455,128900,6445,-0.3244376146352781,0.7751492868256431,-8.975337798635415,0.901458844220135
10:37:41.663,129000,6450,0.9889172298293585,0.7723650488341254,-9.899207828231962,0.99784177444444
10:37:41.872,129100,6455,0.3242631238714666,-0.4462241253577486,-9.197576999031272,0.9214102517156149
10:37:42.087,129200,6460,-0.26793500580828056,0.7654509530112237,-8.918495459095713,0.8955292601736368
10:37:42.298,129300,6465,0.7235474076326951,1.0958865859235947,-9.411149930316915,0.9502327676480292
10:37:42.505,129400,6470,-1.0172007982253852,1.1766355728681077,-8.695157427264743,0.8833172217282206
10:37:42.715,129500,6475,1.1415557700468173,-0.5884717194860138,-8.368468026818238,0.8466445869232327
10:37:42.932,129600,6480,-1.3309139973510646,-0.9829712622396896,-8.679338179169896,0.8835636694609523
10:37:43.147,129700,6485,1.0325703541899385,1.4043271084751803,-8.069889157673183,0.8255994620945523
10:37:43.359,129800,6490,-1.2645199426096942,-0.9200634600696794,-8.192688134815462,0.8340603475178464
10:37:43.573,129900,6495,1.3280543242941216,-1.1545666097557785,-8.733732173256337,0.890925530102332
10:37:43.788,130000,6500,0.9826231092257558,1.1767645666868631,-8.250930111271565,0.8392149350510989
10:37:44.002,130100,6505,-1.0017998446604741,-0.7479635571499536,-9.440179219042424,0.9522606581142927
10:37:44.209,130200,6510,0.5754772565559021,1.2196693152627147,-9.91430236011577,1.000560635839746
10:37:44.417,130300,6515,1.4846586308087026,-0.31610909701504175,-8.885082564335738,0.90138131989915
10:37:44.636,130400,6520,-1.195088617386272,1.1326304915488534,-9.151917046874036,0.9298853384512308
10:37:44.848,130500,6525,1.359635796748155,-0.5883174063438534,-9.44289353754781,0.9558397628884685
10:37:45.060,130600,6530,-0.37864171614605757,-0.9115855976567705,-8.82058126406471,0.8875641480311759
10:37:45.275,130700,6535,1.2505462594619634,0.7778264015447554,-9.708351760599076,0.9819418198932234
10:37:45.483,130800,6540,-0.31018589777633876,-0.5495609332774491,-8.985318149225867,0.9007451068608248
10:37:45.691,130900,6545,1.0871440257321079,-0.9888462717322358,-8.863423316293664,0.8984429417921982
10:37:45.899,131000,6550,1.4061906004773315,1.1250660957776208,-8.509029133545479,0.8697512432889349
10:37:46.115,131100,6555,-1.2314872944627804,-0.1748596682805288,-8.317137268910193,0.8409631930703587
10:37:46.323,131200,6560,0.29467306015885963,-0.030700972711754426,-8.733721475011272,0.8738745079539849
10:37:46.530,131300,6565,-0.43900149479503403,1.120283883152306,-9.066443375131652,0.9145936461934977
10:37:46.738,131400,6570,-1.4124100780336626,0.9352864446808478,-9.7008431372984,0.9847640353739785
10:37:46.953,131500,6575,-0.966575821226987,-1.300614866856438,-9.504663898113208,0.9641810186171743
10:37:47.171,131600,6580,-0.06525816114485394,-0.8268049362196213,-9.960075428331333,0.999454689159057
10:37:47.382,131700,6585,1.1970136338366855,0.8045795015478108,-8.350940890070712,0.8474573945830954
10:37:47.590,131800,6590,-0.564875285909071,1.433914799682909,-9.910372409317684,1.0029490367548382
10:37:47.806,131900,6595,-1.0218791806103384,0.5805501322436726,-8.884632662707181,0.8962029517193989
10:37:48.016,132000,6600,-1.2736267786229116,-1.3380611396180546,-9.7132905505703,0.9887393291681059
10:37:48.224,132100,6605,-1.4144104943004914,0.907961057332956,-9.282510131157602,0.9433448185211178
10:37:48.432,132200,6610,0.5900981949831885,0.06193595930453499,-9.357898902343395,0.937669045075378
10:37:48.648,132300,6615,1.3540510191940505,1.2482289537692584,-8.98162679388642,0.9168486764361217
10:37:48.865,132400,6620,-0.35154240282110893,1.159550863727493,-8.685218162288086,0.8769330350322724
10:37:49.072,132500,6625,-0.4927270860537414,0.5155498461252628,-9.499349965535037,0.9526081114124596
10:37:49.287,132600,6630,0.7248585822851368,0.5316676648698087,-8.031084762761829,0.8081238329417451
10:37:49.497,132700,6635,0.7142064246204178,1.4843476252442893,-8.085412651465088,0.8251501465430953
10:37:49.704,132800,6640,0.6440490931760525,1.2316824339194978,-9.524978947873809,0.9625853978213362
10:37:49.912,132900,6645,1.4254355001826196,0.6519160925338516,-9.051870336938759,0.9186578119933302
10:37:50.121,133000,6650,-0.5120840376683734,0.5368235745643841,-9.541645096419021,0.9570444125423855
10:37:50.339,133100,6655,-0.6382591728809078,0.8897681162522169,-9.010251500475533,0.9076546379228567
10:37:50.553,133200,6660,0.48908536240853784,0.8195669302433899,-8.721796644817971,0.8773860675804516
10:37:50.761,133300,6665,0.2535438806613646,0.007566654392620276,-9.11155921882179,0.9115089311234196
10:37:50.969,133400,6670,-1.010966756442012,0.1784764616725365,-9.4115841207481,0.946740847813803
10:37:51.186,133500,6675,-0.7972240373346658,-1.3784852228651934,-8.420478658186097,0.8569728613458505
10:37:51.409,133600,6680,-0.8570915652898768,0.9757974157267473,-8.83885040276061,0.893375973430064
10:37:51.616,133700,6685,1.1223590745319294,0.9312419989177698,-8.654221762226388,0.8776243835635228
10:37:51.824,133800,6690,-1.1853396182827611,0.5267526142425143,-9.773319902114666,0.985902024728384
10:37:52.035,133900,6695,0.633147744576279,-0.401963975024195,-9.893193520220862,0.9921578963663965
10:37:52.246,134000,6700,0.9616903561243282,-0.6147820945445586,-8.954462650141949,0.9026915681317862
10:37:52.453,134100,6705,-0.32918034251589323,-0.4015434995728717,-9.140741478410241,0.9155476593551948
10:37:52.663,134200,6710,-1.062564294863833,-0.035788450938257554,-9.284016910832927,0.934469334406281
10:37:52.876,134300,6715,-1.4470431900719132,0.22799283518864333,-9.665099777570553,0.9775483028332934
10:37:53.088,134400,6720,1.3591312795784205,0.8549198232064876,-8.024068460033323,0.8183141230025388
10:37:53.303,134500,6725,-1.0023453280027557,-0.49066471864485783,-9.895961744942362,0.995869001827321
10:37:53.513,134600,6730,0.4655775404091136,1.498732858830106,-8.667902156742846,0.8808830253055042
10:37:53.721,134700,6735,0.8183358672313497,1.449053974535882,-9.106990585352793,0.9257791774198637
10:37:53.928,134800,6740,0.6256864969581608,-1.0877228309977471,-8.286844262600628,0.8381313285049455
10:37:54.136,134900,6745,0.1524031360829161,-1.0484452672657603,-8.837927880785454,0.8901204043291264
10:37:54.351,135000,6750,1.4958394485726934,-0.807308305020948,-9.043461836581162,0.9201819621409778
10:37:54.566,135100,6755,1.3600552019409848,-1.162252753069982,-8.146329462384447,0.8340459539141615
10:37:54.774,135200,6760,1.2656667882522648,0.08955241387372759,-8.137320145231943,0.8235648802596733
10:37:54.982,135300,6765,1.1793931061452443,0.03247659626174393,-8.657562721448222,0.8737586343146351
10:37:55.196,135400,6770,1.2618078963828783,0.42201457605701154,-9.716309376660927,0.9806983398210065
10:37:55.407,135500,6775,0.7613734861583601,-0.7781891473444307,-8.908007300783167,0.8974288941485883
10:37:55.615,135600,6780,-0.6893725734559951,0.26830474917356484,-9.188815535542954,0.9218543970155916
10:37:55.823,135700,6785,-0.4894862333157799,-1.2822567873810282,-8.398262981898682,0.8509676865458531
10:37:56.036,135800,6790,0.342047694773832,-0.44608106083652066,-9.744679796621396,0.9760879533987619
10:37:56.252,135900,6795,-1.3647695242731994,0.43877062509858367,-8.850913888899633,0.8966258538797036
10:37:56.459,136000,6800,0.7743487383746701,0.9486526224268346,-8.150270031507883,0.8241750988300682
10:37:56.672,136100,6805,-1.3162108303666424,0.6555248446010729,-9.059124151023418,0.9177682395655206
10:37:56.889,136200,6810,0.8305938771803101,1.4071817897699144,-9.896738569748962,1.0030726847852365
10:37:57.104,136300,6815,1.1706223982651207,0.9082750270850992,-8.161628132279175,0.8295028275645434
10:37:57.312,136400,6820,0.9025473533611543,0.5205120707493767,-9.10671114792324,0.9166117633576631
10:37:57.521,136500,6825,0.24034894516149063,0.14106089161546032,-8.819165013191988,0.8823567153962917
10:37:57.730,136600,6830,0.08931789931257583,-1.154830974760655,-8.502700150518042,0.8581230804320775
10:37:57.944,136700,6835,-0.891530270794555,1.21315443161284,-9.61638813163111,0.9733524058472377
10:37:58.152,136800,6840,-1.1758281871780722,0.850791200251491,-8.148028533938499,0.8276278546669622
10:37:58.369,136900,6845,-0.29508238211709736,0.30226428149600815,-9.10697736822077,0.9116768840624924
10:37:58.585,137000,6850,-1.2556878428405103,0.005785521574664276,-8.049611164399415,0.8146964178695095
10:37:58.792,137100,6855,1.1518371222269415,-0.2767101937713443,-8.537600385536916,0.8619391952486968
10:37:58.999,137200,6860,-0.3947800800445518,0.763556011971239,-9.818138951436266,0.9855694879851316
10:37:59.210,137300,6865,0.7950164144719603,-1.0958923469987158,-8.10235218611121,0.8214690626144805
10:37:59.420,137400,6870,-1.4357648586790632,1.4130757666300733,-9.35203722179628,0.9566546087774729
10:37:59.627,137500,6875,1.0536543988908393,0.5284714527214902,-8.877386717894293,0.8955303713871999
10:37:59.835,137600,6880,-0.9781437579407987,0.015110165256697616,-9.081790581895136,0.913432612192557
10:38:00.042,137700,6885,-1.299833053832658,-0.15763376018635933,-8.737816769345113,0.8835375275834926
10:38:00.252,137800,6890,1.4544660147513113,0.04133436855455974,-9.84589465203184,0.9952829819553811
10:38:00.462,137900,6895,-1.3947136536191802,-1.3705776680870598,-9.571341170850964,0.9769047094198975
10:38:00.672,138000,6900,-0.7513602920791218,0.8222065137228203,-9.484471673286828,0.954964757261239
10:38:00.889,138100,6905,-1.4206611649492522,0.20095974647487447,-8.939976174810129,0.9054382197117093
10:38:01.102,138200,6910,-0.39000866283092783,1.0395073796379064,-9.996746950160055,1.0058212163945401
10:38:01.311,138300,6915,0.2838422230305806,1.028289022843496,-8.323011616741773,0.8391094511116765
10:38:01.518,138400,6920,0.8436089804834404,0.60977284809747,-8.761404472029428,0.8823021441701617
10:38:01.732,138500,6925,-1.2355148902486381,1.4778526454886158,-9.867391000362776,1.0053653596570955
10:38:01.948,138600,6930,-0.3681097879968016,-1.0649136571697544,-8.427559014881705,0.8502546492819643
10:38:02.155,138700,6935,-0.0858949787161829,1.2891915613322618,-8.851985471255322,0.8945783342586288
10:38:02.362,138800,6940,0.704556358027983,-1.1924116374753715,-8.892743113830356,0.8999951403391109
10:38:02.571,138900,6945,-0.53091041744935,0.2304788312089432,-9.00499368089783,0.9023574544270222
10:38:02.786,139000,6950,0.8762667389745467,-0.4635345755046729,-9.694008268673574,0.97445627923285
10:38:02.994,139100,6955,-1.0538852779013563,0.4470872278543494,-9.938042531925337,1.000376181916806
10:38:03.202,139200,6960,0.5462861151674763,0.8041039585213619,-9.819402432315322,0.9867404715703849
10:38:03.410,139300,6965,0.2520583690640361,1.1822412756702203,-8.509094451725243,0.859452827348278
10:38:03.627,139400,6970,-0.949588624232925,-0.30115235278390484,-9.697394610436577,0.9748429285037885
10:38:03.834,139500,6975,1.4520881471779092,-0.12195392947868422,-9.590827137080048,0.9700896758621904
10:38:04.042,139600,6980,1.302896374190257,0.8510700184832878,-9.077750346044567,0.9210179720469711
10:38:04.256,139700,6985,0.886647428043319,-0.3935363586765641,-8.604721219636772,0.8659228706699205
10:38:04.469,139800,6990,-1.0067149860261564,0.15692171009147948,-8.333688353985417,0.8395740650326202
10:38:04.677,139900,6995,0.3949747245976687,-0.15570095102860604,-9.609718327464847,0.9619092168829447
10:38:04.885,140000,7000,1.3238961005180117,0.638190906019469,-8.674951879471026,0.8798566850836029
10:38:05.092,140100,7005,-1.209983293562258,-1.1803203270740426,-9.237160354543747,0.9390545621036017
10:38:05.307,140200,7010,1.144145854095541,0.13174221219722204,-8.564355147912414,0.8641446918513849
10:38:05.514,140300,7015,-0.5362825367935686,0.7465598038399612,-8.818059974824664,0.8865840750858548
10:38:05.725,140400,7020,1.2686038790680252,-1.1993766969249404,-8.331958898212672,0.8512896060954719
10:38:05.944,140500,7025,-1.135670307943947,0.1734805270730606,-9.581437176152113,0.9650066367759801
10:38:06.151,140600,7030,1.10747102132167,0.4164713192356373,-9.863305257356433,0.9934018875692163
10:38:06.360,140700,7035,-0.16362068460004942,-0.3139161338047871,-8.695579279117979,0.8702781972847412
10:38:06.567,140800,7040,-0.6257101635418808,1.055691207217956,-9.893838155474143,0.9969655489557946
10:38:06.775,140900,7045,-0.051215540580294316,-0.9442561432266716,-9.186476550648699,0.9235019984344195
10:38:06.983,141000,7050,-0.7688365365378997,1.0666297214134088,-9.245261472324836,0.9338290436379245
10:38:07.191,141100,7055,0.6532521846691104,0.8823112912891489,-9.945743108360562,1.0006148989946777
10:38:07.399,141200,7060,-0.23185249201514502,-0.6674372042498004,-9.836639421549368,0.9861982716941331
10:38:07.615,141300,7065,-1.3704726173664357,0.5057695383591572,-9.767698084902513,0.9876331500040462
10:38:07.832,141400,7070,1.1322611375882938,-0.5803277830077788,-8.183603316653603,0.8281917583734297
10:38:08.040,141500,7075,0.9279454952694177,0.3076019589340353,-8.449505352200699,0.8505871060873139
10:38:08.248,141600,7080,1.2020847724492536,0.4473730630718027,-9.071996658062917,0.9162219917772186
10:38:08.459,141700,7085,0.7613902947280264,0.3823811925930214,-9.63298879721363,0.9670594796836345
10:38:08.675,141800,7090,-0.8671333684007673,-0.8394087907070205,-9.97423517050495,1.004698435517087
10:38:08.883,141900,7095,1.1128228987416953,0.7573757270069876,-9.015050476311576,0.9114994672860144
10:38:09.091,142000,7100,1.1860539277892665,-0.3004595245720201,-8.343644716294538,0.8432876555320856
10:38:09.308,142100,7105,0.5526616268189275,-1.2898931272333927,-9.087807994764434,0.9195515934581726
10:38:09.524,142200,7110,-0.020287778709683124,0.20539669680025385,-9.311970028434363,0.9314257093696808
10:38:09.736,142300,7115,-0.8039994276605525,0.8206981275209366,-9.403046754127054,0.9472974651950369
10:38:09.944,142400,7120,-1.4992937456673565,-1.060419280231521,-9.804260313298396,0.9974762707784178
10:38:10.152,142500,7125,-0.9043641159663665,-1.3214137110637076,-9.464056311736286,0.9598560856802973
10:38:10.362,142600,7130,-0.9180776641113022,-0.3947175060863519,-8.392880158577178,0.8452165749864916
10:38:10.570,142700,7135,0.3609750489049648,-1.193562803815566,-8.266912234287451,0.8360426606459479
10:38:10.778,142800,7140,1.4635831006616744,0.360874049182095,-9.749921393425174,0.9865762654244498
10:38:10.989,142900,7145,-1.0914973357941837,-0.0789402776548993,-8.897573189678209,0.8964619716818025
10:38:11.201,143000,7150,-1.4524812846380384,0.9293699634482278,-8.428159298827604,0.8602749535909885
10:38:11.411,143100,7155,1.3311967465953538,-0.970828617991712,-8.904852185070721,0.905599168626035
10:38:11.621,143200,7160,0.4231986740793978,-0.8555708285370508,-9.184747269431742,0.9234212525371073
10:38:11.828,143300,7165,-1.1299462961551583,-0.013113628073799344,-9.805550663946597,0.9870449555246182
10:38:12.041,143400,7170,0.3520290633006864,1.2853888888798477,-9.333845127830166,0.9428510695087695
10:38:12.257,143500,7175,1.1120055701111977,-1.1515839155231737,-9.821807322953537,0.9951412009944808
10:38:12.468,143600,7180,1.487008155661782,-0.619952739651543,-9.473496780278058,0.9609509659724833
10:38:12.675,143700,7185,-0.726702593538297,-1.3160133945928076,-9.667631135196284,0.9783817234618581
10:38:12.883,143800,7190,-0.21371049398783626,-0.272459098050037,-8.826962842677037,0.8833752269638983
10:38:13.095,143900,7195,0.2337686580566034,-0.8847469543468628,-8.31351009938151,0.8363723759859241
10:38:13.309,144000,7200,1.1665239481356648,0.9044707084316723,-9.084839222149341,0.9203974634704724
10:38:13.516,144100,7205,-1.2362612758078644,1.365960923335514,-9.143504955536315,0.9327265089942435
10:38:13.725,144200,7210,-0.28417079092380226,0.5228679938932346,-8.672207115526618,0.8692601465156603
10:38:13.934,144300,7215,1.1556637568715549,0.963379116259758,-8.39278837143625,0.8526579307571556
10:38:14.149,144400,7220,-0.2330302255212715,-0.5483206308039121,-8.872299806172615,0.8892281060042037
10:38:14.357,144500,7225,-1.2847651156018887,1.339223253999458,-9.928659195304315,1.0100614523028852
10:38:14.565,144600,7230,1.332613097924765,1.3819354439761389,-9.736582599259116,0.9924043729865037
10:38:14.779,144700,7235,1.4562797712546072,0.659571927407617,-8.828612529562486,0.8972189537495142
10:38:14.997,144800,7240,0.6002182210751852,1.490172531852894,-8.05643806708674,0.8215051455493376
10:38:15.205,144900,7245,1.2183106344326875,0.817328795514122,-9.982066106606139,1.0089298831861577
10:38:15.412,145000,7250,1.1276635816897111,0.47560016488974877,-9.853657084730274,0.9929369497292744
10:38:15.628,145100,7255,0.7740759930576289,-1.4744168977130396,-9.03085614014331,0.9183107396478278
10:38:15.839,145200,7260,1.1075578760895106,-0.9921150026197282,-8.829970952012046,0.8954293028524787
10:38:16.047,145300,7265,-0.585821307493971,1.0857089407697846,-8.159617274255766,0.8252351457052378
10:38:16.255,145400,7270,-0.991314879099003,-0.800226846259859,-9.230688787526711,0.9318191009373517
10:38:16.471,145500,7275,0.9268221389933355,0.6402279295119389,-9.029261873400346,0.9099256071652037
10:38:16.678,145600,7280,-1.1411918064652036,-0.35080134476337843,-8.965322453073826,0.9044467204331099
10:38:16.885,145700,7285,-1.3095430687679763,-0.509265533371847,-9.24422041749092,0.935039387189624
10:38:17.094,145800,7290,1.3945630083999578,-0.509927418347359,-9.666907097799555,0.9780282449595584
10:38:17.311,145900,7295,-0.9384705236674591,-0.30509343715658455,-9.378685195881088,0.9430458362806539
10:38:17.523,146000,7300,-1.169239545044031,-1.2432651826313545,-9.217085467965731,0.9373766262918188
10:38:17.730,146100,7305,0.23064522818281707,-0.7588103192079692,-9.70601348244972,0.9738361671416591
10:38:17.937,146200,7310,0.8477877137637284,0.19855690278343396,-9.727365114803312,0.9766258286976858
10:38:18.144,146300,7315,0.09669840400405283,-0.38067795519842784,-9.805896748634048,0.9813759592112636
10:38:18.358,146400,7320,1.163258682364929,0.875387584976377,-9.998167640461881,1.0103604819707037
10:38:18.566,146500,7325,0.7958154147536516,0.5011649507035267,-8.417354204633835,0.8469730827389976
10:38:18.774,146600,7330,-0.62909229887742,0.5008950698013739,-9.052692206678266,0.9088338086818273
10:38:18.993,146700,7335,1.1789371392553774,1.3989314275196554,-9.771785992007185,0.9941564433770256
10:38:19.206,146800,7340,1.240003954937737,0.3744942211431872,-8.117529631897265,0.8220227676570828
10:38:19.414,146900,7345,1.0223522226991726,-0.9285085511940978,-8.58808495836658,0.8698421434319032
10:38:19.629,147000,7350,0.7477186997766769,0.6094023641905677,-9.702070381651154,0.9749903803935163
10:38:19.845,147100,7355,-0.2067650490199191,1.2677839878113173,-8.90907478872326,0.900120223171946
10:38:20.053,147200,7360,-1.2217160774422093,-0.727084955165446,-9.789030608297649,0.9891732050358875
10:38:20.263,147300,7365,-0.28639822313634355,-0.6079910160176576,-8.314215739760416,0.8341334448699063
10:38:20.472,147400,7370,0.21431856055831933,-0.7307558300579808,-8.972313588387513,0.9004573707673602
10:38:20.686,147500,7375,0.4123917305004805,-1.3937396222834848,-9.307048178794942,0.9419857901078887
10:38:20.894,147600,7380,-0.5103218860904544,-1.1145676883475795,-8.650226565661903,0.8736653203407716
10:38:21.101,147700,7385,-1.027848520557193,-0.8867692935564301,-9.322354259193382,0.9420675203779567
10:38:21.315,147800,7390,1.1472795727604348,0.09002980257497262,-9.88227152582946,0.9949052532459799
10:38:21.524,147900,7395,0.5567618746876564,-1.3511487658557353,-8.13250392568661,0.8262760245455953
10:38:21.731,148000,7400,0.31016729816284494,-0.7595709826513893,-8.777152902241395,0.8815416320280068
10:38:21.939,148100,7405,-0.2726471512490092,-0.9561552468277026,-8.336403696308519,0.8395486639435901
10:38:22.149,148200,7410,-0.9249951273511137,0.6775575333349209,-8.435923535813302,0.8513489654582955
10:38:22.357,148300,7415,1.0512940930706667,-0.9900254630273562,-8.609147610475612,0.8729421072816097
10:38:22.566,148400,7420,0.6676742850483155,-0.1521254180800442,-9.012303573611792,0.9038282292375952
10:38:22.773,148500,7425,0.7256128329701861,-1.1440026954113995,-9.9810966907533,1.0072613727362232
10:38:22.990,148600,7430,-1.0277527093362422,0.21498939086220403,-9.683238248846937,0.9739999951420102
10:38:23.204,148700,7435,0.1658524425328074,1.1641230100918865,-8.28313723553795,0.8366185025331125
10:38:23.412,148800,7440,-0.5945831098172274,-1.0198827720442472,-9.113505879228597,0.918965066550012
10:38:23.622,148900,7445,-0.4687932045615324,1.0481016169133923,-8.722484631611952,0.8797728241809145
10:38:23.835,149000,7450,0.15576294634986487,0.25050728575136794,-8.293939853899973,0.8299183953605344
10:38:24.043,149100,7455,-0.643329946065258,1.229105222719122,-8.677457580522047,0.8787652879454178
10:38:24.252,149200,7460,1.44391121974046,-0.5878823294604653,-9.763033086380192,0.9886723435473382
10:38:24.462,149300,7465,-1.3727087890850724,1.3713908501516148,-9.110483257973566,0.9314824071195743
10:38:24.672,149400,7470,0.4142512964565297,0.752250129127384,-8.31266879160232,0.8356910124697242
10:38:24.880,149500,7475,-0.34289699594898093,-0.7373979534542742,-9.592406565865756,0.9626816598255825
10:38:25.087,149600,7480,1.201008632311642,-0.6107842121752968,-9.201265397439546,0.9299395894510998
10:38:25.301,149700,7485,0.9236222069960855,-0.8107664911944973,-8.792818796854537,0.8878292779516714
10:38:25.508,149800,7490,-0.39351037564299074,0.92164509695316,-9.95188346911191,1.000221298929689
10:38:25.716,149900,7495,0.5423252165357182,0.4288999265224658,-8.369497663863635,0.8398009462538152
10:38:25.925,150000,7500,1.3549653292837642,-0.28867514366639835,-8.872474411036015,0.8979981434091094
10:38:26.142,150100,7505,1.398917665591601,1.2054612110443914,-8.201888942322864,0.8407204623930294
10:38:26.361,150200,7510,0.14926404558703066,-0.8758365693934799,-8.7051695560456,0.8750391217031105
10:38:26.569,150300,7515,-0.5211936475237392,-0.3491716916898109,-8.072337106913604,0.8096677717196784
10:38:26.776,150400,7520,0.1778843807342223,-1.4176982109252219,-8.882114258755115,0.8996302839264066
10:38:26.988,150500,7525,0.39114545837090775,-1.2359003483855369,-9.28441331158038,0.9374474650933493
10:38:27.201,150600,7530,0.021002078250550227,1.4589297625389261,-8.348216836479729,0.8474764981295726
10:38:27.408,150700,7535,0.5614994954550001,-1.264086177786084,-8.275534827236523,0.8390332068820083
10:38:27.616,150800,7540,1.2723455284810274,-0.13537544427242376,-9.195834599774294,0.9284425864918288
10:38:27.830,150900,7545,0.9477222247455073,1.3451833232941168,-8.61818129112472,0.8773867126600297
10:38:28.042,151000,7550,-0.8043962337173569,1.047278598341411,-8.081096995224812,0.8188282750955422
10:38:28.249,151100,7555,-0.7008287710509065,0.8859795647810444,-9.666272411488164,0.9732057495136346
10:38:28.458,151200,7560,-0.6733766924827232,-0.32127206499204153,-8.231365722969224,0.826510941095131
10:38:28.668,151300,7565,-1.4796739408083623,1.1925269601537316,-9.233097845888995,0.9426645816702826
10:38:28.881,151400,7570,0.9064974741194374,-1.2445468112823268,-9.159684648730856,0.9288189129225011
10:38:29.088,151500,7575,1.2005200629677297,1.1239582634610237,-8.925460894990557,0.9075702881187552
10:38:29.297,151600,7580,0.4831019072348286,0.8303517554889672,-8.45730084822522,0.8511686620641563
10:38:29.511,151700,7585,0.761407901040843,0.027693748564622922,-9.215763918619873,0.9247205715199208
10:38:29.726,151800,7590,-1.0281020794652853,0.522182716195549,-9.53700657405611,0.9606464649832613
10:38:29.936,151900,7595,1.1890824837020393,-1.3205515907897536,-9.517603915676379,0.9682074052220563
10:38:30.145,152000,7600,0.9215917122192465,1.4293571283642192,-9.40311541157339,0.955567750229181
10:38:30.359,152100,7605,-1.1882351195878655,0.571432752265038,-8.49290027176979,0.8594637462744461
10:38:30.573,152200,7610,-1.1063497166378446,-0.3746113149463086,-8.26016786927501,0.8342344787971406
10:38:30.780,152300,7615,-0.732770085235094,-1.3296720803846838,-8.311061004730723,0.8448592478249003
10:38:30.997,152400,7620,-1.2912634277915467,-0.5177271467984614,-9.387579851836396,0.9490103166619882
10:38:31.206,152500,7625,-0.7760147799618019,-0.24750694213555136,-9.666952513350456,0.9701207632068141
10:38:31.418,152600,7630,0.9253713586021299,-1.3048238060949244,-8.426853993737875,0.8577339071533152
10:38:31.625,152700,7635,1.1954120945351892,-0.3028929571426493,-8.413960017512634,0.8503850739256236
10:38:31.833,152800,7640,1.313690724731985,-0.20104164804749325,-8.58177755179881,0.86840720294718
10:38:32.047,152900,7645,0.6598162913898324,1.0827769046604376,-9.266695449380515,0.935304270893804
10:38:32.261,153000,7650,0.8715582475209711,0.21107399181864395,-8.344478905302068,0.8392526092296365
10:38:32.468,153100,7655,-1.3201067113577198,0.19405920802193122,-9.649269375100683,0.9741085164335939
10:38:32.676,153200,7660,1.1791510398596676,-0.11858023651819405,-9.855748602663322,0.9926743623474663
10:38:32.895,153300,7665,0.8194657534899781,-0.9402274629686642,-9.093744432003154,0.9178874636787004
10:38:33.108,153400,7670,-0.5113798621995491,-1.363233531989425,-8.986379145633691,0.9103566618380056
10:38:33.316,153500,7675,1.4581767840007216,-1.3958222504278526,-9.439016412611013,0.9652441666528125
10:38:33.530,153600,7680,1.4867514053190871,-1.420187561982429,-9.358267575055029,0.9581468283032315
10:38:33.744,153700,7685,-0.35970121089818075,0.24369883644816226,-8.689799220647755,0.8700654261558619
10:38:33.955,153800,7690,-0.13313079171205344,0.8598874767834577,-9.04920304839627,0.9090940880433402
10:38:34.163,153900,7695,-0.697688245232134,0.595903546568576,-8.782465725652663,0.8830264670246972
10:38:34.370,154000,7700,0.5618638559540954,0.21977328525744255,-8.771959162290194,0.8792682118354294
10:38:34.581,154100,7705,-0.15721131559842627,0.7258021272481452,-8.406634796815641,0.843937276891486
10:38:34.792,154200,7710,-0.3817780234999093,0.06626778891345797,-8.524799923862574,0.8533601796484431
10:38:35.000,154300,7715,1.4858882021995186,1.4584073772016866,-9.937110999676596,1.0152880913672022
10:38:35.211,154400,7720,0.8549588570987048,0.7971821545284179,-8.009980487036714,0.8094828067200626
10:38:35.421,154500,7725,0.14083544936354597,-1.0977598568174525,-9.994480559895235,1.0055573230261967
10:38:35.629,154600,7730,-0.810771378784495,1.1892683554487737,-9.151834074485718,0.9264328166512983
10:38:35.836,154700,7735,0.32491778058882703,-0.0044116576923936,-8.880884378798019,0.8886827239034472
10:38:36.044,154800,7740,-1.2825516411273061,1.3945122846014106,-9.420870135908073,0.9609495165809033
10:38:36.264,154900,7745,-0.5201173292061311,-0.4047831635447592,-8.369716534056362,0.83956254267378
10:38:36.474,155000,7750,0.24084827927361574,-1.358267445793024,-8.078147553915159,0.8195081833072543
10:38:36.685,155100,7755,-0.17499728148024696,-0.7048762786282751,-8.558289717479463,0.8589051024706573
10:38:36.900,155200,7760,-1.121087726023259,-0.052143070236547295,-9.565775893756701,0.9631387492920764
10:38:37.112,155300,7765,0.7281108200538751,0.5196714716475426,-8.855664605372027,0.8900730273834994
10:38:37.323,155400,7770,1.1502223806775764,1.4684898533950426,-8.198589470792387,0.8408111755032968
10:38:37.532,155500,7775,-0.23994023429020128,1.342522874705237,-8.980231584358991,0.9083198681844235
10:38:37.745,155600,7780,1.1678188031299346,-1.4260942959910283,-8.47230667444404,0.8670497453077938
10:38:37.958,155700,7785,1.2824707627840901,1.0581078511457793,-9.694609648363535,0.9836146588791552
10:38:38.166,155800,7790,-0.22697705266500812,1.4158260828960687,-8.88444204608269,0.8999410677908154
10:38:38.373,155900,7795,-1.1829785920836744,0.5939230263989987,-8.63366143508345,0.873454593475027
10:38:38.582,156000,7800,0.2018225202516164,-0.8535789551112689,-9.569100098874474,0.9609214643485129
10:38:38.803,156100,7805,-0.3388948099190259,0.9036557063308148,-8.505355678170666,0.8559936830372307
10:38:39.012,156200,7810,-0.152993459471906,-0.684494693837229,-8.410548520134816,0.8439743265886377
10:38:39.225,156300,7815,-0.04836720047666798,1.3837511474147477,-9.61212259510782,0.9711333966424793
10:38:39.433,156400,7820,-0.4769709775161197,-1.0820416138248286,-9.346702724241823,0.9421208371689421
10:38:39.641,156500,7825,0.47608252041972365,-0.7202362706268766,-8.521816588758417,0.8565439441395513
10:38:39.848,156600,7830,-1.2343444321830088,-0.930445326746476,-8.904132208931655,0.9037306295432267
10:38:40.057,156700,7835,0.4334089727909005,0.35424872597029333,-9.021926799890542,0.9039275340431359
10:38:40.268,156800,7840,0.7317546430495243,0.40847224150532124,-9.83152141307071,0.986717425230612
10:38:40.483,156900,7845,-0.6543846141235217,-1.18808078086768,-9.593491100173564,0.9688902241955903
10:38:40.691,157000,7850,-0.06835060886122424,-0.2614754372038415,-9.965405426893183,0.9969069491800364
10:38:40.901,157100,7855,-0.43848072207646016,-0.3070115683278436,-9.046684127201315,0.9062506007947031
10:38:41.115,157200,7860,0.2016408876401825,0.38513469748635254,-9.582336418388511,0.9592192607425635
10:38:41.333,157300,7865,0.30886422494647703,0.9169156005652725,-9.674579084372038,0.9722839697731351
10:38:41.542,157400,7870,-0.7626344094046199,-1.0106676579616092,-8.970747030309543,0.9059655768243351
10:38:41.752,157500,7875,0.4607731326900677,0.7009599785107712,-9.467427452295805,0.9504516786021638
10:38:41.966,157600,7880,-0.2308112490067824,-1.3079220803951135,-9.55554421327272,0.9647401681948509
10:38:42.173,157700,7885,-0.5074063506171566,0.45663917869047577,-8.86441230951815,0.8890657238770294
10:38:42.381,157800,7890,1.0500577504446658,0.9316770529139227,-8.583043805268847,0.8697084820407309
10:38:42.590,157900,7895,-0.5927215329723742,0.14234410414858556,-8.177102823119801,0.8199792146116194
10:38:42.809,158000,7900,-0.2918037968058729,1.4384164532849102,-9.364776744581793,0.9479094620519991
10:38:43.025,158100,7905,-1.0914408322618008,0.7322167604507523,-9.418951030561932,0.9510206253848388
10:38:43.236,158200,7910,0.5227694919158292,-0.047280224873329946,-8.455996685975311,0.8472272618050453
10:38:43.448,158300,7915,-1.03064611759874,-0.8991411822283814,-9.447537857847012,0.9546028381518301
10:38:43.657,158400,7920,-0.11700659411978265,-1.1998553485968602,-9.71872377123965,0.9793208623443221
10:38:43.866,158500,7925,-1.113914587851059,-1.186691198064333,-9.217387264866614,0.9359982355705379
10:38:44.073,158600,7930,1.4263611757385632,0.9524885017492437,-8.565917652194752,0.87359421800857
10:38:44.282,158700,7935,-0.4402488827748079,0.5576276733445686,-9.246736856185343,0.9273991060401157
10:38:44.491,158800,7940,0.4464743589735898,-1.3089794540478739,-8.66288091359128,0.8772586408089945
10:38:44.700,158900,7945,0.19419234638607463,-0.050251053585100625,-9.39686348206875,0.9399004156633755
10:38:44.911,159000,7950,0.9520872101670181,-1.4807365878189553,-9.376736534262703,0.9540557579682976
10:38:45.124,159100,7955,1.1167495871883144,-0.6461036859319881,-8.72593810027793,0.8820803554288134
10:38:45.332,159200,7960,0.529650519615132,0.6885167190522026,-8.70640068134923,0.8749628436084662
10:38:45.542,159300,7965,1.1868929661650371,0.34808687436390384,-9.419136698703632,0.9500000817584282
10:38:45.757,159400,7970,1.4452307029040163,0.08980529252833769,-8.782521270175245,0.890109187887998
10:38:45.970,159500,7975,-1.3203137704372083,-1.1014058862533527,-9.259753358946506,0.9418033533981538
10:38:46.177,159600,7980,-1.3847048616735385,0.3992292335572949,-9.846180677545288,0.9951083632938439
10:38:46.385,159700,7985,0.45526823745313183,0.3767023577655735,-9.23750293459511,0.9256383435285787
10:38:46.596,159800,7990,-0.09232991541300883,0.13277678375659963,-8.9122561031779,0.891372331499114
10:38:46.803,159900,7995,-0.0428917398010813,-1.2651852751645412,-9.569386515799987,0.9652755656837636
10:38:47.011,160000,8000,-0.5289955736304728,-0.1887428655993184,-9.631660185706613,0.9648022497857331
10:38:47.220,160100,8005,1.32030140538899,-0.11451241075271756,-9.15596241354444,0.9251375930721175
10:38:47.432,160200,8010,0.7973063917754515,-0.9576081310660959,-8.479916495929892,0.8570979791890411
10:38:47.648,160300,8015,1.0178517796513615,-0.3039247688671125,-9.920842222323435,0.9977549945287459
10:38:47.856,160400,8020,-0.8552999273764139,0.2936882880701033,-8.795157214657428,0.8841525954656257
10:38:48.062,160500,8025,-0.26199225728522224,-0.23999001810945852,-8.007450281249024,0.8015328761713063
10:38:48.269,160600,8030,0.06462107342068668,1.218783328127289,-8.31937764368483,0.840842750235108
10:38:48.475,160700,8035,-0.26313722979576526,-0.9010479396030466,-9.761380053531838,0.9806409594783236
10:38:48.684,160800,8040,-1.2236566225094339,1.3249951407222116,-9.404983881903306,0.9576359928052498
10:38:48.893,160900,8045,0.6553141678862628,-0.27068889025555243,-9.179111002188547,0.9206453601927242
10:38:49.100,161000,8050,-0.4176870310623313,1.192183412761779,-9.996912244132274,1.0076408991424664
10:38:49.308,161100,8055,0.26552464588555136,-0.45211802868541984,-9.612110265729005,0.9626400044147758
10:38:49.516,161200,8060,-1.4597803506391198,-0.18739789925374817,-9.437174433607836,0.9551247977887402
10:38:49.724,161300,8065,1.1600549366678847,0.4965520669119179,-8.468448136038896,0.8561945178755975
10:38:49.933,161400,8070,0.9119067255516691,-0.6319007081421569,-8.008094234575445,0.8084580734391699
10:38:50.140,161500,8075,0.8660931091526094,-0.9748929825792517,-9.496562539191643,0.9585678570762841
10:38:50.348,161600,8080,-0.7484661032084255,-0.5239841794600532,-9.427317011175152,0.9471487050995151
10:38:50.556,161700,8085,1.1632700615757972,-1.2935419969656188,-9.817748870498765,0.9970689094453409
10:38:50.768,161800,8090,-0.5673811478434176,-0.6902297314232206,-8.014753914666084,0.8064404426969422
10:38:50.977,161900,8095,-1.405155632996066,-1.2230305119284957,-9.596731647833748,0.9775864376441732
10:38:51.184,162000,8100,0.1713430136466616,1.4961478326639064,-9.284632828718737,0.9405967442513934
10:38:51.392,162100,8105,-1.2664938231256149,-1.054218444260893,-9.247264461396021,0.9392937940348219
10:38:51.600,162200,8110,0.6656177475449114,1.2693238554719608,-9.532205769840132,0.963935562548091
10:38:51.809,162300,8115,0.9375556051158052,0.0389941601461572,-9.86658077401593,0.9911102220610499
10:38:52.019,162400,8120,0.8022693097070603,-0.6319797639107927,-8.485993119234658,0.8547228421364936
10:38:52.230,162500,8125,-1.0315164012398532,-0.7848486663721557,-8.213796287488705,0.8315435224177758
10:38:52.441,162600,8130,-0.8865677468657506,0.7491932736089777,-8.349640477912208,0.8429934106586692
10:38:52.650,162700,8135,-1.2839800812848752,0.925750293516844,-8.406645571634549,0.8554373631199751
10:38:52.857,162800,8140,-0.06450787516146095,0.6494976239499972,-8.432973324310412,0.8458194105008796
10:38:53.066,162900,8145,0.9363934585248916,1.2809784188581936,-9.659587778850833,0.9789043593532161
10:38:53.274,163000,8150,-1.4385371897401944,0.1273902511549112,-8.014427096406255,0.8143504111005637
10:38:53.483,163100,8155,0.7978045164591281,0.23712824037455027,-9.263444696538288,0.9300759619229446
10:38:53.701,163200,8160,-1.1492174639930988,-0.30909410133824533,-8.09094683496971,0.8177998571125773
10:38:53.908,163300,8165,0.9831005842973992,1.187641454523435,-8.304520187600602,0.8446421403743385
10:38:54.115,163400,8170,0.4956619570270415,1.4892447518639234,-8.552842108157233,0.8695667819878218
10:38:54.331,163500,8175,0.9659489638308751,-0.46635401138848476,-9.654757354324095,0.9714158894908982
10:38:54.545,163600,8180,-1.1404345692130717,-0.571072607192638,-9.344469331613086,0.9431109267673634
10:38:54.756,163700,8185,-0.9023979294351603,0.6715581469453107,-9.362719099852026,0.9430048849847567
10:38:54.964,163800,8190,-1.1526516259585513,0.6416534997405141,-8.194417602077989,0.8299928001000956
10:38:55.170,163900,8195,0.28904217789803033,-1.0611395034856441,-9.596829844288175,0.9659643134540842
10:38:55.388,164000,8200,-0.8241772092417535,-0.8894509851079938,-8.59071717698783,0.8675875330025026
10:38:55.598,164100,8205,-0.9088847125939308,-0.7625365428411424,-8.833686785051224,0.8912999249205831
10:38:55.806,164200,8210,0.4566003972220296,1.198643965595159,-8.02077877269559,0.8122691881360833
10:38:56.023,164300,8215,-1.448595972573754,-0.870218634277242,-9.65629932654478,0.9803051945543766
10:38:56.245,164400,8220,0.8453970583198611,0.6043607260637591,-9.240923858833224,0.9299173180351966
10:38:56.454,164500,8225,-0.5908124995893588,0.09991462595322753,-8.769600799898129,0.8790047811685913
10:38:56.662,164600,8230,-0.758266793922206,-0.48069417159576,-9.20216934778494,0.924586156735455
10:38:56.872,164700,8235,1.4145525753991062,0.767162627300797,-8.58986070399351,0.873929084075517
10:38:57.091,164800,8240,0.0938197879985534,-0.5216118391353253,-8.752824352703863,0.8768854840435667
10:38:57.298,164900,8245,-1.312945021445275,1.3288314072976077,-9.461348628920007,0.9643999969738956
10:38:57.506,165000,8250,1.3724434791797933,0.3676100372515607,-8.926405362818093,0.9038774858595542
10:38:57.715,165100,8255,-0.25430536802685033,-1.1113828128991812,-9.284197088523017,0.9353938130838488
10:38:57.930,165200,8260,1.2069235374713347,-0.01261912501253537,-9.512429613962745,0.9588698599299793
10:38:58.143,165300,8265,-1.4347134436705078,-0.4777841761862913,-8.911831820027293,0.9039216048580423
10:38:58.350,165400,8270,-0.688111195379021,-0.9236751530873595,-8.596762081158763,0.867358006164041
10:38:58.558,165500,8275,-1.2110474826783273,-1.1417937348842686,-8.76727505497676,0.8923869162417177
10:38:58.768,165600,8280,1.0571326578168163,-1.3995865082905734,-9.10256587377135,0.9270009565084529
10:38:58.978,165700,8285,-0.304818215952662,0.10848596082793005,-8.487213880420882,0.849337876233494
10:38:59.188,165800,8290,-0.5284881060432483,-0.27657044137924314,-9.349870104387945,0.9368877299666236
10:38:59.396,165900,8295,-0.9710749265614376,-0.4085585412770363,-9.795123587417892,0.9851616755002048
10:38:59.611,166000,8300,-0.6228124173675875,1.478909553021428,-8.417379623947944,0.8568975931049132
10:38:59.826,166100,8305,-1.4122804952099783,0.8507661231432282,-9.836401245833024,0.9973621642235289
10:39:00.039,166200,8310,-1.1874321636098946,-0.8323196643512579,-9.337644451529833,0.9449569041497444
10:39:00.248,166300,8315,1.020222466199297,-1.2588271145015901,-9.376164645897038,0.951514387971678
10:39:00.455,166400,8320,0.5005741327399784,0.743102868393092,-9.072082492870273,0.911621945176978
10:39:00.662,166500,8325,-0.15509729307440168,-0.0027604422964500053,-8.65163534623896,0.8653025884316539
10:39:00.871,166600,8330,-1.2567574895685052,0.38118939135227903,-8.82125224579118,0.8918477219993446
10:39:01.085,166700,8335,0.9300960678087131,-0.7755970153126949,-8.745402789478492,0.8828856062692007
10:39:01.297,166800,8340,-1.2340118073078457,0.30893405027759036,-9.53621292748971,0.9620685130821921
10:39:01.504,166900,8345,-0.8852410194815535,-0.10592142680550487,-9.757048428134599,0.9797696925308167
10:39:01.725,167000,8350,-1.2418788148601287,1.0677824329800822,-9.54242940380366,0.968196164222705
10:39:01.943,167100,8355,-0.5910759117590556,0.7732174190315635,-8.433998167755728,0.848996825696437
10:39:02.150,167200,8360,-0.3648980592089397,-1.4588065918591218,-8.14410034461574,0.8281765372747304
10:39:02.364,167300,8365,1.4630399864233206,-0.7721372349285697,-8.32950627464055,0.8492193867942076
10:39:02.584,167400,8370,-1.4774636454315655,1.1977998966512846,-8.114348283231248,0.8334282901219976
10:39:02.792,167500,8375,-0.7668090797787657,0.3541518592834725,-8.06756497821053,0.8111659779719201
10:39:02.999,167600,8380,0.9984131084358352,-0.013321066182183872,-9.057009230538302,0.9111883580684993
10:39:03.210,167700,8385,-1.2908929750650775,0.9086500183032191,-8.832142921221582,0.8972112243486441
10:39:03.425,167800,8390,-1.479339620956667,-0.5948772827052834,-9.23451354468284,0.9371156017404785
10:39:03.635,167900,8395,-0.5341288504307898,-0.8999699942281503,-8.555715696433921,0.8619484363787623
10:39:03.842,168000,8400,-0.9791047705172793,-0.231113228222513,-8.692766547536099,0.875078566334885
10:39:04.052,168100,8405,1.3119243128058864,0.1684144507400691,-8.074924980658835,0.8182537642627583
10:39:04.262,168200,8410,-1.4435926025550065,0.3304430615698841,-9.409278313999648,0.952510738046534
10:39:04.471,168300,8415,-0.6382031208852252,-0.23271254244185569,-8.867834820870168,0.8893815422030911
10:39:04.681,168400,8420,0.73668298083467,-0.473158369542775,-9.848153317529174,0.988699673422019
10:39:04.888,168500,8425,-0.3538532007157942,0.989107808518205,-9.994530854169307,1.004958672480967
10:39:05.098,168600,8430,-0.7249990513689111,0.5638284564828862,-9.832773957178556,0.9875574405865946
10:39:05.315,168700,8435,0.911599596175634,-0.7572864480559719,-8.828619047981586,0.8907806176749701
10:39:05.524,168800,8440,0.8664839979353802,-0.38588898249847836,-9.717150264722038,0.9763335193092542
10:39:05.732,168900,8445,0.003553142471905524,0.16611086023791444,-8.994408072903111,0.8995942531197889
10:39:05.940,169000,8450,1.1376306160226037,-1.4844617623024696,-9.150251222904368,0.9339428654072637
10:39:06.148,169100,8455,1.1857437938605249,1.3081721931943426,-8.182012106363628,0.8370341984674617
10:39:06.360,169200,8460,-1.3932296693952704,1.1943657325831865,-8.878670119065566,0.9066332306839409
10:39:06.576,169300,8465,-0.4579482137920876,1.0876939496106561,-9.297816988304984,0.9372416734361941
10:39:06.783,169400,8470,1.1926925896255214,-0.15914814979386183,-8.255737471819108,0.8342963798946308
10:39:06.991,169500,8475,-0.12070590532391634,1.1417041283750997,-9.853473292572646,0.9920130753159015
10:39:07.200,169600,8480,-1.3669592676742033,-0.5496003809707394,-8.997485995642318,0.9117312787220982
10:39:07.408,169700,8485,-0.9867336491026985,-0.8514042043148974,-9.749881319304267,0.9836600945139277
10:39:07.620,169800,8490,0.6984532254266989,0.5316558830039488,-8.635447517584815,0.8679945202304185
10:39:07.827,169900,8495,0.23994026039249894,-1.1672265646893258,-9.294296404193918,0.9370375383669839
10:39:08.035,170000,8500,1.411070772687026,0.6198359246160923,-9.334190596382623,0.946057246621863
10:39:08.245,170100,8505,-0.657588217700234,0.11202044664317823,-8.749392257296197,0.8774784083757216
10:39:08.452,170200,8510,0.9044808737338843,-0.7811721211666427,-8.15246025210204,0.8239594874503361
10:39:08.660,170300,8515,0.20794917344695296,-1.3835814289889985,-9.949364042967398,1.0047257600403858
10:39:08.870,170400,8520,0.6844599700228624,0.2259700760586134,-9.266406267495904,0.9294397938550136
10:39:09.078,170500,8525,-0.30977710246767254,0.4563469585966766,-8.216576357453253,0.8235067785859048
10:39:09.288,170600,8530,1.4840124233226786,0.46366244217314945,-8.91245797007338,0.9047053818850783
10:39:09.497,170700,8535,-0.7114247274215596,0.6660883562689417,-8.418058413288962,0.8474285001738435
10:39:09.715,170800,8540,-0.5643875416083881,-0.8391309107315928,-9.892260494440489,0.994381675577019
10:39:09.930,170900,8545,-0.24910143134705076,-0.6338223366858811,-9.365176923263949,0.9389905275433652
10:39:10.138,171000,8550,-1.2864859928607384,1.2055544798709432,-9.42380160734584,0.9587306428209011
10:39:10.345,171100,8555,-1.3236615462613384,-0.5085872895293456,-9.327746642602513,0.9434913796569856
10:39:10.553,171200,8560,1.3347580042409293,-1.248884661515404,-8.50385683136406,0.8698095931638767
10:39:10.761,171300,8565,1.396839806866951,-0.07730797446602056,-8.993975857340027,0.9102128305587623
10:39:10.975,171400,8570,0.45545800542665305,0.41496671330435797,-9.944862464661337,0.9963931393224655
10:39:11.184,171500,8575,0.38203942779727473,0.09215137559562758,-8.377381982011684,0.8386594951048361
10:39:11.392,171600,8580,0.07410082615411762,0.1584284098596207,-9.814738894231489,0.9816297166214343
10:39:11.607,171700,8585,1.0675843885663308,0.7657482353441316,-8.843263596990528,0.894032537620981
10:39:11.818,171800,8590,0.4999701026476666,-1.0786741828901232,-8.912496523663247,0.8991446067273309
10:39:12.025,171900,8595,1.4083381075516526,0.8681064786815726,-9.113039337532756,0.9261992822871898
10:39:12.233,172000,8600,0.1502830296317581,1.169664777013402,-8.86484061993476,0.894293575379061
10:39:12.449,172100,8605,1.3503865860326951,0.1992577594639624,-9.21838360701667,0.9318897140357184
10:39:12.656,172200,8610,-1.0313729578265236,-0.4095014955441947,-8.86932856446329,0.8938479223972791
10:39:12.864,172300,8615,0.05761850538385094,0.21381193170751756,-9.672792922553398,0.9675327299730085
10:39:13.073,172400,8620,0.6603086373422067,-0.6242390564075606,-8.093402622949469,0.8144252446557552
10:39:13.283,172500,8625,-0.7304607634199092,1.440697983300312,-9.624871444610399,0.9759474060176514
10:39:13.491,172600,8630,-0.002307594690593273,-0.11120890403122985,-8.356818894717383,0.8357559140349207
10:39:13.699,172700,8635,0.5214993589059689,-0.7505099074151466,-9.608815588621866,0.9652179221223061
10:39:13.909,172800,8640,-0.6165664310651282,0.9503980314471683,-9.01536780176049,0.9086268055869517
10:39:14.121,172900,8645,-0.39257954608847956,0.8841312781916977,-8.856418584305509,0.8909094059303444
10:39:14.331,173000,8650,0.2105843043136868,0.9292223218847058,-9.661734983079404,0.9708600452999004
10:39:14.539,173100,8655,-0.3146210812869874,0.9108085004037356,-8.718153054514046,0.8771245705778083
10:39:14.747,173200,8660,0.47628875745642074,-1.2484229692276283,-8.317750209448052,0.8424391932795365
10:39:14.960,173300,8665,1.3052785314957922,0.7358018699392876,-8.252258795195415,0.8387188543216975
10:39:15.167,173400,8670,0.2265870855481995,0.7299000883724145,-8.934141700740204,0.8966771089709404
10:39:15.375,173500,8675,-0.9335726606817178,-0.6451219113112783,-9.300236898190693,0.9369212696683425
10:39:15.582,173600,8680,-0.40823648007208413,-0.815873497744377,-8.61710263434327,0.8665261934805492
10:39:15.791,173700,8685,-0.31156302031326266,-1.3709876757049733,-9.243321103888993,0.9349634418102201
10:39:15.999,173800,8690,-0.9486175767849956,-0.47233794563234954,-9.308810609729825,0.9368934486359065
10:39:16.207,173900,8695,-0.1556898143083414,-0.03139166815213423,-8.27715378808215,0.827867740564104
10:39:16.415,174000,8700,-0.41520463630047577,-1.3347504943250255,-9.505548411146862,0.960777832637509
10:39:16.623,174100,8705,-1.4908350320381496,0.641389145384883,-9.0263981342372,0.9171141281559811
10:39:16.833,174200,8710,0.014486123068405243,-1.2103770174093567,-9.167100564913872,0.924667265232627
10:39:17.040,174300,8715,-1.3849225334981041,1.2020305021632458,-9.86777563856438,1.0036726747549038
10:39:17.247,174400,8720,0.9949684119508211,0.8673318713417149,-9.542272441184664,0.9633129816296331
10:39:17.456,174500,8725,-1.4770650390441082,1.1686534493986365,-8.940444993228873,0.9136685870232649
10:39:17.663,174600,8730,-1.0227799480740356,-0.9996476699418184,-8.592813281503956,0.8711016839439195
10:39:17.875,174700,8735,-0.42804915204341576,0.09840830700609793,-8.247031117166816,0.8258718576084951
10:39:18.085,174800,8740,0.12834079039259083,-1.2976629307355125,-9.76977439226638,0.9856413755320319
10:39:18.296,174900,8745,0.77885675231142,-0.7692264492023445,-9.082756733395321,0.9148486052282726
10:39:18.504,175000,8750,-0.8976298737732589,0.8863210419940293,-9.31018868595164,0.9395260387439697
10:39:18.711,175100,8755,1.344656564290072,1.0703789427532295,-9.651551831141768,0.9803380289787494
10:39:18.919,175200,8760,0.4253321870297393,-1.4581195958444697,-9.337953238043553,0.9460676027694703
10:39:19.128,175300,8765,1.4486923580656872,1.312770790031871,-8.93539894187363,0.9146771613302435
10:39:19.340,175400,8770,0.8604049467145733,-1.0452972084152097,-8.979784738626698,0.9081270664302683
10:39:19.554,175500,8775,-0.7392092980383498,-0.03097064888488621,-8.071359379351598,0.8105197825966108
10:39:19.762,175600,8780,-1.3064678141653103,0.5481438496386009,-9.276064404546387,0.938363952134986
10:39:19.970,175700,8785,0.361575408390407,-0.7746621339665292,-8.12443146902473,0.8169285457898603
10:39:20.184,175800,8790,1.3605835198693512,1.2131408115013254,-9.857478763006998,1.0024609005153475
10:39:20.391,175900,8795,-0.19095709187614363,-0.3648702624882587,-9.258952252564752,0.9268106156851028
10:39:20.598,176000,8800,-1.2941216633809978,-0.40127512565393686,-8.89356150517656,0.8996177457812788
10:39:20.816,176100,8805,0.464205939202488,-1.430190454115476,-9.01426620922858,0.9138814320242757
10:39:21.023,176200,8810,1.4887263032295825,1.3739557763449146,-9.792155187101919,0.9999518172870441
10:39:21.232,176300,8815,0.33622178486146526,-0.3244004751934444,-8.446857017132116,0.8459767977007125
10:39:21.440,176400,8820,0.9852624977018509,-1.088490902455932,-8.188413551579128,0.8318994598254751
10:39:21.652,176500,8825,0.8870725863486921,-0.9646731415767202,-8.534916827672301,0.8634946282335211
10:39:21.860,176600,8830,-1.1357999392661258,-1.0162286063297197,-9.342633330175303,0.9466126960085749
10:39:22.067,176700,8835,0.5851179126824677,-0.04165554940377003,-8.54871165792897,0.8568813754945822
10:39:22.276,176800,8840,-1.006720829727645,0.26739651492774996,-8.64539752449754,0.870792088169106
10:39:22.484,176900,8845,-1.4268761554142246,0.5248317533450697,-9.558326506898625,0.967848281212969
10:39:22.696,177000,8850,-0.17812340357163303,0.92231254511454,-8.755529914408156,0.8805776085040528
10:39:22.905,177100,8855,1.102461529854656,-0.685775359774192,-8.426948322774942,0.852638066846668
10:39:23.112,177200,8860,1.3733278115715657,1.4157729562631625,-8.556104056461434,0.8780510176904182
10:39:23.320,177300,8865,0.2781226225994444,-0.48309384326255733,-8.03026154138906,0.8049585845104826
10:39:23.527,177400,8870,-0.4636693620670922,1.0907095654510872,-9.283075761553516,0.9358425734504099
10:39:23.735,177500,8875,-0.6254270529582656,-0.07330163004957102,-8.468624843236727,0.8492004407854854
10:39:23.944,177600,8880,0.7600845721686076,1.3563264386466511,-8.943314369184975,0.9077456795330457
10:39:24.151,177700,8885,-0.5493194112071251,0.39500585903520014,-8.613893459449812,0.8640424872363242
10:39:24.358,177800,8890,0.38913900744453755,0.28935249523195816,-9.931980836158827,0.9943812013681579
10:39:24.567,177900,8895,0.8440232603642306,0.7999723354952559,-8.749745785817026,0.8826685806009889
10:39:24.783,178000,8900,0.002548593140879518,-0.9017278213579157,-8.626904723282184,0.8673903657738328
10:39:24.990,178100,8905,-0.507200266984895,0.752685821224615,-8.108312247905129,0.8158953092513186
10:39:25.198,178200,8910,-0.6310291646036156,1.0868159333862213,-8.387142060888499,0.8480773468803862
10:39:25.407,178300,8915,0.38436699552496645,0.4190073578858744,-8.677324114377289,0.8695933471408633
10:39:25.621,178400,8920,-0.6727854913960819,-0.5028083924774546,-9.419038913555534,0.9456413202269254
10:39:25.828,178500,8925,-0.022995951951083615,0.4260556292078439,-8.542492565345785,0.8553141612412006
10:39:26.044,178600,8930,-0.09936028298954525,1.2812779674308716,-8.287433324252858,0.8386482981536201
10:39:26.252,178700,8935,1.172944262868009,-1.3852479558990352,-9.381122966427924,0.955511267617284
10:39:26.459,178800,8940,0.10575519827642199,-1.3257717740498403,-8.799060018613746,0.889900624620506
10:39:26.669,178900,8945,0.626988962789691,-0.16889092599361377,-8.064632268171954,0.8090731297304551
10:39:26.876,179000,8950,-1.0325812988705592,0.09561892271899719,-9.2644247115942,0.9322281499394687
10:39:27.084,179100,8955,-0.9141367675334737,0.33421038386129664,-9.974589677211027,1.002196496896502
10:39:27.297,179200,8960,1.3638177048642763,0.39997027703238475,-9.116569740432103,0.9226690565244555
10:39:27.506,179300,8965,0.3425098978676222,-1.1046469713133322,-8.031206749220061,0.811405199700414
10:39:27.713,179400,8970,-0.43606313600552027,1.3702421617860194,-9.506607077113193,0.9614743509794614
10:39:27.926,179500,8975,-1.172428894684614,-1.311439759643077,-8.696054507701554,0.8872194077970827
10:39:28.134,179600,8980,-1.4561090580358023,-1.316549979558992,-9.53962983490446,0.9739512042426459
10:39:28.342,179700,8985,-0.15442284235787151,0.9174180722267602,-9.625542576403232,0.9670396694223125
10:39:28.549,179800,8990,0.9271723955284492,0.2246940338946728,-8.567500553266514,0.8620452528151864
10:39:28.760,179900,8995,0.02071660901118655,-1.3133930916407048,-9.11633743293904,0.9210485263126152
10:39:28.967,180000,9000,-0.5128075194237511,0.722766889420857,-9.227633399445054,0.9270090705218289
10:39:29.174,180100,9005,-0.656987406772178,0.3409517121075587,-8.365183802414634,0.8397867620463333
10:39:29.382,180200,9010,-1.048734451125574,0.8712458163837322,-8.207363423997817,0.8319839397195177
10:39:29.596,180300,9015,-1.4491379902682275,-1.1371496368791854,-8.823700935326029,0.9013923030932012
10:39:29.809,180400,9020,0.010489362842492245,0.9509245835431965,-8.246591180221868,0.8301242899953762
10:39:30.017,180500,9025,1.2825797750349492,-0.6296388933428113,-9.45087135563091,0.9558264769089813
10:39:30.232,180600,9030,-0.5035411236857082,1.4077384436627778,-8.931055046391903,0.90553313263895
10:39:30.443,180700,9035,-0.8854463783486706,-0.5375128828171878,-9.841615170603195,0.9895975169450062
10:39:30.649,180800,9040,0.5687932945069378,-0.08370658438284706,-9.771608239062445,0.9788506534801832
10:39:30.857,180900,9045,0.8029702295331838,1.436553682735469,-8.164531490829994,0.8328746732711475
10:39:31.065,181000,9050,1.3068783994139999,0.08827897786376049,-8.945799735189386,0.9041186715852186
10:39:31.280,181100,9055,-0.8439535599837867,-0.09942783841625102,-9.350884718242781,0.9389418966066421
10:39:31.493,181200,9060,0.8982697498114742,0.8064674174514259,-8.568076534444621,0.8652699794800333
10:39:31.701,181300,9065,0.9312586088721453,0.7212977595556116,-8.69980234521865,0.8779184124986238
10:39:31.907,181400,9070,-1.2786521150452193,1.324416850602785,-8.69710923119951,0.8889811033137092
10:39:32.123,181500,9075,-0.7581539936765755,0.3563428865097831,-8.132954088309635,0.8175984340337638
10:39:32.330,181600,9080,-0.3395061648880038,-0.7901496673740165,-8.03336241737743,0.8079264363899749
10:39:32.544,181700,9085,1.239984577294912,1.363785507306674,-9.416322610991429,0.9595030181095702
10:39:32.760,181800,9090,-0.7529236135771553,-0.07583528883302071,-9.370614861401243,0.9401120562976966
10:39:32.967,181900,9095,-0.7295113735133344,-0.3575352930389133,-8.114419807769973,0.8154987869186773
10:39:33.175,182000,9100,0.160752444478778,1.1896699994612074,-9.904285649222542,0.9976774542777819
10:39:33.383,182100,9105,0.24055920498900774,1.4653507062629236,-9.682362490938411,0.9795573736610902
10:39:33.599,182200,9110,-0.4542417745883718,0.5695190002729142,-9.616693866243962,0.9644246388313983
10:39:33.816,182300,9115,-1.3969957710542715,-0.4046585567934504,-9.704599919063531,0.9812981469513615
10:39:34.024,182400,9120,-0.9621558917033728,0.08888251379418888,-9.873791329873603,0.9920957579139476
10:39:34.233,182500,9125,0.822969179297119,0.7841131228186171,-8.969965513056573,0.9041702990304072
10:39:34.451,182600,9130,0.6315628534630258,0.0550508536074088,-9.943643050769563,0.9963831559971048
10:39:34.667,182700,9135,-0.3992626691091905,1.2265264497595236,-8.655846743618248,0.8751426207191062
10:39:34.875,182800,9140,0.7728462611684144,-0.6349196391812483,-9.51888978396482,0.9571294427134183
10:39:35.082,182900,9145,0.4978411560732072,0.3171981276684739,-8.230607276991266,0.8251748700544527
10:39:35.295,183000,9150,0.5408181285487617,-0.6694058856096469,-9.102185488827592,0.9142776884561901
10:39:35.505,183100,9155,0.8340349362228232,0.5683572413802485,-8.074458431563357,0.8137292128940325
10:39:35.712,183200,9160,0.4547347529674921,-1.0627036714582458,-9.276208568355408,0.9347949945978398
10:39:35.920,183300,9165,-0.7654990850367641,-0.5585518655643361,-8.579783589907343,0.863195548444041
10:39:36.136,183400,9170,-0.9302075971334152,-0.08407276917035089,-8.587123581931559,0.863776856691853
10:39:36.352,183500,9175,0.49421185573718485,-0.556292567847791,-8.032445932760009,0.8066839185338127
10:39:36.559,183600,9180,0.6299694006754875,-1.1552312516505117,-8.471519045100957,0.8573100700568358
10:39:36.773,183700,9185,-0.2417084552709543,0.8976430761166685,-9.242281773786635,0.9288915892369696
10:39:36.985,183800,9190,1.2146503874153773,1.3744171267684262,-9.375120342058567,0.955286760245755
10:39:37.193,183900,9195,-0.8381759823574692,0.11302221161752657,-9.90825343989647,0.994428475190348
10:39:37.402,184000,9200,0.8386601224291979,1.3571788699266807,-8.360359324523756,0.8511221611559631
10:39:37.622,184100,9205,0.757870281485443,0.834503940127536,-9.188321173694183,0.925721395348536
10:39:37.833,184200,9210,-1.0136801232780113,0.29626397486922507,-9.584079728580864,0.964209022872784
10:39:38.048,184300,9215,0.015356931169046684,1.307956817770862,-9.820409770852205,0.99071406036221
10:39:38.255,184400,9220,-1.3650838231480515,0.2866885967733801,-8.971211380695438,0.9079002028464349
10:39:38.462,184500,9225,-1.3293901957942615,0.08097180900341083,-9.795848250997054,0.9885973785272203
10:39:38.679,184600,9230,-0.8582333923792345,0.5791388835560225,-9.093096666137317,0.9151850817291488
10:39:38.889,184700,9235,1.1786436528532485,0.448909495198321,-9.834414613541638,0.9914959979058504
10:39:39.097,184800,9240,0.27131494624936137,-0.7383644933336132,-9.265388226997695,0.9298721036898656
10:39:39.305,184900,9245,-0.7227466088895186,-0.3314042504559396,-9.17399833831546,0.9208389487271722
10:39:39.518,185000,9250,-0.012348995040337485,1.450139980554233,-9.580961332076672,0.9690091769824924
10:39:39.736,185100,9255,1.0283100078101834,0.40481744371760353,-9.142154596323646,0.9208707254440344
10:39:39.945,185200,9260,0.9947789094530628,0.8167152592232085,-9.866454577142601,0.9950052000676121
10:39:40.154,185300,9265,-1.3105093625779114,0.07479737956914145,-9.993292245513349,1.0079132866553155
10:39:40.371,185400,9270,-0.9995717323343776,-0.34990671135119755,-9.035191248125349,0.909704673204065
10:39:40.578,185500,9275,-1.150324451368987,-1.0413356963322573,-9.459018047857798,0.9585439416405109
10:39:40.785,185600,9280,0.6410900706273566,-0.4573181026747246,-8.943518466780002,0.8978121122558212
10:39:40.994,185700,9285,-1.2302524025356505,-0.8210052541279749,-8.758251528416984,0.8882259872142276
10:39:41.205,185800,9290,1.3998708018637518,0.17756031640415815,-8.98852830537733,0.9098615665277969
10:39:41.412,185900,9295,1.1309767858002,0.3009941452426359,-8.330293422779695,0.8412104045665147
10:39:41.620,186000,9300,0.9715814202770678,-1.4411985480982796,-9.147006299473704,0.9310679242347458
10:39:41.833,186100,9305,0.20603528659649406,1.4455754819648057,-8.650199085840354,0.8772575633076866
10:39:42.041,186200,9310,0.08678686270872693,0.24713135031281785,-8.014276413801749,0.801855549963117
10:39:42.249,186300,9315,0.7122111814096286,-0.4120246009596302,-8.159626374485054,0.8201006743681714
10:39:42.459,186400,9320,0.6339700921246307,1.2632407855489247,-9.738530226960997,0.984056229803032
10:39:42.675,186500,9325,0.5203470843098832,0.4222353527676388,-9.582881105213435,0.9606282010118863
10:39:42.890,186600,9330,-0.11894713644725896,-0.28761234894038257,-8.001762548756318,0.8007813257763395
10:39:43.098,186700,9335,-1.3425303363756433,-0.12915478086414156,-9.635054846114013,0.9728995351480754
10:39:43.304,186800,9340,-0.5176076131271443,0.9880509074627666,-8.874033126538038,0.8943859690748712
10:39:43.520,186900,9345,-0.0949346421815691,1.3181233982801945,-8.509891387184773,0.8611893711667687
10:39:43.734,187000,9350,0.3947006253440084,0.5471062248003813,-9.774274312529489,0.9797527858671089
10:39:43.943,187100,9355,0.7028759874758128,-1.4366260362927505,-9.693809783733403,0.9824860159062306
10:39:44.151,187200,9360,-1.4764301213130144,1.4619263191927052,-8.711646726627489,0.895599593319627
10:39:44.370,187300,9365,0.8898654564223012,-0.1964384894652471,-9.752955677330698,0.9795437359028649
10:39:44.577,187400,9370,1.0975112524884185,-0.42176154423723466,-9.69465285692271,0.9765690337389148
10:39:44.785,187500,9375,1.4262678378084694,1.3701927704136585,-8.588789788426443,0.8813567847531387
10:39:44.993,187600,9380,-1.2645049849415866,1.1236244899477659,-9.44663500801015,0.959689626003717
10:39:45.211,187700,9385,0.7124581735403344,-0.7431782398033955,-8.432464493107762,0.8495079044522473
10:39:45.417,187800,9390,0.8111892095821922,-0.14113721910264032,-8.058726548906451,0.8100680294790573
10:39:45.625,187900,9395,-0.6763879083788591,-0.463526313927338,-8.999359688653687,0.9036638315882138
10:39:45.831,188000,9400,1.2446116885842522,1.2032732687482826,-8.231757543549648,0.8411822458327995
10:39:46.040,188100,9405,0.6621722177587217,-1.3836267246287766,-9.894942858160565,1.0013130835325244
10:39:46.251,188200,9410,-0.8474128468269022,0.4093075635089485,-9.560626509886426,0.9606831968763481
10:39:46.459,188300,9415,-0.8423413387274167,-0.0987837527385449,-8.400643372310679,0.8443346861848182
10:39:46.670,188400,9420,-1.2122931767964311,-1.2702942670074875,-9.673768162500236,0.983184076015791
10:39:46.890,188500,9425,0.019519286765803612,-0.4103512981837296,-8.415816425723882,0.8425837365031491
10:39:47.107,188600,9430,0.9199321315794853,0.2796296835404313,-9.204043243960443,0.9254127723525496
10:39:47.315,188700,9435,-0.15648526635085136,-0.6960491168988234,-9.16844134741538,0.9196156194449749
10:39:47.523,188800,9440,1.3034353052163556,0.5605267458596983,-9.332149411058879,0.9439393331037493
10:39:47.730,188900,9445,1.39825492646741,0.6225791628129826,-8.737085898980812,0.887014045320189
10:39:47.937,189000,9450,1.0126104800011388,0.4569772813219113,-9.17786320733645,0.9244857017414203
10:39:48.146,189100,9455,0.9947831673048824,-0.6030445380809039,-9.855508417725174,0.9923925757315706
10:39:48.353,189200,9460,1.36830239434761,-0.81193956249568,-9.110674569533382,0.9248561423673703
10:39:48.568,189300,9465,1.3563957193091891,-0.8624527621551429,-9.354154251602743,0.9491250490693365
10:39:48.777,189400,9470,0.6448287005816926,0.7051874635620168,-9.4410168700821,0.9489251443240069
10:39:48.991,189500,9475,-0.10966193898570298,1.4799485928087237,-9.826479594448477,0.9937905956404042
10:39:49.200,189600,9480,-0.8992541502616243,-1.1342995518843049,-8.955394035550258,0.9071624762529412
10:39:49.408,189700,9485,-1.2786115703211678,0.8637924257610323,-9.166158162856739,0.9295129927497868
10:39:49.617,189800,9490,-1.3865879077534733,-1.31844578679768,-8.176709163973074,0.8397588824826681
10:39:49.824,189900,9495,-1.029880696510325,-0.6467919726013586,-8.057293478133161,0.8148556454835012
10:39:50.031,190000,9500,0.037458915400151005,0.46258955376670086,-9.81256522863215,0.9823534426659162
10:39:50.241,190100,9505,0.07962168718396878,0.8591817137988818,-8.438188951310524,0.8482191085351438
10:39:50.449,190200,9510,1.2207780995407802,-0.6004294494380533,-8.063729978319776,0.8177686461055104
10:39:50.656,190300,9515,0.5243948975126491,1.1818572560727887,-9.447849991121736,0.9535913487286269
10:39:50.876,190400,9520,0.6643172663064645,-0.07523532239056752,-9.27222838946328,0.9296300182890875
10:39:51.092,190500,9525,1.4917547822863284,-0.07985963846125577,-9.244793837745089,0.9364716920160421
10:39:51.299,190600,9530,0.1465258004397607,0.06602599782517382,-8.09643891306091,0.8098033854924926
10:39:51.506,190700,9535,1.1336735676369916,1.2925245653064037,-8.790367028877858,0.895691844398855
10:39:51.714,190800,9540,1.1528266447258404,1.4054583528162086,-8.124559911742315,0.8325430692389493
10:39:51.929,190900,9545,-1.3918671283426658,-1.4799169892936854,-8.968414039121537,0.9195645642110902
10:39:52.142,191000,9550,0.6170392620727192,1.090753767788733,-8.584010445800677,0.8675005277606447
10:39:52.349,191100,9555,0.08242980486730023,0.5012303712035422,-9.417774214794395,0.9431463180153623
10:39:52.562,191200,9560,1.3714277985483996,1.4150624670103062,-8.565217903086372,0.8788980243436888
10:39:52.771,191300,9565,-0.6890346016815051,-1.4417071942262998,-8.420202022518879,0.8570477840600796
10:39:52.979,191400,9570,1.247048663681019,0.8621787705215356,-9.40189641996616,0.9523347042594801
10:39:53.189,191500,9575,-0.9873427945053745,1.1838038886293614,-9.969601709327659,1.008807195073591
10:39:53.407,191600,9580,0.16463650817927,0.3739546175799082,-8.990331470309483,0.8999611501718943
10:39:53.620,191700,9585,-0.6531611407429848,-0.06976629503686604,-9.026828238827324,0.905069692703221
10:39:53.827,191800,9590,-1.4667883116723506,-0.47291872304319416,-8.577221101274056,0.8714576403360312
10:39:54.035,191900,9595,-0.8317952697273241,-0.8050355297337604,-9.733675729272274,0.9802265492094091
10:39:54.245,192000,9600,-0.15094181366460235,-0.5017464039646585,-9.089239864552717,0.9104329420686519
10:39:54.454,192100,9605,0.029579645519452136,-0.3142671005616411,-8.365561991569427,0.8371515167561695
10:39:54.664,192200,9610,1.4099964086634884,-1.4030636069361768,-9.466526312205179,0.9673251665144751
10:39:54.872,192300,9615,0.026226438370781757,-0.7786694825733644,-8.596732112525626,0.8631964840271883
10:39:55.084,192400,9620,0.10961922792684997,-1.1383441662464029,-9.152605854910668,0.922377567763351
10:39:55.292,192500,9625,-0.31762963993531645,-0.6518622918273291,-9.595454235483578,0.9622814298370905
10:39:55.501,192600,9630,-0.04809452131234182,-1.3732371389351496,-8.459481086279887,0.8570350842985262
10:39:55.710,192700,9635,0.11120179749571601,-1.3477614096264854,-9.285053985968274,0.9383019459608404
10:39:55.927,192800,9640,-0.6430300312191036,0.0617740671333058,-9.851783081259537,0.987293945776087
10:39:56.143,192900,9645,-0.15293738492481768,-1.3703661450616882,-9.25017112683452,0.9352377189301226
10:39:56.352,193000,9650,-0.753338235387252,-1.2276586605415734,-9.881071214761693,0.998550112086976
10:39:56.560,193100,9655,1.154245535501889,0.4342154839152701,-8.897440148707549,0.8982497817563377
10:39:56.771,193200,9660,-0.3721268829851936,-0.5465444313587946,-9.009978360599668,0.9034207175561332
10:39:56.985,193300,9665,1.4399478281481803,0.6400832651823509,-9.459966730936598,0.9590314222411194
10:39:57.196,193400,9670,0.11707450923265039,-1.414376163865324,-9.97818845934099,1.007861157619184
10:39:57.405,193500,9675,-1.0683377472995657,-0.5082994321741087,-9.779276378040418,0.9850581725621739
10:39:57.613,193600,9680,0.2751645261214437,-0.9555787379939126,-9.321618597064656,0.9374509027681575
10:39:57.820,193700,9685,-0.2541604516839906,0.13758043057336744,-8.547900604441967,0.8552784964764186
10:39:58.028,193800,9690,-0.1963576660164923,-1.1930027300749089,-9.849905445813324,0.9923832381617125
10:39:58.237,193900,9695,1.0501432798560715,-0.24788398652693466,-9.18031578303922,0.924350827637009
10:39:58.452,194000,9700,0.9362165219883245,-0.653461168521851,-9.487027294105712,0.9555480090184721
10:39:58.661,194100,9705,0.14502223485759247,-0.8856735898374445,-8.700776225696499,0.8746939812642136
10:39:58.869,194200,9710,-0.2425433415836613,-1.0108947351682533,-8.88766779043873,0.8948260959054531
10:39:59.075,194300,9715,0.9230031326067376,1.2586075821743004,-8.120648725049058,0.826927829646272
10:39:59.286,194400,9720,-0.24864964303912207,-0.3482405732448248,-9.491189098004199,0.9500829891957393
10:39:59.497,194500,9725,0.43495096447344306,0.8887694585404189,-8.274644512868706,0.8333596780879118
10:39:59.707,194600,9730,0.6335001072580773,-0.33254787442397093,-9.976265883522062,1.0001889394179788
10:39:59.916,194700,9735,0.9091843602570058,1.4233330209718122,-8.070721671105565,0.8245546760644663
10:40:00.128,194800,9740,-1.0302592912976527,0.2552603084040359,-9.599158616656881,0.9657662148785788
10:40:00.339,194900,9745,0.960719792908463,0.10641781038574338,-9.516129629516833,0.9565094374684526
10:40:00.548,195000,9750,-0.25852622062967345,0.31699580317601583,-8.144134707534324,0.8154400792237863
10:40:00.757,195100,9755,-0.9479818830711304,-1.0495135984704806,-8.768098727913097,0.8881424646217341
10:40:00.975,195200,9760,-0.825065526924697,1.3346293564650122,-8.808565421044099,0.8947222665144281
10:40:01.182,195300,9765,0.4779173040817295,1.0110079778360297,-8.430923074210558,0.8504763721823485
10:40:01.389,195400,9770,1.0837118009517237,0.47915371776219606,-8.580650423603881,0.866207718996205
10:40:01.597,195500,9775,-0.365571425598193,-0.7879617011954514,-8.081524437454139,0.8128072547838952
10:40:01.811,195600,9780,-0.48749743217965014,-1.3419107170810893,-9.302169909028907,0.9411096808313136
10:40:02.019,195700,9785,0.20358629394746264,-1.2495590812503607,-9.715407427154885,0.9797550038261342
10:40:02.226,195800,9790,-0.28315069928750525,0.49655169443824443,-9.58971959452492,0.9606740331942553
10:40:02.435,195900,9795,-0.9617379451371874,-1.468936146776422,-8.859258894790202,0.9031565835631293
10:40:02.646,196000,9800,0.9112979249011479,1.2347668362308024,-9.319727851699039,0.9445233733345054
10:40:02.857,196100,9805,1.17530629082633,0.9607645450072968,-8.76653582624083,0.8896997458747699
10:40:03.065,196200,9810,0.0002010011654594024,1.013799414111927,-9.711993313083232,0.976476335636602
10:40:03.281,196300,9815,0.5152358932572159,0.05993306075972793,-9.030070318455783,0.9044956050403381
10:40:03.500,196400,9820,1.0215627170809651,-1.015494213326172,-9.474653099060218,0.9583520763777797
10:40:03.707,196500,9825,1.365159733242903,0.6124979757176643,-9.449304450805789,0.9567035563409606
10:40:03.916,196600,9830,0.959946177666612,0.39778774963535124,-8.174542265891604,0.8240319958267698
10:40:04.122,196700,9835,-0.29641759813495616,0.6099072943897546,-9.600228201034529,0.9624148368150431
10:40:04.334,196800,9840,-0.3959508927238695,-1.399835256321344,-8.057315498026378,0.818759115302084
10:40:04.543,196900,9845,-1.0444555760564311,0.5349193782617236,-8.205748038226202,0.8289229581719187
10:40:04.751,197000,9850,-0.9419494428401646,0.0022128928284992355,-8.311058496711023,0.8364267271286473
10:40:04.960,197100,9855,0.9539093847154474,0.4602402621193722,-8.030129752173387,0.809967579905913
10:40:05.168,197200,9860,-0.7039041693092596,-0.3940862699076162,-8.659392056756069,0.8696887711147636
10:40:05.377,197300,9865,0.6059084101044916,-0.742818654048974,-9.55927316128988,0.9607216450481144
10:40:05.585,197400,9870,-1.1109484915299306,1.081547883412255,-9.117165536206263,0.9248062488409851
10:40:05.800,197500,9875,0.43862413455792426,-0.7598255149730936,-8.91337214378182,0.8956446221474593
10:40:06.011,197600,9880,1.4781998464641286,0.546679781432605,-8.525585452657973,0.8670036959557152
10:40:06.219,197700,9885,0.4378945651683641,-1.1330453438517025,-9.846975053604465,0.9921615851651215
10:40:06.427,197800,9890,0.2095094672704696,-1.1653513743171882,-9.998981327427668,1.0068841325035671
10:40:06.642,197900,9895,0.5615664479580187,-0.1516683064869646,-9.475698622429519,0.9493535934191091
10:40:06.850,198000,9900,1.2297933374117895,0.29761364371298127,-9.80520356358595,0.9886505067870301
10:40:07.057,198100,9905,0.5382683694056167,-0.5586962802916025,-8.185276241903061,0.8221959713315127
10:40:07.265,198200,9910,-0.6467657432830876,-0.677607143132698,-8.840136365820026,0.8889627007552268
10:40:07.477,198300,9915,0.35282778205443743,-0.6154861609536892,-9.544385379517507,0.9570715904824598
10:40:07.693,198400,9920,-0.36699582940795183,1.4550485594314368,-9.625242803499992,0.9741516887807296
10:40:07.900,198500,9925,-0.5671093493459476,-1.035766775268018,-9.450956564523656,0.9524442545964436
10:40:08.107,198600,9930,1.2454362217349546,-0.7267319828199517,-8.784214825160618,0.8901779645207718
10:40:08.323,198700,9935,0.9913624069445461,0.08736773748403559,-9.263694861734411,0.9316999250551676
10:40:08.530,198800,9940,0.11054320095225023,0.8222642894694467,-8.670504897649552,0.8710108698585703
10:40:08.738,198900,9945,-1.1938188666665674,0.7449210611798192,-8.064311998345145,0.8186161425262256
10:40:08.945,199000,9950,0.19676244461906922,0.3839042972823945,-9.516184539975743,0.9525957493499417
10:40:09.163,199100,9955,0.39018254312216105,0.2083683382337882,-9.524846985572488,0.9535112473374654
10:40:09.375,199200,9960,0.6629520924338101,0.41770862172029166,-8.018243154338302,0.805643899322864
10:40:09.583,199300,9965,-0.5654553965530345,-0.9639651532241562,-8.232902841963522,0.8308408862551991
10:40:09.791,199400,9970,-0.21233583496467556,0.04852466757540297,-9.871903014479734,0.9874305559251625
10:40:10.001,199500,9975,-0.5450478029285738,0.21450611861612012,-8.846085326599843,0.886545631018991
10:40:10.208,199600,9980,0.29199442926604613,0.8184006836474609,-8.807926227655095,0.8850683863834002
10:40:10.416,199700,9985,-1.0296425187793745,-0.45313741453676437,-8.850273978805133,0.8921482317016978
10:40:10.627,199800,9990,-0.1529926974901108,0.5684492773208829,-8.591222390632499,0.86113671104928
10:40:10.836,199900,9995,-1.2972695980538045,-0.35760100525476046,-9.41942591788163,0.9515060247389613
10:40:11.045,200000,10000,0.11848851122238968,1.1580079347843744,-9.438865464749416,0.9510373450393758
10:40:11.252,200100,10005,-0.8107979341039288,0.2988350006654603,-8.757918319004382,0.8800444814321744
10:40:11.460,200200,10010,-0.919628160068143,-0.7074587590405156,-9.142021661849618,0.9215355333043926
10:40:11.674,200300,10015,-1.1232398084914124,-1.146236212610979,-9.446061681561924,0.9581419853777051
10:40:11.885,200400,10020,-0.35417716531006116,-0.20148445831194373,-9.032314050305434,0.9041500680457493
10:40:12.093,200500,10025,-1.2402377944493148,-0.24532868526353058,-9.62254846667057,0.9705246773988686
10:40:12.300,200600,10030,0.07159986873581725,0.6945209209681051,-8.328537604759184,0.8357752358424675
10:40:12.509,200700,10035,1.395056923546326,0.46182120990154285,-9.654007695502255,0.9765210045598929
10:40:12.719,200800,10040,0.23633346922776455,0.28378069452413257,-8.32603631839767,0.8334222565214997
10:40:12.925,200900,10045,0.610570682310307,1.492858674183223,-9.294292897747782,0.9433202216019003
10:40:13.134,201000,10050,-0.6867324300185672,-1.1201474696531675,-9.553748640545818,0.9643673826449165
10:40:13.341,201100,10055,0.5414313940888817,1.3118560906150214,-9.604470159941703,0.9708756944645354
10:40:13.549,201200,10060,-1.0964431631395404,0.6878297780352445,-9.71600506815291,0.9801839209960573
10:40:13.758,201300,10065,0.6609791968693459,0.11282956400666322,-8.914328845739062,0.8939512446391218
10:40:13.967,201400,10070,-0.553784714658219,0.6060392187067105,-8.573653071022367,0.8612867584437311
10:40:14.175,201500,10075,1.1104389364305844,-0.17264484514379075,-8.493101784963896,0.856712663638473
10:40:14.384,201600,10080,-1.429094608014259,0.08033925600451486,-8.589343603238701,0.8707789003484662
10:40:14.592,201700,10085,-0.19641292966898982,-0.8851053413199375,-8.669371798057549,0.8716650553803899
10:40:14.800,201800,10090,-1.4537483288810356,-0.8767981688578395,-8.3859875955985,0.8556105842389329
10:40:15.008,201900,10095,-1.4588588637435942,-0.6603434748071405,-9.628834457840249,0.9761084760698235
10:40:15.216,202000,10100,-0.4649425244677112,0.2024244728912319,-9.313698633705549,0.9327493203308825
10:40:15.423,202100,10105,-1.4797309842106148,0.39061280133789467,-8.08871845852161,0.8232226214544287
10:40:15.632,202200,10110,-1.0416408959303673,-0.7447737159633411,-9.749635236692175,0.9833366203524312
10:40:15.840,202300,10115,1.3962822877090075,-0.11668508334238203,-8.58780642862757,0.8701358450909924
10:40:16.049,202400,10120,0.5234172844312712,0.9237732649958588,-8.489232166933832,0.855537173259389
10:40:16.257,202500,10125,0.5314478515866625,1.0615315144533968,-8.389680371319256,0.8473253372113536
10:40:16.464,202600,10130,0.7662060271755502,0.5824364595596121,-8.261434312405147,0.831730730487275
10:40:16.672,202700,10135,-0.479171496450314,0.04329411078660916,-8.794292710347408,0.8807443668755923
10:40:16.881,202800,10140,-1.1101351343619492,-0.43657079272437205,-9.168162884608446,0.9245442377318496
10:40:17.089,202900,10145,1.1310104127396436,0.1685908561147622,-9.875780365839939,0.9941762683991237
10:40:17.296,203000,10150,0.044596410025943056,1.4339787257353729,-8.36230270220393,0.8484479377600961
10:40:17.504,203100,10155,-0.11104571369223137,-0.1990640916823332,-9.231932606371494,0.9234746196388501
10:40:17.712,203200,10160,1.0761847135769478,-0.784744238811777,-9.371030467371694,0.9465210461394588
10:40:17.921,203300,10165,0.30250384184269463,0.39928734182350123,-9.223371972352464,0.9236965383503775
10:40:18.129,203400,10170,-1.25590375853345,-1.226816513223771,-8.193657062896147,0.8379641345079447
10:40:18.337,203500,10175,0.8334763082666741,0.20977781107213556,-8.282677177454428,0.8327150215553009
10:40:18.547,203600,10180,-1.05718744835566,-1.178033011845152,-8.916658788605762,0.9056059354397921
10:40:18.759,203700,10185,-0.7113011720857101,-1.006106543022204,-8.90661948599687,0.8991444288970586
10:40:18.968,203800,10190,-0.03324988862605682,0.02377415377827541,-9.397793728407596,0.9397882619355205
10:40:19.175,203900,10195,-1.2584795239113247,1.0955902354939528,-9.786878210926263,0.992809517438854
10:40:19.384,204000,10200,-0.7543814649283107,0.6405519281942968,-9.260312025154557,0.931304337853974
10:40:19.593,204100,10205,-1.1871368642704745,0.7919929776180452,-8.42150368422287,0.8541561397922841
10:40:19.801,204200,10210,-0.6429515511241133,1.0360598891173152,-8.566639527401263,0.8652983276498599
10:40:20.011,204300,10215,0.47640318479390276,0.33944704006947113,-8.351474871757329,0.8371936264753082
10:40:20.219,204400,10220,0.7375113833022797,-1.4045092150050245,-8.952659972790364,0.9092122401504352
10:40:20.427,204500,10225,0.6062832151251953,-1.08026172024467,-9.558180443521222,0.9638120050719439
10:40:20.639,204600,10230,1.4551792955309244,-0.47449279441319003,-9.634844374712168,0.9755660732057806
10:40:20.847,204700,10235,1.3845549107864228,0.20455806852629888,-8.493321857629773,0.8607865733250821
10:40:21.054,204800,10240,1.3704213959428246,-0.602213060191849,-9.541899360629419,0.9658600249554985
10:40:21.261,204900,10245,0.8104463895347491,0.5297996802784168,-9.344122065392257,0.9394153938726121
10:40:21.468,205000,10250,-1.2247287451517521,-1.0163496153456437,-9.245513329143854,0.9381494750794828
10:40:21.675,205100,10255,-0.8581622948646108,-0.11318030583352234,-9.51966974140149,0.9558941588445395
10:40:21.884,205200,10260,-0.18367699977654794,-0.8055644410518182,-9.64397651590162,0.9679305468275914
10:40:22.094,205300,10265,0.08959767454318635,-0.8865233128109593,-9.00234150608971,0.9046330964524039
10:40:22.303,205400,10270,-0.27182665715715215,0.03105276966213344,-9.778898718196587,0.9782725292411709
10:40:22.510,205500,10275,-0.33632560061728034,0.9143794374512444,-9.85823616246773,0.9906261903475534
10:40:22.720,205600,10280,0.25469687111171946,-1.4531511687546455,-9.260211766620667,0.9376995295832613
10:40:22.928,205700,10285,0.2798470975267535,0.3189213947393652,-9.141918019636194,0.9151758865473106
10:40:23.135,205800,10290,-1.1934934744336902,-1.4300483784128022,-8.682818112864854,0.8880360095131892
10:40:23.344,205900,10295,-1.078020156374591,-1.2095188405242001,-8.143657996175303,0.8303266155062288
10:40:23.552,206000,10300,1.0928499750736087,-0.4168128962491848,-8.610836047903053,0.8689910903016479
10:40:23.760,206100,10305,0.8948324142958843,0.19907439390055437,-8.876472370412575,0.892368295081573
10:40:23.979,206200,10310,-0.8316507405598744,-1.1151489984774043,-9.28702598943964,0.9390636398647658
10:40:24.188,206300,10315,-0.564696776703929,-0.4957453898095783,-8.51209650054288,0.8545199399410853
10:40:24.396,206400,10320,1.038181371999487,-0.7716102220344965,-9.017542264425847,0.9109844750961529
10:40:24.605,206500,10325,-0.3924915494265637,-0.6382768673413474,-9.366336152245118,0.9396259888519913
10:40:24.825,206600,10330,-1.0791294807955132,0.729850003567976,-8.671608173197171,0.8768921813626243
10:40:25.036,206700,10335,-0.7284724826495238,0.7124432908732032,-8.810344071775761,0.8869070428391134
10:40:25.247,206800,10340,0.9822338361657774,1.434630047799624,-9.427960685041121,0.9586938476992514
10:40:25.454,206900,10345,0.9685957266854994,-1.3833499720778595,-9.65195567322792,0.9798575567140251
10:40:25.665,207000,10350,0.7999794808081884,-0.22844612990254665,-9.068467065462514,0.91065498253378
10:40:25.872,207100,10355,-0.7780949789089147,-0.7626259076321392,-8.964737639002934,0.9030700471577546
10:40:26.080,207200,10360,-0.8323142754815688,-0.46385135576401204,-9.128861272383027,0.9178453751249672
10:40:26.289,207300,10365,0.0741638309504955,-0.7996471762730579,-9.740793165805808,0.9773841996848112
10:40:26.500,207400,10370,0.908972849115119,0.9896565133654391,-9.566856687158928,0.9660765938967396
10:40:26.707,207500,10375,-0.9134420859756461,-1.0564392670700622,-9.14350494811642,0.9249547183817622
10:40:26.913,207600,10380,-0.3748780222209822,0.9628738843473146,-8.48646481073259,0.8549137069465254
10:40:27.121,207700,10385,0.6643930553246173,-1.031539291319048,-8.7085411060343,0.8794553976011955
10:40:27.328,207800,10390,-0.9106592935306866,-0.9917510784869045,-8.413416442232137,0.852047221584554
10:40:27.546,207900,10395,-1.236124083881672,0.3185285870699395,-9.597935236226792,0.9682449277447156
10:40:27.753,208000,10400,1.358152503434713,-0.6587536941522835,-9.587272326589375,0.9705376103806164
10:40:27.971,208100,10405,-0.30129247486722166,1.177407742041706,-8.280408536093933,0.8369123709866442
10:40:28.180,208200,10410,0.11592065630041071,-0.34188019093853983,-9.664742737588702,0.9671482401746222
10:40:28.388,208300,10415,-1.3403944437382862,0.8353340438129901,-9.370676661214526,0.9502842801950795
10:40:28.596,208400,10420,-0.7916783816825033,1.3416211252998171,-9.411368732779886,0.9539421540545373
10:40:28.811,208500,10425,-1.3443471438888417,0.615407605749275,-9.088999436691491,0.9208469282387514
10:40:29.018,208600,10430,1.073666835163071,-0.784235872711684,-9.610989834593857,0.970252090838476
10:40:29.230,208700,10435,-0.31339381010178924,-1.4625212631171558,-9.712354699995029,0.9826851883680523
10:40:29.438,208800,10440,-1.383314445832073,-0.013907446249246336,-9.574472975095963,0.9673897095997653
10:40:29.654,208900,10445,1.0036908881192077,-0.33402932333869106,-8.505991325673545,0.8571514418128059
10:40:29.863,209000,10450,0.8834871582487298,0.16936645157301777,-8.011203567574489,0.806155178329998
10:40:30.070,209100,10455,0.9337724128221332,0.7083081899220094,-9.50866287604451,0.9580621122929627
10:40:30.277,209200,10460,-0.949603700437587,-0.16770787345913574,-8.629644554431206,0.868335409012722
10:40:30.487,209300,10465,1.2160361512383329,1.3081271448381129,-8.478994482649018,0.8665061337634796
10:40:30.694,209400,10470,0.7086024053068729,-1.3140701802692782,-8.715077406166834,0.8842028726653135
10:40:30.902,209500,10475,1.3888666288131724,-1.3987609033816957,-9.96749522199661,1.0160533626635233
10:40:31.114,209600,10480,0.6678094715872227,0.8708363223320186,-9.938138895693887,0.9998546399389169
10:40:31.321,209700,10485,1.1398878706839577,-0.3209450943273249,-9.065709318536136,0.9142725827645611
10:40:31.539,209800,10490,-1.2495651851585836,0.9367262984727023,-9.037324236591346,0.9171264834661145
10:40:31.746,209900,10495,1.3024130081878296,0.35594224702349764,-8.491142287318837,0.8597817855165761
10:40:31.956,210000,10500,1.4960230990081818,0.8677529604842937,-8.97572026766838,0.9140822426709111
10:40:32.166,210100,10505,0.6207380457011036,-0.6231098723726237,-8.658343421050867,0.8702901380073422
10:40:32.375,210200,10510,1.1912494862852734,0.6830078504475754,-8.567111472055899,0.8676460916582276
10:40:32.583,210300,10515,-0.3716469350910727,-0.17977474283226336,-8.019556719934823,0.8030176236345924
10:40:32.796,210400,10520,1.0239869811796996,0.04789790151343842,-9.913580460586413,0.9966439740203903
10:40:33.010,210500,10525,0.1957999867478275,1.1047778594854378,-8.02686358806433,0.8104900419808541
10:40:33.218,210600,10530,-0.8707888124500586,-0.5027755658285581,-9.995298283224177,1.0045747567807315
10:40:33.425,210700,10535,-1.2930974855312711,-0.12106641710392552,-8.011665247572536,0.8116251488439672
10:40:33.639,210800,10540,1.2299459766646317,-0.062337408020032736,-9.030819356829124,0.9114403508383409
10:40:33.850,210900,10545,-0.5222231341760419,-1.4452495970470394,-9.826432010425071,0.9945864942534652
10:40:34.058,211000,10550,-0.3616413418520452,-0.416793505293684,-9.235862446736135,0.9252332485445081
10:40:34.265,211100,10555,-0.4458953760430395,-0.7481233444259558,-9.055717891363635,0.9097501731399401
10:40:34.472,211200,10560,-0.8216696333335017,-1.0508611793379141,-8.442779155651428,0.8547512508074153
10:40:34.682,211300,10565,-0.27106241425122946,1.2077958871660996,-8.747605075119566,0.8834751852074434
10:40:34.889,211400,10570,-1.1598853894609755,-0.5408678441064495,-9.32837546271121,0.9415755992738234
10:40:35.097,211500,10575,-0.2898085039209135,1.2511465545587042,-9.480528648698055,0.9567119740481644
10:40:35.306,211600,10580,0.4654589420635933,1.1452468780062497,-9.69456679172927,0.9773068490378546
10:40:35.515,211700,10585,0.504146412964233,-0.4686418869741704,-9.820252201006454,0.9844345692594483
10:40:35.731,211800,10590,-0.6701498357218537,0.9868772524249181,-9.042779830444152,0.912112353690922
10:40:35.940,211900,10595,-0.6941850833472009,-1.2369601168927549,-8.73907754225602,0.8853442243008569
10:40:36.148,212000,10600,-1.1715851806141728,0.49415581620288496,-8.895949920998124,0.8986363380312885
10:40:36.355,212100,10605,-0.35210421779951506,1.4722265292182666,-8.552060481797925,0.8684996650422845
10:40:36.564,212200,10610,0.6809293563777636,-0.9160039359234232,-8.812354862951008,0.8885962313085765
10:40:36.773,212300,10615,-0.7409563864839434,-0.5025401589333224,-9.968569074446172,1.0008692840227276
10:40:36.984,212400,10620,0.9092429398723887,1.0385548527091846,-8.274851506256812,0.8389188659005961
10:40:37.193,212500,10625,-0.9434428362803615,1.1982399554738299,-9.858700898065655,0.9975963450902534
10:40:37.409,212600,10630,0.8726279743781298,-0.77131866418901,-9.760519973250108,0.9829759010861248
10:40:37.616,212700,10635,1.3774608828389234,-1.1594127119986186,-9.664005876676546,0.9830292259385486
10:40:37.825,212800,10640,-0.523694845543448,-1.4681273922423976,-9.493954358534026,0.962106146394609
10:40:38.032,212900,10645,1.224301008428446,1.0432137183456334,-9.110723578122784,0.9251621043814207
10:40:38.240,213000,10650,-1.2884692723851354,0.11390727403512635,-8.03818949372184,0.814159801697056
10:40:38.448,213100,10655,-1.4810535918169156,0.41213751012634026,-8.601791115797639,0.8738088318900314
10:40:38.655,213200,10660,-1.4252666672511178,1.209023692846432,-8.005514536621575,0.8220789886543779
10:40:38.865,213300,10665,-1.3327141191659706,-0.9179036690525719,-8.593429740989597,0.8744467324108944
10:40:39.073,213400,10670,-0.3514982546644383,-1.1046586416237787,-8.058385602294397,0.8141338971742416
10:40:39.282,213500,10675,1.2465662393130055,1.3770587551428117,-9.263359447413428,0.9447753513724524
10:40:39.490,213600,10680,-1.316956529195902,-1.4254686801233243,-9.862240321483897,1.0051374016347567
10:40:39.699,213700,10685,-0.44522539171035524,0.2957975746217736,-9.980525593525396,0.9994829312078883
10:40:39.907,213800,10690,-0.07579106220285592,0.5224548823670228,-8.52862558026158,0.8544949249557375
10:40:40.114,213900,10695,0.5747864630832318,1.2678104730829283,-8.54777976076321,0.866038461688138
10:40:40.322,214000,10700,-0.2960826979397375,-0.23438856376252826,-8.256799804577703,0.8265430779803092
10:40:40.531,214100,10705,-0.6440718180528517,-0.15833123692432371,-9.353493258767678,0.9376978907367143
10:40:40.738,214200,10710,0.7656350175227926,1.475623622321156,-9.180827292524942,0.9330126035053342
10:40:40.945,214300,10715,-1.382714281386814,0.16451191204286864,-8.578423706080432,0.8690702861920766
10:40:41.153,214400,10720,1.2473384656255964,-0.546469152320406,-9.057898903074816,0.9159695099761289
10:40:41.360,214500,10725,-0.3348416922296833,-0.5524915806285001,-8.43583510696262,0.8460536617578323
10:40:41.568,214600,10730,-0.6547317435506532,-1.2736842390258842,-9.185593757688391,0.9296562691556475
10:40:41.774,214700,10735,1.2162386531864637,-0.049235530344281964,-8.39667852542238,0.8484448765726769
10:40:41.981,214800,10740,-0.18665890318603395,0.179491563340207,-9.650221029677926,0.9653694872383684
10:40:42.189,214900,10745,1.0087432004815264,0.9339775478106271,-9.14283180769799,0.9245607084890972
10:40:42.396,215000,10750,-1.0235416770915098,1.4664188898208703,-8.38658183208867,0.8575125465641102
10:40:42.608,215100,10755,-1.1259043153242803,-0.5930793313465722,-8.097708987567213,0.8197090609958094
10:40:42.816,215200,10760,-0.3121561683397127,-0.980221318766202,-9.868818236647847,0.9922290496412076
10:40:43.027,215300,10765,-0.20708228776191562,0.7135033236366897,-8.953008415771833,0.8983781484409925
10:40:43.235,215400,10770,-0.37199716528282645,-0.9125776881553709,-9.958694486973492,1.000733609972073
10:40:43.442,215500,10775,-0.3961266640803094,-1.209213934678273,-8.273572183487365,0.8370848902542166
10:40:43.653,215600,10780,0.1271994444962532,-1.0929072832821949,-8.751500879571106,0.8820396457850705
10:40:43.861,215700,10785,0.2482432035640687,0.7865861209153602,-9.781882301613212,0.9816596343761224
10:40:44.070,215800,10790,0.5839533863090263,1.0968821097815713,-9.412179807375324,0.949385488863741
10:40:44.277,215900,10795,0.7082142984509754,-1.0751265512179895,-9.099052348898434,0.9189679985813348
10:40:44.486,216000,10800,1.1947942432146719,0.8176489972115966,-8.978680333029725,0.9094656875825212
10:40:44.694,216100,10805,0.500097476149501,-0.6440163590499017,-9.043594276690914,0.9080278189448365
10:40:44.904,216200,10810,-0.18249145727373084,1.497521513951321,-8.43098365589701,0.856489108061086
10:40:45.112,216300,10815,1.0263681826999513,0.884503172955184,-8.277945187070713,0.8388095971647784
10:40:45.319,216400,10820,1.360611061054969,0.9619737736802514,-8.480441371244693,0.864260041028349
10:40:45.527,216500,10825,0.7638649506572448,0.46659833360677117,-9.190629504631625,0.9234114703596256
10:40:45.735,216600,10830,-0.34937534752124266,0.0989190389614305,-9.134806597965689,0.9142020547557425
10:40:45.945,216700,10835,-1.428326567635361,-0.21917121586412858,-9.873876902879958,0.9979057966506795
10:40:46.152,216800,10840,-0.45193639335483593,-1.0339835756109665,-8.120843119102286,0.8198869525937266
10:40:46.360,216900,10845,-1.1328953019711865,-1.274230819005667,-9.719647746493125,0.9868063045058091
10:40:46.569,217000,10850,-1.1995415493079233,-1.020690827189924,-9.617203219658371,0.9745322337482382
10:40:46.778,217100,10855,1.0714314915421648,0.03905945285230317,-8.945647774753645,0.900966731860174
10:40:46.986,217200,10860,-1.053109911944476,-0.2916546882455706,-8.949265498077162,0.9015733797028704
10:40:47.196,217300,10865,-0.9032719604975216,0.15153012028226653,-9.257835406453243,0.93030305828237
10:40:47.405,217400,10870,0.057686270111576565,1.281028305498074,-8.637280789785219,0.8731951710061128
10:40:47.613,217500,10875,0.8052064278209015,-0.9392949827747396,-9.347456030823846,0.9428974849062595
10:40:47.821,217600,10880,0.7884948828813085,0.3115812754303495,-9.583684179941656,0.9621112697208821
10:40:48.029,217700,10885,-1.1200089852418715,-1.0895289785061135,-8.130109278940616,0.8278899106133824
10:40:48.236,217800,10890,1.1762930720814482,0.8045772079753397,-8.979224611406996,0.9091616165298518
10:40:48.446,217900,10895,-0.5519334338210152,0.4692500563677058,-8.259379958142333,0.8291090605205916
10:40:48.653,218000,10900,-0.870504529389287,-0.15538785791775722,-8.746648725554897,0.8791233556806839
10:40:48.864,218100,10905,-0.9469861400121315,-1.2072328874596518,-9.66706181087738,0.9788068146946215
10:40:49.081,218200,10910,0.4958709349519652,0.43973878567708713,-9.245547287812158,0.926927196898061
10:40:49.289,218300,10915,-0.6555891149629817,0.6359151746010028,-9.132103440054433,0.9177663016084202
10:40:49.499,218400,10920,1.4674548629903161,0.6821999167625159,-9.654146708862333,0.9788839010709194
10:40:49.710,218500,10925,-0.39898581718415627,-0.5183929276556111,-9.316555150832645,0.9339492533765621
10:40:49.918,218600,10930,-1.4317903180336515,-0.2714112962384885,-8.86498035034107,0.8983961499164721
10:40:50.126,218700,10935,0.07629125612863596,-0.9268136158974004,-9.847855880155175,0.989166665788336
10:40:50.336,218800,10940,1.354130394575265,-1.3619488705788152,-9.845006163112368,1.0030589225130495
10:40:50.545,218900,10945,-0.4181315482063237,-0.16158048358370913,-9.142933808647461,0.9153916149582613
10:40:50.756,219000,10950,-1.0568626852221135,0.37594154032435867,-8.798214064817694,0.8869434114277654
10:40:50.963,219100,10955,-0.3474672131576939,-0.9924971014872268,-9.552435635103972,0.9610141025161095
10:40:51.172,219200,10960,0.5867272422728251,0.22269455821396678,-8.246569981009886,0.8270414631369856
10:40:51.381,219300,10965,-1.3328799757388978,1.0752106500653889,-8.408825582781102,0.8581433135168841
10:40:51.589,219400,10970,-0.3954760246428848,-0.12876273720660425,-9.065923817736142,0.9075458985503474
10:40:51.796,219500,10975,1.4005950510438812,0.12928757296311288,-9.11735017923591,0.9225207643427025
10:40:52.007,219600,10980,0.2019908576201428,-0.5597891893808914,-9.059867516107108,0.9079392251275555
10:40:52.221,219700,10985,0.6669562034321572,0.5039795412686652,-8.01520068889946,0.8058676568683496
10:40:52.428,219800,10990,0.45869959847182074,0.37264193207890983,-8.385787702012578,0.8406586864739287
10:40:52.635,219900,10995,-0.24434136812971197,-0.700293292072163,-8.088045387191169,0.8121981998525061
10:40:52.843,220000,11000,-1.1366002311224492,-0.7809703371327824,-9.446265459004099,0.9546397533878569
10:40:53.054,220100,11005,-0.5335911309694605,-0.22684381750672067,-9.843709363578222,0.9860770337412177
10:40:53.262,220200,11010,-1.3180484215053165,0.19429025689010215,-9.03311071792146,0.9130831812468273
10:40:53.471,220300,11015,-0.6558416050975902,0.3186463995031117,-8.427943790302827,0.8459426710563623
10:40:53.680,220400,11020,0.21727431166167532,0.011954036180868766,-9.576236065586787,0.9578708065774537
10:40:53.889,220500,11025,1.3574041907334262,0.5163994957858344,-9.133754075675105,0.9248495990764127
10:40:54.097,220600,11030,-0.1702685208592567,1.1539430019671326,-9.050885590769806,0.9125738643977759
10:40:54.303,220700,11035,0.8333064902327765,0.6147735116370265,-8.945770357382617,0.900550684105565
10:40:54.511,220800,11040,0.7554591695160946,1.4344688740127243,-8.254299563019703,0.8412008130249551
10:40:54.724,220900,11045,-1.0876406967885772,-1.2832773438979164,-8.951190661517261,0.9107885445343845
10:40:54.930,221000,11050,0.6948959911199473,-0.487441328410108,-8.825311421872929,0.8866036385000773
10:40:55.138,221100,11055,-0.966955820468356,1.4877602674254327,-8.443397625630183,0.8627826935941916
10:40:55.347,221200,11060,-0.09982507571468924,0.25815178971721564,-8.048522934917983,0.8053280625073017
10:40:55.556,221300,11065,0.5108829105044146,1.047272728225026,-9.052022782760044,0.9126713426811222
10:40:55.767,221400,11070,0.27690310962192344,-1.1035829424625199,-8.06606771087324,0.8145920387494858
10:40:55.985,221500,11075,-0.4827525524754701,-0.6487877298453232,-8.109927373588274,0.8150147087641783
10:40:56.194,221600,11080,-0.578245723924742,1.2430445359441755,-9.535834164436752,0.9633880892310072
10:40:56.404,221700,11085,-1.1220525413465157,-0.4953029084556104,-8.326198480708761,0.8416050618718002
10:40:56.663,221800,11090,-0.2455590720893328,-0.7924944376105709,-8.60567744640515,0.8645578696830845
10:40:56.871,221900,11095,-0.8774872376567328,-1.0038183927927236,-9.410608652322992,0.9504587861929406
10:40:57.079,222000,11100,-0.2891677171051459,-0.2775580375394877,-8.87810614482033,0.8887149439022339
10:40:57.295,222100,11105,0.5301033416519649,-0.03483276913306721,-9.984918908927419,0.9999041378676877
10:40:57.504,222200,11110,1.330160989387346,-0.4942962580389525,-8.259799921103559,0.8380808540055166
10:40:57.711,222300,11115,1.0921093081205449,0.4648128407939256,-9.375703134144448,0.9450532417671318
10:40:57.919,222400,11120,1.2037113557173327,0.4332578454901883,-9.21011805033461,0.9298543320846608
10:40:58.198,222500,11125,-1.0668525793471235,-1.3232653352758978,-8.533279795323306,0.8700923493450303
10:40:58.408,222600,11130,-1.141241963223064,-0.0818198570773756,-9.156341537294658,0.922755211609346
10:40:58.618,222700,11135,-1.1597980603105231,-0.5454779406100522,-8.256611448937315,0.8355495816713392
10:40:58.826,222800,11140,-0.9749443835515229,0.7371150572311072,-8.241574805313778,0.833171113458684
10:40:59.034,222900,11145,-0.8146730204620352,1.234449286184856,-9.256950538235573,0.937436346840525
10:40:59.242,223000,11150,-0.25716364868270203,-0.29402458920611485,-9.4586843507478,0.9466746708787712
10:40:59.451,223100,11155,0.9188518297217607,0.36937025911081056,-8.068539986021074,0.8129087315272212
10:40:59.658,223200,11160,1.037020615453994,-0.41167775344672286,-9.371364420338256,0.943755060533936
10:40:59.866,223300,11165,-0.3169015135635289,-0.1821317559781659,-8.41700162362462,0.842493411712721
10:41:00.074,223400,11170,1.4622046847385928,1.3485767645601152,-8.762212496853062,0.8985158299662332
10:41:00.282,223500,11175,-0.6230216401241,0.05034392828560197,-8.617942198496806,0.8640579738177879
10:41:00.491,223600,11180,0.34954915021979294,-0.25434177441741346,-8.566418363943551,0.8577318807922583
10:41:00.700,223700,11185,-0.879782025851608,-1.4060533693117012,-8.891567771724164,0.9044942229197939
10:41:00.908,223800,11190,0.9796769580371683,0.6732453828910012,-9.540311746431076,0.961408209382382
10:41:01.116,223900,11195,-0.6704355424782743,1.169011174238702,-8.056848005629796,0.8168774126387257
10:41:01.326,224000,11200,0.23289265246044688,0.8305001826887772,-8.593912757869395,0.8637088978983979
10:41:01.536,224100,11205,0.6388101151888548,1.3003623851331279,-9.324744871854971,0.9436624800272728
10:41:01.747,224200,11210,-1.4633983654418479,1.1178794683959277,-9.355452621227965,0.9534971579919902
10:41:01.955,224300,11215,1.0193621649193276,-1.1984245822856197,-9.57966565857236,0.9708002618084015
10:41:02.163,224400,11220,0.7722562164495841,-0.2780729939550104,-8.388079539082359,0.842814229873845
10:41:02.373,224500,11225,1.4010054375013987,0.3968600971560261,-9.849700966991513,0.9956752648920064
10:41:02.591,224600,11230,1.4658729725806507,0.6470653993185196,-8.494347082138415,0.8644154646613575
10:41:02.799,224700,11235,0.48645161461772557,0.9105745821273348,-8.983180167035659,0.9042306517498917
10:41:03.007,224800,11240,1.1026626870555551,0.47440521772324207,-8.202099940213673,0.8289473369357113
10:41:03.216,224900,11245,-0.9223089212955007,0.6730676057591909,-9.755943993383475,0.9822531086754513
10:41:03.433,225000,11250,1.3583719774364473,1.0770355350308582,-9.03587299387453,0.9200661972610172
10:41:03.643,225100,11255,-0.3180782841448908,1.1773381869692559,-8.356182730863422,0.8444707741119327
10:41:03.851,225200,11260,-0.5204191157800365,-0.6323377364553235,-8.281297127723072,0.8321692687587611
10:41:04.062,225300,11265,-1.185982401695981,-0.197852475809855,-9.83356151771772,0.9906797261580329
10:41:04.272,225400,11270,0.9738891624467629,1.320925449893211,-9.653022858807423,0.9791534836661997
10:41:04.479,225500,11275,-0.11004574814503476,0.4528837331026825,-8.1926766380382,0.8205922509861445
10:41:04.688,225600,11280,0.9634967413785533,0.8381645044305741,-9.681897566046741,0.9765755791875826
10:41:04.913,225700,11285,-0.7387735200429378,-1.0884651480025638,-9.195660051659374,0.928927911508837
10:41:05.119,225800,11290,-1.0062568394933684,0.6634500502552538,-8.026857907203857,0.811684462452325
10:41:05.332,225900,11295,-1.2142742129054291,1.194545467787134,-9.506424173824028,0.9657820733033087
10:41:05.539,226000,11300,-0.8593962433758459,1.2031287919122158,-8.411401585105155,0.8540360497014524
10:41:05.749,226100,11305,-0.08827635668175171,0.12889804588844855,-9.52583744672192,0.9527118477417631
10:41:05.957,226200,11310,1.0075508330167104,-1.1284623192583636,-9.729609054938843,0.9846516046249383
10:41:06.165,226300,11315,0.4579284815161837,0.5067622113510253,-9.771937587560723,0.9795778205340258
10:41:06.372,226400,11320,-1.2094733258754085,0.10304439798120213,-9.932600880985548,1.0006498095483471
10:41:06.588,226500,11325,-1.2761263063567443,-0.18090690691491407,-8.165506700333111,0.8266603010422732
10:41:06.796,226600,11330,1.113095338018577,-0.8307586238351677,-8.583514701907433,0.8695163354443448
10:41:07.004,226700,11335,0.838083487869655,1.254564849515972,-8.154299830445995,0.8292702974247442
10:41:07.212,226800,11340,1.0848149826422735,0.4790651193816351,-8.98515978094276,0.9063080228280266
10:41:07.424,226900,11345,0.9919113460785667,-0.7487965988388537,-9.969736830907072,1.0046901857909085
10:41:07.631,227000,11350,1.3624197604758335,0.1928247988702041,-9.605821952966789,0.9703874710593343
10:41:07.839,227100,11355,-0.5403401671874996,1.159514760204098,-9.495702746980008,0.9581482799358931
10:41:08.050,227200,11360,-0.4797875553729898,-0.499760312646504,-8.325615727125484,0.8354390085706229
10:41:08.259,227300,11365,0.9759414313590384,0.1256213207675756,-9.709047443908226,0.9758782949821939
10:41:08.466,227400,11370,-1.1634870662369812,0.21139705579111912,-9.800203394920283,0.9871290566602977
10:41:08.674,227500,11375,1.379573061857589,0.6940926402057861,-8.511345588667549,0.8650317344232032
10:41:08.881,227600,11380,0.2842918892157429,-0.903779959561905,-8.330938175266894,0.8384638988871189
10:41:09.088,227700,11385,0.249032312772425,0.0723109789769878,-8.31772894517868,0.8321770290986685
10:41:09.304,227800,11390,-0.7407110092280992,1.3185069375941163,-8.418269011336236,0.8553032590309679
10:41:09.513,227900,11395,0.20006034233799674,0.045475771239796625,-9.421288143791681,0.9423521766022296
10:41:09.721,228000,11400,-1.4328847661140134,-1.2536551143700612,-8.769425644904699,0.8973719186617108
10:41:09.931,228100,11405,-0.4722520535018506,-0.698201133646997,-8.639908719330888,0.868092906913958
10:41:10.142,228200,11410,1.1330842214959285,-0.31450470541958175,-9.181808370851066,0.9256802796957748
10:41:10.351,228300,11415,-0.6363922611565511,0.21297999860918448,-9.105586241868489,0.913028238325476
10:41:10.559,228400,11420,1.1218848185263806,0.887847574660031,-9.709539285924023,0.981437985849191
10:41:10.771,228500,11425,0.003622068126181377,-1.4182349614677263,-8.969936428425743,0.9081363501991652
10:41:10.978,228600,11430,-1.043168586048599,-1.0751356369443084,-9.979536197300114,1.009134579974195
10:41:11.186,228700,11435,-0.37436216373068687,-1.071375458068109,-8.720596007388412,0.8794133676824711
10:41:11.394,228800,11440,-0.9962083453931571,1.4970307849172029,-9.638386383499183,0.9804693994003243
10:41:11.612,228900,11445,0.7747182168090587,1.425781503661526,-8.794197359708237,0.8942647729455659
10:41:11.820,229000,11450,-1.126800027316838,0.4185471987371989,-8.654514615745065,0.8737590245215036
10:41:12.029,229100,11455,0.6005247149032851,1.146435220157373,-9.074794420157382,0.916661537402691
10:41:12.238,229200,11460,0.13082785032627942,-0.7307811543662709,-8.513647114418818,0.8545954844887128
10:41:12.445,229300,11465,0.5664682406745194,0.6380739106385942,-9.006488290173241,0.9046814682757586
10:41:12.653,229400,11470,0.8942094885783844,0.8150655727517662,-8.4511647683865,0.8537337315566607
10:41:12.862,229500,11475,-0.00023030579223748404,-0.18316676357816553,-8.178878607011669,0.8180929371688377
10:41:13.071,229600,11480,-0.7545769917193414,-0.08101941772359678,-9.22609988075377,0.9257260371844643
10:41:13.284,229700,11485,1.1476340579058313,0.9218366502578754,-9.707392127532183,0.9818365885334375
10:41:13.602,229800,11490,0.8303668280615235,-1.3619226552817199,-8.149079445177204,0.8303724356692254
10:41:13.810,229900,11495,0.8562821293589495,-1.2123825240838526,-9.088979466998872,0.9209377732577295
10:41:14.031,230000,11500,1.3242857888883885,0.3012220365809388,-9.545279423919405,0.9641412077422731
10:41:14.247,230100,11505,-0.31957651299264045,0.36129007940729574,-8.873571105098346,0.8886671133015498
10:41:14.457,230200,11510,-0.036337983520583705,0.32928973021215224,-9.057650781664883,0.9063707291062747
10:41:14.936,230300,11515,0.843143510804913,0.15720570293226022,-8.963091696143152,0.9004033394335963
10:41:15.143,230400,11520,-0.8213393106128244,-1.427677267325016,-9.17703739060879,0.9323672876684723
10:41:15.351,230500,11525,-0.19389941762033946,0.28127626570376796,-9.768316011149308,0.9774288261325103
10:41:15.558,230600,11530,-1.2092779406826746,-0.20856941663020123,-9.781023481672282,0.9857701288251728
10:41:15.773,230700,11535,1.1887353299439076,0.39739877979757177,-8.615322015390735,0.8706020382684486
10:41:15.983,230800,11540,-0.863378288438274,-0.8457130268631853,-8.987948018305882,0.9068840177912572
10:41:16.195,230900,11545,-1.1054120037833208,0.9428137295573746,-9.086595595628525,0.92020135266824
10:41:16.403,231000,11550,1.459977682819849,-0.7759158457050509,-8.378293114836657,0.8539869773718305
10:41:16.618,231100,11555,0.016048830308479367,-0.3001807972045718,-9.658691278167224,0.9663368112770425
10:41:16.828,231200,11560,0.4539986037649233,1.3787063612367243,-8.884707596875671,0.900249826685434
10:41:17.036,231300,11565,0.11858163189256432,-0.19038035639073891,-9.206385202461192,0.920911693810097
10:41:17.245,231400,11570,-0.8842388556358907,-0.04103627443402136,-8.419652609577547,0.8466056484314388
10:41:17.453,231500,11575,0.1987874102388747,1.2086494673550812,-8.779607954191679,0.8864641323748694
10:41:17.661,231600,11580,-1.168050719328937,-0.734592013649197,-9.65711382306207,0.9755194272848622
10:41:17.869,231700,11585,0.6588997448203902,-1.028714016318594,-8.130755047271247,0.8222017942076116
10:41:18.080,231800,11590,-0.7572737769156099,-1.1603648191151286,-9.603473790099052,0.9702918062302885
10:41:18.290,231900,11595,0.4529193223966632,0.9581413306216859,-9.90010321787723,0.9956666834170401
10:41:18.497,232000,11600,0.9726364063861821,0.294143219439023,-8.193852441181209,0.8256619141054107
10:41:18.711,232100,11605,1.1828487685409166,0.11868602124879635,-9.32017189416206,0.9395681014040816
10:41:18.920,232200,11610,-1.221161691441528,-0.09377030837653022,-8.657702895174678,0.8743903485771866
10:41:19.132,232300,11615,0.04283634864153729,0.6876883130527975,-8.279400524223881,0.8308021618242999
10:41:19.340,232400,11620,0.2776338059432657,-0.5039548676837106,-9.003530716664187,0.9021896497121887
10:41:19.551,232500,11625,-0.050358595172508736,0.2523653274841071,-9.281167004362821,0.9284733987007763
10:41:19.767,232600,11630,-0.02950746854014108,0.19395501313818553,-8.848926224144153,0.8851100754039983
10:41:19.983,232700,11635,-1.3146325212247025,0.4791857813376428,-9.0123265245979,0.9120301917418558
10:41:20.193,232800,11640,-1.0616986485321174,-1.0418633080488808,-8.778394245220392,0.8903532371900043
10:41:20.401,232900,11645,0.16588784401503442,0.14541586074716628,-8.313929871268472,0.8316856043825637
10:41:20.608,233000,11650,0.938306339710385,0.33293149016670287,-8.703737048846595,0.8760496605772423
10:41:20.823,233100,11655,-1.081502508965263,-0.8897025566338782,-8.293046124171228,0.8410459698126522
10:41:21.031,233200,11660,1.1289865483828847,0.47433577753573375,-9.582406401104002,0.9660337338426589
10:41:21.239,233300,11665,-0.4601539985329879,0.9965247999357634,-8.407277040782693,0.8478626694207305
10:41:21.448,233400,11670,-1.1889520327512448,0.14406257491077978,-9.952350007230416,1.0024152414448442
10:41:21.657,233500,11675,-1.174107149004405,1.4266219133388014,-9.179341255212021,0.9363444001039314
10:41:21.865,233600,11680,-1.399869903860386,-0.45021289160156464,-8.016389989598268,0.8150143303085514
10:41:22.072,233700,11685,-0.8145046864603024,1.3402520656661965,-8.006546006335666,0.8158705316124485
10:41:22.282,233800,11690,-1.2233789745616819,0.8765504189583182,-9.22822920748692,0.9350144975255212
10:41:22.490,233900,11695,-0.9865469290452265,-0.41163493329359246,-9.372712086254714,0.9433474970197429
10:41:22.706,234000,11700,-0.9215127061176128,0.27960422534395946,-9.190923664400124,0.9241235956039463
10:41:22.914,234100,11705,0.4705987066263726,-0.8764729918571126,-8.29506671446008,0.8354507756024705
10:41:23.122,234200,11710,1.2837418445315536,0.4058807845257695,-8.64434956395521,0.8748571981672275
10:41:23.332,234300,11715,0.9879832824343953,-0.22933229916090747,-9.358737442534826,0.9413536571773202
10:41:23.539,234400,11720,-0.16974670206073084,-0.3574297862568234,-8.937905439419305,0.8946659915240173
10:41:23.747,234500,11725,-0.1701006435918737,0.46467303122695514,-9.647889872227205,0.9660571113631136
10:41:23.955,234600,11730,1.0636201202259117,-1.3923951239216876,-9.898198932833495,1.0052084065268079
10:41:24.162,234700,11735,0.3448685250016996,-0.07167780913168253,-9.274438379388439,0.9281124892001618
10:41:24.373,234800,11740,-1.446734316719645,-0.6879814124745557,-8.548988086036779,0.8697790288474627
10:41:24.581,234900,11745,0.27044251766966676,-0.09793291000792426,-8.391291481755434,0.8396219550607729
10:41:24.790,235000,11750,1.054863936027966,0.5339427996728894,-9.43224150468821,0.9506051369502369
10:41:25.000,235100,11755,-0.2512915099497781,1.0743146125893936,-9.70425520269195,0.9766773691898964
10:41:25.210,235200,11760,0.15580467730477632,-0.24728717982687387,-9.08834682360705,0.9093045366264546
10:41:25.418,235300,11765,1.3413277347782264,0.14261361484787916,-8.885211317094676,0.8987017240700754
10:41:25.626,235400,11770,-1.3370918490460988,1.477631161923921,-8.167417247308098,0.8407015698516326
10:41:25.833,235500,11775,-1.368029708280805,-0.12684378067358248,-9.723705507521014,0.9820287339198835
10:41:26.043,235600,11780,0.5194177467962415,-1.4664012807907332,-9.583247724748386,0.9708695301938706
10:41:26.249,235700,11785,1.3547983838690754,0.9208923915359382,-9.6886954793654,0.9826206874964447
10:41:26.467,235800,11790,-0.05387377673039939,1.466067285998653,-8.68109549049463,0.8804185060866274
10:41:26.675,235900,11795,1.4527679167497372,-1.2661191537930678,-8.173217082543173,0.8397325158043757
10:41:26.882,236000,11800,0.29928764391707086,-1.2114596128721882,-8.073853591649485,0.816971965900992
10:41:27.091,236100,11805,-1.1413538201797737,0.9980445926438137,-9.20843989448617,0.9332424488958323
10:41:27.306,236200,11810,0.9553088927582483,-1.3607625207378975,-9.43491283899043,0.9580285486235491
10:41:27.514,236300,11815,-0.4230356702948863,0.8529004830709468,-9.816862933995761,0.9862920271259642
10:41:27.721,236400,11820,-1.3944688116706634,-1.4513499178045448,-9.30807037971351,0.9523189279035331
10:41:27.932,236500,11825,0.6367633980525458,0.20241796931807077,-8.797725695601788,0.8823061717706286
10:41:28.139,236600,11830,0.7271944709910834,-0.2101399984017296,-8.41640430271893,0.8450374666510001
10:41:28.348,236700,11835,0.9315326795811183,0.6342289908564771,-9.157833630552547,0.922691261207397
10:41:28.556,236800,11840,1.4065992902407674,1.443913254799051,-9.03551086900822,0.9257638128305509
10:41:28.767,236900,11845,0.9528492680739284,1.3826812597515081,-8.239065863131499,0.8408444296702918
10:41:28.975,237000,11850,1.4871579139266942,0.2543076923573113,-8.678798463659096,0.8808964402025835
10:41:29.187,237100,11855,1.0177645431489495,0.8920855336914322,-8.300622417119442,0.8410231493621239
10:41:29.395,237200,11860,0.3100939405136278,-1.2546092290220598,-9.000701538766977,0.9093009994465686
10:41:29.606,237300,11865,-0.09655629253763731,-1.4388009546295684,-8.863035527092501,0.8979580728473654
10:41:29.823,237400,11870,1.4033784535067841,0.4698247654168006,-8.065113905588998,0.8199772478800317
10:41:30.031,237500,11875,-0.378463797395147,-1.285268881892192,-8.304755297271528,0.8412140719951057
10:41:30.238,237600,11880,1.0145061079718367,-0.8416170035048797,-9.70447470765693,0.9793588268620126
10:41:30.451,237700,11885,0.8796742123112002,-0.4539037106449326,-8.897486087498217,0.8952380352485417
10:41:30.666,237800,11890,1.4830110287121094,0.7278989271318408,-8.646429376432197,0.8802834743480711
10:41:30.874,237900,11895,-0.20097984735638796,-0.014219434108580176,-8.180130439108982,0.8182611385871082
10:41:31.081,238000,11900,0.129351613158325,1.011479378037278,-8.185874454379823,0.824914316489231
10:41:31.288,238100,11905,-0.012549811337099204,1.166380413728092,-9.534343196867983,0.9605430805692992
10:41:31.496,238200,11910,0.4645699975950315,-0.499853267363942,-9.62400410273132,0.9648167366964006
10:41:31.704,238300,11915,-0.36555805147432596,-0.08048340138261989,-9.193959755978254,0.9201576292214478
10:41:31.912,238400,11920,0.677376248205781,-1.2356622838610574,-9.412997638770502,0.9517889703547164
10:41:32.120,238500,11925,0.7976867071479239,0.22185356634437903,-8.396351108409993,0.8437075027718903
10:41:32.328,238600,11930,0.34877030314962143,0.9803342943585318,-9.519125757556212,0.9575826399910593
10:41:32.539,238700,11935,0.9484776273255275,0.7883222281457911,-9.404599294208925,0.9485122541620683
10:41:32.746,238800,11940,0.49209105369997275,-0.6276767415536509,-8.673571568031143,0.8710165064037373
10:41:32.958,238900,11945,-0.9057999510033301,0.7204183235789805,-8.85990528732161,0.8935177547899953
10:41:33.167,239000,11950,-0.08225013563291572,0.8521721783149983,-8.856825776722856,0.8898107964366817
10:41:33.377,239100,11955,0.658478246539894,0.5663625300786208,-9.836561158862025,0.9874831418747176
10:41:33.585,239200,11960,0.6624300143777151,0.8145049412009238,-8.9765181404545,0.9037704893893024
10:41:33.792,239300,11965,1.3029595430776686,0.21787697752446045,-8.261108891530709,0.8366068017053179
10:41:34.000,239400,11970,-1.3467076677342975,-0.891390256252762,-8.12092670964299,0.8279954634819545
10:41:34.208,239500,11975,-1.405940217551382,-1.4971762690214878,-8.00177966212341,0.8261155030443466
10:41:34.415,239600,11980,-1.3658690552500183,-0.9413435981111858,-8.36610011231671,0.8528971634089315
10:41:34.633,239700,11985,-1.4364160118744667,1.489425868076915,-8.351112712807321,0.8603648291142432
10:41:34.842,239800,11990,0.4207172695450354,0.465776847134014,-8.100414423737925,0.8124694759098399
10:41:35.049,239900,11995,1.2084038446078376,0.19645476924780603,-9.557865736961105,0.9635955156277881
10:41:35.256,240000,12000,1.0735753859266763,0.9583549577085373,-8.727012135992883,0.8844871347622827
10:41:35.469,240100,12005,0.4581926241117631,-1.0020566598948548,-9.893228242180838,0.9954397173225238
10:41:35.677,240200,12010,0.1461294084325262,1.3382609740111495,-8.422940200076809,0.8529842780065766
10:41:35.885,240300,12015,0.43117463514607257,1.1750407325535766,-8.012887778252308,0.8110055661709025
10:41:36.093,240400,12020,0.40288251774406625,0.018698937847513086,-8.306611730538163,0.8316397201630923
10:41:36.300,240500,12025,-0.9856040220554108,0.027890500267825358,-9.612003839802592,0.9662443323749784
10:41:36.509,240600,12030,0.21297780926621868,-0.905936545665527,-9.041240992909046,0.90890109067968
10:41:36.717,240700,12035,0.5633531797697562,1.2854511343400077,-9.880339417669616,0.9979521954096232
10:41:36.926,240800,12040,1.0360461769782665,-0.9830392564904323,-8.728044395993827,0.8844123293977296
10:41:37.138,240900,12045,0.2743506243632392,1.3512837598079632,-9.14003370722992,0.9243454561683546
10:41:37.353,241000,12050,-0.8715312044282463,-1.031694324547923,-8.513095716960237,0.8619556746476195
10:41:37.561,241100,12055,0.8076600735888615,0.44296163696997537,-8.369695014703977,0.8420233039854497
10:41:37.769,241200,12060,-0.738988803521305,-0.18768615001453437,-9.516516572182823,0.9547010956905174
10:41:37.981,241300,12065,0.764532627963503,1.4682367261216358,-9.14062188827353,0.9289305556796932
10:41:38.189,241400,12070,-0.887490547333874,0.5113002246688056,-8.83179419866997,0.8890987355688562
10:41:38.397,241500,12075,0.3715765832516924,0.7972817426409109,-9.851069892857696,0.9890263159711014
10:41:38.607,241600,12080,0.5750645473823677,-0.07878318210278401,-9.289663798787032,0.9307779515971177
10:41:38.824,241700,12085,-0.33036532182501954,-0.6901053424806645,-8.029688678261287,0.8066057704937549
10:41:39.032,241800,12090,-0.9889297083647559,0.8866857028025512,-8.119081723207103,0.8227009270187828
10:41:39.239,241900,12095,0.015997273145722968,1.230981478118006,-8.196891121096549,0.8288823521063113
10:41:39.447,242000,12100,1.1979115290288886,-0.7218370136176883,-9.1862792222933,0.929213466624039
10:41:39.657,242100,12105,0.8773928814960685,1.1995447147401652,-8.141843325469713,0.8276372304799777
10:41:39.865,242200,12110,0.2969914626393575,0.18830446964566372,-8.380170839785038,0.8387545875055031
10:41:40.076,242300,12115,-0.7088258043644521,-0.34415607981636076,-8.548832774279637,0.8585069553055767
10:41:40.283,242400,12120,1.0822129857784701,1.1622985116487823,-8.02790394542982,0.8183481198965157
10:41:40.491,242500,12125,-0.3293646277583444,-0.054856953679511156,-9.315661267776358,0.9321643374391343
10:41:40.699,242600,12130,1.4448131635184565,1.4017644263494429,-9.765087225153419,0.9970424118326637
10:41:40.907,242700,12135,-0.0287589108440649,-0.37971450901264614,-8.019234765335742,0.8028271071960454
10:41:41.116,242800,12140,1.4631399720973413,0.045899212704986425,-8.709932322075588,0.8832089581226686
10:41:41.324,242900,12145,-1.4798874660822041,1.3511171438444247,-8.676423714115018,0.8904825260245984
10:41:41.535,243000,12150,-1.1265415480889425,0.3992232489472065,-9.152505647591049,0.9230213144410948
10:41:41.744,243100,12155,-0.7349734548927667,-0.003039628664663452,-9.225804613453256,0.9255034629019754
10:41:41.955,243200,12160,-1.4961176885661875,-0.13038254706777752,-9.365685809117842,0.9485327533708672
10:41:42.164,243300,12165,-0.940016385136103,0.07417643150596875,-9.711728239639728,0.9757397109266952
10:41:42.372,243400,12170,0.6636247970218339,-1.3743256634206507,-9.642239427436996,0.9762271768209457
10:41:42.582,243500,12175,0.2688111630300274,0.5768879360232466,-9.672929612210794,0.9693844769485592
10:41:42.799,243600,12180,1.190945538785499,-0.4771761821366285,-9.889203178220079,0.997208041911364
10:41:43.010,243700,12185,-0.025339706700832743,-0.6998978417904418,-9.01522050774503,0.9042383529409994
10:41:43.217,243800,12190,0.24808574379275328,-1.4476957687923497,-8.680181306271606,0.88035741085652
10:41:43.424,243900,12195,1.1020115962055854,1.4161198413694072,-9.759790906641934,0.992337359493546
10:41:43.633,244000,12200,1.233830774064307,-1.145785637582882,-8.472630180338301,0.8638323059431082
10:41:43.842,244100,12205,1.3490613314633055,-1.0047809833228114,-9.103143616049344,0.9257255262490963
10:41:44.051,244200,12210,-0.7126243765514791,-1.2294950437069365,-8.777225409995026,0.889152278647576
10:41:44.260,244300,12215,1.4075502151813213,-0.022527020845671153,-8.152549068585165,0.8273195355520985
10:41:44.469,244400,12220,0.5523252644684038,-0.10890663879153539,-9.187500592960324,0.9204731989546968
10:41:44.683,244500,12225,0.5455515982002579,-1.3785538755201738,-8.665770054223081,0.8791678336169952
10:41:44.892,244600,12230,0.11915146164122592,-1.2454224008913426,-9.057166497914102,0.9143168980085122
10:41:45.099,244700,12235,-1.2079908524462462,0.012156597619777276,-8.975515469814768,0.9056448952616236
10:41:45.307,244800,12240,-0.40005135115696855,0.9929040311110149,-9.419246821277405,0.9479879228065278
10:41:45.516,244900,12245,1.0136540374715226,1.3606424132972088,-8.451473684311985,0.8620107291743159
10:41:45.724,245000,12250,1.4189289358962314,-0.5222238498591064,-8.700825396260026,0.8831219601543646
10:41:45.932,245100,12255,-0.11689366280340763,0.3708524868421157,-8.865467143108628,0.8873990272754373
10:41:46.144,245200,12260,0.40812737299353863,0.41509819660101144,-9.541004002023907,0.9558746352532023
10:41:46.353,245300,12265,-1.3195313766414123,-0.6627449533393343,-9.592933611142302,0.9705914134943788
10:41:46.561,245400,12270,0.7103355158813871,-1.2174848812823176,-9.484592187999372,0.9588760866448397
10:41:46.769,245500,12275,-0.8590606205993949,-0.7562239194386171,-8.266994147508527,0.8345840401130133
10:41:46.975,245600,12280,-1.2757659710178046,-1.034832040225076,-8.522113966222228,0.8678990875531749
10:41:47.184,245700,12285,-0.576743820984716,-1.2571997775607375,-9.216531340192283,0.9319744345232298
10:41:47.391,245800,12290,0.7830549965414542,-0.3979435795809856,-9.526474899023611,0.9566883412160158
10:41:47.598,245900,12295,1.3684564970634208,0.010692179641807353,-9.71773952329124,0.9813625678086425
10:41:47.817,246000,12300,0.5525608917567406,0.3769637829987267,-8.49956335906014,0.8525843215041514
10:41:48.027,246100,12305,-0.07336375758540181,-0.5440368504565936,-9.250341068299168,0.9266615790861515
10:41:48.235,246200,12310,0.25893123947272345,-1.4766214997716527,-9.917346643347223,1.0030015996232169
10:41:48.446,246300,12315,0.8567390613633523,-0.9961168747606487,-9.128645370724369,0.922271201718324
10:41:48.658,246400,12320,-0.19024840744934446,-0.3467436813833429,-9.817685754958568,0.9825649048293587
10:41:48.865,246500,12325,-1.3579371397013005,-0.9407656919499394,-9.727624403501153,0.9866899710553532
10:41:49.072,246600,12330,-1.495130293677819,-1.231554254883641,-9.028374458078769,0.9233833755980462
10:41:49.280,246700,12335,0.46189178513098605,0.04928834223124312,-8.76060740079471,0.8772913734484709
10:41:49.496,246800,12340,1.2964345983756207,-0.333456917395085,-9.899293296386341,0.99893915706365
10:41:49.704,246900,12345,-0.9017423736691251,1.3475346195985631,-9.934144442793178,1.0065595594388126
10:41:49.912,247000,12350,1.266420007715821,0.10251732002304914,-8.93250374039208,0.9022413895902037
10:41:50.123,247100,12355,0.8424000342260696,-0.020227663792567352,-9.585667832764027,0.9622633463669579
10:41:50.336,247200,12360,-0.12933796201410708,0.5456330065115305,-8.18185378117202,0.8201047188176134
10:41:50.543,247300,12365,1.1591042634200148,-0.14726354750021153,-8.612547323177845,0.8691442954991919
10:41:50.751,247400,12370,0.6021783564131353,-0.22281624921675092,-8.177000929960363,0.8202171057861453
10:41:50.960,247500,12375,1.3980066465759764,-0.09163124970746428,-9.941616898255454,1.0039848874433914
10:41:51.171,247600,12380,0.47069823759943574,0.176134691596592,-9.25950271701462,0.9273131662327683
10:41:51.381,247700,12385,-1.0396126120889382,0.5904848775267277,-8.339088315456861,0.8424361145320831
10:41:51.592,247800,12390,-1.0773867571367013,-0.47431790654780315,-8.157195294055667,0.8241697323142203
10:41:51.801,247900,12395,0.10734065589333319,0.7300107782493921,-8.823015036262012,0.8853814549835198
10:41:52.009,248000,12400,-0.6956550642044897,0.6848309442960598,-9.5847439987702,0.9634326489826892
10:41:52.216,248100,12405,1.1338727992299664,-0.12982181074319188,-8.384716791172435,0.8462032669255491
10:41:52.425,248200,12410,1.1246940064106763,-0.5923444226487838,-9.45898794894108,0.9544017054747536
10:41:52.634,248300,12415,0.6932471448881552,0.6498701639948097,-9.825611923663448,0.9871452401160812
10:41:52.842,248400,12420,0.35793634351473536,-0.886020938356053,-9.29991842959884,0.9348884121990505
10:41:53.049,248500,12425,-1.32377987984999,-0.1827096128866672,-8.973457227632473,0.9072414815752547
10:41:53.259,248600,12430,-0.901206514771893,0.9671147912917499,-8.978234117850635,0.9075030141919076
10:41:53.472,248700,12435,-1.14273140132622,-0.9159413573549354,-9.494418295025014,0.9606704033465165
10:41:53.681,248800,12440,-0.4755876778178323,-0.7999109411386289,-9.828870310736754,0.9872828001050554
10:41:53.893,248900,12445,-1.1381115610374537,0.14281996445129863,-9.82779222525501,0.9894503296800492
10:41:54.102,249000,12450,1.0122200228823601,1.2567189264986904,-9.244298964385225,0.9384082010398127
10:41:54.316,249100,12455,-1.4257590856567735,0.3644210101584524,-8.453922550728137,0.8581048778365468
10:41:54.525,249200,12460,-0.724815820278438,0.4128605323494132,-9.79983365691333,0.9835270789137889
10:41:54.732,249300,12465,1.0062730427678614,-0.3728199865199753,-9.01942808013725,0.9083042610916143
10:41:54.941,249400,12470,-0.5931351956616714,-0.8544843474424381,-9.812447957188493,0.9867425589934253
10:41:55.148,249500,12475,1.147165297848967,1.071706754510224,-8.6346938006571,0.8776245246080917
10:41:55.356,249600,12480,-0.5886212100447137,0.15340299021639026,-8.738563108148718,0.8759708476965408
10:41:55.564,249700,12485,0.8743383434042422,0.7888339404933697,-8.585262059440941,0.8665647763075608
10:41:55.772,249800,12490,-1.4253697764452653,-0.3875284555672094,-9.271965949131102,0.9388887573366962
10:41:55.983,249900,12495,-0.9118543790271201,1.4650304655131903,-9.412988051760243,0.9569855627751853
10:41:56.191,250000,12500,1.3462977305416626,-1.3756544205410732,-9.44318767946101,0.9637361475712117
10:41:56.400,250100,12505,0.699144888418815,0.5163800283818416,-9.537256918352346,0.957678032719627
10:41:56.607,250200,12510,0.2692678998528302,0.47372301269236416,-8.235412539659539,0.8253419799878536
10:41:56.815,250300,12515,1.3190685908137976,1.3865854792487093,-9.15196577103601,0.9349921855970221
10:41:57.023,250400,12520,0.7680134661228983,-0.5056612030288239,-9.600484935925623,0.9644420612008244
10:41:57.232,250500,12525,0.9468042124987512,1.0602282678171253,-9.74173050046421,0.9844888792686209
10:41:57.450,250600,12530,0.8241856636851197,-1.2059459027629165,-9.680164959498818,0.9789748779806532
10:41:57.659,250700,12535,0.8477589332735511,0.7432971798351469,-8.83153513807162,0.8903212835908715
10:41:57.865,250800,12540,1.4817731700121306,-0.5107150016226601,-9.157249518701757,0.9290409048476489
10:41:58.073,250900,12545,-0.9692864383736036,0.8463096307937157,-8.671531732283118,0.8766482691181352
10:41:58.280,251000,12550,-1.3623352438739684,0.6737903870396673,-8.938075319345097,0.9066374204534808
10:41:58.487,251100,12555,-1.2759273168934055,-0.8087971517155512,-8.97947576590458,0.9105664631485482
10:41:58.695,251200,12560,0.9607499503629882,1.0894659686792947,-8.741000421775166,0.8860872696157327
10:41:58.903,251300,12565,0.8579747845531966,1.0727386405499715,-9.397043351022065,0.9496910690474355
10:41:59.110,251400,12570,0.8888952589444208,0.955768038086128,-8.310097866908622,0.8411976811760724
10:41:59.317,251500,12575,-0.8940100406824746,-0.9340541029179198,-8.728944138437868,0.882418136667576
10:41:59.526,251600,12580,-0.27091706371028446,-0.668688441501046,-9.436956717664211,0.9464496414404423
10:41:59.735,251700,12585,0.5154441272042423,0.045295999581401514,-9.771857854798562,0.9785547522251158
10:41:59.944,251800,12590,1.0431727781621842,-0.09262763013672526,-9.684613237979503,0.9741074011227469
10:42:00.152,251900,12595,-0.21121993357778912,0.19402930282966002,-8.351149244097888,0.8356072936965898
10:42:00.362,252000,12600,-0.7034021891339939,0.41383392627190574,-9.269413252547817,0.9305270291868004
10:42:00.575,252100,12605,1.1791855851965596,-1.4759796982696611,-9.020564462419088,0.921626702817891
10:42:00.782,252200,12610,0.961194188658645,0.5746016133033458,-9.829260582086787,0.9892847157056812
10:42:00.993,252300,12615,-1.1363568950168288,-1.0087627493359483,-8.5394695102779,0.8673606446817033
10:42:01.201,252400,12620,0.5105895899234021,1.2627022011470386,-8.636031311315921,0.8742777326922418
10:42:01.417,252500,12625,-0.7319774475011819,-0.11499484948762628,-9.999620538599173,1.0027034741888223
10:42:01.627,252600,12630,0.0019663251543597937,1.067300449445261,-8.806724027144003,0.8871162393175777
10:42:01.835,252700,12635,0.4233665228511083,0.4159639003096287,-8.364604292070736,0.8385634748900052
10:42:02.042,252800,12640,0.5464267370155551,-1.4953288752602987,-8.614539052884417,0.8760415156702532
10:42:02.251,252900,12645,1.322617378872021,-0.5219857628211266,-8.725491271925224,0.8840587299717453
10:42:02.468,253000,12650,-1.4231199495415607,-1.0668921017707471,-8.889942750787169,0.9066124379241514
10:42:02.686,253100,12655,1.3628076681671688,0.7397977932650068,-9.225519558166717,0.9354932208918012
10:42:02.895,253200,12660,-1.1498040379667978,0.8037000877641516,-8.506608204549012,0.8621506034475499
10:42:03.103,253300,12665,0.7461497445952849,-1.249082678954046,-8.12611880780781,0.8255346985974028
10:42:03.313,253400,12670,1.3754170594201307,0.9686375211727736,-8.948850362590598,0.9105600120080255
10:42:03.524,253500,12675,0.21250430423781475,-1.4794379523801995,-9.689355667257722,0.9803953691286076
10:42:03.733,253600,12680,1.4486967882886574,-0.1106650791623287,-8.877246128308101,0.8995358134432728
10:42:03.941,253700,12685,-0.29653349294618137,-0.032026015536786634,-9.230357051390445,0.9235174555700794
10:42:04.149,253800,12690,-1.3669344262398821,-0.18114079017464868,-8.628958448395116,0.8738434963746902
10:42:04.357,253900,12695,-0.09688222606788721,-1.158024488389657,-9.832493295466207,0.9900925779280739
10:42:04.570,254000,12700,-0.9059049791984197,-0.3184766933895502,-9.739363400770602,0.9786587285046752
10:42:04.778,254100,12705,-0.04086641274759906,1.2455255847990578,-8.648416695544217,0.8737740862823058
10:42:04.986,254200,12710,0.6947444290903673,-1.0124514376976657,-9.583445531890082,0.9661788447184722
10:42:05.200,254300,12715,-0.923386921324407,-0.06885443660954182,-8.44429055282725,0.8494905960661443
10:42:05.408,254400,12720,0.5563510938113136,-1.093190886994039,-8.339530069204809,0.8429255876420115
10:42:05.617,254500,12725,-0.3823952548326792,0.03105974355299601,-8.861218681253439,0.8869520131077163
10:42:05.826,254600,12730,-1.4453185060194276,-1.0769227125012821,-9.990713512887895,1.0151998059945844
10:42:06.035,254700,12735,-0.4330836368114661,0.45571743231653317,-9.868013082429766,0.9888019114544431
10:42:06.243,254800,12740,-0.45074904078287803,1.2273166739405124,-8.075286639849812,0.8180448351504701
10:42:06.453,254900,12745,-0.2841105581032175,-0.9732398126801474,-8.464588096279035,0.8525090391419914
10:42:06.660,255000,12750,-0.1740379063402444,-0.32192530491233606,-8.091646307835564,0.8099917596241033
10:42:06.867,255100,12755,-0.042307379172751514,-0.797403264030914,-8.092692279190599,0.8131993003285896
10:42:07.074,255200,12760,0.7518586766506581,0.7381071943736539,-9.99410944627412,1.0049493386442254
10:42:07.282,255300,12765,1.2715008253312474,1.4719162250862277,-9.426487543423288,0.9625067227235589
10:42:07.491,255400,12770,0.6180618229782637,-1.0968888292573205,-8.951928883058944,0.904003297826494
10:42:07.699,255500,12775,-0.34336176260254314,-0.23173450630029535,-8.1307443259189,0.814128991468122
10:42:07.907,255600,12780,-1.376416143271855,1.493411475313526,-9.954492903193447,1.015956338598201
10:42:08.117,255700,12785,0.17102713303662354,-1.486703266145137,-8.09973583159195,0.8236823260418782
10:42:08.326,255800,12790,-1.4270873921701082,-1.0352949430332792,-9.26343663775344,0.9429722815949253
10:42:08.536,255900,12795,-0.9191489857828234,-1.0734153612720037,-8.02121061825852,0.814474524944418
10:42:08.746,256000,12800,0.3773446852992648,-1.2454577530682485,-8.190840795384405,0.8293577452555372
10:42:08.953,256100,12805,-0.7446139419123885,-0.8371935488621568,-9.671340396935326,0.9736024241657365
10:42:09.161,256200,12810,-0.5765554486870313,-0.9874126252267309,-9.415577830711849,0.9484751223098068
10:42:09.370,256300,12815,-1.3015766322708706,0.5296835909282125,-8.920625892886962,0.9030627484124096
10:42:09.580,256400,12820,1.4743494865645297,0.40065714472211345,-8.397979579629643,0.8535824129867393
10:42:09.788,256500,12825,0.9517156608169643,-0.43767385043591833,-8.027269281758564,0.8095330334227525
10:42:09.994,256600,12830,1.3699190879932077,1.3602699340948745,-8.853340986004886,0.9061382853390789
10:42:10.203,256700,12835,0.8310338838217026,-1.4741658721719,-8.923338985321422,0.9082387405395856
10:42:10.410,256800,12840,-0.25346623450675465,1.0011151205277993,-8.230313454453407,0.8294849979061779
10:42:10.621,256900,12845,-0.8384060802135026,-0.28328438530174926,-8.058048895351655,0.8106499046948245
10:42:10.831,257000,12850,0.20354588342858082,-0.2842883634625757,-8.290657018179694,0.8298026548122943
10:42:11.039,257100,12855,1.2400162161092023,1.366862380534248,-9.760573746009856,0.9933516639882898
10:42:11.246,257200,12860,0.3737345922885309,-0.9167547854517442,-9.677241545518875,0.9727750038546339
10:42:11.454,257300,12865,-0.1073708684745438,-0.3902454733558254,-9.850539257940286,0.9858851033720635
10:42:11.663,257400,12870,0.8580759350781744,-1.246557079024038,-8.57796839361657,0.8710438601098689
10:42:11.870,257500,12875,-0.31465803689376903,-0.8486842089020908,-8.220509953507648,0.827019095682439
10:42:12.082,257600,12880,-0.5525770596333311,-1.280800388664476,-8.79501034400037,0.8904942335215295
10:42:12.290,257700,12885,-0.7177189897500936,-0.43412084521905747,-8.319437601726847,0.8361616079773585
10:42:12.498,257800,12890,1.3747499631968845,-0.25792731791224766,-8.794467675945452,0.8905005652209583
10:42:12.705,257900,12895,-0.2940527474952479,-1.2624520676694402,-8.720645011031731,0.8816456297736919
10:42:12.913,258000,12900,1.3047631557075947,-0.6740647544213973,-8.695645058645049,0.8818787511420334
10:42:13.123,258100,12905,0.6884846978041361,-1.1484782478271218,-9.244609836754027,0.9341082619196334
10:42:13.329,258200,12910,1.114931517337837,0.2673508793819128,-9.175485552240808,0.9246841833860864
10:42:13.537,258300,12915,0.0875146431276761,-0.12868395541313626,-8.177418087608126,0.817889876161107
10:42:13.744,258400,12920,0.5296052994807114,0.5941774987926958,-9.127383053971498,0.9162022161468267
10:42:13.952,258500,12925,1.1743561881653521,1.2103751240171126,-9.563697477794035,0.9711252743301746
10:42:14.159,258600,12930,1.4736169920629094,0.5455350034523754,-8.443464133472741,0.8588436531320989
10:42:14.368,258700,12935,-0.15976254641062537,-1.3688687914491005,-9.238044748429656,0.9340278187154155
10:42:14.575,258800,12940,-1.1703049509945305,1.3561860268869044,-9.592983501573155,0.9758800473383005
10:42:14.783,258900,12945,-0.8216015850915088,1.0256249873943246,-8.320029349553822,0.8423171858440828
10:42:14.990,259000,12950,0.7015729570945193,1.4803584799808527,-8.675672053481026,0.8828983600784932
10:42:15.197,259100,12955,-1.285051516315693,0.21693140168202785,-8.115533979996801,0.8219507796279757
10:42:15.407,259200,12960,1.077098679124513,0.9916617117604174,-9.490774884701736,0.9603038187325335
10:42:15.616,259300,12965,1.1141378421667252,-0.3896367208006619,-8.188555551305011,0.8273183300420242
10:42:15.824,259400,12970,1.009245905346746,-0.896577981488177,-8.207660326783891,0.831793949330066
10:42:16.032,259500,12975,1.3405138363823506,0.052117478586527266,-8.356319021269247,0.8463318566752227
10:42:16.239,259600,12980,-0.18827055585495578,1.2467367968503567,-8.749377888954706,0.8839763112581249
10:42:16.447,259700,12985,-0.9956446166314513,-0.2650536716161431,-9.767504807023382,0.9821695974050982
10:42:16.658,259800,12990,-0.025125313601490618,0.4739475039762311,-9.813284009892351,0.9824754479208005
10:42:16.866,259900,12995,0.9886049726853354,0.5333856040116336,-8.6998261687602,0.8772047387083008
10:42:17.074,260000,13000,-0.030972230532110068,-0.4581637014166655,-8.182165697883914,0.8195041718257944
10:42:17.283,260100,13005,-0.8712531719725026,1.168902191723753,-9.468882434879578,0.9580456616939496
10:42:17.492,260200,13010,-0.1060950436360093,-0.3503942504665045,-9.52770434632844,0.9534735570538386
10:42:17.708,260300,13015,-1.3187689527621453,0.1720401339756794,-8.57979524645352,0.868225983425595
10:42:17.916,260400,13020,1.130784972988879,0.8305388292970619,-8.11485720926149,0.8235252086536926
10:42:18.127,260500,13025,0.7651253664574216,1.33621239590184,-8.776283083494777,0.8910332494076466
10:42:18.339,260600,13030,0.25860233727423987,-0.030741853537096686,-8.457004174000458,0.8461012931644993
10:42:18.547,260700,13035,0.8533018096367737,-0.49563808920718877,-8.292196167788926,0.8350706459868871
10:42:18.754,260800,13040,0.8825530769917385,0.2073957853551267,-9.373769401057642,0.9417508467195301
10:42:18.962,260900,13045,0.3942062153871675,-1.0914144567300137,-9.672217686418856,0.9741579904208705
10:42:19.170,261000,13050,0.7842493485329496,-0.9488228683899688,-8.040398827669472,0.8134084163828326
10:42:19.378,261100,13055,-0.8052822762531701,-0.18106791426725355,-8.033645617818038,0.8075935057113297
10:42:19.587,261200,13060,-0.9877610835557846,-0.47083222856562745,-9.627420622778729,0.9689405698676702
10:42:19.801,261300,13065,0.276509651851385,-1.0607659462900172,-9.653471510845367,0.9715513068854298
10:42:20.010,261400,13070,-1.4980563662737154,-0.3322002819958707,-9.86982869957628,0.9988395690143185
10:42:20.218,261500,13075,0.9750702537622566,0.8697629754342819,-9.6706754873266,0.9758545691566335
10:42:20.426,261600,13080,0.25349287720805824,1.3555452509843198,-8.155669049144509,0.827143876272049
10:42:20.637,261700,13085,0.5518064453951101,0.7260329499548961,-9.256211443847713,0.9301024916148605
10:42:20.845,261800,13090,1.036270914281677,-0.45696643522853586,-9.837049724729013,0.9902031257146325
10:42:21.052,261900,13095,0.9365371869560071,-1.4799589407419482,-9.13721994049425,0.9303556771998505
10:42:21.260,262000,13100,0.9974904604094736,0.3861378760286476,-9.20462866431269,0.9266567785636636
10:42:21.472,262100,13105,0.2552044847774875,-0.4323970496655374,-9.506239705836068,0.9519490001172554
10:42:21.681,262200,13110,0.5895536941961814,1.1611900745561,-9.691634038904622,0.9778737458979185
10:42:21.895,262300,13115,-1.3190875412259055,0.1442126163093529,-9.14666199767802,0.9242413911954359
10:42:22.103,262400,13120,0.5734515556979911,-0.24170091835079432,-9.917949089566395,0.9937453404363462
10:42:22.311,262500,13125,-0.46630410692390356,-1.2391573695523348,-8.706593731649034,0.8806686375399105
10:42:22.520,262600,13130,-1.2547760127646002,-1.4886308674662732,-9.070949695996687,0.9277532704824338
10:42:22.729,262700,13135,-1.2122506045984434,-0.5647311107224,-8.245386483927312,0.8353135400859864
10:42:22.937,262800,13140,0.7238789669847043,-0.5046312570427282,-8.259719873517673,0.8306721727216471
10:42:23.145,262900,13145,0.41718363378028456,-0.2633909733349653,-9.254834630468673,0.9267976101957249
10:42:23.352,263000,13150,0.9886823372682056,1.212647664735476,-8.44654799468919,0.8590237490861503
10:42:23.561,263100,13155,0.6067342991476878,0.7887293176780368,-8.080628799113985,0.8141669499273316
10:42:23.770,263200,13160,1.0136628147459228,0.29200220522397125,-9.053339105933327,0.9114588666356588
10:42:23.978,263300,13165,1.4028867263493572,1.4301871561051014,-9.136291097993142,0.935335990410526
10:42:24.185,263400,13170,0.6853581939878235,1.4775738356656198,-8.217493399971623,0.8377358657267042
10:42:24.392,263500,13175,-0.5021978094489388,-0.10445927454430737,-8.111480286978393,0.8127682746385511
10:42:24.599,263600,13180,0.2609162555414688,0.9408209106094167,-8.251510570181967,0.8309070222839042
10:42:24.812,263700,13185,-0.4379533235547961,1.279637955997285,-8.73386173400421,0.883796453945956
10:42:25.020,263800,13190,1.219023136533052,-0.32402780739056514,-9.562008295672152,0.9644843911327352
10:42:25.229,263900,13195,-0.6150085251538557,-1.4529105760050438,-8.201183416426918,0.8351562372260363
10:42:25.440,264000,13200,0.271074874997425,1.2770235956054377,-9.057028048087044,0.9150629919050565
10:42:25.648,264100,13205,0.5066080597064686,1.0336616697129655,-9.40958382563907,0.9479735014509729
10:42:25.859,264200,13210,0.5418482401879712,-0.4406345233475475,-9.093531726998467,0.9120311264890484
10:42:26.067,264300,13215,0.9688286298881721,-1.1870907654588454,-9.049651675375028,0.9178453510540145
10:42:26.276,264400,13220,0.8744639726673089,-1.022656958550539,-8.401469193862198,0.8508536837187723
10:42:26.484,264500,13225,0.7769303469790696,-1.346157687836574,-8.302550814679558,0.8446781121522844
10:42:26.692,264600,13230,-0.25941782588729634,0.17065193377453625,-8.271711893479498,0.8277538120698646
10:42:26.900,264700,13235,0.8383135910429536,0.6049632973514036,-9.575838470082907,0.9631481333273163
10:42:27.108,264800,13240,-0.4089771401621207,1.2876721799248045,-9.746144480702323,0.983934419475464
10:42:27.317,264900,13245,-1.3628361521814183,-1.0345095024118498,-8.545974187163647,0.8715572677451576
10:42:27.524,265000,13250,-0.9326103576859122,0.3959020432555067,-8.175340291723417,0.8237881365532843
10:42:27.732,265100,13255,0.3540483599298714,-1.4957913312429776,-9.821366635791144,0.9940924732761138
10:42:27.940,265200,13260,-0.6323121128581685,-0.6485434240522818,-9.787723087409093,0.9829544771592915
10:42:28.148,265300,13265,1.2483263502888189,0.8479626931520183,-9.048421257820518,0.9173401041314027
10:42:28.356,265400,13270,-0.7624524733812175,0.9285410114153825,-9.63233615180473,0.9706978001695985
10:42:28.565,265500,13275,0.2976825529782259,-0.45864010487229123,-9.479507698299496,0.9495263653541397
10:42:28.776,265600,13280,0.7828387492551871,-0.8071122354400745,-8.569594726682894,0.864304462834271
10:42:28.984,265700,13285,-1.0258524660154698,-1.4011595328165436,-9.659019007436953,0.9813881469859977
10:42:29.192,265800,13290,-1.2088099290610863,1.326535380346805,-8.060496515540452,0.8257876339407626
10:42:29.400,265900,13295,-0.8864924857349031,1.4550774110791451,-8.769101869516692,0.8933099506747834
10:42:29.613,266000,13300,0.5759863414602,0.423451086479226,-9.209067923944197,0.9236774497410176
10:42:29.820,266100,13305,0.6815874645350499,1.2469258602133824,-9.069819175907766,0.9180468694807713
10:42:30.029,266200,13310,-0.5572417077749267,-1.1605630749760594,-8.07406564708503,0.8176060239829476
10:42:30.237,266300,13315,1.0117665557227618,0.315082514608108,-9.175493598922694,0.9236483710707349
10:42:30.444,266400,13320,0.7878267216758141,-0.0301680262079973,-9.519933163297967,0.9552523671096147
10:42:30.652,266500,13325,1.3244764276091443,0.20479075211256115,-9.01151993178977,0.9110634914235529
10:42:30.860,266600,13330,-0.16922068561849213,-1.4240942203348523,-8.21457537948927,0.8338820579323172
10:42:31.069,266700,13335,0.4237799075500779,0.32534907737073016,-9.725077056505203,0.9739741535952228
10:42:31.278,266800,13340,-0.12563296185161632,-0.9912964051336688,-8.3121512381181,0.8371995604948848
10:42:31.491,266900,13345,0.2853327025463579,0.05248361706987659,-8.842014513312764,0.8846772854258026
10:42:31.699,267000,13350,0.1286674427306087,0.29206040291150304,-8.814790266216598,0.882056585640369
10:42:31.906,267100,13355,0.660791289466748,0.821878645586211,-8.282634599125165,0.8349500915559628
10:42:32.113,267200,13360,-1.1925863107429344,-0.5051493421856247,-9.58799637207722,0.9675076867779808
10:42:32.321,267300,13365,0.5658419542764022,-0.29855094766146206,-8.212097031872105,0.823698048112605
10:42:32.529,267400,13370,-1.2367359982851243,1.2641882612951645,-9.510646453294434,0.9673679953823818
10:42:32.741,267500,13375,-0.7004115426936374,0.4357792565839995,-8.053157415823815,0.8095296427781105
10:42:32.949,267600,13380,-0.9729604207877052,0.32234603474666845,-9.999423842326117,1.0051817553309268
10:42:33.156,267700,13385,-0.6648652755202175,0.22285057735940983,-8.114792528216514,0.8145033209902866
10:42:33.365,267800,13390,0.32795090443677166,1.14672245302202,-9.16946863280993,0.9246711804099388
10:42:33.572,267900,13395,-0.787797282998582,0.30490008059637463,-8.576411278222777,0.8617912684140775
10:42:33.780,268000,13400,-0.6283267609558407,-0.2630845008119209,-9.129645170638405,0.9155022059769264
10:42:33.987,268100,13405,0.38096131461976857,0.8780749837487223,-8.862267071350038,0.8913805295397547
10:42:34.197,268200,13410,-0.19130222872349134,-0.2382298139192951,-8.758645224616227,0.8763972624195446
10:42:34.405,268300,13415,0.9413122091945008,1.1903119050729671,-8.741893634239712,0.8872632947378016
10:42:34.620,268400,13420,0.5143718147848682,0.1911331272078285,-9.05200992812304,0.9068626906814471
10:42:34.828,268500,13425,0.6802489077283873,0.08511186373141721,-9.986292039797872,1.0009795767644005
10:42:35.036,268600,13430,0.8792918596622248,-0.37143760099923817,-9.801677575350157,0.9848045661806533
10:42:35.244,268700,13435,-0.9330863853150684,1.0997037976594517,-9.388269210840512,0.949839972944195
10:42:35.452,268800,13440,-1.2021695796908118,0.42968880207255267,-9.726503183320665,0.9809929069066072
10:42:35.661,268900,13445,-0.4758502250532546,-1.3096000230872673,-8.65180084966287,0.8763283836518169
10:42:35.871,269000,13450,-1.2032644314546985,0.11227830130473349,-9.11081972486971,0.9190619553002009
10:42:36.080,269100,13455,-0.07391334575464925,-1.1718668620998915,-9.445534137610478,0.9518237771243867
10:42:36.290,269200,13460,1.3057620426513852,-1.105868351055205,-9.75865003285538,0.9907532981809498
10:42:36.498,269300,13465,-0.9094453926793284,-0.20502167469428945,-8.908265433944976,0.8956914527390499
10:42:36.708,269400,13470,-0.4989057596559765,-0.8564846205704161,-9.903386932220949,0.9952866199822854
10:42:36.916,269500,13475,-0.7286985033637464,0.2500490571955356,-9.590365054693061,0.9621259165103432
10:42:37.124,269600,13480,0.33291072513188125,0.27621837954124606,-9.81420461941976,0.9823733427569398
10:42:37.332,269700,13485,-0.858920145434794,0.6003960206009666,-9.745751061100233,0.9801932612639384
10:42:37.541,269800,13490,0.8485807560885505,0.29606414879957743,-8.612193669533061,0.8658962009464736
10:42:38.041,269900,13495,-1.0649712826996427,0.775408411250146,-9.484122908365807,0.9575176728301232
10:42:38.931,270000,13500,1.4784255086303606,-0.29971184826793396,-8.06552231550987,0.8205377468376993
10:42:39.139,270100,13505,-0.29669573831359575,0.634441492250823,-9.550041770317408,0.9575690167451647
10:42:39.348,270200,13510,1.0662788438615936,-0.3858841363350145,-9.222533443703602,0.9291984732002807
10:42:39.555,270300,13515,0.18773337891400943,0.2916433953802575,-8.54874676843641,0.8555779976277988
10:42:39.762,270400,13520,1.4421061387471696,-1.1502109148376796,-8.614272816298833,0.8809560228391032
10:42:39.973,270500,13525,0.16483021459437897,-0.460969149291528,-8.326075307102958,0.834045511802512
10:42:40.181,270600,13530,-1.0481916947499137,1.376354070864933,-8.05018278819064,0.8233984411001153
10:42:40.389,270700,13535,1.305577612490585,-0.7143939037918816,-9.75002110528073,0.9862951034321892
10:42:40.601,270800,13540,-0.8967089734341013,1.1865970173227298,-9.891763310735595,1.00029536068189
10:42:40.808,270900,13545,-1.0376652329912703,-0.18058951884070717,-9.697432205979046,0.975446323995501
10:42:41.016,271000,13550,-1.4682848921010363,-0.7930282846891548,-9.821518258060586,0.9962277614988784
10:42:41.224,271100,13555,0.5327923631693965,1.4952852719399057,-9.31756076122235,0.9451808519315361
10:42:41.432,271200,13560,-0.4584927620075172,0.4530513492300017,-9.675703541634832,0.969714958961948
10:42:41.642,271300,13565,0.1616152036389944,-0.038912759475896674,-9.554349081786661,0.9555795103157818
10:42:41.850,271400,13570,-1.1324906264808097,1.4113415115068948,-9.621331143688355,0.9790016999866596
10:42:42.058,271500,13575,0.4026859339000599,-1.3960737872968623,-9.37513971690997,0.9487066074004181
10:42:42.265,271600,13580,-1.3429641625919382,1.2257627756381835,-9.321032715890047,0.9496720382049747
10:42:42.473,271700,13585,-1.1312585135687103,-1.4032713846334035,-9.219856014920271,0.93943952088101
10:42:42.682,271800,13590,0.5224168656650305,-1.3614167457345112,-9.326934177727072,0.944023707820683
10:42:42.891,271900,13595,1.2125064931690335,0.6269445427171814,-8.753591001826951,0.8859378470462005
10:42:43.099,272000,13600,0.9225832504452622,-0.16401514445630916,-8.832762082657357,0.8882327782200042
10:42:43.306,272100,13605,-0.9080222865787387,0.09139682603939558,-8.633727421047073,0.8681826249912739
10:42:43.514,272200,13610,-0.4133654743115023,0.18221171900033717,-8.037947709462921,0.8050631994194868
10:42:43.725,272300,13615,0.46310731164973573,1.1594880838413286,-9.43370132016928,0.9515965615576651
10:42:43.932,272400,13620,-0.5424240772934302,0.5474313280379288,-8.640323107051067,0.8674623238664929
10:42:44.139,272500,13625,0.7723828784981084,0.03291245853911917,-9.245123784233582,0.9277390383438955
10:42:44.347,272600,13630,-0.6872769596523238,0.15054889067360833,-8.432658030856249,0.8461958168953354
10:42:44.554,272700,13635,1.1168369287171815,0.48207911983389584,-8.369581021796847,0.8457518045121053
10:42:44.762,272800,13640,-1.4857133188589708,-0.719925842605314,-9.60447100691818,0.9745332247153908
10:42:44.969,272900,13645,-0.5809373716401498,-1.3239450682495115,-8.296125419712133,0.8421164750383655
10:42:45.182,273000,13650,-0.23165611804976116,0.08293212606445954,-8.945897162879723,0.8949280325444215
10:42:45.394,273100,13655,0.21080323034162607,-0.21107106566223255,-8.24105626824285,0.8246453626440098
10:42:45.602,273200,13660,0.8210411177506987,0.31604398436671577,-8.235404901115201,0.8282263350220398
10:42:45.818,273300,13665,-1.2197670633114122,1.3800001654778131,-8.115672204237967,0.8322041064071896
10:42:46.026,273400,13670,-0.7172886501912155,0.2843080525940431,-9.813532698676848,0.9843818268561375
10:42:46.235,273500,13675,-1.0432460680742972,-0.07064311113847066,-8.827942181748575,0.8889652185096986
10:42:46.442,273600,13680,-0.37072594037568063,-0.3407718117411054,-8.27876052483492,0.8294060463856635
10:42:46.651,273700,13685,1.0771828403381805,-0.6546571895578839,-9.66215786364318,0.9744033738104595
10:42:46.861,273800,13690,-0.43788692097568926,0.6758201513521511,-8.416668920503803,0.8455104585391588
10:42:47.068,273900,13695,0.3860246416446462,0.9417112786149717,-8.300906016282335,0.836306617499705
10:42:47.277,274000,13700,-0.12255146062494515,-1.0100138514805812,-8.435105888181617,0.8496243769191191
10:42:47.485,274100,13705,0.9435119611500742,-1.30154941882307,-9.018862860632458,0.9161011571293174
10:42:47.693,274200,13710,0.730193924857971,-0.4590242577088657,-9.076866862837445,0.9117751832702026
10:42:47.900,274300,13715,1.2721203933354985,0.9688026674521173,-8.830096098052216,0.8973709712512401
10:42:48.108,274400,13720,-0.6615361977991179,0.025128455857223564,-9.165555503543366,0.9189432478060132
10:42:48.315,274500,13725,-0.23148388734292302,-1.2978308707713033,-9.11225330152945,0.9207122785673099
10:42:48.522,274600,13730,-1.4159812142406696,-1.3506473545178448,-8.021625914881112,0.8256859778005241
10:42:48.732,274700,13735,-1.2877227463023384,-0.40405408717976576,-8.280930380667513,0.8390190554818964
10:42:48.943,274800,13740,-0.26161454608715307,0.8921009511739482,-9.878298781672715,0.9921949057408354
10:42:49.151,274900,13745,-0.8755633658462979,-0.6688131459497467,-8.544587316311581,0.8615329049890088
10:42:49.359,275000,13750,-1.321993335668198,-1.1595912525726328,-9.029706032695437,0.9199342872699683
10:42:49.567,275100,13755,0.07087941616132509,0.14847000871221638,-9.052826834051036,0.9054321671027425
10:42:49.775,275200,13760,-1.3466967304707151,0.9816376680814294,-9.008164021502061,0.9161016517479981
10:42:49.982,275300,13765,0.08617529596820361,0.6821736708927788,-9.052696309839476,0.9078771809946311
10:42:50.190,275400,13770,0.745839523880496,-1.2569313060606873,-8.98961209719895,0.9107649453159878
10:42:50.402,275500,13775,-1.1124843873017847,-1.164456834484918,-9.904982630303408,1.0035051675899884
10:42:50.610,275600,13780,-1.3392924046764083,-1.0278161179217649,-8.773798193890132,0.8934743693279256
10:42:50.817,275700,13785,-1.46099197512155,1.2964425246112365,-9.009009227052895,0.9218324577932485
10:42:51.025,275800,13790,0.04410159613421083,-1.185482323937693,-8.57956454217517,0.8661191663073837
10:42:51.233,275900,13795,0.8504775824360653,-1.1797363925898863,-9.001232328747964,0.9117964329296578
10:42:51.441,276000,13800,-0.8326256672881548,-0.7153446672717765,-9.628158002889371,0.9690531978349995
10:42:51.650,276100,13805,0.9558556310103392,-0.14144972736221972,-8.245097569875492,0.8301524073895815
10:42:51.860,276200,13810,-0.46400690378199405,-1.293878482414609,-9.013020366659442,0.9117234233243696
10:42:52.068,276300,13815,0.5697804002873141,0.35944074640318124,-9.810860013827513,0.9833962658341044
10:42:52.278,276400,13820,0.9867121956111893,-0.8777581805377821,-9.171905852598117,0.9266494339791745
10:42:52.493,276500,13825,0.2521292106265447,0.6188867789552774,-9.22407610299577,0.9248252263961794
10:42:52.700,276600,13830,0.461110626297903,0.5048527371669342,-9.07080912266819,0.9096542059254729
10:42:52.909,276700,13835,-0.22941154364985117,-1.1518346687673766,-9.268728270989833,0.9342840923508247
10:42:53.115,276800,13840,1.2594957384555672,-0.2366648048776061,-9.938748903528216,1.0021031359717363
10:42:53.326,276900,13845,0.8173964587279308,0.41039869619592406,-8.068453454741533,0.812012963024057
10:42:53.540,277000,13850,-1.2509122490040299,-0.4376356356948794,-8.4955534994558,0.8598298416922623
10:42:53.748,277100,13855,-0.02252373435772359,0.7931210846723249,-8.479452413942077,0.8516493504598555
10:42:53.955,277200,13860,0.9207762046048598,-1.4882559883764945,-8.81073032566463,0.8982856092440277
10:42:54.163,277300,13865,-0.9902469637798402,-0.7054429324870953,-8.093418435358169,0.8184232447216211
10:42:54.371,277400,13870,0.7173312933635616,0.2603139974745474,-8.280477064862731,0.8315565403713541
10:42:54.578,277500,13875,-0.5367160283093083,0.9817754920221007,-8.360252801479948,0.8434795440105983
10:42:54.787,277600,13880,-0.941287158109389,1.4051281034719643,-9.556419103767432,0.970492414128207
10:42:54.998,277700,13885,0.007711368884989911,-1.336709305327549,-8.76757778989801,0.8868893478561584
10:42:55.206,277800,13890,1.4245779816526163,1.0147094035456679,-8.92870826029398,0.9098400342746817
10:42:55.413,277900,13895,1.203401692467053,0.6245682974632021,-9.961257350420102,1.005310445548673
10:42:55.621,278000,13900,-0.9463662371440367,1.1524367245670568,-8.213613405129955,0.8347883841301789
10:42:55.829,278100,13905,0.48620781384180267,-1.1398153508734352,-8.000866391915917,0.8096260871143987
10:42:56.041,278200,13910,1.1594710551680842,-0.7020966886273978,-8.207113016728389,0.8318294113416927
10:42:56.250,278300,13915,1.2013515573049878,-0.9393505406104712,-9.466551650765657,0.9588598706745334
10:42:56.457,278400,13920,1.450236248738225,-0.9540677919652653,-9.226210514915074,0.9388098369443583
10:42:56.665,278500,13925,0.02148327973635622,1.0961927641775113,-9.863939232741284,0.9924686256741625
10:42:56.878,278600,13930,0.4337480414579349,-1.4465709085453153,-8.727900016408828,0.8857592418560896
10:42:57.085,278700,13935,0.7287301380678608,1.122946670412448,-9.940891891978817,1.0030622535352878
10:42:57.292,278800,13940,0.2647584128602536,1.3287677389753383,-8.18961422102732,0.8300933791482429
10:42:57.501,278900,13945,-1.2021620994004336,-0.11536297215560132,-8.356678667070579,0.8443493392740469
10:42:57.715,279000,13950,0.27507323851962795,0.792117897838188,-8.389063463917694,0.8430866020300881
10:42:57.924,279100,13955,-0.26403888406745746,-0.27473492311735415,-8.046716177591005,0.8055733179108199
10:42:58.132,279200,13960,-0.9325963004116455,0.9585716275399632,-9.415076035474941,0.9509587382133919
10:42:58.339,279300,13965,-0.09057717636262641,-0.8422428507682985,-8.979222140254397,0.9019091278426163
10:42:58.548,279400,13970,-1.2955200249075394,1.3826473390276837,-9.519662919417467,0.9706393145674075
10:42:58.755,279500,13975,1.1744132682857682,-0.7150823569490313,-9.757679610512287,0.9854080407798217
10:42:58.964,279600,13980,0.5666144504148098,-1.4038142635394224,-9.796802149440769,0.9913076151085639
10:42:59.172,279700,13985,-0.5466108829004359,1.323658631662692,-8.1793342000626,0.8303755992729678
10:42:59.381,279800,13990,0.6335337340438296,0.7941261542316487,-9.19265827565244,0.9248619762641751
10:42:59.590,279900,13995,-0.17133364589379285,0.9044833676013395,-8.46498443692186,0.8514893240541073
10:42:59.799,280000,14000,-0.25614847771820326,-0.721366280197043,-8.1211727036535,0.8157170308103746
10:43:00.012,280100,14005,-0.1980133654380285,-1.3567565328791311,-8.553400620831088,0.8662601212270824
10:43:00.222,280200,14010,0.7831130029932831,1.1265669610475717,-9.891010036130986,0.9985714727951376
10:43:00.431,280300,14015,-0.2670386860981986,0.35101235786082463,-8.822368468999889,0.8833385802626732
10:43:00.639,280400,14020,1.315114521217145,-0.6475468079039418,-8.355402215905878,0.8483017697842415
10:43:00.848,280500,14025,0.7281308735731242,-0.8383344625587823,-9.658331908126321,0.9721952195299827
10:43:01.056,280600,14030,-0.26796369396877906,-0.46468134106153025,-8.483954035097074,0.850089462113583
10:43:01.267,280700,14035,0.41773473781390047,-0.7059133583499554,-8.093598995165063,0.8135057509029071
10:43:01.474,280800,14040,-0.26785376804953653,-0.39307966073248,-8.789962934891022,0.8802823732047456
10:43:01.683,280900,14045,-0.15755091770609342,1.2028446285466332,-9.438708307867682,0.9516347619391796
10:43:01.893,281000,14050,0.18647023021306053,0.9440639482446618,-9.557728087147071,0.9606049868336672
10:43:02.106,281100,14055,0.9790779777469467,-0.9225942664117195,-8.051831146661009,0.8163440370411555
10:43:02.314,281200,14060,-1.3843003425502904,-1.1962664082921037,-9.875555902692307,1.004360219966889
10:43:02.522,281300,14065,-0.9749721062258411,-0.9239123799309479,-8.53629951534459,0.8641330575170724
10:43:02.730,281400,14070,-1.4566678843039464,0.5345504616315373,-8.566869587591047,0.8706255225525233
10:43:02.940,281500,14075,1.2373952262809205,-0.20146471171275482,-8.856958844895441,0.8945247618498882
10:43:03.148,281600,14080,1.0617360446930961,0.3756476212594646,-8.92973191274826,0.9000472576343598
10:43:03.359,281700,14085,0.06295956990424312,-0.13481606889913977,-9.843255259172787,0.9844379786309988
10:43:03.568,281800,14090,0.9745043678527292,0.03079861636143777,-8.232469181250458,0.8290003385884255
10:43:03.776,281900,14095,-0.3626475059849965,-0.316292998682159,-9.025164426484105,0.9037983591470315
10:43:03.986,282000,14100,-0.9137883309089981,-0.8668077615949435,-9.577529028543243,0.9659991050816515
10:43:04.193,282100,14105,0.03085097381497026,1.489776731516118,-9.392149459273375,0.9509619233054567
10:43:04.402,282200,14110,0.3465803006951189,-1.3900729210168414,-8.05341099203057,0.8179844083913399
10:43:04.610,282300,14115,-1.1793022671540716,0.4692315511054135,-9.674416491566198,0.9757318614156021
10:43:04.818,282400,14120,-0.7036545326913933,1.3860018865452135,-9.348149660482203,0.9476498984628109
10:43:05.029,282500,14125,0.5476824491615195,0.2993978945592939,-9.4279868537593,0.9448625893697152
10:43:05.238,282600,14130,-0.44998363804322095,0.486978659126994,-8.386827574749578,0.8412996508826783
10:43:05.448,282700,14135,-0.22656659341600038,0.3045482387883296,-9.578577885082753,0.9586095991152895
10:43:05.658,282800,14140,-0.138573046291524,0.2613130500043037,-9.630235220880772,0.9634776458681
10:43:05.865,282900,14145,0.24266121827284204,0.8782924547051838,-9.858286114900455,0.990030743088743
10:43:06.076,283000,14150,-1.3894029134596866,-0.467707610064944,-8.897926907606362,0.9017887453142684
10:43:06.284,283100,14155,0.18251509347710204,0.6588530304306457,-9.944933440717424,0.9968405098878872
10:43:06.492,283200,14160,1.2080315865017606,0.7188378894981202,-9.692392792615776,0.9793801420884247
