Hora_Recebimento,Tempo_ms,Pacote_ID,Latitude,Longitude,Satélites
10:33:07.932,100,5,-19.67650056020745,-43.212003477175166,12
10:33:08.163,200,10,-19.67649682123962,-43.21199494542654,12
10:33:08.371,300,15,-19.676486832363807,-43.21199281856193,12
10:33:08.580,400,20,-19.67648438892095,-43.211985182215585,12
10:33:08.788,500,25,-19.67648011505691,-43.21197988212299,12
10:33:09.003,600,30,-19.67647643013708,-43.21197803979883,12
10:33:09.217,700,35,-19.676473277964426,-43.21197376965406,12
10:33:09.426,800,40,-19.67646642637267,-43.21196830226905,12
10:33:09.634,900,45,-19.676467206296596,-43.211963745096774,12
10:33:09.842,1000,50,-19.67646203856161,-43.211960783640876,12
10:33:10.052,1100,55,-19.676458028517875,-43.21196179071569,12
10:33:10.264,1200,60,-19.676452917350712,-43.21195635937451,12
10:33:10.472,1300,65,-19.676449043923494,-43.21195175189678,12
10:33:10.683,1400,70,-19.67644299738939,-43.21194512954751,12
10:33:10.900,1500,75,-19.676436272128456,-43.211945267960886,12
10:33:11.110,1600,80,-19.67643632688985,-43.2119399217212,12
10:33:11.318,1700,85,-19.67643236416468,-43.211931450029915,12
10:33:11.539,1800,90,-19.67642478472142,-43.21192829001071,12
10:33:11.751,1900,95,-19.67641932411759,-43.211924380160255,12
10:33:11.964,2000,100,-19.6764237887949,-43.21191749598905,12
10:33:12.175,2100,105,-19.676412979602308,-43.21191107078728,12
10:33:12.387,2200,110,-19.676413403923558,-43.2119091276291,12
10:33:12.598,2300,115,-19.67640795953097,-43.2119058652538,12
10:33:12.810,2400,120,-19.67640023791891,-43.2119064297058,12
10:33:13.019,2500,125,-19.67639988613444,-43.211901050483455,12
10:33:13.229,2600,130,-19.676395355820564,-43.2118933346558,12
10:33:13.438,2700,135,-19.676385256469665,-43.21189185033544,12
10:33:13.663,2800,140,-19.676386429325234,-43.21188541341869,12
10:33:13.871,2900,145,-19.67638570007504,-43.21188594525598,12
10:33:14.081,3000,150,-19.676377271108876,-43.211873354621716,12
10:33:14.289,3100,155,-19.676368236160517,-43.211872389534655,12
10:33:14.496,3200,160,-19.676368093942667,-43.21186404110449,12
10:33:14.707,3300,165,-19.67636241140358,-43.21186212977316,12
10:33:14.921,3400,170,-19.676355857390025,-43.21185711351061,12
10:33:15.140,3500,175,-19.67635518032692,-43.21185872134219,12
10:33:15.355,3600,180,-19.676349170660973,-43.21185137404182,12
10:33:15.565,3700,185,-19.67634817456492,-43.21184884449347,12
10:33:15.780,3800,190,-19.676347384069068,-43.21183892071201,12
10:33:15.989,3900,195,-19.67633953031571,-43.21184377676028,12
10:33:16.214,4000,200,-19.676332245666295,-43.211834767910105,12
10:33:16.426,4100,205,-19.67633201165002,-43.2118306229461,12
10:33:16.636,4200,210,-19.676330152524805,-43.21182646819149,12
10:33:16.849,4300,215,-19.676323134973206,-43.21182295405533,12
10:33:17.059,4400,220,-19.67631425192739,-43.21181862344778,12
10:33:17.269,4500,225,-19.676316459863944,-43.21181095855118,12
10:33:17.484,4600,230,-19.676307552323742,-43.21181322365984,12
10:33:17.710,4700,235,-19.67630907487328,-43.21180289696241,12
10:33:17.920,4800,240,-19.67629851056543,-43.21180256458968,12
10:33:18.133,4900,245,-19.676297523712694,-43.211798207362456,12
10:33:18.340,5000,250,-19.676288211693645,-43.21179066887129,12
10:33:18.549,5100,255,-19.67628705883688,-43.21179045838406,12
10:33:18.756,5200,260,-19.67627868664475,-43.21178578978621,12
10:33:18.969,5300,265,-19.67628358468017,-43.21177505802973,12
10:33:19.178,5400,270,-19.676279113078326,-43.21177445772038,12
10:33:19.395,5500,275,-19.676268421958234,-43.2117692007936,12
10:33:19.608,5600,280,-19.676266788289766,-43.21176747293873,12
10:33:19.824,5700,285,-19.676260709518942,-43.21175993921812,12
10:33:20.034,5800,290,-19.67626020155836,-43.2117587860543,12
10:33:20.250,5900,295,-19.676253636363644,-43.211753451395964,12
10:33:20.461,6000,300,-19.676247961781936,-43.21174583848972,12
10:33:20.676,6100,305,-19.676245580014,-43.2117464139226,12
10:33:20.887,6200,310,-19.67623982448617,-43.21173763577378,12
10:33:21.096,6300,315,-19.6762355354741,-43.211737957615874,12
10:33:21.318,6400,320,-19.67622855797735,-43.21173067740295,12
10:33:21.545,6500,325,-19.676226893596883,-43.211731477296134,12
10:33:21.765,6600,330,-19.676224109802284,-43.21172271442269,12
10:33:21.973,6700,335,-19.67622094292475,-43.21172397203544,12
10:33:22.194,6800,340,-19.676216645049028,-43.21171570422775,12
10:33:22.419,6900,345,-19.67620755011802,-43.21171420055133,12
10:33:22.639,7000,350,-19.676207197140442,-43.21170512270106,12
10:33:22.848,7100,355,-19.67620455521455,-43.211697615582274,12
10:33:23.066,7200,360,-19.676197663972985,-43.21169806236137,12
10:33:23.292,7300,365,-19.676192888697354,-43.21169390143861,12
10:33:23.507,7400,370,-19.676189222809565,-43.21168619459084,12
10:33:23.725,7500,375,-19.676188749230615,-43.211686192776476,12
10:33:23.953,7600,380,-19.676180049817916,-43.2116829909497,12
10:33:24.177,7700,385,-19.67617690169228,-43.21167031914926,12
10:33:24.388,7800,390,-19.676173282662866,-43.211669863767156,12
10:33:24.611,7900,395,-19.676164337267263,-43.21166919782783,12
10:33:24.827,8000,400,-19.676163632862153,-43.21166363858152,12
10:33:25.044,8100,405,-19.676153211569442,-43.21166129333565,12
10:33:25.252,8200,410,-19.676156304347472,-43.21165015703187,12
10:33:25.467,8300,415,-19.67614504370628,-43.2116532707041,12
10:33:25.679,8400,420,-19.676142851460128,-43.21164272219297,12
10:33:25.888,8500,425,-19.67614526116942,-43.21164019682349,12
10:33:26.098,8600,430,-19.676136376716087,-43.211637901568544,12
10:33:26.318,8700,435,-19.676128230757357,-43.21163270501528,12
10:33:26.530,8800,440,-19.6761261555922,-43.21162313626343,12
10:33:26.738,8900,445,-19.67612386719813,-43.2116255275922,12
10:33:26.954,9000,450,-19.67612173672134,-43.21161530615247,12
10:33:27.170,9100,455,-19.676111215099105,-43.21161070368233,12
10:33:27.383,9200,460,-19.676107257472818,-43.2116096089106,12
10:33:27.591,9300,465,-19.676107743288103,-43.2116111903795,12
10:33:27.807,9400,470,-19.676102843110513,-43.211599916309815,12
10:33:28.020,9500,475,-19.676099651080325,-43.21160069499061,12
10:33:28.236,9600,480,-19.676096503451056,-43.21159335240295,12
10:33:28.446,9700,485,-19.67609425394027,-43.211589917824774,12
10:33:28.660,9800,490,-19.676086470760698,-43.21158330961064,12
10:33:28.878,9900,495,-19.676080315948482,-43.21158092638735,12
10:33:29.095,10000,500,-19.676077072451438,-43.21157383878278,12
10:33:29.302,10100,505,-19.676073072989002,-43.21156899793776,12
10:33:29.515,10200,510,-19.67606593619657,-43.21157078848498,12
10:33:29.726,10300,515,-19.676065039574404,-43.21155915038178,12
10:33:29.944,10400,520,-19.67606126930597,-43.21156413924849,12
10:33:30.165,10500,525,-19.676053038364113,-43.211559074992785,12
10:33:30.375,10600,530,-19.67605253422279,-43.21155041683933,12
10:33:30.585,10700,535,-19.676049595014995,-43.21154539403872,12
10:33:30.802,10800,540,-19.676041438932774,-43.2115437499253,12
10:33:31.019,10900,545,-19.67603372017543,-43.21154065282565,12
10:33:31.235,11000,550,-19.67603696442329,-43.21153606109515,12
10:33:31.455,11100,555,-19.676034028989555,-43.21153438855255,12
10:33:31.663,11200,560,-19.676020956804003,-43.21152586314507,12
10:33:31.873,11300,565,-19.676018202902128,-43.211524480703794,12
10:33:32.091,11400,570,-19.67602107700161,-43.21151757856951,12
10:33:32.309,11500,575,-19.676011677942135,-43.211511503004814,12
10:33:32.519,11600,580,-19.676004289959405,-43.211508431465425,12
10:33:32.733,11700,585,-19.67600481824334,-43.21150412406474,12
10:33:32.947,11800,590,-19.676002019215794,-43.21149788211031,12
10:33:33.158,11900,595,-19.675991959507453,-43.21149783929265,12
10:33:33.367,12000,600,-19.675988441008435,-43.211491198079244,12
10:33:33.578,12100,605,-19.675983341540572,-43.21148508592069,12
10:33:33.789,12200,610,-19.675985277984037,-43.21147960629958,12
10:33:34.002,12300,615,-19.675980629076562,-43.21148008838431,12
10:33:34.210,12400,620,-19.675972576119857,-43.211476856509165,12
10:33:34.428,12500,625,-19.67597475733888,-43.21147244285032,12
10:33:34.646,12600,630,-19.67596238408739,-43.21146378410436,12
10:33:34.856,12700,635,-19.675965360950265,-43.2114644141921,12
10:33:35.072,12800,640,-19.675955550760662,-43.21145249764444,12
10:33:35.283,12900,645,-19.67595417424569,-43.21145772705784,12
10:33:35.497,13000,650,-19.675948327613096,-43.21144433855675,12
10:33:35.710,13100,655,-19.67594773320323,-43.211443644812036,12
10:33:35.921,13200,660,-19.675937819753052,-43.21143970307407,12
10:33:36.133,13300,665,-19.675934775471678,-43.211439927455324,12
10:33:36.346,13400,670,-19.675931480606806,-43.211431145365005,12
10:33:36.562,13500,675,-19.675923083906543,-43.2114319594362,12
10:33:36.779,13600,680,-19.67592397131207,-43.21142299105409,12
10:33:36.990,13700,685,-19.675916098601938,-43.211422959429335,12
10:33:37.206,13800,690,-19.675911004219305,-43.211409806407,12
10:33:37.420,13900,695,-19.67591134575123,-43.21141493123199,12
10:33:37.630,14000,700,-19.67590745410226,-43.211402266135245,12
10:33:37.838,14100,705,-19.67590404278042,-43.21140410665018,12
10:33:38.053,14200,710,-19.675892591530086,-43.21140094501677,12
10:33:38.266,14300,715,-19.675893483504076,-43.211390250184095,12
10:33:38.477,14400,720,-19.67589266638502,-43.211390349833835,12
10:33:38.696,14500,725,-19.67588032118447,-43.21138786886277,12
10:33:38.914,14600,730,-19.67588414237174,-43.21138252997391,12
10:33:39.129,14700,735,-19.675871521401294,-43.21138075226069,12
10:33:39.341,14800,740,-19.67586811271221,-43.211371942103526,12
10:33:39.555,14900,745,-19.675865708283578,-43.21137244984173,12
10:33:39.769,15000,750,-19.675858813568382,-43.21136393965955,12
10:33:39.980,15100,755,-19.67586060948167,-43.21135817205575,12
10:33:40.194,15200,760,-19.675855159169195,-43.211359217630694,12
10:33:40.404,15300,765,-19.67585505642478,-43.21135369363865,12
10:33:40.620,15400,770,-19.675850967626346,-43.2113434889967,12
10:33:40.833,15500,775,-19.675840802801467,-43.21134047775831,12
10:33:41.049,15600,780,-19.675835889704526,-43.211341118054904,12
10:33:41.259,15700,785,-19.675834218666413,-43.21132923149371,12
10:33:41.467,15800,790,-19.675829671018533,-43.21132969976278,12
10:33:41.681,15900,795,-19.675823442344868,-43.21132390211246,12
10:33:41.898,16000,800,-19.675821429080944,-43.21132438840628,12
10:33:42.111,16100,805,-19.67581243192991,-43.21131965834694,12
10:33:42.321,16200,810,-19.67581308061734,-43.211309179399876,12
10:33:42.532,16300,815,-19.6758053607806,-43.21131148654606,12
10:33:42.750,16400,820,-19.67580177604748,-43.211306081272376,12
10:33:42.968,16500,825,-19.675797156708132,-43.21129621842689,12
10:33:43.175,16600,830,-19.675795496450995,-43.21129723171244,12
10:33:43.388,16700,835,-19.675787033939123,-43.21128663009959,12
10:33:43.599,16800,840,-19.675791178617935,-43.211284779320756,12
10:33:43.812,16900,845,-19.675779888907883,-43.21128023356318,12
10:33:44.022,17000,850,-19.675774654749976,-43.2112801275237,12
10:33:44.235,17100,855,-19.675777632707604,-43.21127889690449,12
10:33:44.451,17200,860,-19.675772908937535,-43.21127167486942,12
10:33:44.663,17300,865,-19.675767570910626,-43.211266769576014,12
10:33:44.878,17400,870,-19.675760096736962,-43.21126068081744,12
10:33:45.093,17500,875,-19.675752930013687,-43.21125439032294,12
10:33:45.300,17600,880,-19.675748818255265,-43.21125536467182,12
10:33:45.512,17700,885,-19.67575178845926,-43.21124654636134,12
10:33:45.720,17800,890,-19.6757471585107,-43.21124058099265,12
10:33:45.935,17900,895,-19.675737719349318,-43.2112418409845,12
10:33:46.150,18000,900,-19.675738284310675,-43.211236372063404,12
10:33:46.358,18100,905,-19.675733549472447,-43.21123597274042,12
10:33:46.570,18200,910,-19.675732088266603,-43.21123045830251,12
10:33:46.786,18300,915,-19.675724999759368,-43.21122427799771,12
10:33:46.999,18400,920,-19.67572362524629,-43.21122102303338,12
10:33:47.209,18500,925,-19.67571882619073,-43.21121250072812,12
10:33:47.421,18600,930,-19.675707410741204,-43.21121055752124,12
10:33:47.635,18700,935,-19.675709848580805,-43.211207185869675,12
10:33:47.846,18800,940,-19.675703021671268,-43.21120616233061,12
10:33:48.062,18900,945,-19.675697608313808,-43.21119941841811,12
10:33:48.280,19000,950,-19.675695751872098,-43.21119015276019,12
10:33:48.488,19100,955,-19.675692846481834,-43.211184513160575,12
10:33:48.700,19200,960,-19.675688883972896,-43.21118345556523,12
10:33:48.911,19300,965,-19.67568503905257,-43.211180141905814,12
10:33:49.119,19400,970,-19.67568092076882,-43.21117378347838,12
10:33:49.332,19500,975,-19.6756743094225,-43.21117332473002,12
10:33:49.548,19600,980,-19.675668940711674,-43.21116676706044,12
10:33:49.761,19700,985,-19.675660919725736,-43.21116004762918,12
10:33:49.968,19800,990,-19.675663289104023,-43.21116252230572,12
10:33:50.189,19900,995,-19.67565269275585,-43.211155867269404,12
10:33:50.397,20000,1000,-19.675648280928883,-43.21115214399658,12
10:33:50.607,20100,1005,-19.67564301381762,-43.21114357673669,12
10:33:50.820,20200,1010,-19.675645833660926,-43.211147162673335,12
10:33:51.032,20300,1015,-19.675636848954948,-43.21113667932607,12
10:33:51.239,20400,1020,-19.675631038450682,-43.21113881135154,12
10:33:51.451,20500,1025,-19.67563263685149,-43.2111261969572,12
10:33:51.660,20600,1030,-19.675623225470943,-43.211126088350426,12
10:33:51.871,20700,1035,-19.67561698003332,-43.211120621421394,12
10:33:52.085,20800,1040,-19.675617356204427,-43.2111152739788,12
10:33:52.306,20900,1045,-19.675610101774325,-43.211109691026216,12
10:33:52.519,21000,1050,-19.675605075428567,-43.21110728307986,12
10:33:52.726,21100,1055,-19.675602785521157,-43.211108203332905,12
10:33:52.935,21200,1060,-19.675604418855855,-43.211100858624555,12
10:33:53.148,21300,1065,-19.675595776798048,-43.21109136518169,12
10:33:53.361,21400,1070,-19.67559345539096,-43.21109606639668,12
10:33:53.579,21500,1075,-19.675591433163497,-43.21108404443552,12
10:33:53.786,21600,1080,-19.675578328638224,-43.21108007403423,12
10:33:54.000,21700,1085,-19.67557429110514,-43.211078473794736,12
10:33:54.212,21800,1090,-19.6755745278324,-43.21107200720359,12
10:33:54.428,21900,1095,-19.67557012626928,-43.21106709096715,12
10:33:54.636,22000,1100,-19.675564973569696,-43.21106434491,12
10:33:54.847,22100,1105,-19.675564597277567,-43.21106169424152,12
10:33:55.063,22200,1110,-19.675559386166714,-43.21105746908496,12
10:33:55.274,22300,1115,-19.675550448706563,-43.21105416655015,12
10:33:55.481,22400,1120,-19.675549135257754,-43.21105234056355,12
10:33:55.694,22500,1125,-19.675539944150454,-43.211047829447665,12
10:33:55.908,22600,1130,-19.67554258254896,-43.211044522041576,12
10:33:56.119,22700,1135,-19.67553812798792,-43.211036182235546,12
10:33:56.327,22800,1140,-19.675532327828968,-43.211036164666815,12
10:33:56.541,22900,1145,-19.675524489669836,-43.21103121525951,12
10:33:56.758,23000,1150,-19.675525345000437,-43.21102820737859,12
10:33:56.975,23100,1155,-19.675518574884368,-43.21102315728743,12
10:33:57.191,23200,1160,-19.675517171306343,-43.211010011713974,12
10:33:57.402,23300,1165,-19.675507739253653,-43.211009801756276,12
10:33:57.613,23400,1170,-19.675511175991684,-43.21100905191699,12
10:33:57.825,23500,1175,-19.675502596392693,-43.21099821135394,12
10:33:58.044,23600,1180,-19.67550064394736,-43.21099307077587,12
10:33:58.255,23700,1185,-19.67549439471601,-43.21099156997092,12
10:33:58.463,23800,1190,-19.675490568509314,-43.21098884814985,12
10:33:58.679,23900,1195,-19.67548942885648,-43.210989682120065,12
10:33:58.897,24000,1200,-19.675478180911433,-43.21097796462573,12
10:33:59.113,24100,1205,-19.67547266217346,-43.210980787991936,12
10:33:59.334,24200,1210,-19.675468565171574,-43.21096701865844,12
10:33:59.542,24300,1215,-19.675472454040836,-43.21096846220569,12
10:33:59.766,24400,1220,-19.67546006276124,-43.210961566648145,12
10:33:59.985,24500,1225,-19.675460215034146,-43.21095456318717,12
10:34:00.205,24600,1230,-19.675452192855793,-43.21095048259078,12
10:34:00.414,24700,1235,-19.675449184460035,-43.210952157552796,12
10:34:00.628,24800,1240,-19.675448898213023,-43.21094936067103,12
10:34:00.844,24900,1245,-19.675438163764944,-43.21093714190565,12
10:34:01.058,25000,1250,-19.67543621823201,-43.21094123314468,12
10:34:01.269,25100,1255,-19.67542979125985,-43.2109367601754,12
10:34:01.484,25200,1260,-19.675427136617625,-43.210929432978645,12
10:34:01.699,25300,1265,-19.675427489063743,-43.210928465424786,12
10:34:01.914,25400,1270,-19.6754233608234,-43.210918181697814,12
10:34:02.128,25500,1275,-19.67541631350557,-43.21091195259626,12
10:34:02.342,25600,1280,-19.67540742953137,-43.210915858438185,12
10:34:02.561,25700,1285,-19.67540666524455,-43.21090260680806,12
10:34:02.776,25800,1290,-19.675407453275604,-43.21090798988419,12
10:34:02.991,25900,1295,-19.675399318820748,-43.21089982906114,12
10:34:03.206,26000,1300,-19.675395337494784,-43.21089905669557,12
10:34:03.424,26100,1305,-19.67538859599549,-43.21089280408303,12
10:34:03.637,26200,1310,-19.675382055931557,-43.21088758618867,12
10:34:03.851,26300,1315,-19.67538417032772,-43.21088072098068,12
10:34:04.069,26400,1320,-19.675377039861715,-43.21087417911287,12
10:34:04.279,26500,1325,-19.675369184395283,-43.21087497594649,12
10:34:04.494,26600,1330,-19.675366572220717,-43.21086428407849,12
10:34:04.708,26700,1335,-19.675360284313776,-43.21086369879201,12
10:34:04.924,26800,1340,-19.675355165479985,-43.210857279772156,12
10:34:05.142,26900,1345,-19.675352659504796,-43.21086018711383,12
10:34:05.361,27000,1350,-19.675351215308197,-43.21085596071328,12
10:34:05.575,27100,1355,-19.675348537515102,-43.21084811526068,12
10:34:05.785,27200,1360,-19.675345834613214,-43.210837997083175,12
10:34:06.001,27300,1365,-19.675338933619418,-43.21083990771043,12
10:34:06.208,27400,1370,-19.675331918818166,-43.21083232707131,12
10:34:06.418,27500,1375,-19.67532572188036,-43.21082739039334,12
10:34:06.636,27600,1380,-19.675328625593423,-43.21082312829431,12
10:34:06.851,27700,1385,-19.675317908533017,-43.210824227429285,12
10:34:07.059,27800,1390,-19.6753168661279,-43.21081708431394,12
10:34:07.272,27900,1395,-19.675311580973425,-43.2108170411852,12
10:34:07.484,28000,1400,-19.675310223719897,-43.210805869138056,12
10:34:07.700,28100,1405,-19.67530469340055,-43.2108078487162,12
10:34:07.908,28200,1410,-19.675301612530113,-43.210803223327574,12
10:34:08.122,28300,1415,-19.675300924356925,-43.21079662189487,12
10:34:08.341,28400,1420,-19.675292378646247,-43.21078748157248,12
10:34:08.552,28500,1425,-19.675291138285782,-43.210785869858434,12
10:34:08.760,28600,1430,-19.675279363001184,-43.21078181072883,12
10:34:08.977,28700,1435,-19.675274457171014,-43.21078238152129,12
10:34:09.188,28800,1440,-19.675270171759387,-43.210776615604324,12
10:34:09.397,28900,1445,-19.675274497465896,-43.21076630129333,12
10:34:09.604,29000,1450,-19.67526202345087,-43.21076887289933,12
10:34:09.820,29100,1455,-19.675263810310614,-43.21076638306124,12
10:34:10.033,29200,1460,-19.67525979821822,-43.21075612519034,12
10:34:10.243,29300,1465,-19.675257770394943,-43.210751735987614,12
10:34:10.450,29400,1470,-19.67524952497971,-43.210746745182625,12
10:34:10.662,29500,1475,-19.675247541797603,-43.2107411646749,12
10:34:10.875,29600,1480,-19.67524203172597,-43.210737293761,12
10:34:11.085,29700,1485,-19.675237424075572,-43.21073261208838,12
10:34:11.300,29800,1490,-19.6752296900832,-43.21072933784534,12
10:34:11.512,29900,1495,-19.67522721765399,-43.21073062189778,12
10:34:11.725,30000,1500,-19.675219852555625,-43.210725147689914,12
10:34:11.943,30100,1505,-19.675218285467835,-43.21072383043808,12
10:34:12.158,30200,1510,-19.675217434118068,-43.21071899537018,12
10:34:12.370,30300,1515,-19.675213342005556,-43.21071340929651,12
10:34:12.586,30400,1520,-19.67520217881,-43.21070870193218,12
10:34:12.801,30500,1525,-19.67520255489043,-43.210697962083614,12
10:34:13.016,30600,1530,-19.675202642527683,-43.21069484158191,12
10:34:13.227,30700,1535,-19.67519687126334,-43.21069192805552,12
10:34:13.440,30800,1540,-19.675189386976726,-43.21069449200041,12
10:34:13.654,30900,1545,-19.675189183922775,-43.21068935752697,12
10:34:13.869,31000,1550,-19.675181240677894,-43.21068031326211,12
10:34:14.083,31100,1555,-19.675174722428658,-43.21067726760708,12
10:34:14.296,31200,1560,-19.675176169432362,-43.210676681705515,12
10:34:14.505,31300,1565,-19.675164285533107,-43.21066387749353,12
10:34:14.717,31400,1570,-19.675160352066122,-43.210667054811246,12
10:34:14.935,31500,1575,-19.675162686556654,-43.210656554573305,12
10:34:15.151,31600,1580,-19.675150710682882,-43.21065329858628,12
10:34:15.359,31700,1585,-19.67515607178342,-43.21065453713104,12
10:34:15.570,31800,1590,-19.675149304151674,-43.21064380247206,12
10:34:15.787,31900,1595,-19.675142835975517,-43.21064517451036,12
10:34:15.995,32000,1600,-19.675143141825398,-43.21064289076808,12
10:34:16.202,32100,1605,-19.675133150149385,-43.21063775419428,12
10:34:16.412,32200,1610,-19.67513139229014,-43.21063324948722,12
10:34:16.628,32300,1615,-19.67512124980861,-43.21062205188283,12
10:34:16.842,32400,1620,-19.67512129019788,-43.21062047852909,12
10:34:17.049,32500,1625,-19.675119357251223,-43.21061411094133,12
10:34:17.259,32600,1630,-19.675111026452164,-43.210614100597404,12
10:34:17.473,32700,1635,-19.675107722897412,-43.21060479901011,12
10:34:17.690,32800,1640,-19.675106382715974,-43.210601519280154,12
10:34:17.905,32900,1645,-19.675099608187768,-43.210602080299154,12
10:34:18.120,33000,1650,-19.67509192393114,-43.21059439568448,12
10:34:18.333,33100,1655,-19.675089053000924,-43.2105967763347,12
10:34:18.543,33200,1660,-19.675090626403446,-43.210587407330316,12
10:34:18.760,33300,1665,-19.675078946488394,-43.210585417138134,12
10:34:18.975,33400,1670,-19.675076746185297,-43.21058188184453,12
10:34:19.195,33500,1675,-19.6750767458595,-43.210577251947484,12
10:34:19.413,33600,1680,-19.675071200135914,-43.21056799309016,12
10:34:19.626,33700,1685,-19.67506553628303,-43.21056647402335,12
10:34:19.842,33800,1690,-19.67506161339793,-43.21056624949379,12
10:34:20.053,33900,1695,-19.675059574771804,-43.21056243801477,12
10:34:20.268,34000,1700,-19.675055920446248,-43.21055549307965,12
10:34:20.483,34100,1705,-19.67504844750563,-43.21055395592851,12
10:34:20.701,34200,1710,-19.675046829343323,-43.21054256500411,12
10:34:20.911,34300,1715,-19.675039049393853,-43.21054238208073,12
10:34:21.119,34400,1720,-19.675039692129346,-43.21053978595641,12
10:34:21.334,34500,1725,-19.675027214965027,-43.21053216783781,12
10:34:21.544,34600,1730,-19.675031441771768,-43.21052284094594,12
10:34:21.765,34700,1735,-19.675023013915848,-43.21052159788278,12
10:34:21.980,34800,1740,-19.675020657993684,-43.21051856077448,12
10:34:22.195,34900,1745,-19.67501467734023,-43.210517392693255,12
10:34:22.407,35000,1750,-19.67501250802931,-43.21051018197934,12
10:34:22.623,35100,1755,-19.675003638638536,-43.21050805252736,12
10:34:22.837,35200,1760,-19.674997367714546,-43.21050145880555,12
10:34:23.054,35300,1765,-19.67499556116091,-43.21049800179561,12
10:34:23.267,35400,1770,-19.674990751636333,-43.21049628014382,12
10:34:23.480,35500,1775,-19.674987990637234,-43.2104852911299,12
10:34:23.693,35600,1780,-19.67498189858748,-43.21048747121843,12
10:34:23.908,35700,1785,-19.674985117907458,-43.210478541544596,12
10:34:24.124,35800,1790,-19.67497485045394,-43.21048032764319,12
10:34:24.339,35900,1795,-19.67496861561528,-43.21047673499068,12
10:34:24.550,36000,1800,-19.67496803928796,-43.21046389200235,12
10:34:24.766,36100,1805,-19.674961345702705,-43.210461126760954,12
10:34:24.979,36200,1810,-19.674962430262454,-43.21046218885265,12
10:34:25.197,36300,1815,-19.674957128724166,-43.210457780795224,12
10:34:25.405,36400,1820,-19.67494723105545,-43.21044957731324,12
10:34:25.618,36500,1825,-19.67494473979627,-43.210446183854465,12
10:34:25.833,36600,1830,-19.67494479129765,-43.210440204117624,12
10:34:26.048,36700,1835,-19.674936236707783,-43.21043782422877,12
10:34:26.259,36800,1840,-19.674937320680215,-43.21043837665145,12
10:34:26.471,36900,1845,-19.674924724241922,-43.21042884880794,12
10:34:26.688,37000,1850,-19.674927200073885,-43.21042581317601,12
10:34:26.897,37100,1855,-19.674923191804,-43.21042495903078,12
10:34:27.107,37200,1860,-19.674919652431146,-43.2104162003706,12
10:34:27.316,37300,1865,-19.674911276904734,-43.210409038576586,12
10:34:27.523,37400,1870,-19.67490438692793,-43.21041043906853,12
10:34:27.741,37500,1875,-19.674899559777494,-43.21040305347226,12
10:34:27.959,37600,1880,-19.674900033930413,-43.210396150138344,12
10:34:28.180,37700,1885,-19.674892622203853,-43.21039185950289,12
10:34:28.388,37800,1890,-19.67489153537962,-43.21038649563727,12
10:34:28.603,37900,1895,-19.674881930375687,-43.210387950878854,12
10:34:28.817,38000,1900,-19.674883668122927,-43.21038355219575,12
10:34:29.033,38100,1905,-19.67487446372753,-43.21037620504262,12
10:34:29.244,38200,1910,-19.6748737191473,-43.21037369880622,12
10:34:29.452,38300,1915,-19.674869494706776,-43.210369919583464,12
10:34:29.669,38400,1920,-19.67486727730038,-43.2103656022243,12
10:34:29.888,38500,1925,-19.674861258088214,-43.210360626592426,12
10:34:30.102,38600,1930,-19.67485524993737,-43.2103608504935,12
10:34:30.310,38700,1935,-19.67485536743985,-43.210354459944504,12
10:34:30.528,38800,1940,-19.67484419057186,-43.21034974128474,12
10:34:30.744,38900,1945,-19.67484201958793,-43.210339427838534,12
10:34:30.961,39000,1950,-19.674835877706236,-43.21034379278141,12
10:34:31.169,39100,1955,-19.674831684619154,-43.210339437394744,12
10:34:31.384,39200,1960,-19.674829694173127,-43.210332315819734,12
10:34:31.595,39300,1965,-19.67482262343442,-43.21032834106718,12
10:34:31.810,39400,1970,-19.674820101175175,-43.210322824531836,12
10:34:32.019,39500,1975,-19.674818776316158,-43.21031605633309,12
10:34:32.229,39600,1980,-19.674812662811412,-43.21031672118067,12
10:34:32.447,39700,1985,-19.674806833153657,-43.21031217205255,12
10:34:32.665,39800,1990,-19.674804896508643,-43.210307574161035,12
10:34:32.875,39900,1995,-19.67480151326785,-43.21030118229799,12
10:34:33.089,40000,2000,-19.674801366760335,-43.21029397231801,12
10:34:33.300,40100,2005,-19.674795313200438,-43.21029337594535,12
10:34:33.512,40200,2010,-19.67479056975823,-43.21028894806167,12
10:34:33.727,40300,2015,-19.674786838996358,-43.210287704799086,12
10:34:33.943,40400,2020,-19.674775884200088,-43.21027508970974,12
10:34:34.153,40500,2025,-19.6747718065041,-43.210276808856705,12
10:34:34.372,40600,2030,-19.674767354711356,-43.210276084746425,12
10:34:34.586,40700,2035,-19.674765441712815,-43.21026290002312,12
10:34:34.802,40800,2040,-19.674760975333275,-43.21025883075564,12
10:34:35.016,40900,2045,-19.67475557783598,-43.21025690798301,12
10:34:35.226,41000,2050,-19.674750073246393,-43.210255284917466,12
10:34:35.439,41100,2055,-19.674746974534006,-43.21025273335379,12
10:34:35.651,41200,2060,-19.674742847788647,-43.21024370795605,12
10:34:35.862,41300,2065,-19.67473695999193,-43.210241269886595,12
10:34:36.081,41400,2070,-19.674737023526866,-43.210235271475284,12
10:34:36.292,41500,2075,-19.67473323064028,-43.210230751726876,12
10:34:36.504,41600,2080,-19.674725845560914,-43.21022523750162,12
10:34:36.721,41700,2085,-19.67472781499717,-43.21022197706149,12
10:34:36.931,41800,2090,-19.67472020477541,-43.21021991918221,12
10:34:37.145,41900,2095,-19.67471509742556,-43.2102160601968,12
10:34:37.361,42000,2100,-19.674712166088995,-43.21020978239728,12
10:34:37.578,42100,2105,-19.674707950179165,-43.21020525094967,12
10:34:37.785,42200,2110,-19.674699047774983,-43.21020058759299,12
10:34:38.002,42300,2115,-19.674698000409077,-43.210195220115516,12
10:34:38.212,42400,2120,-19.674697079705,-43.210193321546534,12
10:34:38.423,42500,2125,-19.67468623052749,-43.2101907117568,12
10:34:38.631,42600,2130,-19.674681924991418,-43.21018949453097,12
10:34:38.849,42700,2135,-19.67468341989445,-43.21018194668608,12
10:34:39.066,42800,2140,-19.67467555340963,-43.21017419692798,12
10:34:39.277,42900,2145,-19.67467576330843,-43.210171666196445,12
10:34:39.484,43000,2150,-19.674664177871747,-43.21017333047417,12
10:34:39.697,43100,2155,-19.67466315927062,-43.210165415910275,12
10:34:39.909,43200,2160,-19.674658584782087,-43.2101578618327,12
10:34:40.120,43300,2165,-19.674652848251487,-43.2101531148977,12
10:34:40.328,43400,2170,-19.674649540596487,-43.21015121865699,12
10:34:40.538,43500,2175,-19.674648427211892,-43.2101441857928,12
10:34:40.755,43600,2180,-19.6746400954872,-43.21014715970313,12
10:34:40.968,43700,2185,-19.674643326313902,-43.21014380261618,12
10:34:41.179,43800,2190,-19.674632693110333,-43.210139439083186,12
10:34:41.394,43900,2195,-19.674634313541723,-43.21013355705745,12
10:34:41.601,44000,2200,-19.674625030719465,-43.21012593119696,12
10:34:41.812,44100,2205,-19.67461995746647,-43.210123353306,12
10:34:42.029,44200,2210,-19.674622000304637,-43.2101156272498,12
10:34:42.239,44300,2215,-19.674612363529995,-43.210112080466594,12
10:34:42.455,44400,2220,-19.674606305413512,-43.21010654857967,12
10:34:42.665,44500,2225,-19.67460847735437,-43.21010402797699,12
10:34:42.878,44600,2230,-19.674603928342954,-43.210103654894134,12
10:34:43.094,44700,2235,-19.67459635428883,-43.21009691612345,12
10:34:43.308,44800,2240,-19.674591263105256,-43.210093895665665,12
10:34:43.516,44900,2245,-19.674592085109012,-43.210086158892565,12
10:34:43.734,45000,2250,-19.67458292925422,-43.21007958857839,12
10:34:43.951,45100,2255,-19.674580515542242,-43.21007579147844,12
10:34:44.169,45200,2260,-19.674570540818234,-43.210074990339436,12
10:34:44.382,45300,2265,-19.674572843054197,-43.21006839267873,12
10:34:44.600,45400,2270,-19.67456782449202,-43.21006864605728,12
10:34:44.818,45500,2275,-19.674558562298397,-43.21006452651254,12
10:34:45.034,45600,2280,-19.674557950644235,-43.21005631122456,12
10:34:45.242,45700,2285,-19.67455297603288,-43.210052649371015,12
10:34:45.460,45800,2290,-19.674544455949107,-43.21005254445324,12
10:34:45.679,45900,2295,-19.674545015804686,-43.21004726632377,12
10:34:45.887,46000,2300,-19.674540000778247,-43.21004519395735,12
10:34:46.097,46100,2305,-19.674539503794904,-43.210037396122615,12
10:34:46.316,46200,2310,-19.674533503045375,-43.210035771429304,12
10:34:46.536,46300,2315,-19.674530054317433,-43.21002510750104,12
10:34:46.744,46400,2320,-19.6745286847994,-43.21002784968101,12
10:34:46.964,46500,2325,-19.674516838880507,-43.21002433458411,12
10:34:47.182,46600,2330,-19.6745150894993,-43.2100168818362,12
10:34:47.392,46700,2335,-19.674511704264063,-43.210008506074345,12
10:34:47.604,46800,2340,-19.674510844057046,-43.21000917423521,12
10:34:47.821,46900,2345,-19.674502248182087,-43.21000600298097,12
10:34:48.034,47000,2350,-19.674494908146603,-43.209998755680026,12
10:34:48.248,47100,2355,-19.674492188966028,-43.2099969728587,12
10:34:48.457,47200,2360,-19.674492135590665,-43.20999182733546,12
10:34:48.668,47300,2365,-19.67448395642547,-43.20998250519339,12
10:34:48.883,47400,2370,-19.674477168350382,-43.209979468872696,12
10:34:49.097,47500,2375,-19.674475444637935,-43.209978685562625,12
10:34:49.304,47600,2380,-19.6744729383015,-43.2099686653478,12
10:34:49.518,47700,2385,-19.674464218179267,-43.20996953221926,12
10:34:49.732,47800,2390,-19.674462785469288,-43.20996314136437,12
10:34:49.947,47900,2395,-19.674463070850482,-43.20996026128067,12
10:34:50.155,48000,2400,-19.674458642828704,-43.20995743650317,12
10:34:50.371,48100,2405,-19.67444625013401,-43.20995248259563,12
10:34:50.582,48200,2410,-19.674451665113967,-43.20995139795804,12
10:34:50.792,48300,2415,-19.674446346343938,-43.20994453706055,12
10:34:51.000,48400,2420,-19.674435489103928,-43.20994346879334,12
10:34:51.213,48500,2425,-19.67443543734847,-43.209932026961525,12
10:34:51.426,48600,2430,-19.674426318295076,-43.209926994325464,12
10:34:51.638,48700,2435,-19.674425823275666,-43.20993049229147,12
10:34:51.845,48800,2440,-19.674422567565863,-43.20992515351842,12
10:34:52.057,48900,2445,-19.67441681066783,-43.20991754677067,12
10:34:52.273,49000,2450,-19.674409796775983,-43.209910162701846,12
10:34:52.487,49100,2455,-19.67440930901191,-43.20991107059537,12
10:34:52.695,49200,2460,-19.67440339798002,-43.209906923085875,12
10:34:52.914,49300,2465,-19.67440477094061,-43.20990160211086,12
10:34:53.128,49400,2470,-19.674391817519435,-43.20989567993171,12
10:34:53.344,49500,2475,-19.674390386095986,-43.20989559357965,12
10:34:53.555,49600,2480,-19.674391518675055,-43.209883521856156,12
10:34:53.768,49700,2485,-19.674381479484627,-43.20988293784704,12
10:34:53.978,49800,2490,-19.674382116111428,-43.20987613600119,12
10:34:54.194,49900,2495,-19.67437450261967,-43.209872287618126,12
10:34:54.409,50000,2500,-19.674366763550953,-43.209870456856564,12
10:34:54.617,50100,2505,-19.674370480716675,-43.209866304744686,12
10:34:54.833,50200,2510,-19.67436156726139,-43.20986486602575,12
10:34:55.043,50300,2515,-19.674354519445945,-43.20985609162446,12
10:34:55.255,50400,2520,-19.674358513091704,-43.20985836277015,12
10:34:55.469,50500,2525,-19.67434741045659,-43.209848671753406,12
10:34:55.682,50600,2530,-19.67434239624889,-43.209840621734585,12
10:34:55.894,50700,2535,-19.674338912584453,-43.209842014963385,12
10:34:56.107,50800,2540,-19.674334261885967,-43.209833313597706,12
10:34:56.322,50900,2545,-19.67432888231577,-43.20983382088379,12
10:34:56.537,51000,2550,-19.67433028413966,-43.20983059941923,12
10:34:56.752,51100,2555,-19.67431945409605,-43.20982452666971,12
10:34:56.962,51200,2560,-19.674315275119735,-43.209817687801696,12
10:34:57.180,51300,2565,-19.674317269922874,-43.20981342818378,12
10:34:57.397,51400,2570,-19.674310287637518,-43.20981030756292,12
10:34:57.606,51500,2575,-19.674303597476154,-43.20980300560198,12
10:34:57.824,51600,2580,-19.674302823923966,-43.209798069579506,12
10:34:58.039,51700,2585,-19.67430108507742,-43.209796082574385,12
10:34:58.249,51800,2590,-19.674289461527955,-43.20979150389426,12
10:34:58.457,51900,2595,-19.674287518274745,-43.20978981821297,12
10:34:58.674,52000,2600,-19.674283285667507,-43.209788481034046,12
10:34:58.886,52100,2605,-19.674278160287002,-43.2097760097076,12
10:34:59.106,52200,2610,-19.674276380544097,-43.209781466090256,12
10:34:59.316,52300,2615,-19.674273925823936,-43.20976916619188,12
10:34:59.529,52400,2620,-19.67426564635136,-43.20976841972184,12
10:34:59.746,52500,2625,-19.674268636842708,-43.20976425887694,12
10:34:59.963,52600,2630,-19.67426218611006,-43.2097610703047,12
10:35:00.174,52700,2635,-19.674258554637785,-43.209752732761345,12
10:35:00.386,52800,2640,-19.674255291545627,-43.20975424563523,12
10:35:00.597,52900,2645,-19.674245150911805,-43.209751439997,12
10:35:00.811,53000,2650,-19.67424027103734,-43.20974668144557,12
10:35:01.024,53100,2655,-19.674240008040893,-43.20974024170213,12
10:35:01.240,53200,2660,-19.67423479175536,-43.2097296303732,12
10:35:01.454,53300,2665,-19.674234398287602,-43.20972901158945,12
10:35:01.664,53400,2670,-19.674229306317528,-43.209725541787314,12
10:35:01.880,53500,2675,-19.674225998111478,-43.209720325235416,12
10:35:02.095,53600,2680,-19.674217142291415,-43.209719288199075,12
10:35:02.315,53700,2685,-19.674211236163917,-43.20971367874501,12
10:35:02.528,53800,2690,-19.674203951110155,-43.20970973546291,12
10:35:02.741,53900,2695,-19.674199976346493,-43.20970670832677,12
10:35:02.955,54000,2700,-19.674202950856202,-43.20970319256287,12
10:35:03.172,54100,2705,-19.674190727859038,-43.209698373662256,12
10:35:03.380,54200,2710,-19.67419030572689,-43.20968681214057,12
10:35:03.593,54300,2715,-19.674184283698963,-43.209685477644676,12
10:35:03.807,54400,2720,-19.674186114747986,-43.2096777460129,12
10:35:04.023,54500,2725,-19.67417415518596,-43.209674320564375,12
10:35:04.232,54600,2730,-19.674177905872572,-43.2096750245371,12
10:35:04.446,54700,2735,-19.674165909811407,-43.209673073685245,12
10:35:04.658,54800,2740,-19.67416497307159,-43.20966248150512,12
10:35:04.873,54900,2745,-19.674163466537973,-43.20965831071668,12
10:35:05.081,55000,2750,-19.67415986649578,-43.2096525185825,12
10:35:05.294,55100,2755,-19.674152898618257,-43.209650983497916,12
10:35:05.511,55200,2760,-19.674146075587924,-43.209653300233974,12
10:35:05.718,55300,2765,-19.67414664960167,-43.20964609134635,12
10:35:05.925,55400,2770,-19.674137749098723,-43.20964051081656,12
10:35:06.139,55500,2775,-19.674134490120043,-43.20963136571796,12
10:35:06.354,55600,2780,-19.674135149728787,-43.2096278997157,12
10:35:06.564,55700,2785,-19.674127504665123,-43.20962245164489,12
10:35:06.772,55800,2790,-19.674126562802062,-43.20962794350912,12
10:35:06.985,55900,2795,-19.674119196425732,-43.2096144153851,12
10:35:07.200,56000,2800,-19.674111097157063,-43.20961304226155,12
10:35:07.406,56100,2805,-19.674113173282215,-43.20960617864128,12
10:35:07.621,56200,2810,-19.67410470764428,-43.209608354550674,12
10:35:07.839,56300,2815,-19.674101903319443,-43.2096045109755,12
10:35:08.056,56400,2820,-19.67409935305867,-43.20959671274371,12
10:35:08.267,56500,2825,-19.67409723738412,-43.20959498674705,12
10:35:08.476,56600,2830,-19.674092483670204,-43.20959229930778,12
10:35:08.689,56700,2835,-19.674083244603185,-43.20958099247368,12
10:35:08.907,56800,2840,-19.674076485806673,-43.20957885093712,12
10:35:09.126,56900,2845,-19.67407892541487,-43.209576533533095,12
10:35:09.339,57000,2850,-19.67406702352414,-43.20957193031678,12
10:35:09.556,57100,2855,-19.674066904852356,-43.20957227559446,12
10:35:09.771,57200,2860,-19.67406517433496,-43.20956455155507,12
10:35:09.982,57300,2865,-19.67405420171665,-43.20955982339523,12
10:35:10.198,57400,2870,-19.67405747385915,-43.20955084689896,12
10:35:10.410,57500,2875,-19.67405170558148,-43.20955505394958,12
10:35:10.630,57600,2880,-19.67404394170981,-43.20954639247346,12
10:35:10.838,57700,2885,-19.67403818969478,-43.20954091758955,12
10:35:11.056,57800,2890,-19.67403325396076,-43.20954029242074,12
10:35:11.268,57900,2895,-19.674034304614736,-43.209528506816,12
10:35:11.484,58000,2900,-19.674033349295684,-43.20952705279216,12
10:35:11.692,58100,2905,-19.674024603144698,-43.20952514990419,12
10:35:11.901,58200,2910,-19.67401902475669,-43.2095246886142,12
10:35:12.114,58300,2915,-19.674011587173062,-43.20951467301916,12
10:35:12.329,58400,2920,-19.67400909501108,-43.20950815397266,12
10:35:12.537,58500,2925,-19.674009043246723,-43.2095118787896,12
10:35:12.752,58600,2930,-19.673999272352102,-43.20950399496509,12
10:35:12.968,58700,2935,-19.674001665915604,-43.20950077721606,12
10:35:13.188,58800,2940,-19.67399340185328,-43.20949389161287,12
10:35:13.396,58900,2945,-19.67399113000186,-43.20949191451618,12
10:35:13.609,59000,2950,-19.673991260971803,-43.2094816602197,12
10:35:13.825,59100,2955,-19.673980331342054,-43.20948293201452,12
10:35:14.039,59200,2960,-19.67397517273544,-43.20948209340351,12
10:35:14.246,59300,2965,-19.67397767558222,-43.20947257965333,12
10:35:14.463,59400,2970,-19.673967007181616,-43.20946999419611,12
10:35:14.675,59500,2975,-19.67396881909213,-43.20946090454086,12
10:35:14.889,59600,2980,-19.67395804423423,-43.20945812014948,12
10:35:15.097,59700,2985,-19.673952900780908,-43.20945397556956,12
10:35:15.309,59800,2990,-19.673948887435976,-43.209448638741314,12
10:35:15.522,59900,2995,-19.673944385302686,-43.20944976918701,12
10:35:15.732,60000,3000,-19.673948219262588,-43.20944890790024,12
10:35:15.939,60100,3005,-19.67393556022067,-43.20943677356254,12
10:35:16.145,60200,3010,-19.673933428904064,-43.20943927777664,12
10:35:16.353,60300,3015,-19.673928772086885,-43.2094313751734,12
10:35:16.566,60400,3020,-19.673928618232473,-43.20943150994367,12
10:35:16.775,60500,3025,-19.673918874393912,-43.209425915348014,12
10:35:16.988,60600,3030,-19.673923384448297,-43.20941886327144,12
10:35:17.198,60700,3035,-19.673913445674966,-43.2094147059938,12
10:35:17.406,60800,3040,-19.673909636474068,-43.2094115216884,12
10:35:17.614,60900,3045,-19.673910961933238,-43.20940312315698,12
10:35:17.829,61000,3050,-19.673902601617876,-43.20940152612839,12
10:35:18.038,61100,3055,-19.673899803193482,-43.209399275812075,12
10:35:18.248,61200,3060,-19.67389239769362,-43.20938892471203,12
10:35:18.455,61300,3065,-19.673889790920494,-43.2093906619362,12
10:35:18.668,61400,3070,-19.673880717705984,-43.20939008531367,12
10:35:18.879,61500,3075,-19.673877733606716,-43.20938456491318,12
10:35:19.088,61600,3080,-19.673873678828897,-43.2093732112705,12
10:35:19.295,61700,3085,-19.67387333217382,-43.20937090909319,12
10:35:19.509,61800,3090,-19.673873050060493,-43.2093718380498,12
10:35:19.722,61900,3095,-19.673863989377722,-43.20936299115032,12
10:35:19.936,62000,3100,-19.67386013057212,-43.20935647899888,12
10:35:20.148,62100,3105,-19.673855369006766,-43.20935339436882,12
10:35:20.362,62200,3110,-19.67385535954891,-43.209355055674415,12
10:35:20.573,62300,3115,-19.673849675351203,-43.209342594695315,12
10:35:20.783,62400,3120,-19.6738464574668,-43.20934303463016,12
10:35:20.994,62500,3125,-19.673834654551083,-43.20933705673709,12
10:35:21.204,62600,3130,-19.67383224939627,-43.20933029923028,12
10:35:21.419,62700,3135,-19.673834420137997,-43.209335044197815,12
10:35:21.627,62800,3140,-19.673826024055767,-43.20932453693581,12
10:35:21.841,62900,3145,-19.673822515845824,-43.20932460132293,12
10:35:22.053,63000,3150,-19.673819126354623,-43.2093210452112,12
10:35:22.263,63100,3155,-19.67381658506431,-43.20931688607215,12
10:35:22.472,63200,3160,-19.67380550852135,-43.20930486744139,12
10:35:22.686,63300,3165,-19.67380305330808,-43.209301005210726,12
10:35:22.896,63400,3170,-19.673801121743914,-43.209303596364926,12
10:35:23.112,63500,3175,-19.67380111394543,-43.20930030877913,12
10:35:23.321,63600,3180,-19.673794550803738,-43.20929545385818,12
10:35:23.536,63700,3185,-19.673785253488823,-43.20928677929357,12
10:35:23.746,63800,3190,-19.673786138901477,-43.20928288444215,12
10:35:23.965,63900,3195,-19.673782443934453,-43.20927610377085,12
10:35:24.172,64000,3200,-19.673771770596435,-43.20927776325878,12
10:35:24.391,64100,3205,-19.673774548139434,-43.2092718496341,12
10:35:24.604,64200,3210,-19.67376455317209,-43.2092643753471,12
10:35:24.816,64300,3215,-19.673757909419407,-43.2092625204114,12
10:35:25.023,64400,3220,-19.67376206503612,-43.20925857183617,12
10:35:25.232,64500,3225,-19.673758668017246,-43.20925446769968,12
10:35:25.447,64600,3230,-19.673754142665302,-43.20924588964575,12
10:35:25.660,64700,3235,-19.673748120336352,-43.209246361603405,12
10:35:25.867,64800,3240,-19.673736292254922,-43.20923720835671,12
10:35:26.080,64900,3245,-19.673734289761178,-43.209235271877034,12
10:35:26.290,65000,3250,-19.673737149247227,-43.20922960029046,12
10:35:26.500,65100,3255,-19.673733604594855,-43.20922879263122,12
10:35:26.708,65200,3260,-19.673725156469597,-43.209222817685955,12
10:35:26.922,65300,3265,-19.67371712487193,-43.20922058054213,12
10:35:27.138,65400,3270,-19.67371101566735,-43.20921744079972,12
10:35:27.352,65500,3275,-19.673709648784932,-43.209208641942396,12
10:35:27.559,65600,3280,-19.673704496776253,-43.20920694200868,12
10:35:27.769,65700,3285,-19.673699670758566,-43.20920381173799,12
10:35:27.981,65800,3290,-19.6737038940693,-43.20919711930887,12
10:35:28.190,65900,3295,-19.673692882117777,-43.20919286405984,12
10:35:28.403,66000,3300,-19.673692890380885,-43.20918789864442,12
10:35:28.612,66100,3305,-19.673685824957893,-43.20918502316302,12
10:35:28.828,66200,3310,-19.673679083782762,-43.209181456212974,12
10:35:29.036,66300,3315,-19.67367646059006,-43.20918244973234,12
10:35:29.249,66400,3320,-19.67367353444125,-43.20917395478916,12
10:35:29.461,66500,3325,-19.67366577718351,-43.20916786770593,12
10:35:29.675,66600,3330,-19.673667719230398,-43.20916367126216,12
10:35:29.886,66700,3335,-19.67366295783576,-43.209163449602116,12
10:35:30.101,66800,3340,-19.67365773263945,-43.20915542311007,12
10:35:30.315,66900,3345,-19.67365583304066,-43.209154989131314,12
10:35:30.528,67000,3350,-19.67364846027435,-43.209148948261785,12
10:35:30.735,67100,3355,-19.6736409110718,-43.209145763392534,12
10:35:30.950,67200,3360,-19.673644031766827,-43.20914146011408,12
10:35:31.165,67300,3365,-19.673634360153642,-43.20913371823488,12
10:35:31.378,67400,3370,-19.673631758948222,-43.20913294583215,12
10:35:31.587,67500,3375,-19.673624094659424,-43.20912245824924,12
10:35:31.802,67600,3380,-19.67362704759166,-43.209122595024816,12
10:35:32.012,67700,3385,-19.673622322918188,-43.209118952165134,12
10:35:32.225,67800,3390,-19.673612735430442,-43.20911094573324,12
10:35:32.432,67900,3395,-19.67361088145335,-43.20910858064872,12
10:35:32.640,68000,3400,-19.67360960311898,-43.20910961829262,12
10:35:32.850,68100,3405,-19.673601663795555,-43.20910188972821,12
10:35:33.060,68200,3410,-19.673595492970012,-43.209098295179466,12
10:35:33.267,68300,3415,-19.67359520111753,-43.20909736376032,12
10:35:33.482,68400,3420,-19.673587343309418,-43.209084199702815,12
10:35:33.696,68500,3425,-19.673579754287335,-43.20908049100054,12
10:35:33.911,68600,3430,-19.673576900891334,-43.20908032047014,12
10:35:34.120,68700,3435,-19.67357395606124,-43.2090782336981,12
10:35:34.337,68800,3440,-19.67356739631959,-43.20907593845535,12
10:35:34.553,68900,3445,-19.6735684413788,-43.20906613238063,12
10:35:34.769,69000,3450,-19.673561980461567,-43.209063540931304,12
10:35:34.976,69100,3455,-19.67356086153568,-43.20905530698344,12
10:35:35.194,69200,3460,-19.673550813448394,-43.209053407984776,12
10:35:35.410,69300,3465,-19.67355304855013,-43.20905351263752,12
10:35:35.625,69400,3470,-19.673547801233052,-43.209046319156386,12
10:35:35.832,69500,3475,-19.673537762805697,-43.209044980269674,12
10:35:36.044,69600,3480,-19.67353924113525,-43.20903424108524,12
10:35:36.254,69700,3485,-19.673536994260168,-43.20903420451674,12
10:35:36.466,69800,3490,-19.673527547452732,-43.20902813896569,12
10:35:36.686,69900,3495,-19.673526499251462,-43.20902928004787,12
10:35:36.896,70000,3500,-19.673518373043805,-43.209022888273346,12
10:35:37.108,70100,3505,-19.67351381922099,-43.20902000951952,12
10:35:37.318,70200,3510,-19.673508939319138,-43.20901102612685,12
10:35:37.527,70300,3515,-19.673506888797174,-43.20900889158949,12
10:35:37.740,70400,3520,-19.67350129064325,-43.20900355023307,12
10:35:37.960,70500,3525,-19.673499165642337,-43.209003289503706,12
10:35:38.167,70600,3530,-19.67349702731717,-43.20899951915421,12
10:35:38.377,70700,3535,-19.673492379241495,-43.20899284519753,12
10:35:38.590,70800,3540,-19.673487393532675,-43.20899093746315,12
10:35:38.798,70900,3545,-19.673481976331697,-43.20898137330171,12
10:35:39.006,71000,3550,-19.67347865079359,-43.20897887851741,12
10:35:39.214,71100,3555,-19.673471222340655,-43.20897364595428,12
10:35:39.428,71200,3560,-19.673470723149663,-43.20897242154987,12
10:35:39.646,71300,3565,-19.673465535783137,-43.20896233994085,12
10:35:39.855,71400,3570,-19.67346439241081,-43.20895709779395,12
10:35:40.062,71500,3575,-19.673453887686144,-43.208960937623075,12
10:35:40.272,71600,3580,-19.673451818275925,-43.20895309045787,12
10:35:40.486,71700,3585,-19.673447642920497,-43.20895144543065,12
10:35:40.694,71800,3590,-19.673441056115003,-43.208940933359116,12
10:35:40.904,71900,3595,-19.673437971474065,-43.20893635461184,12
10:35:41.128,72000,3600,-19.673431127975068,-43.20893188157962,12
10:35:41.344,72100,3605,-19.673428446770416,-43.20892968213531,12
10:35:41.551,72200,3610,-19.67343099399243,-43.2089237266668,12
10:35:41.767,72300,3615,-19.673426052254705,-43.208927519122575,12
10:35:41.983,72400,3620,-19.673422784726014,-43.208921836441014,12
10:35:42.196,72500,3625,-19.673416012469023,-43.20891220364493,12
10:35:42.404,72600,3630,-19.673411816323842,-43.20891377317494,12
10:35:42.620,72700,3635,-19.673410775710227,-43.20890955333861,12
10:35:42.838,72800,3640,-19.67339729779026,-43.20890540056423,12
10:35:43.048,72900,3645,-19.673399659806066,-43.20889671334727,12
10:35:43.256,73000,3650,-19.67339738905218,-43.20889745120911,12
10:35:43.471,73100,3655,-19.67339124807178,-43.20889014333261,12
10:35:43.684,73200,3660,-19.673385412988676,-43.20888007744025,12
10:35:43.898,73300,3665,-19.673379435751688,-43.20888521615734,12
10:35:44.106,73400,3670,-19.673378916540308,-43.20888093407211,12
10:35:44.323,73500,3675,-19.673370925149584,-43.20887421235901,12
10:35:44.540,73600,3680,-19.67336456519017,-43.208865539008094,12
10:35:44.746,73700,3685,-19.673367822359783,-43.20886231124594,12
10:35:44.964,73800,3690,-19.67336192461966,-43.20885965510694,12
10:35:45.172,73900,3695,-19.673356547193535,-43.20885699365321,12
10:35:45.380,74000,3700,-19.673346786671,-43.208850192026034,12
10:35:45.588,74100,3705,-19.673347509036418,-43.20884615267192,12
10:35:45.797,74200,3710,-19.67334756339652,-43.20884199229424,12
10:35:46.015,74300,3715,-19.673340984834788,-43.208836753680956,12
10:35:46.225,74400,3720,-19.67333485837566,-43.208830607994116,12
10:35:46.433,74500,3725,-19.67332560648594,-43.20882789716835,12
10:35:46.641,74600,3730,-19.673323832182433,-43.208829208359774,12
10:35:46.855,74700,3735,-19.673323709600037,-43.208823219506506,12
10:35:47.072,74800,3740,-19.673316951440153,-43.208820694974726,12
10:35:47.282,74900,3745,-19.673317679254918,-43.20881666198309,12
10:35:47.492,75000,3750,-19.673305377447544,-43.20881186475463,12
10:35:47.707,75100,3755,-19.673301059583387,-43.20880501233472,12
10:35:47.924,75200,3760,-19.67329961429351,-43.20879932926706,12
10:35:48.131,75300,3765,-19.67329192414161,-43.20879677842886,12
10:35:48.341,75400,3770,-19.673295007858794,-43.20878758114863,12
10:35:48.557,75500,3775,-19.673291902862978,-43.2087911452274,12
10:35:48.766,75600,3780,-19.673282852027924,-43.208786042592656,12
10:35:48.973,75700,3785,-19.673278798336803,-43.20877920009936,12
10:35:49.188,75800,3790,-19.673276502379352,-43.20877467711105,12
10:35:49.404,75900,3795,-19.673269616710716,-43.208769885813616,12
10:35:49.620,76000,3800,-19.673261817450488,-43.20876678127827,12
10:35:49.830,76100,3805,-19.673257097392007,-43.20876138015159,12
10:35:50.044,76200,3810,-19.673252771967523,-43.20875341764512,12
10:35:50.261,76300,3815,-19.673252335140866,-43.20875598644948,12
10:35:50.477,76400,3820,-19.673249162958832,-43.20875046656709,12
10:35:50.684,76500,3825,-19.673249305919956,-43.20874697284515,12
10:35:50.894,76600,3830,-19.673242506941214,-43.20873916765559,12
10:35:51.109,76700,3835,-19.67323959100087,-43.20873442696789,12
10:35:51.322,76800,3840,-19.673233384557193,-43.20872740567971,12
10:35:51.536,76900,3845,-19.673231295592785,-43.208731273060486,12
10:35:51.751,77000,3850,-19.673227837866328,-43.20872490851358,12
10:35:51.959,77100,3855,-19.673222005097916,-43.208718289956046,12
10:35:52.175,77200,3860,-19.673213365925168,-43.20871253380322,12
10:35:52.383,77300,3865,-19.67321088623743,-43.208715395056316,12
10:35:52.598,77400,3870,-19.67321084270561,-43.208703731026986,12
10:35:52.813,77500,3875,-19.673203105692856,-43.20870546191643,12
10:35:53.027,77600,3880,-19.67320215859406,-43.20869530295141,12
10:35:53.234,77700,3885,-19.673190208045725,-43.208691496304326,12
10:35:53.447,77800,3890,-19.673194532892342,-43.20869325597789,12
10:35:53.654,77900,3895,-19.67318958854984,-43.20868555210553,12
10:35:53.862,78000,3900,-19.67317934428132,-43.20867825692054,12
10:35:54.070,78100,3905,-19.673172903972926,-43.20868201051286,12
10:35:54.285,78200,3910,-19.673173619866652,-43.20867272319295,12
10:35:54.498,78300,3915,-19.67316683624651,-43.2086643305746,12
10:35:54.710,78400,3920,-19.673169340759145,-43.20866231376791,12
10:35:54.918,78500,3925,-19.67316258194864,-43.20866305820814,12
10:35:55.134,78600,3930,-19.673156243877955,-43.20865658606356,12
10:35:55.344,78700,3935,-19.673148864923863,-43.208650967293224,12
10:35:55.552,78800,3940,-19.673150928002674,-43.20865004554977,12
10:35:55.772,78900,3945,-19.673140165900552,-43.20864553810874,12
10:35:55.986,79000,3950,-19.67314013537929,-43.20864121400832,12
10:35:56.197,79100,3955,-19.673130132700788,-43.20863918972276,12
10:35:56.404,79200,3960,-19.673128320292562,-43.208626805523416,12
10:35:56.612,79300,3965,-19.673126355147637,-43.20862767579781,12
10:35:56.827,79400,3970,-19.67312215538581,-43.208626073699456,12
10:35:57.037,79500,3975,-19.67312189880892,-43.20861830836893,12
10:35:57.245,79600,3980,-19.673111897023077,-43.208610847335216,12
10:35:57.458,79700,3985,-19.673113732904223,-43.20860982185618,12
10:35:57.673,79800,3990,-19.67310048123035,-43.208603550860936,12
10:35:57.880,79900,3995,-19.67310170947259,-43.20860354515982,12
10:35:58.087,80000,4000,-19.673098939353302,-43.208600994907115,12
10:35:58.299,80100,4005,-19.673089388485028,-43.20859442301274,12
10:35:58.506,80200,4010,-19.673092242915473,-43.208591388697485,12
10:35:58.717,80300,4015,-19.673088248630922,-43.208580548523756,12
10:35:58.925,80400,4020,-19.673077986633196,-43.20857711383034,12
10:35:59.142,80500,4025,-19.673077167671252,-43.2085721871666,12
10:35:59.349,80600,4030,-19.67307269571667,-43.20857595927265,12
10:35:59.564,80700,4035,-19.6730634765484,-43.208571536278626,12
10:35:59.772,80800,4040,-19.6730634262969,-43.20856344167057,12
10:35:59.983,80900,4045,-19.673061168585384,-43.20855776135772,12
10:36:00.194,81000,4050,-19.67305032529643,-43.20855887921163,12
10:36:00.409,81100,4055,-19.673054425607933,-43.2085487880138,12
10:36:00.619,81200,4060,-19.67304575791309,-43.20854346131057,12
10:36:00.829,81300,4065,-19.67304182711638,-43.208546576091294,12
10:36:01.039,81400,4070,-19.67304284292036,-43.20854147576118,12
10:36:01.257,81500,4075,-19.67303251342029,-43.208528989819335,12
10:36:01.475,81600,4080,-19.673030383631602,-43.20852848368808,12
10:36:01.688,81700,4085,-19.673021698354503,-43.20852927660749,12
10:36:01.902,81800,4090,-19.673023250095348,-43.208524586036624,12
10:36:02.118,81900,4095,-19.67301862630234,-43.20851639571049,12
10:36:02.333,82000,4100,-19.673012324343855,-43.20850871445443,12
10:36:02.548,82100,4105,-19.673008198645103,-43.20850714089248,12
10:36:02.760,82200,4110,-19.673000803894947,-43.208504300880755,12
10:36:02.977,82300,4115,-19.67299512510194,-43.20850144694756,12
10:36:03.185,82400,4120,-19.67299717577595,-43.20849661687381,12
10:36:03.401,82500,4125,-19.67299334697856,-43.208486867713546,12
10:36:03.621,82600,4130,-19.67298848915003,-43.20848488175955,12
10:36:03.829,82700,4135,-19.672978440275898,-43.20847892571337,12
10:36:04.037,82800,4140,-19.67298239754212,-43.20847972494472,12
10:36:04.252,82900,4145,-19.67297578760821,-43.2084732409419,12
10:36:04.468,83000,4150,-19.672971773670596,-43.20846726861932,12
10:36:04.676,83100,4155,-19.67296903432807,-43.20846247194182,12
10:36:04.886,83200,4160,-19.67296553776507,-43.20845790644082,12
10:36:05.096,83300,4165,-19.67295490919292,-43.20845325859734,12
10:36:05.302,83400,4170,-19.672951106008686,-43.20844765790745,12
10:36:05.511,83500,4175,-19.672952116639983,-43.208453074748256,12
10:36:05.721,83600,4180,-19.67294697677036,-43.20844369805282,12
10:36:05.928,83700,4185,-19.672935483451138,-43.20843662353692,12
10:36:06.135,83800,4190,-19.67293672213381,-43.208431132231155,12
10:36:06.345,83900,4195,-19.672935720261503,-43.20843498731308,12
10:36:06.561,84000,4200,-19.672927919850228,-43.20842491284573,12
10:36:06.776,84100,4205,-19.67292731521051,-43.208427578365075,12
10:36:06.984,84200,4210,-19.672919035183508,-43.20841432932437,12
10:36:07.192,84300,4215,-19.672911457723817,-43.2084192613362,12
10:36:07.405,84400,4220,-19.672907749027978,-43.208414888309086,12
10:36:07.619,84500,4225,-19.672905389856638,-43.20840853426263,12
10:36:07.835,84600,4230,-19.672901664436253,-43.20839701308257,12
10:36:08.043,84700,4235,-19.672900445260826,-43.20840273687095,12
10:36:08.258,84800,4240,-19.67289049310448,-43.20839430654091,12
10:36:08.469,84900,4245,-19.67288731644583,-43.2083846482579,12
10:36:08.679,85000,4250,-19.672885426258755,-43.208384148248584,12
10:36:08.887,85100,4255,-19.67287854834481,-43.2083786029053,12
10:36:09.095,85200,4260,-19.672876169956826,-43.20837462554476,12
10:36:09.310,85300,4265,-19.672873867280188,-43.208376725773114,12
10:36:09.524,85400,4270,-19.672868725828078,-43.20836729681371,12
10:36:09.733,85500,4275,-19.672865761160867,-43.20835905060132,12
10:36:09.941,85600,4280,-19.672860105764805,-43.208364776696975,12
10:36:10.153,85700,4285,-19.672856042832247,-43.2083535713208,12
10:36:10.367,85800,4290,-19.67285346477707,-43.20834789108445,12
10:36:10.577,85900,4295,-19.672851537698794,-43.208345013278674,12
10:36:10.793,86000,4300,-19.672842075321316,-43.20834578404408,12
10:36:11.009,86100,4305,-19.67283366975574,-43.20833863772456,12
10:36:11.219,86200,4310,-19.67283360485613,-43.208337998189435,12
10:36:11.428,86300,4315,-19.672828743966296,-43.20832560609628,12
10:36:11.642,86400,4320,-19.67282408046628,-43.2083279729964,12
10:36:11.857,86500,4325,-19.672817321577984,-43.20832072188993,12
10:36:12.075,86600,4330,-19.672812211274042,-43.20831670369979,12
10:36:12.283,86700,4335,-19.672812703229358,-43.208309844913266,12
10:36:12.496,86800,4340,-19.672813549719937,-43.20831062516163,12
10:36:12.706,86900,4345,-19.672806167376272,-43.208301457893505,12
10:36:12.916,87000,4350,-19.672795672994468,-43.208295705470924,12
10:36:13.123,87100,4355,-19.672799747456626,-43.20830033557206,12
10:36:13.335,87200,4360,-19.672786958180502,-43.20829652406335,12
10:36:13.552,87300,4365,-19.67278310650491,-43.20828858548894,12
10:36:13.764,87400,4370,-19.672784469940822,-43.20827971765084,12
10:36:13.971,87500,4375,-19.672778154062925,-43.20828165461911,12
10:36:14.188,87600,4380,-19.67277714325419,-43.20827665408918,12
10:36:14.407,87700,4385,-19.67277401704187,-43.208269753880025,12
10:36:14.619,87800,4390,-19.67276467594517,-43.20826302651577,12
10:36:14.826,87900,4395,-19.67276294951915,-43.208265722642004,12
10:36:15.040,88000,4400,-19.672761117094577,-43.20825828397408,12
10:36:15.251,88100,4405,-19.67274941579266,-43.20824918366236,12
10:36:15.468,88200,4410,-19.672744921463043,-43.20825212071074,12
10:36:15.675,88300,4415,-19.672744745962007,-43.20824732080587,12
10:36:15.890,88400,4420,-19.672742010136382,-43.20823944944954,12
10:36:16.102,88500,4425,-19.67273699066099,-43.20823788233365,12
10:36:16.309,88600,4430,-19.672730684659243,-43.208231127151606,12
10:36:16.518,88700,4435,-19.672726721261164,-43.208226590108346,12
10:36:16.725,88800,4440,-19.672721027546338,-43.20822415078199,12
10:36:16.935,88900,4445,-19.672716448498498,-43.208217425360054,12
10:36:17.144,89000,4450,-19.672711477551218,-43.20821149126805,12
10:36:17.352,89100,4455,-19.672709294855817,-43.20821103089415,12
10:36:17.566,89200,4460,-19.67271000833768,-43.20821132895644,12
10:36:17.782,89300,4465,-19.6726984561278,-43.20820385254723,12
10:36:17.991,89400,4470,-19.672701345138563,-43.208203081713876,12
10:36:18.205,89500,4475,-19.67269316490639,-43.2081966881494,12
10:36:18.418,89600,4480,-19.67269154368858,-43.20819301920895,12
10:36:18.625,89700,4485,-19.672682238633055,-43.20818291544825,12
10:36:18.832,89800,4490,-19.67268184992622,-43.208185066215016,12
10:36:19.039,89900,4495,-19.67268235498334,-43.20818045916418,12
10:36:19.249,90000,4500,-19.672671779153212,-43.208177714628135,12
10:36:19.460,90100,4505,-19.672673493823023,-43.208170431253116,12
10:36:19.668,90200,4510,-19.672668455946663,-43.208167112197565,12
10:36:19.875,90300,4515,-19.67266430254331,-43.208163716663094,12
10:36:20.082,90400,4520,-19.672656593355445,-43.208152980182334,12
10:36:20.297,90500,4525,-19.672656922447697,-43.208153612721425,12
10:36:20.506,90600,4530,-19.672644967627466,-43.20815306418338,12
10:36:20.723,90700,4535,-19.67264520121772,-43.20814701309767,12
10:36:20.934,90800,4540,-19.672635044709494,-43.20813654316797,12
10:36:21.148,90900,4545,-19.67263992968241,-43.20813920439887,12
10:36:21.357,91000,4550,-19.67263504189384,-43.208133729150916,12
10:36:21.569,91100,4555,-19.67262688708294,-43.20812390588756,12
10:36:21.787,91200,4560,-19.67262388191797,-43.20812424673431,12
10:36:22.000,91300,4565,-19.672613676541992,-43.20812145382302,12
10:36:22.208,91400,4570,-19.672616860056728,-43.208111701998305,12
10:36:22.424,91500,4575,-19.67260643502994,-43.2081145076256,12
10:36:22.638,91600,4580,-19.67260299657499,-43.20810967246531,12
10:36:22.850,91700,4585,-19.67260456941292,-43.20810545171712,12
10:36:23.057,91800,4590,-19.67259967998368,-43.20809406671151,12
10:36:23.270,91900,4595,-19.672589399772562,-43.2080899126301,12
10:36:23.485,92000,4600,-19.672588068874365,-43.20809287435508,12
10:36:23.693,92100,4605,-19.67258155640753,-43.208087820412466,12
10:36:23.902,92200,4610,-19.672585198847333,-43.20808350825793,12
10:36:24.113,92300,4615,-19.67257531979192,-43.20808131649157,12
10:36:24.328,92400,4620,-19.672574342614105,-43.20807338373217,12
10:36:24.537,92500,4625,-19.672568082072193,-43.20806936410959,12
10:36:24.746,92600,4630,-19.672564307188917,-43.20806558234192,12
10:36:24.952,92700,4635,-19.672561908680475,-43.20805809345907,12
10:36:25.160,92800,4640,-19.672551965475982,-43.20805073548662,12
10:36:25.371,92900,4645,-19.67254921590534,-43.20804842052783,12
10:36:25.579,93000,4650,-19.67254733724758,-43.208049081779215,12
10:36:25.792,93100,4655,-19.67254664366387,-43.208042848877014,12
10:36:26.009,93200,4660,-19.672542206145103,-43.208043454592776,12
10:36:26.218,93300,4665,-19.67253678519595,-43.20803498630032,12
10:36:26.427,93400,4670,-19.672530847372496,-43.20803240690148,12
10:36:26.644,93500,4675,-19.67252984683011,-43.208029982283385,12
10:36:26.857,93600,4680,-19.67252594452821,-43.20801863353067,12
10:36:27.071,93700,4685,-19.67252076829499,-43.20801974445739,12
10:36:27.280,93800,4690,-19.672513636193244,-43.20801105208695,12
10:36:27.496,93900,4695,-19.67251060302,-43.20801313140701,12
10:36:27.709,94000,4700,-19.672506414649135,-43.20800094126837,12
10:36:27.918,94100,4705,-19.67249575601388,-43.20799690576046,12
10:36:28.125,94200,4710,-19.672494413224616,-43.20799144129004,12
10:36:28.343,94300,4715,-19.672487905275787,-43.20799331475482,12
10:36:28.558,94400,4720,-19.672490817317247,-43.20798896251707,12
10:36:28.770,94500,4725,-19.67248785527703,-43.207983061860034,12
10:36:28.977,94600,4730,-19.6724833073598,-43.20798255012434,12
10:36:29.190,94700,4735,-19.672470480497694,-43.20797274007203,12
10:36:29.401,94800,4740,-19.672466931521534,-43.20797219556097,12
10:36:29.608,94900,4745,-19.672470563432746,-43.207966077316115,12
10:36:29.814,95000,4750,-19.672458471366934,-43.2079605681379,12
10:36:30.022,95100,4755,-19.67245758400344,-43.20795321654139,12
10:36:30.232,95200,4760,-19.67245042224107,-43.20795253233685,12
10:36:30.440,95300,4765,-19.672454454923322,-43.20794866381703,12
10:36:30.652,95400,4770,-19.672449385825928,-43.20794958931368,12
10:36:30.869,95500,4775,-19.67244426393717,-43.207939263188024,12
10:36:31.083,95600,4780,-19.672441221039573,-43.20793711805595,12
10:36:31.292,95700,4785,-19.672435109352442,-43.20793253245355,12
10:36:31.503,95800,4790,-19.67242608548409,-43.20792442599919,12
10:36:31.714,95900,4795,-19.672420190784173,-43.20792197704988,12
10:36:31.927,96000,4800,-19.672419716134684,-43.20792247738541,12
10:36:32.135,96100,4805,-19.672420042227678,-43.207919536905166,12
10:36:32.355,96200,4810,-19.672415682662663,-43.20791145491398,12
10:36:32.566,96300,4815,-19.672408645591556,-43.20790261306683,12
10:36:32.787,96400,4820,-19.672403722390055,-43.207903234457426,12
10:36:32.995,96500,4825,-19.672396389327183,-43.207896977146895,12
10:36:33.209,96600,4830,-19.67239125966689,-43.20789740184628,12
10:36:33.421,96700,4835,-19.67239111997803,-43.20789161685739,12
10:36:33.632,96800,4840,-19.67238359653612,-43.207886604899535,12
10:36:33.840,96900,4845,-19.672384840428766,-43.207879451651976,12
10:36:34.060,97000,4850,-19.672375971687707,-43.20787952259941,12
10:36:34.271,97100,4855,-19.67237064126245,-43.20787393555941,12
10:36:34.481,97200,4860,-19.672372967720875,-43.2078660997154,12
10:36:34.688,97300,4865,-19.67236892475673,-43.207861284473445,12
10:36:34.900,97400,4870,-19.6723578548841,-43.20786429511738,12
10:36:35.108,97500,4875,-19.672360797385494,-43.207853328934256,12
10:36:35.325,97600,4880,-19.672348389533116,-43.20785205712849,12
10:36:35.540,97700,4885,-19.672351990551316,-43.20784392568072,12
10:36:35.756,97800,4890,-19.672339062490366,-43.20783875784792,12
10:36:35.964,97900,4895,-19.672338294619394,-43.20783439091368,12
10:36:36.183,98000,4900,-19.6723345433127,-43.20783560710213,12
10:36:36.391,98100,4905,-19.67233211784019,-43.207828628907684,12
10:36:36.604,98200,4910,-19.672325663408476,-43.20782272987465,12
10:36:36.819,98300,4915,-19.672319158800764,-43.20782468498917,12
10:36:37.029,98400,4920,-19.672314743969263,-43.2078219913828,12
10:36:37.238,98500,4925,-19.672315091924755,-43.20781308863501,12
10:36:37.446,98600,4930,-19.672313989161427,-43.20781139531814,12
10:36:37.664,98700,4935,-19.672307909867218,-43.20781024055148,12
10:36:37.873,98800,4940,-19.672303616641194,-43.20780336604593,12
10:36:38.080,98900,4945,-19.672294114189377,-43.20779780205801,12
10:36:38.288,99000,4950,-19.672288750354696,-43.207787947304034,12
10:36:38.502,99100,4955,-19.672285770584914,-43.20778648963996,12
10:36:38.713,99200,4960,-19.67228760103109,-43.20778919569219,12
10:36:38.922,99300,4965,-19.672284491399893,-43.20778383489322,12
10:36:39.132,99400,4970,-19.6722760647404,-43.20778039930211,12
10:36:39.344,99500,4975,-19.67227199591387,-43.207769895058725,12
10:36:39.554,99600,4980,-19.67226453565991,-43.20776697080028,12
10:36:39.762,99700,4985,-19.672267816684553,-43.2077596481704,12
10:36:39.977,99800,4990,-19.672261540355745,-43.2077606153443,12
10:36:40.193,99900,4995,-19.67225321702758,-43.20775420284063,12
10:36:40.400,100000,5000,-19.67225507187979,-43.207754050271895,12
10:36:40.608,100100,5005,-19.672249012730433,-43.207746891610405,12
10:36:40.820,100200,5010,-19.67224290475351,-43.207741305877896,12
10:36:41.037,100300,5015,-19.672235959897286,-43.207737615290384,12
10:36:41.244,100400,5020,-19.672229783333325,-43.207729963433394,12
10:36:41.458,100500,5025,-19.672228028970373,-43.20772812127597,12
10:36:41.674,100600,5030,-19.6722233829525,-43.20772216838526,12
10:36:41.892,100700,5035,-19.67221976022931,-43.20772554960682,12
10:36:42.100,100800,5040,-19.672218086961838,-43.20771701086441,12
10:36:42.309,100900,5045,-19.672211656001572,-43.207710876776034,12
10:36:42.518,101000,5050,-19.672209163847207,-43.20770386057669,12
10:36:42.738,101100,5055,-19.67220606379889,-43.20769939352948,12
10:36:42.946,101200,5060,-19.672197972842735,-43.20769816419599,12
10:36:43.154,101300,5065,-19.672197913966283,-43.20769827344414,12
10:36:43.364,101400,5070,-19.672193611965156,-43.207695912278304,12
10:36:43.578,101500,5075,-19.672188583310813,-43.20768231826618,12
10:36:43.788,101600,5080,-19.672180006787812,-43.20768247834916,12
10:36:43.999,101700,5085,-19.67217584554066,-43.20767524581532,12
10:36:44.211,101800,5090,-19.67217846848706,-43.20767477448466,12
10:36:44.425,101900,5095,-19.672171438924604,-43.20767130468047,12
10:36:44.633,102000,5100,-19.672167115788017,-43.207664711126526,12
10:36:44.851,102100,5105,-19.672157914462087,-43.207658409664084,12
10:36:45.067,102200,5110,-19.672161177807407,-43.20765991771613,12
10:36:45.275,102300,5115,-19.672155576910367,-43.20765424319117,12
10:36:45.485,102400,5120,-19.672144640351334,-43.20764553288026,12
10:36:45.701,102500,5125,-19.672146083681664,-43.20764913234858,12
10:36:45.915,102600,5130,-19.672139795848747,-43.207640671910504,12
10:36:46.125,102700,5135,-19.672138844836763,-43.20763127311787,12
10:36:46.336,102800,5140,-19.672135892729983,-43.20763006281113,12
10:36:46.550,102900,5145,-19.672124715608234,-43.207631979234165,12
10:36:46.758,103000,5150,-19.672122144579607,-43.20762133079338,12
10:36:46.973,103100,5155,-19.67211595078942,-43.20762006764355,12
10:36:47.181,103200,5160,-19.672118368801115,-43.20761570017448,12
10:36:47.392,103300,5165,-19.67211533222136,-43.207609386344764,12
10:36:47.600,103400,5170,-19.672103919164414,-43.207611213057966,12
10:36:47.809,103500,5175,-19.672102710193705,-43.20760448501718,12
10:36:48.017,103600,5180,-19.672094972798813,-43.2075985633651,12
10:36:48.230,103700,5185,-19.672096644792145,-43.20759255356891,12
10:36:48.447,103800,5190,-19.67208648115473,-43.2075902501776,12
10:36:48.654,103900,5195,-19.672085529043326,-43.207581698764834,12
10:36:48.862,104000,5200,-19.67207808925141,-43.20758091416133,12
10:36:49.077,104100,5205,-19.672078831899167,-43.20757506152801,12
10:36:49.289,104200,5210,-19.67207341196789,-43.20757732460378,12
10:36:49.497,104300,5215,-19.672065549782488,-43.20757337425357,12
10:36:49.704,104400,5220,-19.67206771986858,-43.20756165316375,12
10:36:49.912,104500,5225,-19.672057805054187,-43.207556231654664,12
10:36:50.125,104600,5230,-19.672052935139988,-43.20755748834988,12
10:36:50.335,104700,5235,-19.67205575258663,-43.20754694732174,12
10:36:50.543,104800,5240,-19.672046671624088,-43.20755114183813,12
10:36:50.755,104900,5245,-19.67204012391069,-43.207547917530206,12
10:36:50.972,105000,5250,-19.672035568258217,-43.20753811054915,12
10:36:51.180,105100,5255,-19.672037672705734,-43.20753460872117,12
10:36:51.396,105200,5260,-19.67203219725369,-43.207531291975336,12
10:36:51.610,105300,5265,-19.67202430685278,-43.20752776280605,12
10:36:51.817,105400,5270,-19.67202445685638,-43.20752412853049,12
10:36:52.026,105500,5275,-19.67201717128996,-43.20751595569288,12
10:36:52.233,105600,5280,-19.672016514813297,-43.20751365469284,12
10:36:52.446,105700,5285,-19.672011190478553,-43.20750941164688,12
10:36:52.663,105800,5290,-19.67200806094267,-43.20751037855378,12
10:36:52.871,105900,5295,-19.67199891660049,-43.20750455544115,12
10:36:53.081,106000,5300,-19.671998189564075,-43.20749469232235,12
10:36:53.294,106100,5305,-19.671992018586245,-43.20749590977473,12
10:36:53.510,106200,5310,-19.671992041870272,-43.20748782506331,12
10:36:53.718,106300,5315,-19.671985714899176,-43.20748108486311,12
10:36:53.934,106400,5320,-19.67197937880655,-43.20748010561769,12
10:36:54.152,106500,5325,-19.671973212254244,-43.20747980500846,12
10:36:54.368,106600,5330,-19.671975701917088,-43.20746812363823,12
10:36:54.575,106700,5335,-19.67197157120301,-43.20746417397916,12
10:36:54.790,106800,5340,-19.67196238130287,-43.20746302953847,12
10:36:55.006,106900,5345,-19.671963448283527,-43.20745647061082,12
10:36:55.216,107000,5350,-19.671957520409077,-43.20745728223503,12
10:36:55.424,107100,5355,-19.67195187739568,-43.20745254524896,12
10:36:55.641,107200,5360,-19.6719424706346,-43.20744399215939,12
10:36:55.857,107300,5365,-19.671942799807233,-43.20743993951934,12
10:36:56.064,107400,5370,-19.6719330713458,-43.20743736834915,12
10:36:56.272,107500,5375,-19.671930968166837,-43.20743096952661,12
10:36:56.491,107600,5380,-19.671924499392993,-43.20742942570345,12
10:36:56.705,107700,5385,-19.67192224173358,-43.20742766556708,12
10:36:56.918,107800,5390,-19.671924695797014,-43.20742309068092,12
10:36:57.129,107900,5395,-19.671915171717444,-43.20741274116504,12
10:36:57.343,108000,5400,-19.67190828145103,-43.20740849460833,12
10:36:57.550,108100,5405,-19.671905148874906,-43.2074062078982,12
10:36:57.758,108200,5410,-19.671902326627556,-43.20740719016938,12
10:36:57.966,108300,5415,-19.67190306089104,-43.20739538876581,12
10:36:58.174,108400,5420,-19.671898542271943,-43.20739870217526,12
10:36:58.390,108500,5425,-19.671893273818753,-43.20739215012643,12
10:36:58.600,108600,5430,-19.671883019597185,-43.20738472495944,12
10:36:58.807,108700,5435,-19.671885385009354,-43.20738628127682,12
10:36:59.020,108800,5440,-19.671877585669307,-43.20737467530038,12
10:36:59.231,108900,5445,-19.67187019605066,-43.20737783685221,12
10:36:59.437,109000,5450,-19.671872900941104,-43.207367069947466,12
10:36:59.644,109100,5455,-19.67186741673492,-43.207369426028286,12
10:36:59.853,109200,5460,-19.671856862596318,-43.207359029842976,12
10:37:00.063,109300,5465,-19.67185358305363,-43.20735243049579,12
10:37:00.277,109400,5470,-19.67185029923978,-43.207353257429325,12
10:37:00.486,109500,5475,-19.671853848812653,-43.207353619119615,12
10:37:00.698,109600,5480,-19.671843626763412,-43.2073467825919,12
10:37:00.908,109700,5485,-19.67183864087572,-43.20734023744473,12
10:37:01.116,109800,5490,-19.671832707179636,-43.20733648047436,12
10:37:01.331,109900,5495,-19.671830980011737,-43.207335712899045,12
10:37:01.546,110000,5500,-19.671831514832984,-43.20733012223281,12
10:37:01.756,110100,5505,-19.671823839456,-43.207323893573154,12
10:37:01.965,110200,5510,-19.671816139474466,-43.20732316293973,12
10:37:02.179,110300,5515,-19.67181045296084,-43.207317955850144,12
10:37:02.388,110400,5520,-19.671811162478274,-43.20731486279602,12
10:37:02.610,110500,5525,-19.671803462580495,-43.20730463918756,12
10:37:02.818,110600,5530,-19.671806870356026,-43.20729807680287,12
10:37:03.030,110700,5535,-19.67180293415259,-43.207296164113025,12
10:37:03.242,110800,5540,-19.671796736334784,-43.20728945560333,12
10:37:03.454,110900,5545,-19.671784633844183,-43.207292136494225,12
10:37:03.662,111000,5550,-19.671783535935912,-43.20728439277592,12
10:37:03.879,111100,5555,-19.671780077818205,-43.207276592596,12
10:37:04.095,111200,5560,-19.671778455795515,-43.20727624095826,12
10:37:04.304,111300,5565,-19.671773052224616,-43.20727405585854,12
10:37:04.510,111400,5570,-19.671773179177993,-43.20727210573666,12
10:37:04.719,111500,5575,-19.67176193364276,-43.20726053147542,12
10:37:04.933,111600,5580,-19.67176265735853,-43.20726282632274,12
10:37:05.145,111700,5585,-19.671760390300708,-43.2072576637412,12
10:37:05.353,111800,5590,-19.671751793040556,-43.20725559104975,12
10:37:05.567,111900,5595,-19.671742651590073,-43.207243037202055,12
10:37:05.790,112000,5600,-19.671745891532584,-43.20724108977579,12
10:37:06.002,112100,5605,-19.671733913080182,-43.20723397578044,12
10:37:06.216,112200,5610,-19.671734152922156,-43.20723678093015,12
10:37:06.431,112300,5615,-19.671726375292046,-43.207228474233624,12
10:37:06.645,112400,5620,-19.67172995682639,-43.2072282454587,12
10:37:06.853,112500,5625,-19.671718903830154,-43.20722638861081,12
10:37:07.061,112600,5630,-19.671713870021478,-43.207220818000934,12
10:37:07.275,112700,5635,-19.671715351418257,-43.20721303201942,12
10:37:07.486,112800,5640,-19.671708757864735,-43.207206799598055,12
10:37:07.693,112900,5645,-19.671709433509942,-43.20720013421434,12
10:37:07.901,113000,5650,-19.67170365105388,-43.2072001924669,12
10:37:08.109,113100,5655,-19.671697979836196,-43.207200469903256,12
10:37:08.322,113200,5660,-19.67169640639634,-43.20718782617595,12
10:37:08.530,113300,5665,-19.671684597389675,-43.20718742840384,12
10:37:08.738,113400,5670,-19.671683836006604,-43.20718855167194,12
10:37:08.946,113500,5675,-19.671682332713832,-43.20718247625404,12
10:37:09.157,113600,5680,-19.671677805268782,-43.20717143474828,12
10:37:09.364,113700,5685,-19.67166788753613,-43.20716721162998,12
10:37:09.572,113800,5690,-19.671668691731973,-43.20717022326259,12
10:37:09.786,113900,5695,-19.671659005815915,-43.207162948116235,12
10:37:10.003,114000,5700,-19.671661308579882,-43.207163028593314,12
10:37:10.212,114100,5705,-19.67165331594387,-43.20715599200536,12
10:37:10.419,114200,5710,-19.671647124064265,-43.207150330330755,12
10:37:10.633,114300,5715,-19.67164627727275,-43.20714225631875,12
10:37:10.849,114400,5720,-19.67163851251919,-43.20714539353029,12
10:37:11.055,114500,5725,-19.67163304872844,-43.20713639515114,12
10:37:11.266,114600,5730,-19.6716377011663,-43.20712895183089,12
10:37:11.482,114700,5735,-19.671629403130705,-43.20713019486798,12
10:37:11.696,114800,5740,-19.671625661538734,-43.207124250649656,12
10:37:11.903,114900,5745,-19.671616948948532,-43.20712169648709,12
10:37:12.117,115000,5750,-19.671611467600368,-43.207116101938176,12
10:37:12.324,115100,5755,-19.67160998233525,-43.20711364599477,12
10:37:12.532,115200,5760,-19.671604612345067,-43.207103440321234,12
10:37:12.739,115300,5765,-19.671601022798484,-43.20710619409599,12
10:37:12.953,115400,5770,-19.671601956681958,-43.20709659369825,12
10:37:13.168,115500,5775,-19.671590683757973,-43.20709608476478,12
10:37:13.383,115600,5780,-19.671595308959656,-43.20708993312241,12
10:37:13.591,115700,5785,-19.67158730012046,-43.207089097956946,12
10:37:13.800,115800,5790,-19.671577765197817,-43.20708041344087,12
10:37:14.016,115900,5795,-19.67157842525567,-43.20707336657122,12
10:37:14.227,116000,5800,-19.671570817990492,-43.20707197584533,12
10:37:14.435,116100,5805,-19.671567105492993,-43.207074188287535,12
10:37:14.648,116200,5810,-19.67156254780938,-43.207068498872694,12
10:37:14.859,116300,5815,-19.671557680388435,-43.20706163467096,12
10:37:15.073,116400,5820,-19.671554906042733,-43.20705758443026,12
10:37:15.281,116500,5825,-19.67155119649952,-43.20705751217662,12
10:37:15.489,116600,5830,-19.671549339925086,-43.207046213102274,12
10:37:15.704,116700,5835,-19.6715456493859,-43.20703963560775,12
10:37:15.912,116800,5840,-19.67153872724452,-43.20703926575122,12
10:37:16.120,116900,5845,-19.671539092116202,-43.207038528563864,12
10:37:16.336,117000,5850,-19.67153136504123,-43.20703191246411,12
10:37:16.548,117100,5855,-19.6715303597889,-43.20702834242345,12
10:37:16.756,117200,5860,-19.671519947776783,-43.20702674883618,12
10:37:16.964,117300,5865,-19.67151946935542,-43.207018666441776,12
10:37:17.181,117400,5870,-19.671514123270118,-43.207020019110004,12
10:37:17.401,117500,5875,-19.6715089644616,-43.207013863324754,12
10:37:17.611,117600,5880,-19.67150521842743,-43.20700838533183,12
10:37:17.818,117700,5885,-19.67150261405225,-43.20699982394445,12
10:37:18.026,117800,5890,-19.67150239100014,-43.20700252215968,12
10:37:18.234,117900,5895,-19.67149514920253,-43.206998322355,12
10:37:18.442,118000,5900,-19.671485868920815,-43.206992695181754,12
10:37:18.653,118100,5905,-19.671481067639245,-43.206985829710234,12
10:37:18.863,118200,5910,-19.671478075965283,-43.20698464945693,12
10:37:19.084,118300,5915,-19.67147371447602,-43.206972782713805,12
10:37:19.297,118400,5920,-19.671470910445002,-43.206974504377456,12
10:37:19.505,118500,5925,-19.671467098823225,-43.206964021370304,12
10:37:19.718,118600,5930,-19.671460919786195,-43.206959295494606,12
10:37:19.933,118700,5935,-19.671459357583018,-43.20696382190718,12
10:37:20.140,118800,5940,-19.67146078007199,-43.20695643942467,12
10:37:20.347,118900,5945,-19.671454270237845,-43.20695570464802,12
10:37:20.562,119000,5950,-19.671449412862653,-43.20694355909472,12
10:37:20.770,119100,5955,-19.671439518247563,-43.20694190990748,12
10:37:20.979,119200,5960,-19.67143710137866,-43.20693833220046,12
10:37:21.185,119300,5965,-19.671438231993033,-43.206933671749624,12
10:37:21.401,119400,5970,-19.671432463355288,-43.20693175101727,12
10:37:21.612,119500,5975,-19.671424553602794,-43.20692204286635,12
10:37:21.820,119600,5980,-19.671419634032233,-43.20692090168524,12
10:37:22.035,119700,5985,-19.671413212752334,-43.20692110429237,12
10:37:22.250,119800,5990,-19.671409013583723,-43.20691408283534,12
10:37:22.462,119900,5995,-19.671407362553936,-43.2069143504442,12
10:37:22.669,120000,6000,-19.671403149289965,-43.2069075101036,12
10:37:22.878,120100,6005,-19.671402951714754,-43.206904968396884,12
10:37:23.089,120200,6010,-19.671400328086566,-43.20689213699025,12
10:37:23.308,120300,6015,-19.671388292052207,-43.206893917670804,12
10:37:23.515,120400,6020,-19.671384377844554,-43.20688821414194,12
10:37:23.723,120500,6025,-19.671381735644626,-43.206886656976984,12
10:37:23.939,120600,6030,-19.6713778413753,-43.206883876188165,12
10:37:24.148,120700,6035,-19.67137442724888,-43.20687362495052,12
10:37:24.355,120800,6040,-19.6713741944406,-43.206867477531404,12
10:37:24.573,120900,6045,-19.671369233373554,-43.20686517243218,12
10:37:24.788,121000,6050,-19.671367144467705,-43.20685918421895,12
10:37:25.001,121100,6055,-19.671356602212924,-43.206856072866614,12
10:37:25.208,121200,6060,-19.671353130992717,-43.20685710314895,12
10:37:25.424,121300,6065,-19.671353205904452,-43.20685124281407,12
10:37:25.631,121400,6070,-19.671348711003215,-43.206841417245215,12
10:37:25.840,121500,6075,-19.671339810415965,-43.20684111755312,12
10:37:26.049,121600,6080,-19.671338627488247,-43.20683588636554,12
10:37:26.259,121700,6085,-19.671335207936927,-43.206838246585555,12
10:37:26.473,121800,6090,-19.6713311193496,-43.20683088199886,12
10:37:26.680,121900,6095,-19.671323295612208,-43.20682325836091,12
10:37:26.893,122000,6100,-19.671318663974315,-43.20681892585926,12
10:37:27.106,122100,6105,-19.671320093988385,-43.20681695642977,12
10:37:27.314,122200,6110,-19.671312201826836,-43.20681588712885,12
10:37:27.522,122300,6115,-19.67130648917805,-43.206806947766374,12
10:37:27.730,122400,6120,-19.67130451352594,-43.206800900119426,12
10:37:27.938,122500,6125,-19.671304245889697,-43.20679646804853,12
10:37:28.157,122600,6130,-19.671298274988835,-43.2067976631499,12
10:37:28.364,122700,6135,-19.67128689803507,-43.20678710099056,12
10:37:28.572,122800,6140,-19.671289679815526,-43.206785231500135,12
10:37:28.781,122900,6145,-19.67128119214298,-43.20678110892826,12
10:37:28.990,123000,6150,-19.6712817809664,-43.20677435898886,12
10:37:29.199,123100,6155,-19.671279620775206,-43.20677402867231,12
10:37:29.406,123200,6160,-19.671273000755992,-43.206771551235924,12
10:37:29.617,123300,6165,-19.6712677710568,-43.20676722263785,12
10:37:29.827,123400,6170,-19.67125809196286,-43.20675731267425,12
10:37:30.038,123500,6175,-19.671258159131423,-43.20675830027291,12
10:37:30.248,123600,6180,-19.671257756898015,-43.206757299979536,12
10:37:30.462,123700,6185,-19.671252310850587,-43.206751261040324,12
10:37:30.675,123800,6190,-19.67124884235088,-43.20674935101518,12
10:37:30.882,123900,6195,-19.671245122595842,-43.20673881353373,12
10:37:31.091,124000,6200,-19.671235835325888,-43.20673667625476,12
10:37:31.306,124100,6205,-19.671230280460396,-43.206733695058276,12
10:37:31.517,124200,6210,-19.671227189622687,-43.20673192801849,12
10:37:31.725,124300,6215,-19.671223804759467,-43.20672244220577,12
10:37:31.938,124400,6220,-19.671221745743658,-43.20671955495167,12
10:37:32.153,124500,6225,-19.67121088617026,-43.206710771937935,12
10:37:32.366,124600,6230,-19.671214222197463,-43.20671300924919,12
10:37:32.574,124700,6235,-19.671205601495966,-43.20670517882491,12
10:37:32.794,124800,6240,-19.67120719443702,-43.206707277786265,12
10:37:33.003,124900,6245,-19.67119686920278,-43.206696884718504,12
10:37:33.217,125000,6250,-19.67119412851181,-43.20669781727628,12
10:37:33.425,125100,6255,-19.67119250177865,-43.20668513658826,12
10:37:33.633,125200,6260,-19.671187621166137,-43.20668611271396,12
10:37:33.845,125300,6265,-19.671183054922917,-43.20667957331163,12
10:37:34.057,125400,6270,-19.67117901915648,-43.206679124272654,12
10:37:34.264,125500,6275,-19.671176044957093,-43.2066742348843,12
10:37:34.479,125600,6280,-19.67117319963885,-43.206671939849,12
10:37:34.693,125700,6285,-19.671162444310138,-43.206662635347,12
10:37:34.907,125800,6290,-19.671158022303313,-43.20665580091023,12
10:37:35.116,125900,6295,-19.67115717131735,-43.2066593201005,12
10:37:35.330,126000,6300,-19.671155155613526,-43.20664875563811,12
10:37:35.538,126100,6305,-19.671148037000638,-43.20664501051939,12
10:37:35.751,126200,6310,-19.67114046637951,-43.20664573661452,12
10:37:35.959,126300,6315,-19.671141515911415,-43.20663832307528,12
10:37:36.181,126400,6320,-19.67113465107886,-43.20663357245429,12
10:37:36.392,126500,6325,-19.671134445750774,-43.20663349229996,12
10:37:36.601,126600,6330,-19.671126435244346,-43.206624723193485,12
10:37:36.808,126700,6335,-19.671121838453804,-43.20661959180292,12
10:37:37.016,126800,6340,-19.671118516268816,-43.206614046550726,12
10:37:37.227,126900,6345,-19.67111085193495,-43.206614428719355,12
10:37:37.438,127000,6350,-19.671112720866848,-43.206608042506964,12
10:37:37.645,127100,6355,-19.67110745537835,-43.20660526872094,12
10:37:37.864,127200,6360,-19.671104041398163,-43.2065989924759,12
10:37:38.072,127300,6365,-19.67109807338224,-43.20659413758477,12
10:37:38.281,127400,6370,-19.67109758158391,-43.206596822582455,12
10:37:38.488,127500,6375,-19.671090212024062,-43.20659170396686,12
10:37:38.699,127600,6380,-19.67108086595491,-43.20658847344742,12
10:37:38.914,127700,6385,-19.671084174669506,-43.20658096089395,12
10:37:39.124,127800,6390,-19.671071199844107,-43.20657878456925,12
10:37:39.331,127900,6395,-19.671073680958568,-43.20657086529333,12
10:37:39.546,128000,6400,-19.67107132548254,-43.20656417351152,12
10:37:39.756,128100,6405,-19.671063948770698,-43.20656817182464,12
10:37:39.965,128200,6410,-19.671058966265527,-43.20655870255333,12
10:37:40.179,128300,6415,-19.67105193513404,-43.206550276799184,12
10:37:40.400,128400,6420,-19.67105137369218,-43.206548085074274,12
10:37:40.612,128500,6425,-19.671047816872566,-43.206542997421664,12
10:37:40.819,128600,6430,-19.67104493894962,-43.20654050674122,12
10:37:41.026,128700,6435,-19.671035756712953,-43.20653620417558,12
10:37:41.237,128800,6440,-19.671030237800593,-43.20653093054924,12
10:37:41.455,128900,6445,-19.671030464551848,-43.206533644594735,12
10:37:41.663,129000,6450,-19.671026560609317,-43.20652307716568,12
10:37:41.872,129100,6455,-19.671016958803737,-43.206519088470586,12
10:37:42.087,129200,6460,-19.67101238788165,-43.20651785449029,12
10:37:42.298,129300,6465,-19.671012914384086,-43.20651452434139,12
10:37:42.505,129400,6470,-19.671013222665277,-43.20650473833355,12
10:37:42.715,129500,6475,-19.67100122464564,-43.206502503190684,12
10:37:42.932,129600,6480,-19.67100266744061,-43.206502404216664,12
10:37:43.147,129700,6485,-19.670997432282206,-43.206494022629556,12
10:37:43.359,129800,6490,-19.67098786076856,-43.20648892334261,12
10:37:43.573,129900,6495,-19.670990263156497,-43.20648488375952,12
10:37:43.788,130000,6500,-19.67097891990681,-43.20648004958653,12
10:37:44.002,130100,6505,-19.670981674972897,-43.20647782184299,12
10:37:44.209,130200,6510,-19.67097927129611,-43.20647201547339,12
10:37:44.417,130300,6515,-19.670975085700935,-43.20647377171657,12
10:37:44.636,130400,6520,-19.670962436994202,-43.206462694250696,12
10:37:44.848,130500,6525,-19.670957325692566,-43.20645760730676,12
10:37:45.060,130600,6530,-19.67095875022153,-43.20645449650119,12
10:37:45.275,130700,6535,-19.670954951151234,-43.206455686363675,12
10:37:45.483,130800,6540,-19.670947433184907,-43.2064446866758,12
10:37:45.691,130900,6545,-19.670944218170817,-43.20644897791678,12
10:37:45.899,131000,6550,-19.670937452470778,-43.20643652265031,12
10:37:46.115,131100,6555,-19.67093401520215,-43.20644049832891,12
10:37:46.323,131200,6560,-19.670936426251576,-43.20642859041982,12
10:37:46.530,131300,6565,-19.670927316247976,-43.20643133380382,12
10:37:46.738,131400,6570,-19.67092294885856,-43.20642611317829,12
10:37:46.953,131500,6575,-19.6709155066501,-43.20642005675698,12
10:37:47.171,131600,6580,-19.67091696396842,-43.20641948440999,12
10:37:47.382,131700,6585,-19.670913670436832,-43.20641257194293,12
10:37:47.590,131800,6590,-19.67091071809355,-43.20640923069329,12
10:37:47.806,131900,6595,-19.670900991372676,-43.206403336282634,12
10:37:48.016,132000,6600,-19.670902093150687,-43.206399237481584,12
10:37:48.224,132100,6605,-19.67089892823946,-43.206393112408634,12
10:37:48.432,132200,6610,-19.670893642633423,-43.20638697882644,12
10:37:48.648,132300,6615,-19.670884876473124,-43.2063823659851,12
10:37:48.865,132400,6620,-19.67087976504323,-43.20638508195288,12
10:37:49.072,132500,6625,-19.67087926959202,-43.20638127976313,12
10:37:49.287,132600,6630,-19.670872903411453,-43.206371455505234,12
10:37:49.497,132700,6635,-19.670867036162456,-43.206364440450756,12
10:37:49.704,132800,6640,-19.670864307188502,-43.20636952679788,12
10:37:49.912,132900,6645,-19.67085811714987,-43.20636513509931,12
10:37:50.121,133000,6650,-19.67085538477678,-43.20635728647933,12
10:37:50.339,133100,6655,-19.670848884354083,-43.2063558724123,12
10:37:50.553,133200,6660,-19.670848333535012,-43.206350494918944,12
10:37:50.761,133300,6665,-19.670843815322833,-43.20634689002155,12
10:37:50.969,133400,6670,-19.67083573600464,-43.20634302326867,12
10:37:51.186,133500,6675,-19.670836872337517,-43.20633505864165,12
10:37:51.409,133600,6680,-19.67082672883076,-43.20633240740486,12
10:37:51.616,133700,6685,-19.6708230659393,-43.2063308421858,12
10:37:51.824,133800,6690,-19.670820289021712,-43.206319382992596,12
10:37:52.035,133900,6695,-19.670817077308612,-43.20632052327131,12
10:37:52.246,134000,6700,-19.670813633253896,-43.20631203576508,12
10:37:52.453,134100,6705,-19.670810257923108,-43.206305266436146,12
10:37:52.663,134200,6710,-19.670803258787572,-43.206310300645654,12
10:37:52.876,134300,6715,-19.670796888395255,-43.20630058869594,12
10:37:53.088,134400,6720,-19.67079427433933,-43.20629786861432,12
10:37:53.303,134500,6725,-19.670796578561582,-43.20628924872626,12
10:37:53.513,134600,6730,-19.670785524689805,-43.20628922451283,12
10:37:53.721,134700,6735,-19.67078031185239,-43.20628623221197,12
10:37:53.928,134800,6740,-19.67077957165334,-43.206284484524225,12
10:37:54.136,134900,6745,-19.670776977272627,-43.206276945294825,12
10:37:54.351,135000,6750,-19.670774025429303,-43.20626945998094,12
10:37:54.566,135100,6755,-19.67077100741237,-43.20627029849571,12
10:37:54.774,135200,6760,-19.67076232386787,-43.206261607722354,12
10:37:54.982,135300,6765,-19.670763504089177,-43.206263549605005,12
10:37:55.196,135400,6770,-19.670756422647212,-43.20625729094461,12
10:37:55.407,135500,6775,-19.67074729971764,-43.206254374917336,12
10:37:55.615,135600,6780,-19.67074670405561,-43.20624873899023,12
10:37:55.823,135700,6785,-19.670743153414364,-43.206241116871425,12
10:37:56.036,135800,6790,-19.67073309614436,-43.20624253411234,12
10:37:56.252,135900,6795,-19.670736820167683,-43.20623492425058,12
10:37:56.459,136000,6800,-19.670731391400544,-43.206229812235165,12
10:37:56.672,136100,6805,-19.670723641810227,-43.20622973301918,12
10:37:56.889,136200,6810,-19.67072406433642,-43.206218049106226,12
10:37:57.104,136300,6815,-19.67072068309249,-43.2062153876219,12
10:37:57.312,136400,6820,-19.670711810912923,-43.206212397454614,12
10:37:57.521,136500,6825,-19.67071063793555,-43.206211536437614,12
10:37:57.730,136600,6830,-19.67070653477487,-43.206204033894565,12
10:37:57.944,136700,6835,-19.670696536709965,-43.20620318654449,12
10:37:58.152,136800,6840,-19.670691672876202,-43.20619255209611,12
10:37:58.369,136900,6845,-19.670693239482677,-43.20618903882883,12
10:37:58.585,137000,6850,-19.67068980320243,-43.20619058963224,12
10:37:58.792,137100,6855,-19.670681236071555,-43.20618428778132,12
10:37:58.999,137200,6860,-19.670674588171472,-43.20617714121507,12
10:37:59.210,137300,6865,-19.67067382144948,-43.206175410286505,12
10:37:59.420,137400,6870,-19.670667801390138,-43.20616608514853,12
10:37:59.627,137500,6875,-19.670663305790725,-43.20616232405931,12
10:37:59.835,137600,6880,-19.670658794467457,-43.20615858284525,12
10:38:00.042,137700,6885,-19.670660594190668,-43.20615572091114,12
10:38:00.252,137800,6890,-19.670649169393556,-43.20615630697861,12
10:38:00.462,137900,6895,-19.670645120818254,-43.206153532410795,12
10:38:00.672,138000,6900,-19.670647162792015,-43.206142000616744,12
10:38:00.889,138100,6905,-19.67064128945001,-43.20613910639094,12
10:38:01.102,138200,6910,-19.670637678470687,-43.20613305461855,12
10:38:01.311,138300,6915,-19.670630797611153,-43.20613496612584,12
10:38:01.518,138400,6920,-19.670630753345087,-43.20613101910921,12
10:38:01.732,138500,6925,-19.67061966151005,-43.20611981797275,12
10:38:01.948,138600,6930,-19.670618318866428,-43.20611899654636,12
10:38:02.155,138700,6935,-19.670619046040205,-43.2061131840495,12
10:38:02.362,138800,6940,-19.670614661504885,-43.206113167721696,12
10:38:02.571,138900,6945,-19.670607170101686,-43.20610733701906,12
10:38:02.786,139000,6950,-19.670603497968596,-43.20609917119418,12
10:38:02.994,139100,6955,-19.67059997280882,-43.20610242069221,12
10:38:03.202,139200,6960,-19.670595787614964,-43.20609731090393,12
10:38:03.410,139300,6965,-19.67059490592557,-43.206089471669,12
10:38:03.627,139400,6970,-19.67058231155542,-43.20608552200779,12
10:38:03.834,139500,6975,-19.670580258278456,-43.20608029846563,12
10:38:04.042,139600,6980,-19.670581717053743,-43.206081516539065,12
10:38:04.256,139700,6985,-19.67056960077049,-43.206068653980935,12
10:38:04.469,139800,6990,-19.67057218648612,-43.20606766447569,12
10:38:04.677,139900,6995,-19.670568508737514,-43.20606770690895,12
10:38:04.885,140000,7000,-19.670565581486766,-43.206060318102274,12
10:38:05.092,140100,7005,-19.67055211680188,-43.20605808744538,12
10:38:05.307,140200,7010,-19.67055221142462,-43.2060513271275,12
10:38:05.514,140300,7015,-19.670548145076076,-43.20604783445958,12
10:38:05.725,140400,7020,-19.67053948187278,-43.20604514513952,12
10:38:05.944,140500,7025,-19.670541357170894,-43.20603558145052,12
10:38:06.151,140600,7030,-19.67053480120863,-43.20603232335553,12
10:38:06.360,140700,7035,-19.670530623143378,-43.20602830495246,12
10:38:06.567,140800,7040,-19.670529362479975,-43.20603164203625,12
10:38:06.775,140900,7045,-19.670526761647487,-43.20602418125488,12
10:38:06.983,141000,7050,-19.67051779106468,-43.206017603376594,12
10:38:07.191,141100,7055,-19.67051573491659,-43.2060167392353,12
10:38:07.399,141200,7060,-19.670506134971774,-43.20601445461171,12
10:38:07.615,141300,7065,-19.670508351415105,-43.20600915585088,12
10:38:07.832,141400,7070,-19.6704983667224,-43.20600468500613,12
10:38:08.040,141500,7075,-19.670501811428167,-43.205994335565514,12
10:38:08.248,141600,7080,-19.670494678272572,-43.20599663007524,12
10:38:08.459,141700,7085,-19.670492810229568,-43.20599387323766,12
10:38:08.675,141800,7090,-19.670483386460116,-43.20598089560586,12
10:38:08.883,141900,7095,-19.67048102990958,-43.20598111314927,12
10:38:09.091,142000,7100,-19.670479835751973,-43.20597195416628,12
10:38:09.308,142100,7105,-19.670477399798447,-43.20597174443714,12
10:38:09.524,142200,7110,-19.67047058598059,-43.205970253225345,12
10:38:09.736,142300,7115,-19.67046006228294,-43.20596284429953,12
10:38:09.944,142400,7120,-19.670456234395385,-43.20596179629241,12
10:38:10.152,142500,7125,-19.670460563689353,-43.20595149831101,12
10:38:10.362,142600,7130,-19.670448510824272,-43.20595239567274,12
10:38:10.570,142700,7135,-19.67045173673619,-43.20595122124059,12
10:38:10.778,142800,7140,-19.670440475457653,-43.20594427513987,12
10:38:10.989,142900,7145,-19.670435696390538,-43.205935241969335,12
10:38:11.201,143000,7150,-19.6704360114657,-43.205934058978364,12
10:38:11.411,143100,7155,-19.670428154332246,-43.20593341945181,12
10:38:11.621,143200,7160,-19.670429280610758,-43.20592757696616,12
10:38:11.828,143300,7165,-19.670420361639863,-43.20592065980115,12
10:38:12.041,143400,7170,-19.670416428931578,-43.205916461183925,12
10:38:12.257,143500,7175,-19.67041812795435,-43.20591391924314,12
10:38:12.468,143600,7180,-19.670404903555305,-43.205907330838706,12
10:38:12.675,143700,7185,-19.670407221231276,-43.20590057819371,12
10:38:12.883,143800,7190,-19.67039849687805,-43.205897557420506,12
10:38:13.095,143900,7195,-19.670396897502098,-43.205900441829556,12
10:38:13.309,144000,7200,-19.670396458802998,-43.20589196948416,12
10:38:13.516,144100,7205,-19.67039041276795,-43.205883694522704,12
10:38:13.725,144200,7210,-19.670383255067513,-43.20588465892354,12
10:38:13.934,144300,7215,-19.670376750095905,-43.20588347280028,12
10:38:14.149,144400,7220,-19.670377354123115,-43.20587549350014,12
10:38:14.357,144500,7225,-19.670370338380394,-43.205876030305696,12
10:38:14.565,144600,7230,-19.670364582542593,-43.20587064878751,12
10:38:14.779,144700,7235,-19.67036717271809,-43.20586485402098,12
10:38:14.997,144800,7240,-19.670354864421903,-43.20586309330174,12
10:38:15.205,144900,7245,-19.670356014706762,-43.20585540857738,12
10:38:15.412,145000,7250,-19.67034882032502,-43.20585033039925,12
10:38:15.628,145100,7255,-19.670341705375645,-43.20584492806444,12
10:38:15.839,145200,7260,-19.670346658661114,-43.20583826106757,12
10:38:16.047,145300,7265,-19.670333944264367,-43.20583616892129,12
10:38:16.255,145400,7270,-19.670328767713297,-43.20583575129174,12
10:38:16.471,145500,7275,-19.670330980544847,-43.20583418088316,12
10:38:16.678,145600,7280,-19.670325816838012,-43.2058295049032,12
10:38:16.885,145700,7285,-19.670323052568985,-43.20581744734732,12
10:38:17.094,145800,7290,-19.670313109806635,-43.20581285308841,12
10:38:17.311,145900,7295,-19.67031080699987,-43.20580802657157,12
10:38:17.523,146000,7300,-19.670305085193114,-43.205810221626706,12
10:38:17.730,146100,7305,-19.670302912821974,-43.2058012821366,12
10:38:17.937,146200,7310,-19.67029538876399,-43.20580382794946,12
10:38:18.144,146300,7315,-19.67029845282839,-43.205795205364986,12
10:38:18.358,146400,7320,-19.670293433038534,-43.20579164538133,12
10:38:18.566,146500,7325,-19.67028887234743,-43.20578990105751,12
10:38:18.774,146600,7330,-19.670278171244814,-43.205780698021684,12
10:38:18.993,146700,7335,-19.670280639282833,-43.205774637058596,12
10:38:19.206,146800,7340,-19.670276280668936,-43.20577870288563,12
10:38:19.414,146900,7345,-19.67026866316694,-43.20577191077197,12
10:38:19.629,147000,7350,-19.670262654731296,-43.20576432334128,12
10:38:19.845,147100,7355,-19.670261434845873,-43.205763723684484,12
10:38:20.053,147200,7360,-19.670261109600638,-43.205754255799235,12
10:38:20.263,147300,7365,-19.67025700168525,-43.20574872954956,12
10:38:20.472,147400,7370,-19.670249274621067,-43.205747664162125,12
10:38:20.686,147500,7375,-19.67024875692879,-43.205749786256185,12
10:38:20.894,147600,7380,-19.670236952931884,-43.20574441792795,12
10:38:21.101,147700,7385,-19.67023587617062,-43.2057407853432,12
10:38:21.315,147800,7390,-19.670235274764764,-43.20573297068579,12
10:38:21.524,147900,7395,-19.670231057752424,-43.20573214268086,12
10:38:21.731,148000,7400,-19.67022760016825,-43.2057196123595,12
10:38:21.939,148100,7405,-19.67021806679099,-43.205722099020406,12
10:38:22.149,148200,7410,-19.67021531013635,-43.205717498349856,12
10:38:22.357,148300,7415,-19.670206672658004,-43.20570862533486,12
10:38:22.566,148400,7420,-19.670209430977543,-43.20570405494994,12
10:38:22.773,148500,7425,-19.67020775017789,-43.20570737913498,12
10:38:22.990,148600,7430,-19.670193967793967,-43.20570129714286,12
10:38:23.204,148700,7435,-19.67019914502788,-43.20569475856545,12
10:38:23.412,148800,7440,-19.67019423761774,-43.205693649575565,12
10:38:23.622,148900,7445,-19.670184816704236,-43.20568852215216,12
10:38:23.835,149000,7450,-19.67017776498108,-43.20567892255216,12
10:38:24.043,149100,7455,-19.67018010087076,-43.20567569297475,12
10:38:24.252,149200,7460,-19.67016956163949,-43.205677373613945,12
10:38:24.462,149300,7465,-19.67016940961098,-43.20566909187618,12
10:38:24.672,149400,7470,-19.6701631907204,-43.20566960490582,12
10:38:24.880,149500,7475,-19.67015766848329,-43.20566194065527,12
10:38:25.087,149600,7480,-19.6701591638636,-43.20565402813852,12
10:38:25.301,149700,7485,-19.670156528273477,-43.20565521055888,12
10:38:25.508,149800,7490,-19.670146343779734,-43.205647302144314,12
10:38:25.716,149900,7495,-19.670145248571792,-43.20564610113957,12
10:38:25.925,150000,7500,-19.67013858218983,-43.2056402361635,12
10:38:26.142,150100,7505,-19.670135693982807,-43.20563953336858,12
10:38:26.361,150200,7510,-19.670132367076636,-43.20562973116291,12
10:38:26.569,150300,7515,-19.670131249500066,-43.205623934929584,12
10:38:26.776,150400,7520,-19.670125235675293,-43.205625651357174,12
10:38:26.988,150500,7525,-19.6701195842977,-43.20561601254581,12
10:38:27.201,150600,7530,-19.670110707563964,-43.205617811210246,12
10:38:27.408,150700,7535,-19.670108401367568,-43.20560838786848,12
10:38:27.616,150800,7540,-19.670103093720208,-43.205609146343704,12
10:38:27.830,150900,7545,-19.670100534141902,-43.20560414456151,12
10:38:28.042,151000,7550,-19.67009609892603,-43.20559527159681,12
10:38:28.249,151100,7555,-19.670096853670277,-43.20559799081351,12
10:38:28.458,151200,7560,-19.670087650053016,-43.20558617640675,12
10:38:28.668,151300,7565,-19.670085934287968,-43.20558926155099,12
10:38:28.881,151400,7570,-19.670081110283444,-43.205584722302895,12
10:38:29.088,151500,7575,-19.670075189891133,-43.20557396243595,12
10:38:29.297,151600,7580,-19.67006967911592,-43.20557399700736,12
10:38:29.511,151700,7585,-19.670068313189425,-43.20557038085307,12
10:38:29.726,151800,7590,-19.670065121744035,-43.20556846427026,12
10:38:29.936,151900,7595,-19.670063315757208,-43.20556444597907,12
10:38:30.145,152000,7600,-19.670059151332385,-43.2055579815565,12
10:38:30.359,152100,7605,-19.670049382818743,-43.20555345664704,12
10:38:30.573,152200,7610,-19.67004614137446,-43.205544618954896,12
10:38:30.780,152300,7615,-19.670042314313115,-43.2055400907553,12
10:38:30.997,152400,7620,-19.670039101685997,-43.205535661466314,12
10:38:31.206,152500,7625,-19.670030542472503,-43.20553805564952,12
10:38:31.418,152600,7630,-19.670026090095668,-43.205531748612756,12
10:38:31.625,152700,7635,-19.670023111954414,-43.20552646940759,12
10:38:31.833,152800,7640,-19.670023838436823,-43.205520036284426,12
10:38:32.047,152900,7645,-19.670017866824576,-43.20552196232871,12
10:38:32.261,153000,7650,-19.67000998608395,-43.20551095492765,12
10:38:32.468,153100,7655,-19.670005926665578,-43.2055124022756,12
10:38:32.676,153200,7660,-19.670000816948413,-43.20550558812808,12
10:38:32.895,153300,7665,-19.670001259316738,-43.20550234691659,12
10:38:33.108,153400,7670,-19.670001004540637,-43.20549730730218,12
10:38:33.316,153500,7675,-19.66999460347386,-43.205493288994674,12
10:38:33.530,153600,7680,-19.66998941785031,-43.205483355197174,12
10:38:33.744,153700,7685,-19.66998269143391,-43.20548177739672,12
10:38:33.955,153800,7690,-19.669979392076698,-43.20547978236715,12
10:38:34.163,153900,7695,-19.66997709046117,-43.20547795939545,12
10:38:34.370,154000,7700,-19.669967643080266,-43.205468202658835,12
10:38:34.581,154100,7705,-19.66997161548675,-43.20546554837441,12
10:38:34.792,154200,7710,-19.669958419278558,-43.20546392341064,12
10:38:35.000,154300,7715,-19.669963220218246,-43.20545663500365,12
10:38:35.211,154400,7720,-19.669958934896073,-43.20545495712293,12
10:38:35.421,154500,7725,-19.66994860364192,-43.205451260669086,12
10:38:35.629,154600,7730,-19.669949446014655,-43.2054489078354,12
10:38:35.836,154700,7735,-19.669937822556026,-43.2054407715971,12
10:38:36.044,154800,7740,-19.66993313474885,-43.205439217225695,12
10:38:36.264,154900,7745,-19.66993668845862,-43.20543831755667,12
10:38:36.474,155000,7750,-19.66993286780662,-43.20543292975751,12
10:38:36.685,155100,7755,-19.669921035995127,-43.20542388529901,12
10:38:36.900,155200,7760,-19.669920984996953,-43.205423391135824,12
10:38:37.112,155300,7765,-19.66991303650842,-43.20541933743736,12
10:38:37.323,155400,7770,-19.669917172132884,-43.20540787088723,12
10:38:37.532,155500,7775,-19.669911789659825,-43.20540923706715,12
10:38:37.745,155600,7780,-19.669902567330908,-43.20539919025537,12
10:38:37.958,155700,7785,-19.66990114418896,-43.20539472184584,12
10:38:38.166,155800,7790,-19.669891376127364,-43.20539711903252,12
10:38:38.373,155900,7795,-19.669891547342395,-43.20538648920794,12
10:38:38.582,156000,7800,-19.669884990754294,-43.205386957335115,12
10:38:38.803,156100,7805,-19.669885006951077,-43.205381582004044,12
10:38:39.012,156200,7810,-19.669878084437165,-43.205379541191526,12
10:38:39.225,156300,7815,-19.669874515664464,-43.20537384373699,12
10:38:39.433,156400,7820,-19.669869810795575,-43.20537149345563,12
10:38:39.641,156500,7825,-19.66986999083266,-43.205361707057826,12
10:38:39.848,156600,7830,-19.66986273774776,-43.20536314958788,12
10:38:40.057,156700,7835,-19.669859986626754,-43.2053587793628,12
10:38:40.268,156800,7840,-19.669857314327754,-43.20535480654382,12
10:38:40.483,156900,7845,-19.66984711985911,-43.205345069621245,12
10:38:40.691,157000,7850,-19.669849231178464,-43.20534703224563,12
10:38:40.901,157100,7855,-19.669841313214107,-43.205345411638035,12
10:38:41.115,157200,7860,-19.66983385849314,-43.205332888420706,12
10:38:41.333,157300,7865,-19.66982917135289,-43.20532955944361,12
10:38:41.542,157400,7870,-19.669829297685503,-43.20532739964102,12
10:38:41.752,157500,7875,-19.669819655501325,-43.205325386684024,12
10:38:41.966,157600,7880,-19.669820222946257,-43.20531933058631,12
10:38:42.173,157700,7885,-19.669815825966875,-43.20531346341656,12
10:38:42.381,157800,7890,-19.669812715884483,-43.2053087083332,12
10:38:42.590,157900,7895,-19.669803788154216,-43.20530795506487,12
10:38:42.809,158000,7900,-19.669803724418358,-43.20530181311686,12
10:38:43.025,158100,7905,-19.66979313713959,-43.20530093577826,12
10:38:43.236,158200,7910,-19.669795743401814,-43.20529403441209,12
10:38:43.448,158300,7915,-19.669789524674336,-43.20529202021191,12
10:38:43.657,158400,7920,-19.669787843605715,-43.20528531958821,12
10:38:43.866,158500,7925,-19.669783293551664,-43.205281714813154,12
10:38:44.073,158600,7930,-19.669778201318106,-43.205281868419455,12
10:38:44.282,158700,7935,-19.669776660932563,-43.205274853686944,12
10:38:44.491,158800,7940,-19.669769402577096,-43.20526883678758,12
10:38:44.700,158900,7945,-19.669768698442077,-43.20526475483168,12
10:38:44.911,159000,7950,-19.669763433172246,-43.20526529929693,12
10:38:45.124,159100,7955,-19.669759651218406,-43.20525367674729,12
10:38:45.332,159200,7960,-19.669747956837668,-43.205254841432144,12
10:38:45.542,159300,7965,-19.669747152513793,-43.2052451505478,12
10:38:45.757,159400,7970,-19.66974445946942,-43.205240164929585,12
10:38:45.970,159500,7975,-19.66974292742422,-43.205240387932015,12
10:38:46.177,159600,7980,-19.669738439762693,-43.20523990350317,12
10:38:46.385,159700,7985,-19.669734324196277,-43.20523488982378,12
10:38:46.596,159800,7990,-19.66972615684335,-43.20522230093804,12
10:38:46.803,159900,7995,-19.669726520287455,-43.20522562831226,12
10:38:47.011,160000,8000,-19.669714452583076,-43.205214275800635,12
10:38:47.220,160100,8005,-19.669714228202913,-43.205214548438725,12
10:38:47.432,160200,8010,-19.66970893230621,-43.20521002597187,12
10:38:47.648,160300,8015,-19.669709709466918,-43.20520602026761,12
10:38:47.856,160400,8020,-19.669703314034923,-43.205197120508544,12
10:38:48.062,160500,8025,-19.669701069400677,-43.20519832149398,12
10:38:48.269,160600,8030,-19.6696918100038,-43.20519707180964,12
10:38:48.475,160700,8035,-19.66968870518676,-43.205192582330035,12
10:38:48.684,160800,8040,-19.669687008113755,-43.20518088349258,12
10:38:48.893,160900,8045,-19.66967734616765,-43.205185019664015,12
10:38:49.100,161000,8050,-19.669672753387697,-43.20517173076115,12
10:38:49.308,161100,8055,-19.669674445495136,-43.20517097432157,12
10:38:49.516,161200,8060,-19.669665259755845,-43.205171362229734,12
10:38:49.724,161300,8065,-19.669660710310055,-43.20516893128324,12
10:38:49.933,161400,8070,-19.66965902029339,-43.20515581116986,12
10:38:50.140,161500,8075,-19.66966002986539,-43.20515571658392,12
10:38:50.348,161600,8080,-19.669656136206275,-43.20515142059524,12
10:38:50.556,161700,8085,-19.669645886818465,-43.2051452795384,12
10:38:50.768,161800,8090,-19.669642763734387,-43.20514762572692,12
10:38:50.977,161900,8095,-19.669637846372613,-43.20513952749815,12
10:38:51.184,162000,8100,-19.669635432585963,-43.20513191743179,12
10:38:51.392,162100,8105,-19.669630769383183,-43.205127244926736,12
10:38:51.600,162200,8110,-19.669625589453606,-43.20512395043993,12
10:38:51.809,162300,8115,-19.669617733634993,-43.20512232907912,12
10:38:52.019,162400,8120,-19.669616815271855,-43.20511605057106,12
10:38:52.230,162500,8125,-19.6696149337373,-43.20511737656614,12
10:38:52.441,162600,8130,-19.669611664849292,-43.20510584267409,12
10:38:52.650,162700,8135,-19.669601830524872,-43.2051046619251,12
10:38:52.857,162800,8140,-19.669603969194544,-43.20510129570129,12
10:38:53.066,162900,8145,-19.669599162104863,-43.205096065613745,12
10:38:53.274,163000,8150,-19.66959355724962,-43.20509298052257,12
10:38:53.483,163100,8155,-19.66959252870071,-43.20508560375313,12
10:38:53.701,163200,8160,-19.66958094310477,-43.20508281342103,12
10:38:53.908,163300,8165,-19.66957626241348,-43.205085367277604,12
10:38:54.115,163400,8170,-19.66958036468672,-43.20507695541385,12
10:38:54.331,163500,8175,-19.669574064120724,-43.20507603468869,12
10:38:54.545,163600,8180,-19.669567793306737,-43.205066509452834,12
10:38:54.756,163700,8185,-19.66956553216746,-43.205065033678416,12
10:38:54.964,163800,8190,-19.669558692266527,-43.205056871915566,12
10:38:55.170,163900,8195,-19.66955640161516,-43.2050558940457,12
10:38:55.388,164000,8200,-19.66955035129066,-43.20505051850078,12
10:38:55.598,164100,8205,-19.66954908201817,-43.2050500587295,12
10:38:55.806,164200,8210,-19.669542660763945,-43.20504552748053,12
10:38:56.023,164300,8215,-19.669540469434587,-43.205038405574804,12
10:38:56.245,164400,8220,-19.66953537535612,-43.205035475385,12
10:38:56.454,164500,8225,-19.66953080410911,-43.205032530555776,12
10:38:56.662,164600,8230,-19.669524269512756,-43.20502074048513,12
10:38:56.872,164700,8235,-19.669516739003697,-43.205017070110664,12
10:38:57.091,164800,8240,-19.66951234274164,-43.20501426127205,12
10:38:57.298,164900,8245,-19.669515499058914,-43.205016560893064,12
10:38:57.506,165000,8250,-19.669509947133673,-43.2050082472616,12
10:38:57.715,165100,8255,-19.669505347641795,-43.2050036126196,12
10:38:57.930,165200,8260,-19.669504731230678,-43.205003749404916,12
10:38:58.143,165300,8265,-19.66949863583994,-43.2049984286362,12
10:38:58.350,165400,8270,-19.669492963700154,-43.204995817242164,12
10:38:58.558,165500,8275,-19.669486159157,-43.20498757725416,12
10:38:58.768,165600,8280,-19.669484815243298,-43.204979622261035,12
10:38:58.978,165700,8285,-19.669474937457313,-43.20497518847149,12
10:38:59.188,165800,8290,-19.66947983067294,-43.20497449454931,12
10:38:59.396,165900,8295,-19.669465939739005,-43.20496794845424,12
10:38:59.611,166000,8300,-19.669465349168952,-43.20496987259659,12
10:38:59.826,166100,8305,-19.669457476518424,-43.20496420713421,12
10:39:00.039,166200,8310,-19.669459041541046,-43.204959732395984,12
10:39:00.248,166300,8315,-19.669454743840735,-43.20495067199966,12
10:39:00.455,166400,8320,-19.66945232243509,-43.204947929243104,12
10:39:00.662,166500,8325,-19.66944245481361,-43.20494553491775,12
10:39:00.871,166600,8330,-19.669439335229264,-43.20493670903418,12
10:39:01.085,166700,8335,-19.66943905273724,-43.20493493429976,12
10:39:01.297,166800,8340,-19.669433564804642,-43.20493569824609,12
10:39:01.504,166900,8345,-19.669423944113642,-43.204925021647526,12
10:39:01.725,167000,8350,-19.669424308152365,-43.20492837204571,12
10:39:01.943,167100,8355,-19.669419956476172,-43.204921541927476,12
10:39:02.150,167200,8360,-19.66942036041634,-43.2049180602926,12
10:39:02.364,167300,8365,-19.66941411236657,-43.20490937819668,12
10:39:02.584,167400,8370,-19.66940283850065,-43.20490563669206,12
10:39:02.792,167500,8375,-19.66940533636084,-43.20489795667504,12
10:39:02.999,167600,8380,-19.669403436870468,-43.204900439412945,12
10:39:03.210,167700,8385,-19.669393302693052,-43.2048969725988,12
10:39:03.425,167800,8390,-19.669387655005757,-43.20489091428863,12
10:39:03.635,167900,8395,-19.669386523259227,-43.2048856992661,12
10:39:03.842,168000,8400,-19.669383512856776,-43.20487964640304,12
10:39:04.052,168100,8405,-19.669374056801058,-43.204878703618654,12
10:39:04.262,168200,8410,-19.66937640201749,-43.20487174325189,12
10:39:04.471,168300,8415,-19.66936601657148,-43.204873122977865,12
10:39:04.681,168400,8420,-19.669365543483078,-43.204864606378386,12
10:39:04.888,168500,8425,-19.66936154589611,-43.20486362814575,12
10:39:05.098,168600,8430,-19.669360896840157,-43.2048558198403,12
10:39:05.315,168700,8435,-19.66935252973384,-43.2048493957495,12
10:39:05.524,168800,8440,-19.669344293440915,-43.20484338665565,12
10:39:05.732,168900,8445,-19.669343836550503,-43.20484552693278,12
10:39:05.940,169000,8450,-19.669339005399305,-43.20484075685875,12
10:39:06.148,169100,8455,-19.669338754242048,-43.204831894153415,12
10:39:06.360,169200,8460,-19.66933593936614,-43.204834341257346,12
10:39:06.576,169300,8465,-19.669324414660938,-43.20482652778557,12
10:39:06.783,169400,8470,-19.669323810019154,-43.20482694149885,12
10:39:06.991,169500,8475,-19.66932298344466,-43.20481971213453,12
10:39:07.200,169600,8480,-19.669315882038255,-43.20481404613627,12
10:39:07.408,169700,8485,-19.66930551041632,-43.20481443206196,12
10:39:07.620,169800,8490,-19.669306744688388,-43.20480354785017,12
10:39:07.827,169900,8495,-19.66929959521652,-43.20480508976008,12
10:39:08.035,170000,8500,-19.669292949636453,-43.20479532434759,12
10:39:08.245,170100,8505,-19.669297484404904,-43.20479559505214,12
10:39:08.452,170200,8510,-19.669291223960336,-43.20478668599396,12
10:39:08.660,170300,8515,-19.669289220671555,-43.204789581915215,12
10:39:08.870,170400,8520,-19.66928305723622,-43.20478613283294,12
10:39:09.078,170500,8525,-19.669278750221885,-43.204780000831335,12
10:39:09.288,170600,8530,-19.669272864260837,-43.20477642602041,12
10:39:09.497,170700,8535,-19.669268168129744,-43.204767409920365,12
10:39:09.715,170800,8540,-19.66926173054247,-43.20476010941452,12
10:39:09.930,170900,8545,-19.669258416776362,-43.20475991398828,12
10:39:10.138,171000,8550,-19.6692552776783,-43.20475719736312,12
10:39:10.345,171100,8555,-19.669254821421944,-43.20475064278647,12
10:39:10.553,171200,8560,-19.669247252535797,-43.2047475598949,12
10:39:10.761,171300,8565,-19.66924209358129,-43.204743526639625,12
10:39:10.975,171400,8570,-19.669242877472666,-43.204743722541664,12
10:39:11.184,171500,8575,-19.669237580782816,-43.20473072937763,12
10:39:11.392,171600,8580,-19.669230767100892,-43.20473548624089,12
10:39:11.607,171700,8585,-19.66922850885826,-43.20472282787162,12
10:39:11.818,171800,8590,-19.66922488114301,-43.20471876592301,12
10:39:12.025,171900,8595,-19.669216156324822,-43.20471327859754,12
10:39:12.233,172000,8600,-19.6692106338289,-43.204718950810104,12
10:39:12.449,172100,8605,-19.669213868206224,-43.204706676530485,12
10:39:12.656,172200,8610,-19.66920280940819,-43.20470507448073,12
10:39:12.864,172300,8615,-19.669200424424588,-43.20470202295164,12
10:39:13.073,172400,8620,-19.66919231194634,-43.204701250376594,12
10:39:13.283,172500,8625,-19.669197909879365,-43.20469513383296,12
10:39:13.491,172600,8630,-19.66919242634488,-43.20468567104625,12
10:39:13.699,172700,8635,-19.6691866422818,-43.20468326552769,12
10:39:13.909,172800,8640,-19.66917953163325,-43.20468230377545,12
10:39:14.121,172900,8645,-19.66917596663295,-43.204680605874316,12
10:39:14.331,173000,8650,-19.669174109538254,-43.20467403820922,12
10:39:14.539,173100,8655,-19.66917116515819,-43.20466845768671,12
10:39:14.747,173200,8660,-19.669166435113972,-43.204660342866454,12
10:39:14.960,173300,8665,-19.669155546385458,-43.204662598507255,12
10:39:15.167,173400,8670,-19.669152356547546,-43.20465284259142,12
10:39:15.375,173500,8675,-19.669149421343516,-43.204649537283636,12
10:39:15.582,173600,8680,-19.669151661925422,-43.20465081757541,12
10:39:15.791,173700,8685,-19.669142122590788,-43.20463875853105,12
10:39:15.999,173800,8690,-19.669135173664053,-43.20464306464623,12
10:39:16.207,173900,8695,-19.669137796391063,-43.20463916245745,12
10:39:16.415,174000,8700,-19.669131637956884,-43.20463091167277,12
10:39:16.623,174100,8705,-19.669127967299712,-43.20462198452461,12
10:39:16.833,174200,8710,-19.66912444755456,-43.204625937836816,12
10:39:17.040,174300,8715,-19.66912057269282,-43.20461381913421,12
10:39:17.247,174400,8720,-19.669117288653904,-43.20461213489532,12
10:39:17.456,174500,8725,-19.669109584009725,-43.204606248590345,12
10:39:17.663,174600,8730,-19.669106848721494,-43.204600838820234,12
10:39:17.875,174700,8735,-19.66909979665368,-43.20460605705345,12
10:39:18.085,174800,8740,-19.669098169326645,-43.20459195625866,12
10:39:18.296,174900,8745,-19.669093807152542,-43.20459654111099,12
10:39:18.504,175000,8750,-19.669088234813707,-43.20458825645596,12
10:39:18.711,175100,8755,-19.66908548866782,-43.20458879211361,12
10:39:18.919,175200,8760,-19.669077103932256,-43.20457830463004,12
10:39:19.128,175300,8765,-19.66907618950073,-43.204578016474514,12
10:39:19.340,175400,8770,-19.66906941500012,-43.204568431725306,12
10:39:19.554,175500,8775,-19.669072041390965,-43.204564837563495,12
10:39:19.762,175600,8780,-19.669064712372517,-43.204565790013746,12
10:39:19.970,175700,8785,-19.66905683991529,-43.20455581553277,12
10:39:20.184,175800,8790,-19.669055216647145,-43.20455012520234,12
10:39:20.391,175900,8795,-19.669054009681073,-43.20455305390458,12
10:39:20.598,176000,8800,-19.669049068226784,-43.20454523782677,12
10:39:20.816,176100,8805,-19.66903753626794,-43.20454488015103,12
10:39:21.023,176200,8810,-19.669033568503536,-43.204533322374,12
10:39:21.232,176300,8815,-19.66903097467036,-43.204536419786805,12
10:39:21.440,176400,8820,-19.669034305318725,-43.20452930719895,12
10:39:21.652,176500,8825,-19.669021327975226,-43.20452352035762,12
10:39:21.860,176600,8830,-19.669023727532565,-43.20451933780124,12
10:39:22.067,176700,8835,-19.66901469970609,-43.20452167024241,12
10:39:22.276,176800,8840,-19.66900917395269,-43.20450977913872,12
10:39:22.484,176900,8845,-19.669006918153045,-43.20450443835737,12
10:39:22.696,177000,8850,-19.669000033593118,-43.20450482886835,12
10:39:22.905,177100,8855,-19.66900379890993,-43.20450482440304,12
10:39:23.112,177200,8860,-19.668991485694868,-43.204494344157624,12
10:39:23.320,177300,8865,-19.668990901970524,-43.20449612837182,12
10:39:23.527,177400,8870,-19.668990438573523,-43.20449249463258,12
10:39:23.735,177500,8875,-19.668982833874317,-43.204481620601335,12
10:39:23.944,177600,8880,-19.668981903346726,-43.20448449451725,12
10:39:24.151,177700,8885,-19.668980319353775,-43.2044794314917,12
10:39:24.358,177800,8890,-19.668975181053632,-43.204472672296085,12
10:39:24.567,177900,8895,-19.668966956615574,-43.20446324954293,12
10:39:24.783,178000,8900,-19.668967282264855,-43.20446303641957,12
10:39:24.990,178100,8905,-19.66895740728115,-43.204454983969214,12
10:39:25.198,178200,8910,-19.668957759354633,-43.204454425178625,12
10:39:25.407,178300,8915,-19.668951623012898,-43.20445019046225,12
10:39:25.621,178400,8920,-19.668941944744827,-43.204446557521926,12
10:39:25.828,178500,8925,-19.668941266996207,-43.204438751909606,12
10:39:26.044,178600,8930,-19.668937701493146,-43.20444105069673,12
10:39:26.252,178700,8935,-19.6689355857732,-43.20443674258379,12
10:39:26.459,178800,8940,-19.6689330347345,-43.20442976469462,12
10:39:26.669,178900,8945,-19.668924450259798,-43.204423277413945,12
10:39:26.876,179000,8950,-19.668921433772244,-43.20442312696742,12
10:39:27.084,179100,8955,-19.66891502969811,-43.204415742340245,12
10:39:27.297,179200,8960,-19.668909611366296,-43.20441190789093,12
10:39:27.506,179300,8965,-19.668910861690712,-43.204403949907196,12
10:39:27.713,179400,8970,-19.668900580181575,-43.20440701719935,12
10:39:27.926,179500,8975,-19.668903154972604,-43.20439989636133,12
10:39:28.134,179600,8980,-19.66890024119711,-43.2043961181547,12
10:39:28.342,179700,8985,-19.668890911878083,-43.2043884151678,12
10:39:28.549,179800,8990,-19.668889938010828,-43.20438449454546,12
10:39:28.760,179900,8995,-19.66888445916276,-43.204379892316624,12
10:39:28.967,180000,9000,-19.668880534531137,-43.20438024709464,12
10:39:29.174,180100,9005,-19.668876322384136,-43.20437588035684,12
10:39:29.382,180200,9010,-19.668868799475888,-43.20437565913071,12
10:39:29.596,180300,9015,-19.668863486294462,-43.20436861538445,12
10:39:29.809,180400,9020,-19.668859662436528,-43.20436057588102,12
10:39:30.017,180500,9025,-19.66885470076079,-43.20436009368949,12
10:39:30.232,180600,9030,-19.668850487857444,-43.20435393704103,12
10:39:30.443,180700,9035,-19.668848965225695,-43.20434849254344,12
10:39:30.649,180800,9040,-19.668845507093625,-43.20434215482574,12
10:39:30.857,180900,9045,-19.66883747859177,-43.204339119551356,12
10:39:31.065,181000,9050,-19.6688400785596,-43.20433981343947,12
10:39:31.280,181100,9055,-19.668836721780195,-43.20433677182423,12
10:39:31.493,181200,9060,-19.668832450688566,-43.204329933957936,12
10:39:31.701,181300,9065,-19.668820234518968,-43.204322990653274,12
10:39:31.907,181400,9070,-19.66882238700612,-43.20431560753007,12
10:39:32.123,181500,9075,-19.668820948366914,-43.20431198435684,12
10:39:32.330,181600,9080,-19.66881672855869,-43.20430714454534,12
10:39:32.544,181700,9085,-19.668805812189724,-43.20430944060473,12
10:39:32.760,181800,9090,-19.668803884922582,-43.20429997318777,12
10:39:32.967,181900,9095,-19.668803763255344,-43.2042976028266,12
10:39:33.175,182000,9100,-19.668795886966375,-43.204293467748506,12
10:39:33.383,182100,9105,-19.668791790401407,-43.20428740884655,12
10:39:33.599,182200,9110,-19.66878194449928,-43.204286819564885,12
10:39:33.816,182300,9115,-19.66877854577748,-43.2042776380244,12
10:39:34.024,182400,9120,-19.668780494803375,-43.20427366298303,12
10:39:34.233,182500,9125,-19.668770645740267,-43.204275953420655,12
10:39:34.451,182600,9130,-19.668766736601203,-43.20426577309819,12
10:39:34.667,182700,9135,-19.668767189075467,-43.20426708133109,12
10:39:34.875,182800,9140,-19.66876013905942,-43.20425694516644,12
10:39:35.082,182900,9145,-19.66875965813261,-43.20425888037004,12
10:39:35.295,183000,9150,-19.66875713242964,-43.20425238226583,12
10:39:35.505,183100,9155,-19.66874762083137,-43.204243947459815,12
10:39:35.712,183200,9160,-19.668746528438607,-43.20424631731311,12
10:39:35.920,183300,9165,-19.668736278685174,-43.20423959273635,12
10:39:36.136,183400,9170,-19.66873585430688,-43.2042327843363,12
10:39:36.352,183500,9175,-19.66873173805685,-43.20423537744093,12
10:39:36.559,183600,9180,-19.66872376174947,-43.204228953677294,12
10:39:36.773,183700,9185,-19.66872001273705,-43.204225540539234,12
10:39:36.985,183800,9190,-19.668718766400335,-43.20421849891188,12
10:39:37.193,183900,9195,-19.66871006083514,-43.20421582190736,12
10:39:37.402,184000,9200,-19.668710765242416,-43.20421126288109,12
10:39:37.622,184100,9205,-19.6687053312851,-43.20420977072291,12
10:39:37.833,184200,9210,-19.668699765166636,-43.20420400277015,12
10:39:38.048,184300,9215,-19.668698921724644,-43.204195623736894,12
10:39:38.255,184400,9220,-19.66869525808878,-43.204191059281136,12
10:39:38.462,184500,9225,-19.66868812495172,-43.20418655405315,12
10:39:38.679,184600,9230,-19.668687386552403,-43.204184304949294,12
10:39:38.889,184700,9235,-19.668685706086155,-43.20418543883231,12
10:39:39.097,184800,9240,-19.668673844616087,-43.204180467347065,12
10:39:39.305,184900,9245,-19.668673211548246,-43.2041756256728,12
10:39:39.518,185000,9250,-19.668664812792226,-43.204168986105664,12
10:39:39.736,185100,9255,-19.668668578902903,-43.20416616584508,12
10:39:39.945,185200,9260,-19.668657557274244,-43.204163913532945,12
10:39:40.154,185300,9265,-19.668658488924276,-43.20415577597325,12
10:39:40.371,185400,9270,-19.668654016873166,-43.204146352790055,12
10:39:40.578,185500,9275,-19.66864252212653,-43.20415198887798,12
10:39:40.785,185600,9280,-19.668638673972243,-43.204145143915405,12
10:39:40.994,185700,9285,-19.668641939376386,-43.20413836692648,12
10:39:41.205,185800,9290,-19.66863179331964,-43.20413504603486,12
10:39:41.412,185900,9295,-19.66862625280932,-43.204133457278274,12
10:39:41.620,186000,9300,-19.668630909572713,-43.204124842664896,12
10:39:41.833,186100,9305,-19.66862156342873,-43.20412544526894,12
10:39:42.041,186200,9310,-19.668618019624645,-43.204122135083175,12
10:39:42.249,186300,9315,-19.66860954622048,-43.20411862501185,12
10:39:42.459,186400,9320,-19.668606893247237,-43.20411245271907,12
10:39:42.675,186500,9325,-19.668603625243197,-43.20410301720206,12
10:39:42.890,186600,9330,-19.668605303248555,-43.20410465281268,12
10:39:43.098,186700,9335,-19.668598380181887,-43.204097397252994,12
10:39:43.304,186800,9340,-19.668594272614538,-43.20408849670331,12
10:39:43.520,186900,9345,-19.668584554253112,-43.20408942487444,12
10:39:43.734,187000,9350,-19.66858808431809,-43.20408894347686,12
10:39:43.943,187100,9355,-19.66858062784511,-43.20407631566357,12
10:39:44.151,187200,9360,-19.668576924694456,-43.20407881101058,12
10:39:44.370,187300,9365,-19.66856978443123,-43.20407335086973,12
10:39:44.577,187400,9370,-19.66856263656621,-43.20406861930591,12
10:39:44.785,187500,9375,-19.668564892856434,-43.20406730093312,12
10:39:44.993,187600,9380,-19.66856257039106,-43.20405523391823,12
10:39:45.211,187700,9385,-19.66855206475339,-43.20405418971399,12
10:39:45.417,187800,9390,-19.668549157597308,-43.2040467607855,12
10:39:45.625,187900,9395,-19.668544147379155,-43.20404550225455,12
10:39:45.831,188000,9400,-19.668546917330264,-43.20404275289891,12
10:39:46.040,188100,9405,-19.668537029136854,-43.20403695304702,12
10:39:46.251,188200,9410,-19.66853433751536,-43.20403259546809,12
10:39:46.459,188300,9415,-19.668533286600066,-43.204034115682965,12
10:39:46.670,188400,9420,-19.66852629548259,-43.204024506184716,12
10:39:46.890,188500,9425,-19.668522523762768,-43.204024581315174,12
10:39:47.107,188600,9430,-19.668516894691212,-43.20401435754712,12
10:39:47.315,188700,9435,-19.668515591806994,-43.20401458549507,12
10:39:47.523,188800,9440,-19.66850926502514,-43.20400917855338,12
10:39:47.730,188900,9445,-19.6684991743912,-43.204004826578945,12
10:39:47.937,189000,9450,-19.66850217128163,-43.204000505624286,12
10:39:48.146,189100,9455,-19.66849462082265,-43.20399668628619,12
10:39:48.353,189200,9460,-19.6684954881891,-43.2039932259885,12
10:39:48.568,189300,9465,-19.668485718762206,-43.203984968880135,12
10:39:48.777,189400,9470,-19.668486384435823,-43.20398213632146,12
10:39:48.991,189500,9475,-19.668478762038752,-43.203983470079464,12
10:39:49.200,189600,9480,-19.668470268602032,-43.203977059581085,12
10:39:49.408,189700,9485,-19.668470663296105,-43.203971164434094,12
10:39:49.617,189800,9490,-19.668464807362678,-43.20396795298469,12
10:39:49.824,189900,9495,-19.668464151477796,-43.20396023227154,12
10:39:50.031,190000,9500,-19.668455835252754,-43.20395864076153,12
10:39:50.241,190100,9505,-19.66845657089861,-43.20395591813805,12
10:39:50.449,190200,9510,-19.668445729880645,-43.203947248194815,12
10:39:50.656,190300,9515,-19.668449043392112,-43.20394827657502,12
10:39:50.876,190400,9520,-19.66844063994485,-43.20394266007967,12
10:39:51.092,190500,9525,-19.668433740726524,-43.20393647064315,12
10:39:51.299,190600,9530,-19.66842918345121,-43.20392848851775,12
10:39:51.506,190700,9535,-19.668431708603034,-43.20392623100363,12
10:39:51.714,190800,9540,-19.668422533866124,-43.20392143156437,12
10:39:51.929,190900,9545,-19.668415497838165,-43.203919105574876,12
10:39:52.142,191000,9550,-19.66841734941811,-43.20391250944812,12
10:39:52.349,191100,9555,-19.668414261541642,-43.20390835030731,12
10:39:52.562,191200,9560,-19.668408369545734,-43.20390450906794,12
10:39:52.771,191300,9565,-19.66840596148327,-43.203903174636835,12
10:39:52.979,191400,9570,-19.668401891366194,-43.2038941315714,12
10:39:53.189,191500,9575,-19.668393376253,-43.203898796990444,12
10:39:53.407,191600,9580,-19.668392691382753,-43.20388922213386,12
10:39:53.620,191700,9585,-19.668389983802477,-43.20388565471074,12
10:39:53.827,191800,9590,-19.66838530283209,-43.20387903075293,12
10:39:54.035,191900,9595,-19.66837759711369,-43.203879774967405,12
10:39:54.245,192000,9600,-19.668378137041284,-43.20387376735582,12
10:39:54.454,192100,9605,-19.668371672297557,-43.20387142567824,12
10:39:54.664,192200,9610,-19.6683676466468,-43.20386841442485,12
10:39:54.872,192300,9615,-19.66836124426926,-43.20386143616979,12
10:39:55.084,192400,9620,-19.66835386886879,-43.20385517830311,12
10:39:55.292,192500,9625,-19.66834902635807,-43.20385264029341,12
10:39:55.501,192600,9630,-19.668346654969426,-43.20384433054806,12
10:39:55.710,192700,9635,-19.668345006604568,-43.203841670989696,12
10:39:55.927,192800,9640,-19.668344761486335,-43.203840528605795,12
10:39:56.143,192900,9645,-19.66833249516192,-43.20383409648977,12
10:39:56.352,193000,9650,-19.668334664093667,-43.20383215511167,12
10:39:56.560,193100,9655,-19.668327493047233,-43.20382946463221,12
10:39:56.771,193200,9660,-19.668319521199216,-43.20382426333709,12
10:39:56.985,193300,9665,-19.668319430023917,-43.203817313233245,12
10:39:57.196,193400,9670,-19.668312507932313,-43.20381478167243,12
10:39:57.405,193500,9675,-19.668305951890463,-43.20381321842509,12
10:39:57.613,193600,9680,-19.668308222607482,-43.20380395209247,12
10:39:57.820,193700,9685,-19.668303973827495,-43.20380372167998,12
10:39:58.028,193800,9690,-19.668298679818943,-43.203795841245636,12
10:39:58.237,193900,9695,-19.668293049417926,-43.20379079673962,12
10:39:58.452,194000,9700,-19.668288641938553,-43.20378596810722,12
10:39:58.661,194100,9705,-19.668285070797335,-43.20378548622992,12
10:39:58.869,194200,9710,-19.66828343611643,-43.20377889588677,12
10:39:59.075,194300,9715,-19.668275965461902,-43.20377753680361,12
10:39:59.286,194400,9720,-19.66827540522043,-43.20377384942568,12
10:39:59.497,194500,9725,-19.668266061446253,-43.203767119346665,12
10:39:59.707,194600,9730,-19.66826552656419,-43.203760328837724,12
10:39:59.916,194700,9735,-19.668260213104844,-43.20375782613478,12
10:40:00.128,194800,9740,-19.668257666093375,-43.20375679056667,12
10:40:00.339,194900,9745,-19.66825652124466,-43.20375171731326,12
10:40:00.548,195000,9750,-19.668249332848674,-43.203749108158924,12
10:40:00.757,195100,9755,-19.66824083790205,-43.20374728375706,12
10:40:00.975,195200,9760,-19.668243758601502,-43.20374197335522,12
10:40:01.182,195300,9765,-19.668234690203445,-43.20373615398058,12
10:40:01.389,195400,9770,-19.6682306990352,-43.203731957239924,12
10:40:01.597,195500,9775,-19.668229328060885,-43.203726442919226,12
10:40:01.811,195600,9780,-19.668224339903585,-43.20372195024676,12
10:40:02.019,195700,9785,-19.66822297735486,-43.203719242162016,12
10:40:02.226,195800,9790,-19.668212327955278,-43.203715363101004,12
10:40:02.435,195900,9795,-19.668213913360248,-43.20371165832622,12
10:40:02.646,196000,9800,-19.6682027775787,-43.2037103935657,12
10:40:02.857,196100,9805,-19.668198931444483,-43.20370076377523,12
10:40:03.065,196200,9810,-19.668199707911203,-43.20369601317838,12
10:40:03.281,196300,9815,-19.668188237092046,-43.203692446139684,12
10:40:03.500,196400,9820,-19.668192960957963,-43.20369091047445,12
10:40:03.707,196500,9825,-19.668181182990793,-43.20368585923879,12
10:40:03.916,196600,9830,-19.66818515461968,-43.20367813167614,12
10:40:04.122,196700,9835,-19.668180530621314,-43.20367775296193,12
10:40:04.334,196800,9840,-19.66817431191237,-43.20367359387726,12
10:40:04.543,196900,9845,-19.668170004326075,-43.203667458126844,12
10:40:04.751,197000,9850,-19.6681675025243,-43.203659372695476,12
10:40:04.960,197100,9855,-19.668155299912495,-43.20365758898879,12
10:40:05.168,197200,9860,-19.668150762972708,-43.20365548567409,12
10:40:05.377,197300,9865,-19.668146702209736,-43.203652866365786,12
10:40:05.585,197400,9870,-19.66814207441881,-43.20365033565947,12
10:40:05.800,197500,9875,-19.668137878808857,-43.203640465457745,12
10:40:06.011,197600,9880,-19.66813782597496,-43.20364307815127,12
10:40:06.219,197700,9885,-19.668132376755874,-43.203631602698955,12
10:40:06.427,197800,9890,-19.66813449806163,-43.20363390547417,12
10:40:06.642,197900,9895,-19.668125861448598,-43.20362565686766,12
10:40:06.850,198000,9900,-19.66812341161245,-43.20361919853028,12
10:40:07.057,198100,9905,-19.66811845767152,-43.20361542348361,12
10:40:07.265,198200,9910,-19.668116243698492,-43.20361389547962,12
10:40:07.477,198300,9915,-19.668105476495242,-43.20360584534379,12
10:40:07.693,198400,9920,-19.66810137965996,-43.203600074033524,12
10:40:07.900,198500,9925,-19.668101371748907,-43.20360287168851,12
10:40:08.107,198600,9930,-19.66809705574035,-43.20359281183547,12
10:40:08.323,198700,9935,-19.66809636281577,-43.20359650677344,12
10:40:08.530,198800,9940,-19.6680929617167,-43.20358721184619,12
10:40:08.738,198900,9945,-19.668085190443573,-43.20358146295728,12
10:40:08.945,199000,9950,-19.668078276848536,-43.20357645458697,12
10:40:09.163,199100,9955,-19.668075708638575,-43.20357457112131,12
10:40:09.375,199200,9960,-19.668072904316652,-43.20357592205204,12
10:40:09.583,199300,9965,-19.66807009731168,-43.20356239369858,12
10:40:09.791,199400,9970,-19.668060093933814,-43.20356145588681,12
10:40:10.001,199500,9975,-19.668060258129437,-43.20355613753857,12
10:40:10.208,199600,9980,-19.66805613813884,-43.20355617629714,12
10:40:10.416,199700,9985,-19.668045352838405,-43.20355242522501,12
10:40:10.627,199800,9990,-19.668045642720237,-43.20354642293088,12
10:40:10.836,199900,9995,-19.66804055858431,-43.2035451666624,12
10:40:11.045,200000,10000,-19.66803509555819,-43.203534754737206,12
10:40:11.252,200100,10005,-19.66803755513397,-43.20353509238382,12
10:40:11.460,200200,10010,-19.66803375029111,-43.20353111666076,12
10:40:11.674,200300,10015,-19.66802634544852,-43.20352948667718,12
10:40:11.885,200400,10020,-19.66802169577578,-43.203520528365004,12
10:40:12.093,200500,10025,-19.668011908126804,-43.20351761504655,12
10:40:12.300,200600,10030,-19.668014780959904,-43.203514877625935,12
10:40:12.509,200700,10035,-19.668010025654365,-43.203508801656795,12
10:40:12.719,200800,10040,-19.66800821094936,-43.20350310081872,12
10:40:12.925,200900,10045,-19.668004768912315,-43.20349908952081,12
10:40:13.134,201000,10050,-19.66799330782563,-43.203499346455224,12
10:40:13.341,201100,10055,-19.66799525760073,-43.20349156299708,12
10:40:13.549,201200,10060,-19.66798952135884,-43.20349050137754,12
10:40:13.758,201300,10065,-19.667987827299857,-43.20348046729214,12
10:40:13.967,201400,10070,-19.66797632847397,-43.20347471489778,12
10:40:14.175,201500,10075,-19.667972182239428,-43.203475329490615,12
10:40:14.384,201600,10080,-19.667974247638227,-43.20347497546109,12
10:40:14.592,201700,10085,-19.667966392324747,-43.20346589298476,12
10:40:14.800,201800,10090,-19.667957646883835,-43.20346577972994,12
10:40:15.008,201900,10095,-19.667962361836377,-43.2034593053338,12
10:40:15.216,202000,10100,-19.66795376765612,-43.20345542864895,12
10:40:15.423,202100,10105,-19.667953959885576,-43.20344763472644,12
10:40:15.632,202200,10110,-19.667946591670052,-43.20344297138282,12
10:40:15.840,202300,10115,-19.667938149337523,-43.20343710442443,12
10:40:16.049,202400,10120,-19.667939100601718,-43.20343854527186,12
10:40:16.257,202500,10125,-19.66793597935483,-43.20343449833462,12
10:40:16.464,202600,10130,-19.667927714536635,-43.20342905055119,12
10:40:16.672,202700,10135,-19.667920998819923,-43.2034242823601,12
10:40:16.881,202800,10140,-19.667916747549725,-43.20342217334438,12
10:40:17.089,202900,10145,-19.667917587941638,-43.20341850148032,12
10:40:17.296,203000,10150,-19.667913870464794,-43.203410842085646,12
10:40:17.504,203100,10155,-19.667912988162975,-43.203408737233865,12
10:40:17.712,203200,10160,-19.667901144185592,-43.203402928245666,12
10:40:17.921,203300,10165,-19.66789906241175,-43.203396443433284,12
10:40:18.129,203400,10170,-19.667895123158395,-43.203399284407226,12
10:40:18.337,203500,10175,-19.6678937421053,-43.20339109526622,12
10:40:18.547,203600,10180,-19.667887616294056,-43.203383937253,12
10:40:18.759,203700,10185,-19.6678785431957,-43.20338485308778,12
10:40:18.968,203800,10190,-19.667881396413293,-43.203381918654095,12
10:40:19.175,203900,10195,-19.667879250957906,-43.20337606660917,12
10:40:19.384,204000,10200,-19.667872999565073,-43.20336701227661,12
10:40:19.593,204100,10205,-19.667865376924134,-43.20336769101901,12
10:40:19.801,204200,10210,-19.66786716091908,-43.20336683083776,12
10:40:20.011,204300,10215,-19.667857417017096,-43.203354221715486,12
10:40:20.219,204400,10220,-19.66785397913593,-43.2033569991782,12
10:40:20.427,204500,10225,-19.667852881538966,-43.20335251022334,12
10:40:20.639,204600,10230,-19.667847664607443,-43.20334420784315,12
10:40:20.847,204700,10235,-19.667842385522476,-43.20334278945746,12
10:40:21.054,204800,10240,-19.667834324700443,-43.20333465094268,12
10:40:21.261,204900,10245,-19.667837580834686,-43.2033357445117,12
10:40:21.468,205000,10250,-19.667827798703694,-43.2033243725943,12
10:40:21.675,205100,10255,-19.667821150211644,-43.20332108312857,12
10:40:21.884,205200,10260,-19.667825366437366,-43.20332047702359,12
10:40:22.094,205300,10265,-19.667821309491956,-43.20331759858406,12
10:40:22.303,205400,10270,-19.66781270377718,-43.20331702409457,12
10:40:22.510,205500,10275,-19.667806381469642,-43.203304073909386,12
10:40:22.720,205600,10280,-19.66780854119061,-43.20330127814256,12
10:40:22.928,205700,10285,-19.6678033734117,-43.2033011452219,12
10:40:23.135,205800,10290,-19.667795455024326,-43.20329129616315,12
10:40:23.344,205900,10295,-19.667794274174454,-43.20329133911788,12
10:40:23.552,206000,10300,-19.667789793718168,-43.203283219465746,12
10:40:23.760,206100,10305,-19.667780363151834,-43.20328646382082,12
10:40:23.979,206200,10310,-19.6677774263379,-43.203280494152736,12
10:40:24.188,206300,10315,-19.667772448734897,-43.20327706189295,12
10:40:24.396,206400,10320,-19.667773871374376,-43.20327554289238,12
10:40:24.605,206500,10325,-19.667771209557888,-43.203267001415405,12
10:40:24.825,206600,10330,-19.66775800071422,-43.20326194047314,12
10:40:25.036,206700,10335,-19.66775486180523,-43.20325433865939,12
10:40:25.247,206800,10340,-19.66775528309816,-43.20325270917622,12
10:40:25.454,206900,10345,-19.667747875365922,-43.20324464571865,12
10:40:25.665,207000,10350,-19.667741622004435,-43.203244458437275,12
10:40:25.872,207100,10355,-19.667739909095413,-43.2032445847202,12
10:40:26.080,207200,10360,-19.667741076762837,-43.20323477016089,12
10:40:26.289,207300,10365,-19.6677280673161,-43.20323251216861,12
10:40:26.500,207400,10370,-19.66773094963062,-43.20322871881106,12
10:40:26.707,207500,10375,-19.66772180098808,-43.203221853440105,12
10:40:26.913,207600,10380,-19.667718896792405,-43.2032241885327,12
10:40:27.121,207700,10385,-19.66771970409582,-43.20321693809342,12
10:40:27.328,207800,10390,-19.66770914508593,-43.20321696270066,12
10:40:27.546,207900,10395,-19.667704844698665,-43.2032113176415,12
10:40:27.753,208000,10400,-19.667700694500745,-43.20320559800063,12
10:40:27.971,208100,10405,-19.667701126326456,-43.20320009443939,12
10:40:28.180,208200,10410,-19.667693439374975,-43.203197982514006,12
10:40:28.388,208300,10415,-19.667689579011107,-43.20319073824285,12
10:40:28.596,208400,10420,-19.667691491564696,-43.20318374581682,12
10:40:28.811,208500,10425,-19.667687234175627,-43.20318330982401,12
10:40:29.018,208600,10430,-19.667679665382416,-43.203178417955634,12
10:40:29.230,208700,10435,-19.66767882188577,-43.20317567990879,12
10:40:29.438,208800,10440,-19.66766521037706,-43.20316589503127,12
10:40:29.654,208900,10445,-19.667663991282144,-43.20316444554145,12
10:40:29.863,209000,10450,-19.66766039388078,-43.203161178621414,12
10:40:30.070,209100,10455,-19.66765350960531,-43.20315593335841,12
10:40:30.277,209200,10460,-19.66765423856557,-43.20315524330528,12
10:40:30.487,209300,10465,-19.6676471585015,-43.203148030308974,12
10:40:30.694,209400,10470,-19.667648675314435,-43.20314447284884,12
10:40:30.902,209500,10475,-19.667641082452867,-43.203136216108156,12
10:40:31.114,209600,10480,-19.667636684032047,-43.20313203419569,12
10:40:31.321,209700,10485,-19.667631067045733,-43.203135719782544,12
10:40:31.539,209800,10490,-19.66762816831417,-43.20312573544148,12
10:40:31.746,209900,10495,-19.667625917638368,-43.20312688503551,12
10:40:31.956,210000,10500,-19.6676153667923,-43.20311935485487,12
10:40:32.166,210100,10505,-19.667616319073026,-43.203111319354626,12
10:40:32.375,210200,10510,-19.667608290314,-43.203108182387766,12
10:40:32.583,210300,10515,-19.66760617766057,-43.203107551213535,12
10:40:32.796,210400,10520,-19.66760122422407,-43.20310324993889,12
10:40:33.010,210500,10525,-19.667595733179812,-43.203098407103006,12
10:40:33.218,210600,10530,-19.667592877860113,-43.203092058727336,12
10:40:33.425,210700,10535,-19.667590207300723,-43.20308988756107,12
10:40:33.639,210800,10540,-19.66758311832456,-43.20309051194422,12
10:40:33.850,210900,10545,-19.66758300527427,-43.203080065207146,12
10:40:34.058,211000,10550,-19.667579007443315,-43.20308049735615,12
10:40:34.265,211100,10555,-19.66756892376752,-43.20307201098558,12
10:40:34.472,211200,10560,-19.667564690392418,-43.203067981842345,12
10:40:34.682,211300,10565,-19.66756810276907,-43.203063796216874,12
10:40:34.889,211400,10570,-19.667564953809826,-43.20305757558395,12
10:40:35.097,211500,10575,-19.667561611752177,-43.203056487659886,12
10:40:35.306,211600,10580,-19.66755693697157,-43.203052528015306,12
10:40:35.515,211700,10585,-19.66754389325669,-43.20304759930969,12
10:40:35.731,211800,10590,-19.667540361307836,-43.203042558815525,12
10:40:35.940,211900,10595,-19.667534847448152,-43.20304144512656,12
10:40:36.148,212000,10600,-19.667536154960292,-43.20303593733675,12
10:40:36.355,212100,10605,-19.66753016257774,-43.2030339006264,12
10:40:36.564,212200,10610,-19.66752403076431,-43.20302541015995,12
10:40:36.773,212300,10615,-19.667526244631116,-43.203027226027714,12
10:40:36.984,212400,10620,-19.667518120646683,-43.20301588144532,12
10:40:37.193,212500,10625,-19.667513926396417,-43.203019210339825,12
10:40:37.409,212600,10630,-19.667507054165444,-43.20301061427836,12
10:40:37.616,212700,10635,-19.66750671861814,-43.20300281033445,12
10:40:37.825,212800,10640,-19.66749822891633,-43.2029997441761,12
10:40:38.032,212900,10645,-19.667500724094836,-43.2029963545912,12
10:40:38.240,213000,10650,-19.667489833573512,-43.202990112806624,12
10:40:38.448,213100,10655,-19.667486261928328,-43.202994517093195,12
10:40:38.655,213200,10660,-19.667488645872506,-43.20298396283719,12
10:40:38.865,213300,10665,-19.667480974952202,-43.202983498498064,12
10:40:39.073,213400,10670,-19.667480382368794,-43.20297440895928,12
10:40:39.282,213500,10675,-19.667471828587576,-43.20297194922674,12
10:40:39.490,213600,10680,-19.667468064931526,-43.202973044025455,12
10:40:39.699,213700,10685,-19.66746026952373,-43.202963871868995,12
10:40:39.907,213800,10690,-19.667464185071328,-43.202965336371385,12
10:40:40.114,213900,10695,-19.667458915263417,-43.2029611437969,12
10:40:40.322,214000,10700,-19.667449211092197,-43.2029550951763,12
10:40:40.531,214100,10705,-19.66744420509928,-43.202944749835744,12
10:40:40.738,214200,10710,-19.667446406605126,-43.20294027768007,12
10:40:40.945,214300,10715,-19.667435192542378,-43.20293645655199,12
10:40:41.153,214400,10720,-19.667438223547293,-43.20293919967525,12
10:40:41.360,214500,10725,-19.667428467080214,-43.2029348353624,12
10:40:41.568,214600,10730,-19.667423005184297,-43.20292286452691,12
10:40:41.774,214700,10735,-19.667421693994033,-43.202924995040945,12
10:40:41.981,214800,10740,-19.6674173807844,-43.20292050656153,12
10:40:42.189,214900,10745,-19.66741827297775,-43.202916307696135,12
10:40:42.396,215000,10750,-19.66741240413368,-43.202910446752085,12
10:40:42.608,215100,10755,-19.667409830660908,-43.202902334447366,12
10:40:42.816,215200,10760,-19.667406572381367,-43.20290286231728,12
10:40:43.027,215300,10765,-19.667398739640184,-43.20290102022963,12
10:40:43.235,215400,10770,-19.66739405680166,-43.20289848404937,12
10:40:43.442,215500,10775,-19.667390337776464,-43.202891870355714,12
10:40:43.653,215600,10780,-19.66738907222374,-43.2028840136418,12
10:40:43.861,215700,10785,-19.66738157402423,-43.20287749750928,12
10:40:44.070,215800,10790,-19.667377679379573,-43.20287349968993,12
10:40:44.277,215900,10795,-19.667373855183403,-43.202877909965196,12
10:40:44.486,216000,10800,-19.667373437271063,-43.2028707048415,12
10:40:44.694,216100,10805,-19.667365423060115,-43.202862268589136,12
10:40:44.904,216200,10810,-19.667363634291274,-43.20286300666877,12
10:40:45.112,216300,10815,-19.667356994472595,-43.20285317011176,12
10:40:45.319,216400,10820,-19.66735227679845,-43.2028479558128,12
10:40:45.527,216500,10825,-19.667343828599424,-43.202845051443916,12
10:40:45.735,216600,10830,-19.667347914736975,-43.20284517675313,12
10:40:45.945,216700,10835,-19.66734068819911,-43.20283769194369,12
10:40:46.152,216800,10840,-19.667335779330166,-43.20283536100022,12
10:40:46.360,216900,10845,-19.66733408234911,-43.2028345580585,12
10:40:46.569,217000,10850,-19.66732985014683,-43.202826884800054,12
10:40:46.778,217100,10855,-19.66732309942896,-43.202823789388994,12
10:40:46.986,217200,10860,-19.667319934736256,-43.20281781907403,12
10:40:47.196,217300,10865,-19.66731765830525,-43.202810925417765,12
10:40:47.405,217400,10870,-19.667314173200236,-43.20281385485734,12
10:40:47.613,217500,10875,-19.66730891942534,-43.202802524227124,12
10:40:47.821,217600,10880,-19.667299347371124,-43.20280061510888,12
10:40:48.029,217700,10885,-19.667295361521074,-43.202795320084775,12
10:40:48.236,217800,10890,-19.66728980384744,-43.20279576198379,12
10:40:48.446,217900,10895,-19.667292030121274,-43.20278716242189,12
10:40:48.653,218000,10900,-19.667286397455467,-43.202785894579335,12
10:40:48.864,218100,10905,-19.667282730663572,-43.202776854646366,12
10:40:49.081,218200,10910,-19.667272603251412,-43.20277335020957,12
10:40:49.289,218300,10915,-19.66727550126696,-43.2027679249765,12
10:40:49.499,218400,10920,-19.66726965979478,-43.202773252123265,12
10:40:49.710,218500,10925,-19.66726752066911,-43.202767351147955,12
10:40:49.918,218600,10930,-19.66725895491193,-43.20276021561521,12
10:40:50.126,218700,10935,-19.667257494756182,-43.20275691890118,12
10:40:50.336,218800,10940,-19.667248668908385,-43.20274747623399,12
10:40:50.545,218900,10945,-19.667245786286138,-43.202743858492205,12
10:40:50.756,219000,10950,-19.667245919121154,-43.20274362092652,12
10:40:50.963,219100,10955,-19.667240756225933,-43.20274135444204,12
10:40:51.172,219200,10960,-19.667235669112877,-43.202738327727964,12
10:40:51.381,219300,10965,-19.667234727658336,-43.202729555372784,12
10:40:51.589,219400,10970,-19.667231281291137,-43.202723196244136,12
10:40:51.796,219500,10975,-19.66722181159875,-43.2027267572343,12
10:40:52.007,219600,10980,-19.667221822148218,-43.202714427092026,12
10:40:52.221,219700,10985,-19.667212737813564,-43.20271302813476,12
10:40:52.428,219800,10990,-19.66721112952777,-43.20271267669525,12
10:40:52.635,219900,10995,-19.667209737391904,-43.20270527592362,12
10:40:52.843,220000,11000,-19.66719760205443,-43.202700470487315,12
10:40:53.054,220100,11005,-19.667192881373563,-43.20269434895967,12
10:40:53.262,220200,11010,-19.66718868721769,-43.20269518234809,12
10:40:53.471,220300,11015,-19.66718743944813,-43.20268431946498,12
10:40:53.680,220400,11020,-19.667189819072536,-43.20268452764567,12
10:40:53.889,220500,11025,-19.6671800335031,-43.20267887881001,12
10:40:54.097,220600,11030,-19.667176763912344,-43.20267324003881,12
10:40:54.303,220700,11035,-19.66717145916112,-43.20267556061944,12
10:40:54.511,220800,11040,-19.667166228115995,-43.20266481532742,12
10:40:54.724,220900,11045,-19.667166932423545,-43.20266398942955,12
10:40:54.930,221000,11050,-19.66716273619234,-43.20266303569594,12
10:40:55.138,221100,11055,-19.667156803100628,-43.20265689428509,12
10:40:55.347,221200,11060,-19.667149837544134,-43.2026523546257,12
10:40:55.556,221300,11065,-19.667147754452518,-43.20265197841883,12
10:40:55.767,221400,11070,-19.667142475215062,-43.202642035835204,12
10:40:55.985,221500,11075,-19.667137020514215,-43.20264359811697,12
10:40:56.194,221600,11080,-19.667136363724925,-43.20263550619491,12
10:40:56.404,221700,11085,-19.667129253661376,-43.202635146378014,12
10:40:56.663,221800,11090,-19.667121909702875,-43.202628044193446,12
10:40:56.871,221900,11095,-19.66712001977911,-43.20261781249207,12
10:40:57.079,222000,11100,-19.66711482846375,-43.20261465456965,12
10:40:57.295,222100,11105,-19.667108433494604,-43.20261540988191,12
10:40:57.504,222200,11110,-19.667109943534836,-43.202609242559944,12
10:40:57.711,222300,11115,-19.667099804204007,-43.2026047010877,12
10:40:57.919,222400,11120,-19.667103344516008,-43.20260274472651,12
10:40:58.198,222500,11125,-19.667096363143074,-43.202597386843266,12
10:40:58.408,222600,11130,-19.667093552361763,-43.20258799367945,12
10:40:58.618,222700,11135,-19.667084381105024,-43.20258845975842,12
10:40:58.826,222800,11140,-19.66707887315357,-43.202582573333515,12
10:40:59.034,222900,11145,-19.667076912373677,-43.202578391099166,12
10:40:59.242,223000,11150,-19.66707287560374,-43.202576569749894,12
10:40:59.451,223100,11155,-19.667071588478006,-43.202565436496286,12
10:40:59.658,223200,11160,-19.667060580127515,-43.20256782268793,12
10:40:59.866,223300,11165,-19.667056455288062,-43.20255790843874,12
10:41:00.074,223400,11170,-19.667060650753946,-43.20255382917689,12
10:41:00.282,223500,11175,-19.667057324937296,-43.202555238094924,12
10:41:00.491,223600,11180,-19.66705367052205,-43.20254973912124,12
10:41:00.700,223700,11185,-19.667047016934227,-43.20254198543076,12
10:41:00.908,223800,11190,-19.6670394033793,-43.2025368770732,12
10:41:01.116,223900,11195,-19.66703475386541,-43.202539805252286,12
10:41:01.326,224000,11200,-19.667030544715505,-43.20253195281302,12
10:41:01.536,224100,11205,-19.667025147885198,-43.20252363647358,12
10:41:01.747,224200,11210,-19.66702766065739,-43.202526116593404,12
10:41:01.955,224300,11215,-19.667015872657384,-43.202516662586234,12
10:41:02.163,224400,11220,-19.6670106985913,-43.2025174893168,12
10:41:02.373,224500,11225,-19.667013017052835,-43.20251101588829,12
10:41:02.591,224600,11230,-19.667001998625047,-43.20250808770444,12
10:41:02.799,224700,11235,-19.667005221177593,-43.20250132249915,12
10:41:03.007,224800,11240,-19.666997279456787,-43.20250272050803,12
10:41:03.216,224900,11245,-19.666996344153638,-43.2024896677773,12
10:41:03.433,225000,11250,-19.666991303765485,-43.202485730521886,12
10:41:03.643,225100,11255,-19.666988855091283,-43.202484071122925,12
10:41:03.851,225200,11260,-19.666982364375535,-43.20248329003152,12
10:41:04.062,225300,11265,-19.666974973581738,-43.2024793254684,12
10:41:04.272,225400,11270,-19.66697477204124,-43.20247136005694,12
10:41:04.479,225500,11275,-19.666968128477386,-43.20247323475465,12
10:41:04.688,225600,11280,-19.66696132771753,-43.202467523687915,12
10:41:04.913,225700,11285,-19.666958966683197,-43.202460415314754,12
10:41:05.119,225800,11290,-19.66695593651075,-43.20245915045333,12
10:41:05.332,225900,11295,-19.66695627030585,-43.20245152779817,12
10:41:05.539,226000,11300,-19.666944619321413,-43.20244439429115,12
10:41:05.749,226100,11305,-19.66694224209748,-43.20244305570395,12
10:41:05.957,226200,11310,-19.666935283151105,-43.20243590952864,12
10:41:06.165,226300,11315,-19.66693372845785,-43.202435215611665,12
10:41:06.372,226400,11320,-19.666934753730892,-43.20243262227936,12
10:41:06.588,226500,11325,-19.666925283967878,-43.202429685184114,12
10:41:06.796,226600,11330,-19.666918320035503,-43.2024264675872,12
10:41:07.004,226700,11335,-19.666922648923297,-43.20241558595228,12
10:41:07.212,226800,11340,-19.666916569088695,-43.20241650638347,12
10:41:07.424,226900,11345,-19.66691418593068,-43.20240710802358,12
10:41:07.631,227000,11350,-19.666902577517195,-43.2024042693059,12
10:41:07.839,227100,11355,-19.666901955844732,-43.20240670792553,12
10:41:08.050,227200,11360,-19.666899171429645,-43.202400957311234,12
10:41:08.259,227300,11365,-19.666889762024304,-43.20239788411613,12
10:41:08.466,227400,11370,-19.666891282854536,-43.20238477694549,12
10:41:08.674,227500,11375,-19.66688744540536,-43.20238378788982,12
10:41:08.881,227600,11380,-19.666882787591334,-43.2023817935624,12
10:41:09.088,227700,11385,-19.666875016293083,-43.202380437351586,12
10:41:09.304,227800,11390,-19.666877331047388,-43.20236961068108,12
10:41:09.513,227900,11395,-19.666863809547888,-43.2023667717991,12
10:41:09.721,228000,11400,-19.666865292148355,-43.20236085972511,12
10:41:09.931,228100,11405,-19.66686427405726,-43.202360637172895,12
10:41:10.142,228200,11410,-19.6668527222425,-43.20235792553512,12
10:41:10.351,228300,11415,-19.66685624526482,-43.20235045370537,12
10:41:10.559,228400,11420,-19.666843058527522,-43.20234373225607,12
10:41:10.771,228500,11425,-19.666846500431973,-43.20234612731623,12
10:41:10.978,228600,11430,-19.666836670374405,-43.20234376374983,12
10:41:11.186,228700,11435,-19.666832370719582,-43.202338863296944,12
10:41:11.394,228800,11440,-19.66683251427662,-43.20233072606361,12
10:41:11.612,228900,11445,-19.666827278164657,-43.202326561865995,12
10:41:11.820,229000,11450,-19.666825630821744,-43.202317491697926,12
10:41:12.029,229100,11455,-19.666819880063024,-43.202315483509715,12
10:41:12.238,229200,11460,-19.66681326856563,-43.20231044627039,12
10:41:12.445,229300,11465,-19.666810102962717,-43.2023132532878,12
10:41:12.653,229400,11470,-19.66681027394222,-43.20230182308531,12
10:41:12.862,229500,11475,-19.66680626944235,-43.202305477651215,12
10:41:13.071,229600,11480,-19.66679603381355,-43.20229741299542,12
10:41:13.284,229700,11485,-19.66679179257175,-43.202297078324854,12
10:41:13.602,229800,11490,-19.66678663074785,-43.20228439093464,12
10:41:13.810,229900,11495,-19.666785893266415,-43.20228728889283,12
10:41:14.031,230000,11500,-19.666780413653722,-43.202274938452014,12
10:41:14.247,230100,11505,-19.6667709158097,-43.20227063596334,12
10:41:14.457,230200,11510,-19.66677026445128,-43.20226488139752,12
10:41:14.936,230300,11515,-19.66675974832074,-43.20225861560782,12
10:41:15.143,230400,11520,-19.666756589115163,-43.20225172867783,12
10:41:15.351,230500,11525,-19.666750354892002,-43.202250543508214,12
10:41:15.558,230600,11530,-19.666745493577352,-43.20225075283858,12
10:41:15.773,230700,11535,-19.66674486136805,-43.202243809499194,12
10:41:15.983,230800,11540,-19.66673674070377,-43.20223970673698,12
10:41:16.195,230900,11545,-19.666737019523747,-43.2022314505698,12
10:41:16.403,231000,11550,-19.666730464735643,-43.20222622445678,12
10:41:16.618,231100,11555,-19.666730121876668,-43.20222960347859,12
10:41:16.828,231200,11560,-19.66672329627294,-43.20222475771671,12
10:41:17.036,231300,11565,-19.666716230390183,-43.20221703761369,12
10:41:17.245,231400,11570,-19.66671067248675,-43.202214225774306,12
10:41:17.453,231500,11575,-19.66671043712744,-43.20221211393924,12
10:41:17.661,231600,11580,-19.666704453674406,-43.20220594598201,12
10:41:17.869,231700,11585,-19.666699809711673,-43.20220253291781,12
10:41:18.080,231800,11590,-19.666692892456563,-43.20220169812313,12
10:41:18.290,231900,11595,-19.66668810481665,-43.202196847004004,12
10:41:18.497,232000,11600,-19.666689595744554,-43.20218396391088,12
10:41:18.711,232100,11605,-19.66668238845818,-43.20218803567306,12
10:41:18.920,232200,11610,-19.66668413391233,-43.202182595717446,12
10:41:19.132,232300,11615,-19.666671813704646,-43.20217506775351,12
10:41:19.340,232400,11620,-19.666676212894163,-43.202173096711164,12
10:41:19.551,232500,11625,-19.66666380256008,-43.20216572568891,12
10:41:19.767,232600,11630,-19.666659046799627,-43.20216675359511,12
10:41:19.983,232700,11635,-19.666661679848122,-43.20215545035547,12
10:41:20.193,232800,11640,-19.6666559565058,-43.202159207102916,12
10:41:20.401,232900,11645,-19.666655408882423,-43.20214984235568,12
10:41:20.608,233000,11650,-19.666645729992055,-43.20214283529439,12
10:41:20.823,233100,11655,-19.666638652946567,-43.20213856471443,12
10:41:21.031,233200,11660,-19.66663684128465,-43.20213477632509,12
10:41:21.239,233300,11665,-19.666637104569915,-43.20213062341297,12
10:41:21.448,233400,11670,-19.66663096121899,-43.2021258959943,12
10:41:21.657,233500,11675,-19.666625279268374,-43.202121085446045,12
10:41:21.865,233600,11680,-19.66662589661625,-43.20212271476302,12
10:41:22.072,233700,11685,-19.666612938608832,-43.20211464546395,12
10:41:22.282,233800,11690,-19.666616237812104,-43.202111392843456,12
10:41:22.490,233900,11695,-19.666607669578248,-43.202107007080684,12
10:41:22.706,234000,11700,-19.666605489312502,-43.20210103298388,12
10:41:22.914,234100,11705,-19.666604079123317,-43.202099474080946,12
10:41:23.122,234200,11710,-19.66659489097665,-43.202098905262304,12
10:41:23.332,234300,11715,-19.666589219154183,-43.202087931683,12
10:41:23.539,234400,11720,-19.666587562929923,-43.20208918468669,12
10:41:23.747,234500,11725,-19.66658638568029,-43.20208791531123,12
10:41:23.955,234600,11730,-19.666582926173227,-43.20208194020566,12
10:41:24.162,234700,11735,-19.666575744907806,-43.20207466313177,12
10:41:24.373,234800,11740,-19.66657171952338,-43.20207580662417,12
10:41:24.581,234900,11745,-19.666566722489392,-43.202067410275646,12
10:41:24.790,235000,11750,-19.666558112133725,-43.202066933023715,12
10:41:25.000,235100,11755,-19.666560728141274,-43.20206165424822,12
10:41:25.210,235200,11760,-19.66655281739359,-43.202055066921126,12
10:41:25.418,235300,11765,-19.66655132600366,-43.20205325115628,12
10:41:25.626,235400,11770,-19.666546191555824,-43.20204582536161,12
10:41:25.833,235500,11775,-19.666545655523844,-43.20204695282235,12
10:41:26.043,235600,11780,-19.666540360284372,-43.20203782131968,12
10:41:26.249,235700,11785,-19.666531680298522,-43.20203228334982,12
10:41:26.467,235800,11790,-19.666531404430405,-43.20203390107387,12
10:41:26.675,235900,11795,-19.666528223931085,-43.20202091205753,12
10:41:26.882,236000,11800,-19.666518208336477,-43.202025002477015,12
10:41:27.091,236100,11805,-19.666518165016633,-43.202020718430866,12
10:41:27.306,236200,11810,-19.66651664760369,-43.20201239202624,12
10:41:27.514,236300,11815,-19.666509647385787,-43.202009550556056,12
10:41:27.721,236400,11820,-19.666504132935785,-43.20200539676382,12
10:41:27.932,236500,11825,-19.666499435934984,-43.2019973587358,12
10:41:28.139,236600,11830,-19.666491940760533,-43.20199552957618,12
10:41:28.348,236700,11835,-19.66649100180963,-43.20199230799562,12
10:41:28.556,236800,11840,-19.66648833207597,-43.201991763034144,12
10:41:28.767,236900,11845,-19.66648326028789,-43.2019835765572,12
10:41:28.975,237000,11850,-19.666477857341178,-43.2019779675826,12
10:41:29.187,237100,11855,-19.66647708872626,-43.201974014842264,12
10:41:29.395,237200,11860,-19.666469395223448,-43.20197470525492,12
10:41:29.606,237300,11865,-19.66646648883077,-43.201964052122214,12
10:41:29.823,237400,11870,-19.666466397728023,-43.201958464622955,12
10:41:30.031,237500,11875,-19.666453813108443,-43.201961708737414,12
10:41:30.238,237600,11880,-19.666451509508533,-43.20195336869733,12
10:41:30.451,237700,11885,-19.66645277799971,-43.201949001145195,12
10:41:30.666,237800,11890,-19.666440929378822,-43.20194521810004,12
10:41:30.874,237900,11895,-19.666438887338675,-43.20194305014861,12
10:41:31.081,238000,11900,-19.66643968356112,-43.20193608475723,12
10:41:31.288,238100,11905,-19.666435392091905,-43.201933680240145,12
10:41:31.496,238200,11910,-19.66642858448627,-43.20192802149013,12
10:41:31.704,238300,11915,-19.666429259698415,-43.20192478000103,12
10:41:31.912,238400,11920,-19.66641619032903,-43.20192018974995,12
10:41:32.120,238500,11925,-19.666413901119157,-43.20191907507919,12
10:41:32.328,238600,11930,-19.666410047297706,-43.201910852308295,12
10:41:32.539,238700,11935,-19.66640871233182,-43.20190494695007,12
10:41:32.746,238800,11940,-19.666400861834198,-43.20190377363669,12
10:41:32.958,238900,11945,-19.666396575036753,-43.201900621348514,12
10:41:33.167,239000,11950,-19.66639774934367,-43.20189747303235,12
10:41:33.377,239100,11955,-19.666394256636067,-43.2018954177504,12
10:41:33.585,239200,11960,-19.666387432381168,-43.201884473005585,12
10:41:33.792,239300,11965,-19.66638713903902,-43.20188403648497,12
10:41:34.000,239400,11970,-19.66637368224052,-43.20187992098139,12
10:41:34.208,239500,11975,-19.666378483444667,-43.201879336001596,12
10:41:34.415,239600,11980,-19.666367919931226,-43.20187176438908,12
10:41:34.633,239700,11985,-19.666367863134976,-43.20186311007421,12
10:41:34.842,239800,11990,-19.666356862586373,-43.2018589040837,12
10:41:35.049,239900,11995,-19.6663549957217,-43.20185425684136,12
10:41:35.256,240000,12000,-19.666350220395053,-43.20185387717894,12
10:41:35.469,240100,12005,-19.66635125547223,-43.201845161988125,12
10:41:35.677,240200,12010,-19.666343425863676,-43.20184813990215,12
10:41:35.885,240300,12015,-19.666345438877283,-43.2018382403506,12
10:41:36.093,240400,12020,-19.66634026423165,-43.201837599528965,12
10:41:36.300,240500,12025,-19.66633518617166,-43.201834263043644,12
10:41:36.509,240600,12030,-19.66632532721315,-43.201832018048265,12
10:41:36.717,240700,12035,-19.66632928766823,-43.201828408620905,12
10:41:36.926,240800,12040,-19.666316354905838,-43.20181743820393,12
10:41:37.138,240900,12045,-19.666319640765444,-43.20182057617112,12
10:41:37.353,241000,12050,-19.66631007715875,-43.201814613395875,12
10:41:37.561,241100,12055,-19.666305474683096,-43.2018064829495,12
10:41:37.769,241200,12060,-19.66630255464102,-43.20180456251278,12
10:41:37.981,241300,12065,-19.66629833000466,-43.20180368623818,12
10:41:38.189,241400,12070,-19.666297075806863,-43.20179660775049,12
10:41:38.397,241500,12075,-19.666289952597147,-43.20178996654386,12
10:41:38.607,241600,12080,-19.666287959704018,-43.20178725754984,12
10:41:38.824,241700,12085,-19.666284080375988,-43.201781383328225,12
10:41:39.032,241800,12090,-19.666279007221476,-43.20177634466645,12
10:41:39.239,241900,12095,-19.666269719434588,-43.20177673748802,12
10:41:39.447,242000,12100,-19.66627005412555,-43.201773337960795,12
10:41:39.657,242100,12105,-19.666269450370294,-43.20176439259535,12
10:41:39.865,242200,12110,-19.666264106655426,-43.201760377910254,12
10:41:40.076,242300,12115,-19.66625260019547,-43.20175564368988,12
10:41:40.283,242400,12120,-19.666256103142352,-43.2017567831643,12
10:41:40.491,242500,12125,-19.66625069366905,-43.2017493101006,12
10:41:40.699,242600,12130,-19.66624715379686,-43.20174233886532,12
10:41:40.907,242700,12135,-19.66623719480041,-43.20173567787737,12
10:41:41.116,242800,12140,-19.666236501094478,-43.20173614752836,12
10:41:41.324,242900,12145,-19.666231050265363,-43.20172802076038,12
10:41:41.535,243000,12150,-19.66623256071503,-43.201726981669914,12
10:41:41.744,243100,12155,-19.666221743972063,-43.201725822884036,12
10:41:41.955,243200,12160,-19.66621993978326,-43.20172305158724,12
10:41:42.164,243300,12165,-19.666215867425656,-43.201718830448954,12
10:41:42.372,243400,12170,-19.666214084285947,-43.20170646751069,12
10:41:42.582,243500,12175,-19.666203828148664,-43.201711328403306,12
10:41:42.799,243600,12180,-19.666206693903423,-43.2016984869325,12
10:41:43.010,243700,12185,-19.666202990768294,-43.201701289692075,12
10:41:43.217,243800,12190,-19.666193709906562,-43.20169246483178,12
10:41:43.424,243900,12195,-19.66618927682267,-43.201686697823256,12
10:41:43.633,244000,12200,-19.66618714694988,-43.20168225521049,12
10:41:43.842,244100,12205,-19.66618039820337,-43.20168430642447,12
10:41:44.051,244200,12210,-19.66617663057869,-43.20167572258613,12
10:41:44.260,244300,12215,-19.666168647551245,-43.20166858965636,12
10:41:44.469,244400,12220,-19.666173750210156,-43.201672935118,12
10:41:44.683,244500,12225,-19.666165784122168,-43.20166301842097,12
10:41:44.892,244600,12230,-19.666156662378647,-43.201661892971664,12
10:41:45.099,244700,12235,-19.666158953111907,-43.20165532213964,12
10:41:45.307,244800,12240,-19.666151227435815,-43.20165041799597,12
10:41:45.516,244900,12245,-19.66615181614619,-43.2016448782845,12
10:41:45.724,245000,12250,-19.66614082474773,-43.2016473622106,12
10:41:45.932,245100,12255,-19.666139184360837,-43.20163864680213,12
10:41:46.144,245200,12260,-19.666132196374484,-43.20163391470045,12
10:41:46.353,245300,12265,-19.66613419526117,-43.201627150919386,12
10:41:46.561,245400,12270,-19.666124508078873,-43.201630230202305,12
10:41:46.769,245500,12275,-19.666125798798483,-43.201624557640194,12
10:41:46.975,245600,12280,-19.666119528070336,-43.20161960358248,12
10:41:47.184,245700,12285,-19.66611545194352,-43.201618292917566,12
10:41:47.391,245800,12290,-19.666113587969512,-43.201610677399174,12
10:41:47.598,245900,12295,-19.666110214585732,-43.201605925492046,12
10:41:47.817,246000,12300,-19.666107278271703,-43.2016018948148,12
10:41:48.027,246100,12305,-19.666100489141634,-43.20159712269316,12
10:41:48.235,246200,12310,-19.666097267486762,-43.20159401234434,12
10:41:48.446,246300,12315,-19.666091061129844,-43.20159080285174,12
10:41:48.658,246400,12320,-19.666089607618407,-43.20158967474474,12
10:41:48.865,246500,12325,-19.66608196769955,-43.20157669801152,12
10:41:49.072,246600,12330,-19.666073498960582,-43.20157299438296,12
10:41:49.280,246700,12335,-19.666076797858178,-43.20157291109506,12
10:41:49.496,246800,12340,-19.66607311656089,-43.20157155580363,12
10:41:49.704,246900,12345,-19.6660676394736,-43.201564115503736,12
10:41:49.912,247000,12350,-19.666057048397644,-43.20156527840831,12
10:41:50.123,247100,12355,-19.666051474873107,-43.201560981117325,12
10:41:50.336,247200,12360,-19.666055955322047,-43.20155470655425,12
10:41:50.543,247300,12365,-19.666046338582294,-43.201544082526496,12
10:41:50.751,247400,12370,-19.666043327831378,-43.20153886329103,12
10:41:50.960,247500,12375,-19.666040963509342,-43.20153643560979,12
10:41:51.171,247600,12380,-19.6660398905365,-43.20153891458601,12
10:41:51.381,247700,12385,-19.666028166828077,-43.20153564114748,12
10:41:51.592,247800,12390,-19.666025902395525,-43.201523025934435,12
10:41:51.801,247900,12395,-19.66601808253258,-43.20152504734297,12
10:41:52.009,248000,12400,-19.666020696626404,-43.20151395010725,12
10:41:52.216,248100,12405,-19.666010361311955,-43.20151321560719,12
10:41:52.425,248200,12410,-19.66600618423837,-43.201508817537494,12
10:41:52.634,248300,12415,-19.666005706369315,-43.20150131720876,12
10:41:52.842,248400,12420,-19.666003645944254,-43.201498318196116,12
10:41:53.049,248500,12425,-19.665993355067123,-43.20149943862866,12
10:41:53.259,248600,12430,-19.6659949934354,-43.20149526343938,12
10:41:53.472,248700,12435,-19.66598473152732,-43.20149410747053,12
10:41:53.681,248800,12440,-19.665989800105148,-43.20148704387086,12
10:41:53.893,248900,12445,-19.665975924342714,-43.201478911927325,12
10:41:54.102,249000,12450,-19.665978874603248,-43.20147805852542,12
10:41:54.316,249100,12455,-19.665970122751748,-43.20147508644379,12
10:41:54.525,249200,12460,-19.665966396570532,-43.201472309141884,12
10:41:54.732,249300,12465,-19.66596750619617,-43.20146640252734,12
10:41:54.941,249400,12470,-19.665960691358855,-43.20145789014288,12
10:41:55.148,249500,12475,-19.665960188732093,-43.20145412524256,12
10:41:55.356,249600,12480,-19.665947603465874,-43.201448508509294,12
10:41:55.564,249700,12485,-19.665943027365522,-43.20145111351785,12
10:41:55.772,249800,12490,-19.665942103654842,-43.20144795108986,12
10:41:55.983,249900,12495,-19.665934281196307,-43.20144350599931,12
10:41:56.191,250000,12500,-19.665933492298823,-43.20143124945096,12
10:41:56.400,250100,12505,-19.665934654568268,-43.2014345546464,12
10:41:56.607,250200,12510,-19.665922336729608,-43.201423792840394,12
10:41:56.815,250300,12515,-19.66591786248799,-43.201419756999385,12
10:41:57.023,250400,12520,-19.665914024683367,-43.201421474924956,12
10:41:57.232,250500,12525,-19.66591894006664,-43.20141800702114,12
10:41:57.450,250600,12530,-19.665911488342967,-43.201407184289366,12
10:41:57.659,250700,12535,-19.665907915006336,-43.20141019123729,12
10:41:57.865,250800,12540,-19.66589686553344,-43.20140384018897,12
10:41:58.073,250900,12545,-19.665897039810154,-43.2014013671215,12
10:41:58.280,251000,12550,-19.665894432666153,-43.20139129381471,12
10:41:58.487,251100,12555,-19.665887815604226,-43.20139357372009,12
10:41:58.695,251200,12560,-19.665884865286962,-43.20138318398642,12
10:41:58.903,251300,12565,-19.66587627086605,-43.201377882866026,12
10:41:59.110,251400,12570,-19.665878687207254,-43.201380220208044,12
10:41:59.317,251500,12575,-19.6658685044263,-43.20137612531431,12
10:41:59.526,251600,12580,-19.66586351372891,-43.201371182944406,12
10:41:59.735,251700,12585,-19.66586162131356,-43.20136648362593,12
10:41:59.944,251800,12590,-19.665859286089923,-43.20135731349818,12
10:42:00.152,251900,12595,-19.6658601112145,-43.20135787650494,12
10:42:00.362,252000,12600,-19.665846477414306,-43.201353445249914,12
10:42:00.575,252100,12605,-19.66585014645256,-43.20135112574591,12
10:42:00.782,252200,12610,-19.66584129350725,-43.20134553485949,12
10:42:00.993,252300,12615,-19.665839743671906,-43.20134082493831,12
10:42:01.201,252400,12620,-19.66583291570004,-43.20133408859464,12
10:42:01.417,252500,12625,-19.66583415830262,-43.201333039298035,12
10:42:01.627,252600,12630,-19.665827025342058,-43.20132349437297,12
10:42:01.835,252700,12635,-19.665826166737418,-43.20132437005394,12
10:42:02.042,252800,12640,-19.665818812366442,-43.20132002778961,12
10:42:02.251,252900,12645,-19.66581560068199,-43.20131793188686,12
10:42:02.468,253000,12650,-19.665808978520918,-43.20130847787851,12
10:42:02.686,253100,12655,-19.665805031960222,-43.201307105358005,12
10:42:02.895,253200,12660,-19.665804960711675,-43.20129906749654,12
10:42:03.103,253300,12665,-19.665799155936877,-43.201299369114174,12
10:42:03.313,253400,12670,-19.665794783246074,-43.201294604660745,12
10:42:03.524,253500,12675,-19.665789606103367,-43.20128557954886,12
10:42:03.733,253600,12680,-19.665782074918475,-43.201285748328594,12
10:42:03.941,253700,12685,-19.665775273308792,-43.20128199258676,12
10:42:04.149,253800,12690,-19.66577396403262,-43.201273333004565,12
10:42:04.357,253900,12695,-19.66577031922664,-43.20126727014618,12
10:42:04.570,254000,12700,-19.66576294349338,-43.20126869235576,12
10:42:04.778,254100,12705,-19.66576076251545,-43.20126286787465,12
10:42:04.986,254200,12710,-19.665758505129567,-43.20126011661998,12
10:42:05.200,254300,12715,-19.665753708740503,-43.201250339080794,12
10:42:05.408,254400,12720,-19.665752077745886,-43.20124762974384,12
10:42:05.617,254500,12725,-19.665744650422642,-43.201249725777835,12
10:42:05.826,254600,12730,-19.665738167404974,-43.20123933283341,12
10:42:06.035,254700,12735,-19.66574211429092,-43.20123895659444,12
10:42:06.243,254800,12740,-19.66572996399775,-43.20123129412959,12
10:42:06.453,254900,12745,-19.665728149103614,-43.20122972762516,12
10:42:06.660,255000,12750,-19.66572183370994,-43.20122275936339,12
10:42:06.867,255100,12755,-19.66572152320917,-43.201224409425166,12
10:42:07.074,255200,12760,-19.665718328923823,-43.20122019806992,12
10:42:07.282,255300,12765,-19.66571145396526,-43.20120944742564,12
10:42:07.491,255400,12770,-19.665711460655558,-43.201210303121535,12
10:42:07.699,255500,12775,-19.665701790746,-43.20120346315599,12
10:42:07.907,255600,12780,-19.665697912569872,-43.20119992625979,12
10:42:08.117,255700,12785,-19.66569219987332,-43.20119653387106,12
10:42:08.326,255800,12790,-19.665693107284728,-43.20119565697802,12
10:42:08.536,255900,12795,-19.66568720016774,-43.20119019877061,12
10:42:08.746,256000,12800,-19.66568157888823,-43.20118505504437,12
10:42:08.953,256100,12805,-19.665675955276114,-43.201176417619436,12
10:42:09.161,256200,12810,-19.665670647184797,-43.2011714511731,12
10:42:09.370,256300,12815,-19.665669136438616,-43.201166240799914,12
10:42:09.580,256400,12820,-19.66567179210175,-43.20116939840413,12
10:42:09.788,256500,12825,-19.665662072440764,-43.20116335626243,12
10:42:09.994,256600,12830,-19.66566351862264,-43.20116330125421,12
10:42:10.203,256700,12835,-19.66565702787199,-43.20115873555511,12
10:42:10.410,256800,12840,-19.665647228864085,-43.20114707328428,12
10:42:10.621,256900,12845,-19.66564551821615,-43.201144313576044,12
10:42:10.831,257000,12850,-19.665644879111873,-43.201138078535855,12
10:42:11.039,257100,12855,-19.665641084359407,-43.201137732244135,12
10:42:11.246,257200,12860,-19.66563600267554,-43.20113014025394,12
10:42:11.454,257300,12865,-19.665628355718543,-43.20113424759466,12
10:42:11.663,257400,12870,-19.665621987903855,-43.20112585514357,12
10:42:11.870,257500,12875,-19.665624370848576,-43.20112473768262,12
10:42:12.082,257600,12880,-19.665613228190246,-43.201121564396715,12
10:42:12.290,257700,12885,-19.665617076244065,-43.201114451533044,12
10:42:12.498,257800,12890,-19.665609736438622,-43.201107376432425,12
10:42:12.705,257900,12895,-19.665605151328528,-43.20110194087508,12
10:42:12.913,258000,12900,-19.6656019576565,-43.20109993137986,12
10:42:13.123,258100,12905,-19.66559936881265,-43.201094870648774,12
10:42:13.329,258200,12910,-19.665589368854842,-43.20108729630836,12
10:42:13.537,258300,12915,-19.665589037167326,-43.201086307431574,12
10:42:13.744,258400,12920,-19.66558627473156,-43.20107987211089,12
10:42:13.952,258500,12925,-19.6655770915501,-43.201079199881384,12
10:42:14.159,258600,12930,-19.665571581000357,-43.201077763240875,12
10:42:14.368,258700,12935,-19.665572744977613,-43.20106836138653,12
10:42:14.575,258800,12940,-19.665565674923357,-43.201064219205364,12
10:42:14.783,258900,12945,-19.66556120107197,-43.201058883700306,12
10:42:14.990,259000,12950,-19.665561882122244,-43.201054691300925,12
10:42:15.197,259100,12955,-19.665551475817058,-43.201050717529625,12
10:42:15.407,259200,12960,-19.66555459874526,-43.201046037870235,12
10:42:15.616,259300,12965,-19.6655460251355,-43.20104602339009,12
10:42:15.824,259400,12970,-19.665543595862193,-43.20103938507617,12
10:42:16.032,259500,12975,-19.6655415076738,-43.20103523088667,12
10:42:16.239,259600,12980,-19.665531258295264,-43.20103517415171,12
10:42:16.447,259700,12985,-19.66553422712085,-43.20103064641957,12
10:42:16.658,259800,12990,-19.665521278203485,-43.201022891026284,12
10:42:16.866,259900,12995,-19.665525788868052,-43.20102428243199,12
10:42:17.074,260000,13000,-19.66551759967543,-43.20101426118423,12
10:42:17.283,260100,13005,-19.66551687524769,-43.20101160811476,12
10:42:17.492,260200,13010,-19.665509345111015,-43.20101300326995,12
10:42:17.708,260300,13015,-19.665505819075094,-43.20100816261829,12
10:42:17.916,260400,13020,-19.665502582687004,-43.20099988569765,12
10:42:18.127,260500,13025,-19.66549266850006,-43.20099521267954,12
10:42:18.339,260600,13030,-19.665493576731127,-43.200990351438385,12
10:42:18.547,260700,13035,-19.665485181861545,-43.2009872376396,12
10:42:18.754,260800,13040,-19.665480688996126,-43.2009876472953,12
10:42:18.962,260900,13045,-19.66547783825427,-43.20098014134624,12
10:42:19.170,261000,13050,-19.66547187081439,-43.200975585618764,12
10:42:19.378,261100,13055,-19.665473371767455,-43.20097132785821,12
10:42:19.587,261200,13060,-19.66546441240277,-43.200970008830915,12
10:42:19.801,261300,13065,-19.66545862523622,-43.200965873039834,12
10:42:20.010,261400,13070,-19.66546137000777,-43.20096316621619,12
10:42:20.218,261500,13075,-19.665451363031945,-43.20095106753035,12
10:42:20.426,261600,13080,-19.665448823456906,-43.200948935740456,12
10:42:20.637,261700,13085,-19.66544802150711,-43.20094881370987,12
10:42:20.845,261800,13090,-19.665437435975555,-43.20094314271029,12
10:42:21.052,261900,13095,-19.665442298487662,-43.2009385494341,12
10:42:21.260,262000,13100,-19.665433923247218,-43.20093284638148,12
10:42:21.472,262100,13105,-19.665432670272466,-43.20092648116349,12
10:42:21.681,262200,13110,-19.66542351621436,-43.20092334087988,12
10:42:21.895,262300,13115,-19.66542291409774,-43.200925023782396,12
10:42:22.103,262400,13120,-19.66541395351069,-43.200914615679956,12
10:42:22.311,262500,13125,-19.665413673857387,-43.200910940904265,12
10:42:22.520,262600,13130,-19.665406160085386,-43.200912325322705,12
10:42:22.729,262700,13135,-19.665403413867388,-43.20090843362307,12
10:42:22.937,262800,13140,-19.66539758079205,-43.20090267025934,12
10:42:23.145,262900,13145,-19.665392848412697,-43.200900246721815,12
10:42:23.352,263000,13150,-19.665393828866335,-43.20089366496612,12
10:42:23.561,263100,13155,-19.665387495573395,-43.200891071211096,12
10:42:23.770,263200,13160,-19.665384651457362,-43.20088083423201,12
10:42:23.978,263300,13165,-19.665375824372386,-43.20087737689594,12
10:42:24.185,263400,13170,-19.66537841582884,-43.20087380906743,12
10:42:24.392,263500,13175,-19.665372352580132,-43.20087541775642,12
10:42:24.599,263600,13180,-19.665368307875106,-43.20086971449542,12
10:42:24.812,263700,13185,-19.665359649861625,-43.200862337386276,12
10:42:25.020,263800,13190,-19.6653590631402,-43.200862287944865,12
10:42:25.229,263900,13195,-19.66535411013586,-43.200856655529435,12
10:42:25.440,264000,13200,-19.665353507173517,-43.20085172627705,12
10:42:25.648,264100,13205,-19.665345883534787,-43.200842772131026,12
10:42:25.859,264200,13210,-19.6653454958815,-43.200841198952006,12
10:42:26.067,264300,13215,-19.66534186169271,-43.20083318885456,12
10:42:26.276,264400,13220,-19.6653318973443,-43.20083793863632,12
10:42:26.484,264500,13225,-19.66532618784368,-43.20083110364317,12
10:42:26.692,264600,13230,-19.665329482941644,-43.20082024704947,12
10:42:26.900,264700,13235,-19.665318421650543,-43.200818746941984,12
10:42:27.108,264800,13240,-19.66531796907741,-43.20081303580693,12
10:42:27.317,264900,13245,-19.66531641320403,-43.200807790694576,12
10:42:27.524,265000,13250,-19.665312207345178,-43.20080484905734,12
10:42:27.732,265100,13255,-19.66530475875356,-43.200800045770286,12
10:42:27.940,265200,13260,-19.66529911622705,-43.200802979937784,12
10:42:28.148,265300,13265,-19.665297197041344,-43.200799749774795,12
10:42:28.356,265400,13270,-19.665292856259608,-43.20079036351526,12
10:42:28.565,265500,13275,-19.665284453835184,-43.20078601843707,12
10:42:28.776,265600,13280,-19.665283554750907,-43.20078786514313,12
10:42:28.984,265700,13285,-19.66528299752643,-43.200783019644014,12
10:42:29.192,265800,13290,-19.665273679435398,-43.20077897033272,12
10:42:29.400,265900,13295,-19.665267051429595,-43.20077120184658,12
10:42:29.613,266000,13300,-19.665270316710416,-43.20076210776,12
10:42:29.820,266100,13305,-19.665263885952836,-43.200765467857416,12
10:42:30.029,266200,13310,-19.665256725534533,-43.20076270241354,12
10:42:30.237,266300,13315,-19.66525729279958,-43.20075465922967,12
10:42:30.444,266400,13320,-19.66525103553609,-43.20075120493382,12
10:42:30.652,266500,13325,-19.665246462146236,-43.20074449003657,12
10:42:30.860,266600,13330,-19.665237678270426,-43.200743759434644,12
10:42:31.069,266700,13335,-19.665241818162468,-43.20074172360245,12
10:42:31.278,266800,13340,-19.665238074761717,-43.200734732587776,12
10:42:31.491,266900,13345,-19.66523317587983,-43.2007284650268,12
10:42:31.699,267000,13350,-19.665222588607424,-43.20072796237901,12
10:42:31.906,267100,13355,-19.66521590038041,-43.200722735957385,12
10:42:32.113,267200,13360,-19.66521395323655,-43.20071223424413,12
10:42:32.321,267300,13365,-19.665210513065453,-43.2007129111481,12
10:42:32.529,267400,13370,-19.665205375521236,-43.20070779025178,12
10:42:32.741,267500,13375,-19.665207254307685,-43.200701369971384,12
10:42:32.949,267600,13380,-19.665198328403015,-43.20069595850001,12
10:42:33.156,267700,13385,-19.665198694127515,-43.20069666078919,12
10:42:33.365,267800,13390,-19.665187657290485,-43.20069224868272,12
10:42:33.572,267900,13395,-19.66518380148636,-43.20068789366323,12
10:42:33.780,268000,13400,-19.665181633148283,-43.200680362445574,12
10:42:33.987,268100,13405,-19.665175808211185,-43.20068175030017,12
10:42:34.197,268200,13410,-19.66517059602415,-43.20067300311735,12
10:42:34.405,268300,13415,-19.66516637877203,-43.2006741344887,12
10:42:34.620,268400,13420,-19.665168790797637,-43.200663334849466,12
10:42:34.828,268500,13425,-19.665165879825583,-43.20065757964777,12
10:42:35.036,268600,13430,-19.665157452161875,-43.20065563554884,12
10:42:35.244,268700,13435,-19.6651571682769,-43.200652199284136,12
10:42:35.452,268800,13440,-19.665149694193097,-43.20065143159341,12
10:42:35.661,268900,13445,-19.665144691097083,-43.20064135844643,12
10:42:35.871,269000,13450,-19.66514262093576,-43.200636283322154,12
10:42:36.080,269100,13455,-19.665132552545703,-43.2006414480107,12
10:42:36.290,269200,13460,-19.665130210779342,-43.20063711512197,12
10:42:36.498,269300,13465,-19.665127768505698,-43.20062900859527,12
10:42:36.708,269400,13470,-19.66512330868498,-43.20062714301146,12
10:42:36.916,269500,13475,-19.665125207803996,-43.200620727639944,12
10:42:37.124,269600,13480,-19.66512092000146,-43.20061185614472,12
10:42:37.332,269700,13485,-19.66510848424561,-43.20061610299479,12
10:42:37.541,269800,13490,-19.665107835762022,-43.200608873453255,12
10:42:38.041,269900,13495,-19.66510165925559,-43.200595540455936,12
10:42:38.931,270000,13500,-19.665075834700684,-43.20058405260174,12
10:42:39.139,270100,13505,-19.665078943783783,-43.20057596803072,12
10:42:39.348,270200,13510,-19.665074295619714,-43.20057637980334,12
10:42:39.555,270300,13515,-19.665063996881877,-43.20056349236786,12
10:42:39.762,270400,13520,-19.665059669162765,-43.200564737497565,12
10:42:39.973,270500,13525,-19.665059196271876,-43.20056068635285,12
10:42:40.181,270600,13530,-19.665057629273754,-43.200558033879574,12
10:42:40.389,270700,13535,-19.665055162735605,-43.20055112590223,12
10:42:40.601,270800,13540,-19.665049510990343,-43.20054184153023,12
10:42:40.808,270900,13545,-19.66503972140599,-43.200541892064486,12
10:42:41.016,271000,13550,-19.66504302204314,-43.20053501430193,12
10:42:41.224,271100,13555,-19.665034403799385,-43.20053001099332,12
10:42:41.432,271200,13560,-19.665033776598207,-43.200525275781516,12
10:42:41.642,271300,13565,-19.665022563073403,-43.200528115844655,12
10:42:41.850,271400,13570,-19.665022624358212,-43.200525734661525,12
10:42:42.058,271500,13575,-19.665014031869045,-43.20051755796726,12
10:42:42.265,271600,13580,-19.665017759680257,-43.20051299795953,12
10:42:42.473,271700,13585,-19.665008999799745,-43.20051342214556,12
10:42:42.682,271800,13590,-19.665008205169972,-43.20050696471868,12
10:42:42.891,271900,13595,-19.66500390609926,-43.200497884682164,12
10:42:43.099,272000,13600,-19.665001172539313,-43.200499651934166,12
10:42:43.306,272100,13605,-19.664990225118995,-43.20049204118751,12
10:42:43.514,272200,13610,-19.664984813095295,-43.200486377763454,12
10:42:43.725,272300,13615,-19.664986939191596,-43.20048661237252,12
10:42:43.932,272400,13620,-19.664982996397345,-43.20047937901611,12
10:42:44.139,272500,13625,-19.6649751025063,-43.200477709622234,12
10:42:44.347,272600,13630,-19.664976045390322,-43.200474757125725,12
10:42:44.554,272700,13635,-19.664962731275335,-43.200465121925475,12
10:42:44.762,272800,13640,-19.664965663147353,-43.2004650725274,12
10:42:44.969,272900,13645,-19.66495764998111,-43.20045998229186,12
10:42:45.182,273000,13650,-19.664956225031588,-43.20045929757543,12
10:42:45.394,273100,13655,-19.66494743780778,-43.2004509787343,12
10:42:45.602,273200,13660,-19.66494410537698,-43.20044663184333,12
10:42:45.818,273300,13665,-19.664947127547926,-43.20044721657219,12
10:42:46.026,273400,13670,-19.664939762836624,-43.20044094294844,12
10:42:46.235,273500,13675,-19.664934054268723,-43.20043082686894,12
10:42:46.442,273600,13680,-19.664929118805734,-43.200430397872296,12
10:42:46.651,273700,13685,-19.664930347569666,-43.20042343199196,12
10:42:46.861,273800,13690,-19.664918060454486,-43.20042083055588,12
10:42:47.068,273900,13695,-19.664919100954627,-43.20041952107005,12
10:42:47.277,274000,13700,-19.66491567385139,-43.20041118201028,12
10:42:47.485,274100,13705,-19.664912369108265,-43.20041245779597,12
10:42:47.693,274200,13710,-19.66490489111274,-43.200402069044785,12
10:42:47.900,274300,13715,-19.664897732656524,-43.20040191816115,12
10:42:48.108,274400,13720,-19.66489304565494,-43.20039242180284,12
10:42:48.315,274500,13725,-19.664896489291834,-43.20038952303746,12
10:42:48.522,274600,13730,-19.6648929655256,-43.200390885160786,12
10:42:48.732,274700,13735,-19.66488031116472,-43.200383569874994,12
10:42:48.943,274800,13740,-19.664878939079564,-43.2003763782168,12
10:42:49.151,274900,13745,-19.66487613655203,-43.200377395948856,12
10:42:49.359,275000,13750,-19.66486927619484,-43.20037092070572,12
10:42:49.567,275100,13755,-19.66486802968175,-43.20036851570085,12
10:42:49.775,275200,13760,-19.664862078389444,-43.2003586030539,12
10:42:49.982,275300,13765,-19.664855114695076,-43.20036370702909,12
10:42:50.190,275400,13770,-19.66485292421542,-43.20035414587442,12
10:42:50.402,275500,13775,-19.66484859971304,-43.20034915095447,12
10:42:50.610,275600,13780,-19.664846585502175,-43.20034529313917,12
10:42:50.817,275700,13785,-19.664839589142396,-43.20034315752882,12
10:42:51.025,275800,13790,-19.664839232816878,-43.20034158043294,12
10:42:51.233,275900,13795,-19.664832059844652,-43.20033035412859,12
10:42:51.441,276000,13800,-19.66482631020677,-43.20033348246873,12
10:42:51.650,276100,13805,-19.664823200423744,-43.20032163058242,12
10:42:51.860,276200,13810,-19.664824707024664,-43.2003191016441,12
10:42:52.068,276300,13815,-19.66482084343901,-43.20032083837972,12
10:42:52.278,276400,13820,-19.664811881578828,-43.200317340330535,12
10:42:52.493,276500,13825,-19.664806392813393,-43.20030763985233,12
10:42:52.700,276600,13830,-19.66479975054468,-43.20030828207454,12
10:42:52.909,276700,13835,-19.664797549990432,-43.20030191129357,12
10:42:53.115,276800,13840,-19.664793747691903,-43.20029457226696,12
10:42:53.326,276900,13845,-19.66479584651106,-43.20029051874506,12
10:42:53.540,277000,13850,-19.66479225910678,-43.200282854635326,12
10:42:53.748,277100,13855,-19.664782001807485,-43.20028827930733,12
10:42:53.955,277200,13860,-19.664777221438005,-43.20027493434333,12
10:42:54.163,277300,13865,-19.664771128241078,-43.200277090269736,12
10:42:54.371,277400,13870,-19.66477391757717,-43.20026769013889,12
10:42:54.578,277500,13875,-19.664771765483323,-43.200262634034715,12
10:42:54.787,277600,13880,-19.66476199713868,-43.200264100786846,12
10:42:54.998,277700,13885,-19.664758293391944,-43.200257150857674,12
10:42:55.206,277800,13890,-19.664750021810544,-43.200252370344835,12
10:42:55.413,277900,13895,-19.66474578966561,-43.200245432738136,12
10:42:55.621,278000,13900,-19.664750245460397,-43.200243169621416,12
10:42:55.829,278100,13905,-19.664741995824755,-43.20023831650034,12
10:42:56.041,278200,13910,-19.66474143875029,-43.200235822288576,12
10:42:56.250,278300,13915,-19.66473442423074,-43.20023818333089,12
10:42:56.457,278400,13920,-19.664729901509673,-43.20022945151772,12
10:42:56.665,278500,13925,-19.66472115013221,-43.2002209321135,12
10:42:56.878,278600,13930,-19.664721111546758,-43.200217788418904,12
10:42:57.085,278700,13935,-19.664720736958017,-43.20021440447324,12
10:42:57.292,278800,13940,-19.66471381159038,-43.2002104141257,12
10:42:57.501,278900,13945,-19.664712878267263,-43.200211227600114,12
10:42:57.715,279000,13950,-19.66470377557899,-43.20020520933853,12
10:42:57.924,279100,13955,-19.664700262633414,-43.200199531694864,12
10:42:58.132,279200,13960,-19.66469298416045,-43.200195372175315,12
10:42:58.339,279300,13965,-19.66468768625178,-43.200194593957676,12
10:42:58.548,279400,13970,-19.664688575102993,-43.200191709159306,12
10:42:58.755,279500,13975,-19.66468411956362,-43.20018447924213,12
10:42:58.964,279600,13980,-19.66467437399882,-43.20018229526298,12
10:42:59.172,279700,13985,-19.664672769000457,-43.20017384030022,12
10:42:59.381,279800,13990,-19.66466608043752,-43.20016839567109,12
10:42:59.590,279900,13995,-19.664669046780986,-43.200168604498316,12
10:42:59.799,280000,14000,-19.664663789533616,-43.20016223180096,12
10:43:00.012,280100,14005,-19.664655675236624,-43.20016243395656,12
10:43:00.222,280200,14010,-19.66465517841529,-43.20015394776857,12
10:43:00.431,280300,14015,-19.66465358899242,-43.200150957849225,12
10:43:00.639,280400,14020,-19.66464230927729,-43.20014100257815,12
10:43:00.848,280500,14025,-19.664639821439817,-43.200141993045506,12
10:43:01.056,280600,14030,-19.664640516525232,-43.200137435833284,12
10:43:01.267,280700,14035,-19.664628554555648,-43.200130358592354,12
10:43:01.474,280800,14040,-19.664629262212188,-43.20012673724845,12
10:43:01.683,280900,14045,-19.66462166994734,-43.20012271501897,12
10:43:01.893,281000,14050,-19.664621174420443,-43.20011769569792,12
10:43:02.106,281100,14055,-19.664611766495586,-43.20011519789275,12
10:43:02.314,281200,14060,-19.664615207351005,-43.200112958476126,12
10:43:02.522,281300,14065,-19.664604466776282,-43.20010605373762,12
10:43:02.730,281400,14070,-19.664600965423602,-43.20010625005839,12
10:43:02.940,281500,14075,-19.66460445282692,-43.20010009257723,12
10:43:03.148,281600,14080,-19.664591056508907,-43.2000994549894,12
10:43:03.359,281700,14085,-19.66459629401163,-43.200086518089165,12
10:43:03.568,281800,14090,-19.664589409263915,-43.20009020290904,12
10:43:03.776,281900,14095,-19.664582157043245,-43.200083126080564,12
10:43:03.986,282000,14100,-19.664580014330266,-43.20007852411514,12
10:43:04.193,282100,14105,-19.664573571977712,-43.200075589568094,12
10:43:04.402,282200,14110,-19.66457557132593,-43.20006954369536,12
10:43:04.610,282300,14115,-19.664568470393096,-43.20006508989891,12
10:43:04.818,282400,14120,-19.664562865672316,-43.20006439415799,12
10:43:05.029,282500,14125,-19.6645560859184,-43.200059932144,12
10:43:05.238,282600,14130,-19.664557443889066,-43.20004907646942,12
10:43:05.448,282700,14135,-19.664550032045117,-43.20005277398501,12
10:43:05.658,282800,14140,-19.664546790070926,-43.200041206221776,12
10:43:05.865,282900,14145,-19.664542830496178,-43.20003719540749,12
10:43:06.076,283000,14150,-19.664540149277265,-43.20003922899429,12
10:43:06.284,283100,14155,-19.66453001028481,-43.20002947531911,12
10:43:06.492,283200,14160,-19.664532766548586,-43.20002383519926,12
